Process 0 (that is, the initial process):
{1}new sskA: sig_sk;
{2}new kskA: kem_sk;
{3}new sskB: sig_sk;
{4}new kskB: kem_sk;
{5}new senderSkA: skem_sender_sk;
{6}new receiverSkB: skem_receiver_sk;
{7}new ekskB: ekem_sk;
(
    {8}!
    {9}let sskA_1: sig_sk = sskA in
    {10}let kskA_1: kem_sk = kskA in
    {11}let sskB_1: sig_sk = sskB in
    {12}let kskB_1: kem_sk = kskB in
    {13}let senderSkA_1: skem_sender_sk = senderSkA in
    {14}let receiverSkB_1: skem_receiver_sk = receiverSkB in
    {15}let ekskB_1: ekem_sk = ekskB in
    {16}let spkA: sig_pk = spk(sskA_1) in
    {17}let kpkA: kem_pk = kpk(kskA_1) in
    {18}let pkA: pk_tuple = pk(spkA,kpkA) in
    {19}let spkB: sig_pk = spk(sskB_1) in
    {20}let kpkB: kem_pk = kpk(kskB_1) in
    {21}let pkB: pk_tuple = pk(spkB,kpkB) in
    {22}out(c, spkA);
    {23}out(c, kpkA);
    {24}out(c, pkA);
    {25}out(c, spkB);
    {26}out(c, kpkB);
    {27}out(c, pkB);
    {28}let senderPkA: skem_sender_pk = pk_skem_sender(senderSkA_1) in
    {29}let senderPayloadA: prekey_payload = payload_sender(senderPkA) in
    {30}let senderSigA: signature = sign(sskA_1,senderPayloadA) in
    {31}let senderPrekeyA: sender_prekey_bundle = sender_prekey(senderPkA,senderSigA) in
    {32}out(c, senderPrekeyA);
    {33}let receiverPkB: skem_receiver_pk = pk_skem_receiver(receiverSkB_1) in
    {34}let ekpkB: ekem_pk = ekpk(ekskB_1) in
    {35}let receiverPayloadB: prekey_payload = payload_receiver(receiverPkB,ekpkB) in
    {36}let receiverSigB: signature = sign(sskB_1,receiverPayloadB) in
    {37}let receiverPrekeyB: receiver_prekey_bundle = receiver_prekey(receiverPkB,ekpkB,receiverSigB) in
    {38}out(c, receiverPrekeyB);
    {39}in(c, receiverPrekeyFromNet: receiver_prekey_bundle);
    {40}let receiverPkFromNet: skem_receiver_pk = get_receiver_prekey_pk(receiverPrekeyFromNet) in
    {41}let ekpkFromNet: ekem_pk = get_receiver_prekey_ekpk(receiverPrekeyFromNet) in
    {42}let receiverSigFromNet: signature = get_receiver_prekey_sig(receiverPrekeyFromNet) in
    {43}let receiverPayloadFromNet: prekey_payload = payload_receiver(receiverPkFromNet,ekpkFromNet) in
    {44}let =true = verify(spkB,receiverPayloadFromNet,receiverSigFromNet) in
    {45}event ReceiverPrekeyVerified(A,B,receiverPrekeyFromNet);
    {46}in(c, senderPrekeyFromNet: sender_prekey_bundle);
    {47}let senderPkFromNet: skem_sender_pk = get_sender_prekey_pk(senderPrekeyFromNet) in
    {48}let senderSigFromNet: signature = get_sender_prekey_sig(senderPrekeyFromNet) in
    {49}let senderPayloadFromNet: prekey_payload = payload_sender(senderPkFromNet) in
    {50}let =true = verify(spkA,senderPayloadFromNet,senderSigFromNet) in
    {51}event SenderPrekeyVerified(B,A,senderPrekeyFromNet);
    {52}new rL: randomness;
    {53}new rE: randomness;
    {54}new rS: randomness;
    {55}let ctL: kem_ct = lkem_enc(kpkB,rL) in
    {56}let KL: shared_secret = lkem_ss(kpkB,rL) in
    {57}let ctE: ekem_ct = ekem_enc(ekpkFromNet,rE) in
    {58}let KE: shared_secret = ekem_ss(ekpkFromNet,rE) in
    {59}let ctS: skem_ct = skem_enc(senderSkA_1,receiverPkFromNet,rS) in
    {60}let KS: shared_secret = skem_ss(senderSkA_1,receiverPkFromNet,rS) in
    {61}event SenderSplitKemComponent(A,B,ctS,KS);
    {62}let m: message_tuple = msg(ctL,ctE,ctS) in
    {63}out(c, m);
    {64}let sidAB: sid_t = sid_of(A,B,pkA,pkB,senderPrekeyA,receiverPrekeyFromNet,m) in
    {65}let kSend: session_key = kdf(KL,KE,KS,sidAB) in
    {66}event SenderKey(A,B,sidAB,kSend);
    {67}event SendDone(A,B,sidAB,kSend);
    {68}in(c, mFromNet: message_tuple);
    {69}let ctLFromNet: kem_ct = get_lkem_ct(mFromNet) in
    {70}let ctEFromNet: ekem_ct = get_ekem_ct(mFromNet) in
    {71}let ctSFromNet: skem_ct = get_skem_ct(mFromNet) in
    {72}let KL2: shared_secret = lkem_dec(kskB_1,ctLFromNet) in
    {73}let KE2: shared_secret = ekem_dec(ekskB_1,ctEFromNet) in
    {74}let KS2: shared_secret = skem_dec(receiverSkB_1,senderPkFromNet,ctSFromNet) in
    {75}event SplitKemAccepted(B,A,ctSFromNet,KS2);
    {76}let sidBA: sid_t = sid_of(A,B,pkA,pkB,senderPrekeyFromNet,receiverPrekeyFromNet,mFromNet) in
    {77}let kRecv: session_key = kdf(KL2,KE2,KS2,sidBA) in
    {78}event RecvComputed(B,A,sidBA,kRecv);
    {79}event ReceiverKey(B,A,sidBA,kRecv);
    {80}event RecvDone(B,A,sidBA,kRecv);
    {81}event HonestRun(kRecv)
) | (
    {82}let sskA_2: sig_sk = sskA in
    {83}let sskB_2: sig_sk = sskB in
    {84}event CompromiseSigSk(A);
    {85}out(c, sskA_2);
    {86}event CompromiseSigSk(B);
    {87}out(c, sskB_2)
)

File "D:\kwaay-formal\logs\final\proverif\generated\LEAK_SIGSK.pv", line 127, character 7:
Warning: identifier A rebound.
File "D:\kwaay-formal\logs\final\proverif\generated\LEAK_SIGSK.pv", line 127, character 17:
Warning: identifier B rebound.
File "D:\kwaay-formal\logs\final\proverif\generated\LEAK_SIGSK.pv", line 130, character 7:
Warning: identifier A rebound.
File "D:\kwaay-formal\logs\final\proverif\generated\LEAK_SIGSK.pv", line 130, character 17:
Warning: identifier B rebound.
File "D:\kwaay-formal\logs\final\proverif\generated\LEAK_SIGSK.pv", line 132, character 7:
Warning: identifier A rebound.
File "D:\kwaay-formal\logs\final\proverif\generated\LEAK_SIGSK.pv", line 132, character 17:
Warning: identifier B rebound.
File "D:\kwaay-formal\logs\final\proverif\generated\LEAK_SIGSK.pv", line 136, character 7:
Warning: identifier A rebound.
File "D:\kwaay-formal\logs\final\proverif\generated\LEAK_SIGSK.pv", line 136, character 17:
Warning: identifier B rebound.
File "D:\kwaay-formal\logs\final\proverif\generated\LEAK_SIGSK.pv", line 138, character 7:
Warning: identifier A rebound.
File "D:\kwaay-formal\logs\final\proverif\generated\LEAK_SIGSK.pv", line 138, character 17:
Warning: identifier B rebound.
--  Process 1 (that is, process 0, with let moved downwards):
{1}new sskA: sig_sk;
{2}new kskA: kem_sk;
{3}new sskB: sig_sk;
{4}new kskB: kem_sk;
{5}new senderSkA: skem_sender_sk;
{6}new receiverSkB: skem_receiver_sk;
{7}new ekskB: ekem_sk;
(
    {8}!
    {9}let sskA_1: sig_sk = sskA in
    {16}let spkA: sig_pk = spk(sskA_1) in
    {22}out(c, spkA);
    {10}let kskA_1: kem_sk = kskA in
    {17}let kpkA: kem_pk = kpk(kskA_1) in
    {23}out(c, kpkA);
    {18}let pkA: pk_tuple = pk(spkA,kpkA) in
    {24}out(c, pkA);
    {11}let sskB_1: sig_sk = sskB in
    {19}let spkB: sig_pk = spk(sskB_1) in
    {25}out(c, spkB);
    {12}let kskB_1: kem_sk = kskB in
    {20}let kpkB: kem_pk = kpk(kskB_1) in
    {26}out(c, kpkB);
    {21}let pkB: pk_tuple = pk(spkB,kpkB) in
    {27}out(c, pkB);
    {13}let senderSkA_1: skem_sender_sk = senderSkA in
    {28}let senderPkA: skem_sender_pk = pk_skem_sender(senderSkA_1) in
    {29}let senderPayloadA: prekey_payload = payload_sender(senderPkA) in
    {30}let senderSigA: signature = sign(sskA_1,senderPayloadA) in
    {31}let senderPrekeyA: sender_prekey_bundle = sender_prekey(senderPkA,senderSigA) in
    {32}out(c, senderPrekeyA);
    {15}let ekskB_1: ekem_sk = ekskB in
    {34}let ekpkB: ekem_pk = ekpk(ekskB_1) in
    {14}let receiverSkB_1: skem_receiver_sk = receiverSkB in
    {33}let receiverPkB: skem_receiver_pk = pk_skem_receiver(receiverSkB_1) in
    {35}let receiverPayloadB: prekey_payload = payload_receiver(receiverPkB,ekpkB) in
    {36}let receiverSigB: signature = sign(sskB_1,receiverPayloadB) in
    {37}let receiverPrekeyB: receiver_prekey_bundle = receiver_prekey(receiverPkB,ekpkB,receiverSigB) in
    {38}out(c, receiverPrekeyB);
    {39}in(c, receiverPrekeyFromNet: receiver_prekey_bundle);
    {40}let receiverPkFromNet: skem_receiver_pk = get_receiver_prekey_pk(receiverPrekeyFromNet) in
    {41}let ekpkFromNet: ekem_pk = get_receiver_prekey_ekpk(receiverPrekeyFromNet) in
    {42}let receiverSigFromNet: signature = get_receiver_prekey_sig(receiverPrekeyFromNet) in
    {43}let receiverPayloadFromNet: prekey_payload = payload_receiver(receiverPkFromNet,ekpkFromNet) in
    {44}let =true = verify(spkB,receiverPayloadFromNet,receiverSigFromNet) in
    {45}event ReceiverPrekeyVerified(A,B,receiverPrekeyFromNet);
    {46}in(c, senderPrekeyFromNet: sender_prekey_bundle);
    {47}let senderPkFromNet: skem_sender_pk = get_sender_prekey_pk(senderPrekeyFromNet) in
    {48}let senderSigFromNet: signature = get_sender_prekey_sig(senderPrekeyFromNet) in
    {49}let senderPayloadFromNet: prekey_payload = payload_sender(senderPkFromNet) in
    {50}let =true = verify(spkA,senderPayloadFromNet,senderSigFromNet) in
    {51}event SenderPrekeyVerified(B,A,senderPrekeyFromNet);
    {52}new rL: randomness;
    {53}new rE: randomness;
    {54}new rS: randomness;
    {60}let KS: shared_secret = skem_ss(senderSkA_1,receiverPkFromNet,rS) in
    {59}let ctS: skem_ct = skem_enc(senderSkA_1,receiverPkFromNet,rS) in
    {61}event SenderSplitKemComponent(A,B,ctS,KS);
    {57}let ctE: ekem_ct = ekem_enc(ekpkFromNet,rE) in
    {55}let ctL: kem_ct = lkem_enc(kpkB,rL) in
    {62}let m: message_tuple = msg(ctL,ctE,ctS) in
    {63}out(c, m);
    {64}let sidAB: sid_t = sid_of(A,B,pkA,pkB,senderPrekeyA,receiverPrekeyFromNet,m) in
    {58}let KE: shared_secret = ekem_ss(ekpkFromNet,rE) in
    {56}let KL: shared_secret = lkem_ss(kpkB,rL) in
    {65}let kSend: session_key = kdf(KL,KE,KS,sidAB) in
    {66}event SenderKey(A,B,sidAB,kSend);
    {67}event SendDone(A,B,sidAB,kSend);
    {68}in(c, mFromNet: message_tuple);
    {69}let ctLFromNet: kem_ct = get_lkem_ct(mFromNet) in
    {70}let ctEFromNet: ekem_ct = get_ekem_ct(mFromNet) in
    {71}let ctSFromNet: skem_ct = get_skem_ct(mFromNet) in
    {72}let KL2: shared_secret = lkem_dec(kskB_1,ctLFromNet) in
    {73}let KE2: shared_secret = ekem_dec(ekskB_1,ctEFromNet) in
    {74}let KS2: shared_secret = skem_dec(receiverSkB_1,senderPkFromNet,ctSFromNet) in
    {75}event SplitKemAccepted(B,A,ctSFromNet,KS2);
    {76}let sidBA: sid_t = sid_of(A,B,pkA,pkB,senderPrekeyFromNet,receiverPrekeyFromNet,mFromNet) in
    {77}let kRecv: session_key = kdf(KL2,KE2,KS2,sidBA) in
    {78}event RecvComputed(B,A,sidBA,kRecv);
    {79}event ReceiverKey(B,A,sidBA,kRecv);
    {80}event RecvDone(B,A,sidBA,kRecv);
    {81}event HonestRun(kRecv)
) | (
    {84}event CompromiseSigSk(A);
    {82}let sskA_2: sig_sk = sskA in
    {85}out(c, sskA_2);
    {86}event CompromiseSigSk(B);
    {83}let sskB_2: sig_sk = sskB in
    {87}out(c, sskB_2)
)

-- Query not event(HonestRun(k)) in process 1.
Translating the process into Horn clauses...
Completing...
200 rules inserted. Base: 162 rules (61 with conclusion selected). Queue: 137 rules.
400 rules inserted. Base: 241 rules (75 with conclusion selected). Queue: 229 rules.
600 rules inserted. Base: 290 rules (79 with conclusion selected). Queue: 290 rules.
800 rules inserted. Base: 343 rules (85 with conclusion selected). Queue: 259 rules.
1000 rules inserted. Base: 402 rules (96 with conclusion selected). Queue: 237 rules.
1200 rules inserted. Base: 404 rules (112 with conclusion selected). Queue: 236 rules.
1400 rules inserted. Base: 432 rules (127 with conclusion selected). Queue: 186 rules.
1600 rules inserted. Base: 409 rules (148 with conclusion selected). Queue: 121 rules.
1800 rules inserted. Base: 384 rules (183 with conclusion selected). Queue: 39 rules.
Starting query not event(HonestRun(k))
goal reachable: attacker(r) && attacker(r_1) && attacker(r_2) && attacker(sender_sk) && attacker(rpk) && attacker(epk) -> event(HonestRun(kdf(lkem_ss(kpk(kskB[]),r),ekem_ss(ekpk(ekskB[]),r_1),skem_ss(sender_sk,pk_skem_receiver(receiverSkB[]),r_2),sid_of(A[],B[],pk(spk(sskA[]),kpk(kskA[])),pk(spk(sskB[]),kpk(kskB[])),sender_prekey(pk_skem_sender(sender_sk),sign(sskA[],payload_sender(pk_skem_sender(sender_sk)))),receiver_prekey(rpk,epk,sign(sskB[],payload_receiver(rpk,epk))),msg(lkem_enc(kpk(kskB[]),r),ekem_enc(ekpk(ekskB[]),r_1),skem_enc(sender_sk,pk_skem_receiver(receiverSkB[]),r_2))))))

Derivation:

1. We assume as hypothesis that
attacker(epk).

2. We assume as hypothesis that
attacker(rpk).

3. By 2, the attacker may know rpk.
By 1, the attacker may know epk.
Using the function payload_receiver the attacker may obtain payload_receiver(rpk,epk).
attacker(payload_receiver(rpk,epk)).

4. The message sskB[] may be sent to the attacker at output {87}.
attacker(sskB[]).

5. By 4, the attacker may know sskB[].
By 3, the attacker may know payload_receiver(rpk,epk).
Using the function sign the attacker may obtain sign(sskB[],payload_receiver(rpk,epk)).
attacker(sign(sskB[],payload_receiver(rpk,epk))).

6. By 2, the attacker may know rpk.
By 1, the attacker may know epk.
By 5, the attacker may know sign(sskB[],payload_receiver(rpk,epk)).
Using the function receiver_prekey the attacker may obtain receiver_prekey(rpk,epk,sign(sskB[],payload_receiver(rpk,epk))).
attacker(receiver_prekey(rpk,epk,sign(sskB[],payload_receiver(rpk,epk)))).

7. We assume as hypothesis that
attacker(sender_sk).

8. By 7, the attacker may know sender_sk.
Using the function pk_skem_sender the attacker may obtain pk_skem_sender(sender_sk).
attacker(pk_skem_sender(sender_sk)).

9. By 8, the attacker may know pk_skem_sender(sender_sk).
Using the function payload_sender the attacker may obtain payload_sender(pk_skem_sender(sender_sk)).
attacker(payload_sender(pk_skem_sender(sender_sk))).

10. The message sskA[] may be sent to the attacker at output {85}.
attacker(sskA[]).

11. By 10, the attacker may know sskA[].
By 9, the attacker may know payload_sender(pk_skem_sender(sender_sk)).
Using the function sign the attacker may obtain sign(sskA[],payload_sender(pk_skem_sender(sender_sk))).
attacker(sign(sskA[],payload_sender(pk_skem_sender(sender_sk)))).

12. By 8, the attacker may know pk_skem_sender(sender_sk).
By 11, the attacker may know sign(sskA[],payload_sender(pk_skem_sender(sender_sk))).
Using the function sender_prekey the attacker may obtain sender_prekey(pk_skem_sender(sender_sk),sign(sskA[],payload_sender(pk_skem_sender(sender_sk)))).
attacker(sender_prekey(pk_skem_sender(sender_sk),sign(sskA[],payload_sender(pk_skem_sender(sender_sk))))).

13. We assume as hypothesis that
attacker(r).

14. The message receiver_prekey(pk_skem_receiver(receiverSkB[]),ekpk(ekskB[]),sign(sskB[],payload_receiver(pk_skem_receiver(receiverSkB[]),ekpk(ekskB[])))) may be sent to the attacker at output {38}.
attacker(receiver_prekey(pk_skem_receiver(receiverSkB[]),ekpk(ekskB[]),sign(sskB[],payload_receiver(pk_skem_receiver(receiverSkB[]),ekpk(ekskB[]))))).

15. By 14, the attacker may know receiver_prekey(pk_skem_receiver(receiverSkB[]),ekpk(ekskB[]),sign(sskB[],payload_receiver(pk_skem_receiver(receiverSkB[]),ekpk(ekskB[])))).
Using the function get_receiver_prekey_pk the attacker may obtain pk_skem_receiver(receiverSkB[]).
attacker(pk_skem_receiver(receiverSkB[])).

16. By 7, the attacker may know sender_sk.
By 15, the attacker may know pk_skem_receiver(receiverSkB[]).
By 13, the attacker may know r.
Using the function skem_enc the attacker may obtain skem_enc(sender_sk,pk_skem_receiver(receiverSkB[]),r).
attacker(skem_enc(sender_sk,pk_skem_receiver(receiverSkB[]),r)).

17. We assume as hypothesis that
attacker(r_1).

18. By 14, the attacker may know receiver_prekey(pk_skem_receiver(receiverSkB[]),ekpk(ekskB[]),sign(sskB[],payload_receiver(pk_skem_receiver(receiverSkB[]),ekpk(ekskB[])))).
Using the function get_receiver_prekey_ekpk the attacker may obtain ekpk(ekskB[]).
attacker(ekpk(ekskB[])).

19. By 18, the attacker may know ekpk(ekskB[]).
By 17, the attacker may know r_1.
Using the function ekem_enc the attacker may obtain ekem_enc(ekpk(ekskB[]),r_1).
attacker(ekem_enc(ekpk(ekskB[]),r_1)).

20. We assume as hypothesis that
attacker(r_2).

21. The message kpk(kskB[]) may be sent to the attacker at output {26}.
attacker(kpk(kskB[])).

22. By 21, the attacker may know kpk(kskB[]).
By 20, the attacker may know r_2.
Using the function lkem_enc the attacker may obtain lkem_enc(kpk(kskB[]),r_2).
attacker(lkem_enc(kpk(kskB[]),r_2)).

23. By 22, the attacker may know lkem_enc(kpk(kskB[]),r_2).
By 19, the attacker may know ekem_enc(ekpk(ekskB[]),r_1).
By 16, the attacker may know skem_enc(sender_sk,pk_skem_receiver(receiverSkB[]),r).
Using the function msg the attacker may obtain msg(lkem_enc(kpk(kskB[]),r_2),ekem_enc(ekpk(ekskB[]),r_1),skem_enc(sender_sk,pk_skem_receiver(receiverSkB[]),r)).
attacker(msg(lkem_enc(kpk(kskB[]),r_2),ekem_enc(ekpk(ekskB[]),r_1),skem_enc(sender_sk,pk_skem_receiver(receiverSkB[]),r))).

24. The message receiver_prekey(rpk,epk,sign(sskB[],payload_receiver(rpk,epk))) that the attacker may have by 6 may be received at input {39}.
The message sender_prekey(pk_skem_sender(sender_sk),sign(sskA[],payload_sender(pk_skem_sender(sender_sk)))) that the attacker may have by 12 may be received at input {46}.
The message msg(lkem_enc(kpk(kskB[]),r_2),ekem_enc(ekpk(ekskB[]),r_1),skem_enc(sender_sk,pk_skem_receiver(receiverSkB[]),r)) that the attacker may have by 23 may be received at input {68}.
So event HonestRun(kdf(lkem_ss(kpk(kskB[]),r_2),ekem_ss(ekpk(ekskB[]),r_1),skem_ss(sender_sk,pk_skem_receiver(receiverSkB[]),r),sid_of(A[],B[],pk(spk(sskA[]),kpk(kskA[])),pk(spk(sskB[]),kpk(kskB[])),sender_prekey(pk_skem_sender(sender_sk),sign(sskA[],payload_sender(pk_skem_sender(sender_sk)))),receiver_prekey(rpk,epk,sign(sskB[],payload_receiver(rpk,epk))),msg(lkem_enc(kpk(kskB[]),r_2),ekem_enc(ekpk(ekskB[]),r_1),skem_enc(sender_sk,pk_skem_receiver(receiverSkB[]),r))))) may be executed at {81}.
event(HonestRun(kdf(lkem_ss(kpk(kskB[]),r_2),ekem_ss(ekpk(ekskB[]),r_1),skem_ss(sender_sk,pk_skem_receiver(receiverSkB[]),r),sid_of(A[],B[],pk(spk(sskA[]),kpk(kskA[])),pk(spk(sskB[]),kpk(kskB[])),sender_prekey(pk_skem_sender(sender_sk),sign(sskA[],payload_sender(pk_skem_sender(sender_sk)))),receiver_prekey(rpk,epk,sign(sskB[],payload_receiver(rpk,epk))),msg(lkem_enc(kpk(kskB[]),r_2),ekem_enc(ekpk(ekskB[]),r_1),skem_enc(sender_sk,pk_skem_receiver(receiverSkB[]),r)))))).

25. By 24, event(HonestRun(kdf(lkem_ss(kpk(kskB[]),r_2),ekem_ss(ekpk(ekskB[]),r_1),skem_ss(sender_sk,pk_skem_receiver(receiverSkB[]),r),sid_of(A[],B[],pk(spk(sskA[]),kpk(kskA[])),pk(spk(sskB[]),kpk(kskB[])),sender_prekey(pk_skem_sender(sender_sk),sign(sskA[],payload_sender(pk_skem_sender(sender_sk)))),receiver_prekey(rpk,epk,sign(sskB[],payload_receiver(rpk,epk))),msg(lkem_enc(kpk(kskB[]),r_2),ekem_enc(ekpk(ekskB[]),r_1),skem_enc(sender_sk,pk_skem_receiver(receiverSkB[]),r)))))).
The goal is reached, represented in the following fact:
event(HonestRun(kdf(lkem_ss(kpk(kskB[]),r_2),ekem_ss(ekpk(ekskB[]),r_1),skem_ss(sender_sk,pk_skem_receiver(receiverSkB[]),r),sid_of(A[],B[],pk(spk(sskA[]),kpk(kskA[])),pk(spk(sskB[]),kpk(kskB[])),sender_prekey(pk_skem_sender(sender_sk),sign(sskA[],payload_sender(pk_skem_sender(sender_sk)))),receiver_prekey(rpk,epk,sign(sskB[],payload_receiver(rpk,epk))),msg(lkem_enc(kpk(kskB[]),r_2),ekem_enc(ekpk(ekskB[]),r_1),skem_enc(sender_sk,pk_skem_receiver(receiverSkB[]),r)))))).


A more detailed output of the traces is available with
  set traceDisplay = long.

new sskA: sig_sk creating sskA_3 at {1}

new kskA: kem_sk creating kskA_2 at {2}

new sskB: sig_sk creating sskB_3 at {3}

new kskB: kem_sk creating kskB_2 at {4}

new senderSkA: skem_sender_sk creating senderSkA_2 at {5}

new receiverSkB: skem_receiver_sk creating receiverSkB_2 at {6}

new ekskB: ekem_sk creating ekskB_2 at {7}

event CompromiseSigSk(A) at {84}

out(c, ~M) with ~M = sskA_3 at {85}

event CompromiseSigSk(B) at {86}

out(c, ~M_1) with ~M_1 = sskB_3 at {87}

out(c, ~M_2) with ~M_2 = spk(sskA_3) at {22} in copy a

out(c, ~M_3) with ~M_3 = kpk(kskA_2) at {23} in copy a

out(c, ~M_4) with ~M_4 = pk(spk(sskA_3),kpk(kskA_2)) at {24} in copy a

out(c, ~M_5) with ~M_5 = spk(sskB_3) at {25} in copy a

out(c, ~M_6) with ~M_6 = kpk(kskB_2) at {26} in copy a

out(c, ~M_7) with ~M_7 = pk(spk(sskB_3),kpk(kskB_2)) at {27} in copy a

out(c, ~M_8) with ~M_8 = sender_prekey(pk_skem_sender(senderSkA_2),sign(sskA_3,payload_sender(pk_skem_sender(senderSkA_2)))) at {32} in copy a

out(c, ~M_9) with ~M_9 = receiver_prekey(pk_skem_receiver(receiverSkB_2),ekpk(ekskB_2),sign(sskB_3,payload_receiver(pk_skem_receiver(receiverSkB_2),ekpk(ekskB_2)))) at {38} in copy a

out(c, ~M_10) with ~M_10 = spk(sskA_3) at {22} in copy a_1

out(c, ~M_11) with ~M_11 = kpk(kskA_2) at {23} in copy a_1

out(c, ~M_12) with ~M_12 = pk(spk(sskA_3),kpk(kskA_2)) at {24} in copy a_1

out(c, ~M_13) with ~M_13 = spk(sskB_3) at {25} in copy a_1

out(c, ~M_14) with ~M_14 = kpk(kskB_2) at {26} in copy a_1

out(c, ~M_15) with ~M_15 = pk(spk(sskB_3),kpk(kskB_2)) at {27} in copy a_1

out(c, ~M_16) with ~M_16 = sender_prekey(pk_skem_sender(senderSkA_2),sign(sskA_3,payload_sender(pk_skem_sender(senderSkA_2)))) at {32} in copy a_1

out(c, ~M_17) with ~M_17 = receiver_prekey(pk_skem_receiver(receiverSkB_2),ekpk(ekskB_2),sign(sskB_3,payload_receiver(pk_skem_receiver(receiverSkB_2),ekpk(ekskB_2)))) at {38} in copy a_1

out(c, ~M_18) with ~M_18 = spk(sskA_3) at {22} in copy a_2

out(c, ~M_19) with ~M_19 = kpk(kskA_2) at {23} in copy a_2

out(c, ~M_20) with ~M_20 = pk(spk(sskA_3),kpk(kskA_2)) at {24} in copy a_2

out(c, ~M_21) with ~M_21 = spk(sskB_3) at {25} in copy a_2

out(c, ~M_22) with ~M_22 = kpk(kskB_2) at {26} in copy a_2

out(c, ~M_23) with ~M_23 = pk(spk(sskB_3),kpk(kskB_2)) at {27} in copy a_2

out(c, ~M_24) with ~M_24 = sender_prekey(pk_skem_sender(senderSkA_2),sign(sskA_3,payload_sender(pk_skem_sender(senderSkA_2)))) at {32} in copy a_2

out(c, ~M_25) with ~M_25 = receiver_prekey(pk_skem_receiver(receiverSkB_2),ekpk(ekskB_2),sign(sskB_3,payload_receiver(pk_skem_receiver(receiverSkB_2),ekpk(ekskB_2)))) at {38} in copy a_2

in(c, receiver_prekey(a_3,a_4,sign(~M_1,payload_receiver(a_3,a_4)))) with receiver_prekey(a_3,a_4,sign(~M_1,payload_receiver(a_3,a_4))) = receiver_prekey(a_3,a_4,sign(sskB_3,payload_receiver(a_3,a_4))) at {39} in copy a

event ReceiverPrekeyVerified(A,B,receiver_prekey(a_3,a_4,sign(sskB_3,payload_receiver(a_3,a_4)))) at {45} in copy a

in(c, sender_prekey(pk_skem_sender(a_5),sign(~M,payload_sender(pk_skem_sender(a_5))))) with sender_prekey(pk_skem_sender(a_5),sign(~M,payload_sender(pk_skem_sender(a_5)))) = sender_prekey(pk_skem_sender(a_5),sign(sskA_3,payload_sender(pk_skem_sender(a_5)))) at {46} in copy a

event SenderPrekeyVerified(B,A,sender_prekey(pk_skem_sender(a_5),sign(sskA_3,payload_sender(pk_skem_sender(a_5))))) at {51} in copy a

new rL: randomness creating rL_1 at {52} in copy a

new rE: randomness creating rE_1 at {53} in copy a

new rS: randomness creating rS_1 at {54} in copy a

event SenderSplitKemComponent(A,B,skem_enc(senderSkA_2,a_3,rS_1),skem_ss(senderSkA_2,a_3,rS_1)) at {61} in copy a

out(c, ~M_26) with ~M_26 = msg(lkem_enc(kpk(kskB_2),rL_1),ekem_enc(a_4,rE_1),skem_enc(senderSkA_2,a_3,rS_1)) at {63} in copy a

event SenderKey(A,B,sid_of(A,B,pk(spk(sskA_3),kpk(kskA_2)),pk(spk(sskB_3),kpk(kskB_2)),sender_prekey(pk_skem_sender(senderSkA_2),sign(sskA_3,payload_sender(pk_skem_sender(senderSkA_2)))),receiver_prekey(a_3,a_4,sign(sskB_3,payload_receiver(a_3,a_4))),msg(lkem_enc(kpk(kskB_2),rL_1),ekem_enc(a_4,rE_1),skem_enc(senderSkA_2,a_3,rS_1))),kdf(lkem_ss(kpk(kskB_2),rL_1),ekem_ss(a_4,rE_1),skem_ss(senderSkA_2,a_3,rS_1),sid_of(A,B,pk(spk(sskA_3),kpk(kskA_2)),pk(spk(sskB_3),kpk(kskB_2)),sender_prekey(pk_skem_sender(senderSkA_2),sign(sskA_3,payload_sender(pk_skem_sender(senderSkA_2)))),receiver_prekey(a_3,a_4,sign(sskB_3,payload_receiver(a_3,a_4))),msg(lkem_enc(kpk(kskB_2),rL_1),ekem_enc(a_4,rE_1),skem_enc(senderSkA_2,a_3,rS_1))))) at {66} in copy a

event SendDone(A,B,sid_of(A,B,pk(spk(sskA_3),kpk(kskA_2)),pk(spk(sskB_3),kpk(kskB_2)),sender_prekey(pk_skem_sender(senderSkA_2),sign(sskA_3,payload_sender(pk_skem_sender(senderSkA_2)))),receiver_prekey(a_3,a_4,sign(sskB_3,payload_receiver(a_3,a_4))),msg(lkem_enc(kpk(kskB_2),rL_1),ekem_enc(a_4,rE_1),skem_enc(senderSkA_2,a_3,rS_1))),kdf(lkem_ss(kpk(kskB_2),rL_1),ekem_ss(a_4,rE_1),skem_ss(senderSkA_2,a_3,rS_1),sid_of(A,B,pk(spk(sskA_3),kpk(kskA_2)),pk(spk(sskB_3),kpk(kskB_2)),sender_prekey(pk_skem_sender(senderSkA_2),sign(sskA_3,payload_sender(pk_skem_sender(senderSkA_2)))),receiver_prekey(a_3,a_4,sign(sskB_3,payload_receiver(a_3,a_4))),msg(lkem_enc(kpk(kskB_2),rL_1),ekem_enc(a_4,rE_1),skem_enc(senderSkA_2,a_3,rS_1))))) at {67} in copy a

in(c, msg(lkem_enc(~M_6,a_6),ekem_enc(get_receiver_prekey_ekpk(~M_9),a_7),skem_enc(a_5,get_receiver_prekey_pk(~M_9),a_8))) with msg(lkem_enc(~M_6,a_6),ekem_enc(get_receiver_prekey_ekpk(~M_9),a_7),skem_enc(a_5,get_receiver_prekey_pk(~M_9),a_8)) = msg(lkem_enc(kpk(kskB_2),a_6),ekem_enc(ekpk(ekskB_2),a_7),skem_enc(a_5,pk_skem_receiver(receiverSkB_2),a_8)) at {68} in copy a

event SplitKemAccepted(B,A,skem_enc(a_5,pk_skem_receiver(receiverSkB_2),a_8),skem_ss(a_5,pk_skem_receiver(receiverSkB_2),a_8)) at {75} in copy a

event RecvComputed(B,A,sid_of(A,B,pk(spk(sskA_3),kpk(kskA_2)),pk(spk(sskB_3),kpk(kskB_2)),sender_prekey(pk_skem_sender(a_5),sign(sskA_3,payload_sender(pk_skem_sender(a_5)))),receiver_prekey(a_3,a_4,sign(sskB_3,payload_receiver(a_3,a_4))),msg(lkem_enc(kpk(kskB_2),a_6),ekem_enc(ekpk(ekskB_2),a_7),skem_enc(a_5,pk_skem_receiver(receiverSkB_2),a_8))),kdf(lkem_ss(kpk(kskB_2),a_6),ekem_ss(ekpk(ekskB_2),a_7),skem_ss(a_5,pk_skem_receiver(receiverSkB_2),a_8),sid_of(A,B,pk(spk(sskA_3),kpk(kskA_2)),pk(spk(sskB_3),kpk(kskB_2)),sender_prekey(pk_skem_sender(a_5),sign(sskA_3,payload_sender(pk_skem_sender(a_5)))),receiver_prekey(a_3,a_4,sign(sskB_3,payload_receiver(a_3,a_4))),msg(lkem_enc(kpk(kskB_2),a_6),ekem_enc(ekpk(ekskB_2),a_7),skem_enc(a_5,pk_skem_receiver(receiverSkB_2),a_8))))) at {78} in copy a

event ReceiverKey(B,A,sid_of(A,B,pk(spk(sskA_3),kpk(kskA_2)),pk(spk(sskB_3),kpk(kskB_2)),sender_prekey(pk_skem_sender(a_5),sign(sskA_3,payload_sender(pk_skem_sender(a_5)))),receiver_prekey(a_3,a_4,sign(sskB_3,payload_receiver(a_3,a_4))),msg(lkem_enc(kpk(kskB_2),a_6),ekem_enc(ekpk(ekskB_2),a_7),skem_enc(a_5,pk_skem_receiver(receiverSkB_2),a_8))),kdf(lkem_ss(kpk(kskB_2),a_6),ekem_ss(ekpk(ekskB_2),a_7),skem_ss(a_5,pk_skem_receiver(receiverSkB_2),a_8),sid_of(A,B,pk(spk(sskA_3),kpk(kskA_2)),pk(spk(sskB_3),kpk(kskB_2)),sender_prekey(pk_skem_sender(a_5),sign(sskA_3,payload_sender(pk_skem_sender(a_5)))),receiver_prekey(a_3,a_4,sign(sskB_3,payload_receiver(a_3,a_4))),msg(lkem_enc(kpk(kskB_2),a_6),ekem_enc(ekpk(ekskB_2),a_7),skem_enc(a_5,pk_skem_receiver(receiverSkB_2),a_8))))) at {79} in copy a

event RecvDone(B,A,sid_of(A,B,pk(spk(sskA_3),kpk(kskA_2)),pk(spk(sskB_3),kpk(kskB_2)),sender_prekey(pk_skem_sender(a_5),sign(sskA_3,payload_sender(pk_skem_sender(a_5)))),receiver_prekey(a_3,a_4,sign(sskB_3,payload_receiver(a_3,a_4))),msg(lkem_enc(kpk(kskB_2),a_6),ekem_enc(ekpk(ekskB_2),a_7),skem_enc(a_5,pk_skem_receiver(receiverSkB_2),a_8))),kdf(lkem_ss(kpk(kskB_2),a_6),ekem_ss(ekpk(ekskB_2),a_7),skem_ss(a_5,pk_skem_receiver(receiverSkB_2),a_8),sid_of(A,B,pk(spk(sskA_3),kpk(kskA_2)),pk(spk(sskB_3),kpk(kskB_2)),sender_prekey(pk_skem_sender(a_5),sign(sskA_3,payload_sender(pk_skem_sender(a_5)))),receiver_prekey(a_3,a_4,sign(sskB_3,payload_receiver(a_3,a_4))),msg(lkem_enc(kpk(kskB_2),a_6),ekem_enc(ekpk(ekskB_2),a_7),skem_enc(a_5,pk_skem_receiver(receiverSkB_2),a_8))))) at {80} in copy a

event HonestRun(kdf(lkem_ss(kpk(kskB_2),a_6),ekem_ss(ekpk(ekskB_2),a_7),skem_ss(a_5,pk_skem_receiver(receiverSkB_2),a_8),sid_of(A,B,pk(spk(sskA_3),kpk(kskA_2)),pk(spk(sskB_3),kpk(kskB_2)),sender_prekey(pk_skem_sender(a_5),sign(sskA_3,payload_sender(pk_skem_sender(a_5)))),receiver_prekey(a_3,a_4,sign(sskB_3,payload_receiver(a_3,a_4))),msg(lkem_enc(kpk(kskB_2),a_6),ekem_enc(ekpk(ekskB_2),a_7),skem_enc(a_5,pk_skem_receiver(receiverSkB_2),a_8))))) at {81} in copy a (goal)

The event HonestRun(kdf(lkem_ss(kpk(kskB_2),a_6),ekem_ss(ekpk(ekskB_2),a_7),skem_ss(a_5,pk_skem_receiver(receiverSkB_2),a_8),sid_of(A,B,pk(spk(sskA_3),kpk(kskA_2)),pk(spk(sskB_3),kpk(kskB_2)),sender_prekey(pk_skem_sender(a_5),sign(sskA_3,payload_sender(pk_skem_sender(a_5)))),receiver_prekey(a_3,a_4,sign(sskB_3,payload_receiver(a_3,a_4))),msg(lkem_enc(kpk(kskB_2),a_6),ekem_enc(ekpk(ekskB_2),a_7),skem_enc(a_5,pk_skem_receiver(receiverSkB_2),a_8))))) is executed at {81} in copy a.
A trace has been found.
RESULT not event(HonestRun(k)) is false.
-- Query event(RecvDone(B_1,A_1,s,k)) ==> event(SendDone(A_1,B_1,s,k)) in process 1.
Translating the process into Horn clauses...
Completing...
200 rules inserted. Base: 162 rules (61 with conclusion selected). Queue: 137 rules.
400 rules inserted. Base: 241 rules (75 with conclusion selected). Queue: 229 rules.
600 rules inserted. Base: 290 rules (79 with conclusion selected). Queue: 290 rules.
800 rules inserted. Base: 343 rules (85 with conclusion selected). Queue: 259 rules.
1000 rules inserted. Base: 402 rules (96 with conclusion selected). Queue: 237 rules.
1200 rules inserted. Base: 404 rules (112 with conclusion selected). Queue: 236 rules.
1400 rules inserted. Base: 432 rules (127 with conclusion selected). Queue: 186 rules.
1600 rules inserted. Base: 409 rules (148 with conclusion selected). Queue: 121 rules.
1800 rules inserted. Base: 384 rules (183 with conclusion selected). Queue: 39 rules.
Starting query event(RecvDone(B_1,A_1,s,k)) ==> event(SendDone(A_1,B_1,s,k))
goal reachable: attacker(r) && attacker(r_1) && attacker(r_2) && b-event(SendDone(A[],B[],sid_of(A[],B[],pk(spk(sskA[]),kpk(kskA[])),pk(spk(sskB[]),kpk(kskB[])),sender_prekey(pk_skem_sender(senderSkA[]),sign(sskA[],payload_sender(pk_skem_sender(senderSkA[])))),receiver_prekey(rpk,epk,sign(sskB[],payload_receiver(rpk,epk))),msg(lkem_enc(kpk(kskB[]),rL_1),ekem_enc(epk,rE_1),skem_enc(senderSkA[],rpk,rS_1))),kdf(lkem_ss(kpk(kskB[]),rL_1),ekem_ss(epk,rE_1),skem_ss(senderSkA[],rpk,rS_1),sid_of(A[],B[],pk(spk(sskA[]),kpk(kskA[])),pk(spk(sskB[]),kpk(kskB[])),sender_prekey(pk_skem_sender(senderSkA[]),sign(sskA[],payload_sender(pk_skem_sender(senderSkA[])))),receiver_prekey(rpk,epk,sign(sskB[],payload_receiver(rpk,epk))),msg(lkem_enc(kpk(kskB[]),rL_1),ekem_enc(epk,rE_1),skem_enc(senderSkA[],rpk,rS_1)))))) && attacker(sender_sk) && attacker(rpk) && attacker(epk) -> event(RecvDone(B[],A[],sid_of(A[],B[],pk(spk(sskA[]),kpk(kskA[])),pk(spk(sskB[]),kpk(kskB[])),sender_prekey(pk_skem_sender(sender_sk),sign(sskA[],payload_sender(pk_skem_sender(sender_sk)))),receiver_prekey(rpk,epk,sign(sskB[],payload_receiver(rpk,epk))),msg(lkem_enc(kpk(kskB[]),r),ekem_enc(ekpk(ekskB[]),r_1),skem_enc(sender_sk,pk_skem_receiver(receiverSkB[]),r_2))),kdf(lkem_ss(kpk(kskB[]),r),ekem_ss(ekpk(ekskB[]),r_1),skem_ss(sender_sk,pk_skem_receiver(receiverSkB[]),r_2),sid_of(A[],B[],pk(spk(sskA[]),kpk(kskA[])),pk(spk(sskB[]),kpk(kskB[])),sender_prekey(pk_skem_sender(sender_sk),sign(sskA[],payload_sender(pk_skem_sender(sender_sk)))),receiver_prekey(rpk,epk,sign(sskB[],payload_receiver(rpk,epk))),msg(lkem_enc(kpk(kskB[]),r),ekem_enc(ekpk(ekskB[]),r_1),skem_enc(sender_sk,pk_skem_receiver(receiverSkB[]),r_2))))))
Abbreviations:
rL_1 = rL[senderPrekeyFromNet = sender_prekey(pk_skem_sender(sender_sk),sign(sskA[],payload_sender(pk_skem_sender(sender_sk)))),receiverPrekeyFromNet = receiver_prekey(rpk,epk,sign(sskB[],payload_receiver(rpk,epk))),!1 = @sid]
rE_1 = rE[senderPrekeyFromNet = sender_prekey(pk_skem_sender(sender_sk),sign(sskA[],payload_sender(pk_skem_sender(sender_sk)))),receiverPrekeyFromNet = receiver_prekey(rpk,epk,sign(sskB[],payload_receiver(rpk,epk))),!1 = @sid]
rS_1 = rS[senderPrekeyFromNet = sender_prekey(pk_skem_sender(sender_sk),sign(sskA[],payload_sender(pk_skem_sender(sender_sk)))),receiverPrekeyFromNet = receiver_prekey(rpk,epk,sign(sskB[],payload_receiver(rpk,epk))),!1 = @sid]

Derivation:
Abbreviations:
rL_1 = rL[senderPrekeyFromNet = sender_prekey(pk_skem_sender(sender_sk),sign(sskA[],payload_sender(pk_skem_sender(sender_sk)))),receiverPrekeyFromNet = receiver_prekey(rpk,epk,sign(sskB[],payload_receiver(rpk,epk))),!1 = @sid]
rE_1 = rE[senderPrekeyFromNet = sender_prekey(pk_skem_sender(sender_sk),sign(sskA[],payload_sender(pk_skem_sender(sender_sk)))),receiverPrekeyFromNet = receiver_prekey(rpk,epk,sign(sskB[],payload_receiver(rpk,epk))),!1 = @sid]
rS_1 = rS[senderPrekeyFromNet = sender_prekey(pk_skem_sender(sender_sk),sign(sskA[],payload_sender(pk_skem_sender(sender_sk)))),receiverPrekeyFromNet = receiver_prekey(rpk,epk,sign(sskB[],payload_receiver(rpk,epk))),!1 = @sid]

1. We assume as hypothesis that
attacker(epk).

2. We assume as hypothesis that
attacker(rpk).

3. By 2, the attacker may know rpk.
By 1, the attacker may know epk.
Using the function payload_receiver the attacker may obtain payload_receiver(rpk,epk).
attacker(payload_receiver(rpk,epk)).

4. The message sskB[] may be sent to the attacker at output {87}.
attacker(sskB[]).

5. By 4, the attacker may know sskB[].
By 3, the attacker may know payload_receiver(rpk,epk).
Using the function sign the attacker may obtain sign(sskB[],payload_receiver(rpk,epk)).
attacker(sign(sskB[],payload_receiver(rpk,epk))).

6. By 2, the attacker may know rpk.
By 1, the attacker may know epk.
By 5, the attacker may know sign(sskB[],payload_receiver(rpk,epk)).
Using the function receiver_prekey the attacker may obtain receiver_prekey(rpk,epk,sign(sskB[],payload_receiver(rpk,epk))).
attacker(receiver_prekey(rpk,epk,sign(sskB[],payload_receiver(rpk,epk)))).

7. We assume as hypothesis that
attacker(sender_sk).

8. By 7, the attacker may know sender_sk.
Using the function pk_skem_sender the attacker may obtain pk_skem_sender(sender_sk).
attacker(pk_skem_sender(sender_sk)).

9. By 8, the attacker may know pk_skem_sender(sender_sk).
Using the function payload_sender the attacker may obtain payload_sender(pk_skem_sender(sender_sk)).
attacker(payload_sender(pk_skem_sender(sender_sk))).

10. The message sskA[] may be sent to the attacker at output {85}.
attacker(sskA[]).

11. By 10, the attacker may know sskA[].
By 9, the attacker may know payload_sender(pk_skem_sender(sender_sk)).
Using the function sign the attacker may obtain sign(sskA[],payload_sender(pk_skem_sender(sender_sk))).
attacker(sign(sskA[],payload_sender(pk_skem_sender(sender_sk)))).

12. By 8, the attacker may know pk_skem_sender(sender_sk).
By 11, the attacker may know sign(sskA[],payload_sender(pk_skem_sender(sender_sk))).
Using the function sender_prekey the attacker may obtain sender_prekey(pk_skem_sender(sender_sk),sign(sskA[],payload_sender(pk_skem_sender(sender_sk)))).
attacker(sender_prekey(pk_skem_sender(sender_sk),sign(sskA[],payload_sender(pk_skem_sender(sender_sk))))).

13. We assume as hypothesis that
attacker(r).

14. The message receiver_prekey(pk_skem_receiver(receiverSkB[]),ekpk(ekskB[]),sign(sskB[],payload_receiver(pk_skem_receiver(receiverSkB[]),ekpk(ekskB[])))) may be sent to the attacker at output {38}.
attacker(receiver_prekey(pk_skem_receiver(receiverSkB[]),ekpk(ekskB[]),sign(sskB[],payload_receiver(pk_skem_receiver(receiverSkB[]),ekpk(ekskB[]))))).

15. By 14, the attacker may know receiver_prekey(pk_skem_receiver(receiverSkB[]),ekpk(ekskB[]),sign(sskB[],payload_receiver(pk_skem_receiver(receiverSkB[]),ekpk(ekskB[])))).
Using the function get_receiver_prekey_pk the attacker may obtain pk_skem_receiver(receiverSkB[]).
attacker(pk_skem_receiver(receiverSkB[])).

16. By 7, the attacker may know sender_sk.
By 15, the attacker may know pk_skem_receiver(receiverSkB[]).
By 13, the attacker may know r.
Using the function skem_enc the attacker may obtain skem_enc(sender_sk,pk_skem_receiver(receiverSkB[]),r).
attacker(skem_enc(sender_sk,pk_skem_receiver(receiverSkB[]),r)).

17. We assume as hypothesis that
attacker(r_1).

18. By 14, the attacker may know receiver_prekey(pk_skem_receiver(receiverSkB[]),ekpk(ekskB[]),sign(sskB[],payload_receiver(pk_skem_receiver(receiverSkB[]),ekpk(ekskB[])))).
Using the function get_receiver_prekey_ekpk the attacker may obtain ekpk(ekskB[]).
attacker(ekpk(ekskB[])).

19. By 18, the attacker may know ekpk(ekskB[]).
By 17, the attacker may know r_1.
Using the function ekem_enc the attacker may obtain ekem_enc(ekpk(ekskB[]),r_1).
attacker(ekem_enc(ekpk(ekskB[]),r_1)).

20. We assume as hypothesis that
attacker(r_2).

21. The message kpk(kskB[]) may be sent to the attacker at output {26}.
attacker(kpk(kskB[])).

22. By 21, the attacker may know kpk(kskB[]).
By 20, the attacker may know r_2.
Using the function lkem_enc the attacker may obtain lkem_enc(kpk(kskB[]),r_2).
attacker(lkem_enc(kpk(kskB[]),r_2)).

23. By 22, the attacker may know lkem_enc(kpk(kskB[]),r_2).
By 19, the attacker may know ekem_enc(ekpk(ekskB[]),r_1).
By 16, the attacker may know skem_enc(sender_sk,pk_skem_receiver(receiverSkB[]),r).
Using the function msg the attacker may obtain msg(lkem_enc(kpk(kskB[]),r_2),ekem_enc(ekpk(ekskB[]),r_1),skem_enc(sender_sk,pk_skem_receiver(receiverSkB[]),r)).
attacker(msg(lkem_enc(kpk(kskB[]),r_2),ekem_enc(ekpk(ekskB[]),r_1),skem_enc(sender_sk,pk_skem_receiver(receiverSkB[]),r))).

24. The message receiver_prekey(rpk,epk,sign(sskB[],payload_receiver(rpk,epk))) that the attacker may have by 6 may be received at input {39}.
The message sender_prekey(pk_skem_sender(sender_sk),sign(sskA[],payload_sender(pk_skem_sender(sender_sk)))) that the attacker may have by 12 may be received at input {46}.
The event SendDone(A[],B[],sid_of(A[],B[],pk(spk(sskA[]),kpk(kskA[])),pk(spk(sskB[]),kpk(kskB[])),sender_prekey(pk_skem_sender(senderSkA[]),sign(sskA[],payload_sender(pk_skem_sender(senderSkA[])))),receiver_prekey(rpk,epk,sign(sskB[],payload_receiver(rpk,epk))),msg(lkem_enc(kpk(kskB[]),rL_1),ekem_enc(epk,rE_1),skem_enc(senderSkA[],rpk,rS_1))),kdf(lkem_ss(kpk(kskB[]),rL_1),ekem_ss(epk,rE_1),skem_ss(senderSkA[],rpk,rS_1),sid_of(A[],B[],pk(spk(sskA[]),kpk(kskA[])),pk(spk(sskB[]),kpk(kskB[])),sender_prekey(pk_skem_sender(senderSkA[]),sign(sskA[],payload_sender(pk_skem_sender(senderSkA[])))),receiver_prekey(rpk,epk,sign(sskB[],payload_receiver(rpk,epk))),msg(lkem_enc(kpk(kskB[]),rL_1),ekem_enc(epk,rE_1),skem_enc(senderSkA[],rpk,rS_1))))) may be executed at {67}.
The message msg(lkem_enc(kpk(kskB[]),r_2),ekem_enc(ekpk(ekskB[]),r_1),skem_enc(sender_sk,pk_skem_receiver(receiverSkB[]),r)) that the attacker may have by 23 may be received at input {68}.
So event RecvDone(B[],A[],sid_of(A[],B[],pk(spk(sskA[]),kpk(kskA[])),pk(spk(sskB[]),kpk(kskB[])),sender_prekey(pk_skem_sender(sender_sk),sign(sskA[],payload_sender(pk_skem_sender(sender_sk)))),receiver_prekey(rpk,epk,sign(sskB[],payload_receiver(rpk,epk))),msg(lkem_enc(kpk(kskB[]),r_2),ekem_enc(ekpk(ekskB[]),r_1),skem_enc(sender_sk,pk_skem_receiver(receiverSkB[]),r))),kdf(lkem_ss(kpk(kskB[]),r_2),ekem_ss(ekpk(ekskB[]),r_1),skem_ss(sender_sk,pk_skem_receiver(receiverSkB[]),r),sid_of(A[],B[],pk(spk(sskA[]),kpk(kskA[])),pk(spk(sskB[]),kpk(kskB[])),sender_prekey(pk_skem_sender(sender_sk),sign(sskA[],payload_sender(pk_skem_sender(sender_sk)))),receiver_prekey(rpk,epk,sign(sskB[],payload_receiver(rpk,epk))),msg(lkem_enc(kpk(kskB[]),r_2),ekem_enc(ekpk(ekskB[]),r_1),skem_enc(sender_sk,pk_skem_receiver(receiverSkB[]),r))))) may be executed at {80}.
event(RecvDone(B[],A[],sid_of(A[],B[],pk(spk(sskA[]),kpk(kskA[])),pk(spk(sskB[]),kpk(kskB[])),sender_prekey(pk_skem_sender(sender_sk),sign(sskA[],payload_sender(pk_skem_sender(sender_sk)))),receiver_prekey(rpk,epk,sign(sskB[],payload_receiver(rpk,epk))),msg(lkem_enc(kpk(kskB[]),r_2),ekem_enc(ekpk(ekskB[]),r_1),skem_enc(sender_sk,pk_skem_receiver(receiverSkB[]),r))),kdf(lkem_ss(kpk(kskB[]),r_2),ekem_ss(ekpk(ekskB[]),r_1),skem_ss(sender_sk,pk_skem_receiver(receiverSkB[]),r),sid_of(A[],B[],pk(spk(sskA[]),kpk(kskA[])),pk(spk(sskB[]),kpk(kskB[])),sender_prekey(pk_skem_sender(sender_sk),sign(sskA[],payload_sender(pk_skem_sender(sender_sk)))),receiver_prekey(rpk,epk,sign(sskB[],payload_receiver(rpk,epk))),msg(lkem_enc(kpk(kskB[]),r_2),ekem_enc(ekpk(ekskB[]),r_1),skem_enc(sender_sk,pk_skem_receiver(receiverSkB[]),r)))))).

25. By 24, event(RecvDone(B[],A[],sid_of(A[],B[],pk(spk(sskA[]),kpk(kskA[])),pk(spk(sskB[]),kpk(kskB[])),sender_prekey(pk_skem_sender(sender_sk),sign(sskA[],payload_sender(pk_skem_sender(sender_sk)))),receiver_prekey(rpk,epk,sign(sskB[],payload_receiver(rpk,epk))),msg(lkem_enc(kpk(kskB[]),r_2),ekem_enc(ekpk(ekskB[]),r_1),skem_enc(sender_sk,pk_skem_receiver(receiverSkB[]),r))),kdf(lkem_ss(kpk(kskB[]),r_2),ekem_ss(ekpk(ekskB[]),r_1),skem_ss(sender_sk,pk_skem_receiver(receiverSkB[]),r),sid_of(A[],B[],pk(spk(sskA[]),kpk(kskA[])),pk(spk(sskB[]),kpk(kskB[])),sender_prekey(pk_skem_sender(sender_sk),sign(sskA[],payload_sender(pk_skem_sender(sender_sk)))),receiver_prekey(rpk,epk,sign(sskB[],payload_receiver(rpk,epk))),msg(lkem_enc(kpk(kskB[]),r_2),ekem_enc(ekpk(ekskB[]),r_1),skem_enc(sender_sk,pk_skem_receiver(receiverSkB[]),r)))))).
The goal is reached, represented in the following fact:
event(RecvDone(B[],A[],sid_of(A[],B[],pk(spk(sskA[]),kpk(kskA[])),pk(spk(sskB[]),kpk(kskB[])),sender_prekey(pk_skem_sender(sender_sk),sign(sskA[],payload_sender(pk_skem_sender(sender_sk)))),receiver_prekey(rpk,epk,sign(sskB[],payload_receiver(rpk,epk))),msg(lkem_enc(kpk(kskB[]),r_2),ekem_enc(ekpk(ekskB[]),r_1),skem_enc(sender_sk,pk_skem_receiver(receiverSkB[]),r))),kdf(lkem_ss(kpk(kskB[]),r_2),ekem_ss(ekpk(ekskB[]),r_1),skem_ss(sender_sk,pk_skem_receiver(receiverSkB[]),r),sid_of(A[],B[],pk(spk(sskA[]),kpk(kskA[])),pk(spk(sskB[]),kpk(kskB[])),sender_prekey(pk_skem_sender(sender_sk),sign(sskA[],payload_sender(pk_skem_sender(sender_sk)))),receiver_prekey(rpk,epk,sign(sskB[],payload_receiver(rpk,epk))),msg(lkem_enc(kpk(kskB[]),r_2),ekem_enc(ekpk(ekskB[]),r_1),skem_enc(sender_sk,pk_skem_receiver(receiverSkB[]),r)))))).


A more detailed output of the traces is available with
  set traceDisplay = long.

new sskA: sig_sk creating sskA_3 at {1}

new kskA: kem_sk creating kskA_2 at {2}

new sskB: sig_sk creating sskB_3 at {3}

new kskB: kem_sk creating kskB_2 at {4}

new senderSkA: skem_sender_sk creating senderSkA_2 at {5}

new receiverSkB: skem_receiver_sk creating receiverSkB_2 at {6}

new ekskB: ekem_sk creating ekskB_2 at {7}

event CompromiseSigSk(A) at {84}

out(c, ~M) with ~M = sskA_3 at {85}

event CompromiseSigSk(B) at {86}

out(c, ~M_1) with ~M_1 = sskB_3 at {87}

out(c, ~M_2) with ~M_2 = spk(sskA_3) at {22} in copy a

out(c, ~M_3) with ~M_3 = kpk(kskA_2) at {23} in copy a

out(c, ~M_4) with ~M_4 = pk(spk(sskA_3),kpk(kskA_2)) at {24} in copy a

out(c, ~M_5) with ~M_5 = spk(sskB_3) at {25} in copy a

out(c, ~M_6) with ~M_6 = kpk(kskB_2) at {26} in copy a

out(c, ~M_7) with ~M_7 = pk(spk(sskB_3),kpk(kskB_2)) at {27} in copy a

out(c, ~M_8) with ~M_8 = sender_prekey(pk_skem_sender(senderSkA_2),sign(sskA_3,payload_sender(pk_skem_sender(senderSkA_2)))) at {32} in copy a

out(c, ~M_9) with ~M_9 = receiver_prekey(pk_skem_receiver(receiverSkB_2),ekpk(ekskB_2),sign(sskB_3,payload_receiver(pk_skem_receiver(receiverSkB_2),ekpk(ekskB_2)))) at {38} in copy a

out(c, ~M_10) with ~M_10 = spk(sskA_3) at {22} in copy a_1

out(c, ~M_11) with ~M_11 = kpk(kskA_2) at {23} in copy a_1

out(c, ~M_12) with ~M_12 = pk(spk(sskA_3),kpk(kskA_2)) at {24} in copy a_1

out(c, ~M_13) with ~M_13 = spk(sskB_3) at {25} in copy a_1

out(c, ~M_14) with ~M_14 = kpk(kskB_2) at {26} in copy a_1

out(c, ~M_15) with ~M_15 = pk(spk(sskB_3),kpk(kskB_2)) at {27} in copy a_1

out(c, ~M_16) with ~M_16 = sender_prekey(pk_skem_sender(senderSkA_2),sign(sskA_3,payload_sender(pk_skem_sender(senderSkA_2)))) at {32} in copy a_1

out(c, ~M_17) with ~M_17 = receiver_prekey(pk_skem_receiver(receiverSkB_2),ekpk(ekskB_2),sign(sskB_3,payload_receiver(pk_skem_receiver(receiverSkB_2),ekpk(ekskB_2)))) at {38} in copy a_1

out(c, ~M_18) with ~M_18 = spk(sskA_3) at {22} in copy a_2

out(c, ~M_19) with ~M_19 = kpk(kskA_2) at {23} in copy a_2

out(c, ~M_20) with ~M_20 = pk(spk(sskA_3),kpk(kskA_2)) at {24} in copy a_2

out(c, ~M_21) with ~M_21 = spk(sskB_3) at {25} in copy a_2

out(c, ~M_22) with ~M_22 = kpk(kskB_2) at {26} in copy a_2

out(c, ~M_23) with ~M_23 = pk(spk(sskB_3),kpk(kskB_2)) at {27} in copy a_2

out(c, ~M_24) with ~M_24 = sender_prekey(pk_skem_sender(senderSkA_2),sign(sskA_3,payload_sender(pk_skem_sender(senderSkA_2)))) at {32} in copy a_2

out(c, ~M_25) with ~M_25 = receiver_prekey(pk_skem_receiver(receiverSkB_2),ekpk(ekskB_2),sign(sskB_3,payload_receiver(pk_skem_receiver(receiverSkB_2),ekpk(ekskB_2)))) at {38} in copy a_2

in(c, receiver_prekey(a_3,a_4,sign(~M_1,payload_receiver(a_3,a_4)))) with receiver_prekey(a_3,a_4,sign(~M_1,payload_receiver(a_3,a_4))) = receiver_prekey(a_3,a_4,sign(sskB_3,payload_receiver(a_3,a_4))) at {39} in copy a

event ReceiverPrekeyVerified(A,B,receiver_prekey(a_3,a_4,sign(sskB_3,payload_receiver(a_3,a_4)))) at {45} in copy a

in(c, sender_prekey(pk_skem_sender(a_5),sign(~M,payload_sender(pk_skem_sender(a_5))))) with sender_prekey(pk_skem_sender(a_5),sign(~M,payload_sender(pk_skem_sender(a_5)))) = sender_prekey(pk_skem_sender(a_5),sign(sskA_3,payload_sender(pk_skem_sender(a_5)))) at {46} in copy a

event SenderPrekeyVerified(B,A,sender_prekey(pk_skem_sender(a_5),sign(sskA_3,payload_sender(pk_skem_sender(a_5))))) at {51} in copy a

new rL: randomness creating rL_2 at {52} in copy a

new rE: randomness creating rE_2 at {53} in copy a

new rS: randomness creating rS_2 at {54} in copy a

event SenderSplitKemComponent(A,B,skem_enc(senderSkA_2,a_3,rS_2),skem_ss(senderSkA_2,a_3,rS_2)) at {61} in copy a

out(c, ~M_26) with ~M_26 = msg(lkem_enc(kpk(kskB_2),rL_2),ekem_enc(a_4,rE_2),skem_enc(senderSkA_2,a_3,rS_2)) at {63} in copy a

event SenderKey(A,B,sid_of(A,B,pk(spk(sskA_3),kpk(kskA_2)),pk(spk(sskB_3),kpk(kskB_2)),sender_prekey(pk_skem_sender(senderSkA_2),sign(sskA_3,payload_sender(pk_skem_sender(senderSkA_2)))),receiver_prekey(a_3,a_4,sign(sskB_3,payload_receiver(a_3,a_4))),msg(lkem_enc(kpk(kskB_2),rL_2),ekem_enc(a_4,rE_2),skem_enc(senderSkA_2,a_3,rS_2))),kdf(lkem_ss(kpk(kskB_2),rL_2),ekem_ss(a_4,rE_2),skem_ss(senderSkA_2,a_3,rS_2),sid_of(A,B,pk(spk(sskA_3),kpk(kskA_2)),pk(spk(sskB_3),kpk(kskB_2)),sender_prekey(pk_skem_sender(senderSkA_2),sign(sskA_3,payload_sender(pk_skem_sender(senderSkA_2)))),receiver_prekey(a_3,a_4,sign(sskB_3,payload_receiver(a_3,a_4))),msg(lkem_enc(kpk(kskB_2),rL_2),ekem_enc(a_4,rE_2),skem_enc(senderSkA_2,a_3,rS_2))))) at {66} in copy a

event SendDone(A,B,sid_of(A,B,pk(spk(sskA_3),kpk(kskA_2)),pk(spk(sskB_3),kpk(kskB_2)),sender_prekey(pk_skem_sender(senderSkA_2),sign(sskA_3,payload_sender(pk_skem_sender(senderSkA_2)))),receiver_prekey(a_3,a_4,sign(sskB_3,payload_receiver(a_3,a_4))),msg(lkem_enc(kpk(kskB_2),rL_2),ekem_enc(a_4,rE_2),skem_enc(senderSkA_2,a_3,rS_2))),kdf(lkem_ss(kpk(kskB_2),rL_2),ekem_ss(a_4,rE_2),skem_ss(senderSkA_2,a_3,rS_2),sid_of(A,B,pk(spk(sskA_3),kpk(kskA_2)),pk(spk(sskB_3),kpk(kskB_2)),sender_prekey(pk_skem_sender(senderSkA_2),sign(sskA_3,payload_sender(pk_skem_sender(senderSkA_2)))),receiver_prekey(a_3,a_4,sign(sskB_3,payload_receiver(a_3,a_4))),msg(lkem_enc(kpk(kskB_2),rL_2),ekem_enc(a_4,rE_2),skem_enc(senderSkA_2,a_3,rS_2))))) at {67} in copy a

in(c, msg(lkem_enc(~M_6,a_6),ekem_enc(get_receiver_prekey_ekpk(~M_9),a_7),skem_enc(a_5,get_receiver_prekey_pk(~M_9),a_8))) with msg(lkem_enc(~M_6,a_6),ekem_enc(get_receiver_prekey_ekpk(~M_9),a_7),skem_enc(a_5,get_receiver_prekey_pk(~M_9),a_8)) = msg(lkem_enc(kpk(kskB_2),a_6),ekem_enc(ekpk(ekskB_2),a_7),skem_enc(a_5,pk_skem_receiver(receiverSkB_2),a_8)) at {68} in copy a

event SplitKemAccepted(B,A,skem_enc(a_5,pk_skem_receiver(receiverSkB_2),a_8),skem_ss(a_5,pk_skem_receiver(receiverSkB_2),a_8)) at {75} in copy a

event RecvComputed(B,A,sid_of(A,B,pk(spk(sskA_3),kpk(kskA_2)),pk(spk(sskB_3),kpk(kskB_2)),sender_prekey(pk_skem_sender(a_5),sign(sskA_3,payload_sender(pk_skem_sender(a_5)))),receiver_prekey(a_3,a_4,sign(sskB_3,payload_receiver(a_3,a_4))),msg(lkem_enc(kpk(kskB_2),a_6),ekem_enc(ekpk(ekskB_2),a_7),skem_enc(a_5,pk_skem_receiver(receiverSkB_2),a_8))),kdf(lkem_ss(kpk(kskB_2),a_6),ekem_ss(ekpk(ekskB_2),a_7),skem_ss(a_5,pk_skem_receiver(receiverSkB_2),a_8),sid_of(A,B,pk(spk(sskA_3),kpk(kskA_2)),pk(spk(sskB_3),kpk(kskB_2)),sender_prekey(pk_skem_sender(a_5),sign(sskA_3,payload_sender(pk_skem_sender(a_5)))),receiver_prekey(a_3,a_4,sign(sskB_3,payload_receiver(a_3,a_4))),msg(lkem_enc(kpk(kskB_2),a_6),ekem_enc(ekpk(ekskB_2),a_7),skem_enc(a_5,pk_skem_receiver(receiverSkB_2),a_8))))) at {78} in copy a

event ReceiverKey(B,A,sid_of(A,B,pk(spk(sskA_3),kpk(kskA_2)),pk(spk(sskB_3),kpk(kskB_2)),sender_prekey(pk_skem_sender(a_5),sign(sskA_3,payload_sender(pk_skem_sender(a_5)))),receiver_prekey(a_3,a_4,sign(sskB_3,payload_receiver(a_3,a_4))),msg(lkem_enc(kpk(kskB_2),a_6),ekem_enc(ekpk(ekskB_2),a_7),skem_enc(a_5,pk_skem_receiver(receiverSkB_2),a_8))),kdf(lkem_ss(kpk(kskB_2),a_6),ekem_ss(ekpk(ekskB_2),a_7),skem_ss(a_5,pk_skem_receiver(receiverSkB_2),a_8),sid_of(A,B,pk(spk(sskA_3),kpk(kskA_2)),pk(spk(sskB_3),kpk(kskB_2)),sender_prekey(pk_skem_sender(a_5),sign(sskA_3,payload_sender(pk_skem_sender(a_5)))),receiver_prekey(a_3,a_4,sign(sskB_3,payload_receiver(a_3,a_4))),msg(lkem_enc(kpk(kskB_2),a_6),ekem_enc(ekpk(ekskB_2),a_7),skem_enc(a_5,pk_skem_receiver(receiverSkB_2),a_8))))) at {79} in copy a

event RecvDone(B,A,sid_of(A,B,pk(spk(sskA_3),kpk(kskA_2)),pk(spk(sskB_3),kpk(kskB_2)),sender_prekey(pk_skem_sender(a_5),sign(sskA_3,payload_sender(pk_skem_sender(a_5)))),receiver_prekey(a_3,a_4,sign(sskB_3,payload_receiver(a_3,a_4))),msg(lkem_enc(kpk(kskB_2),a_6),ekem_enc(ekpk(ekskB_2),a_7),skem_enc(a_5,pk_skem_receiver(receiverSkB_2),a_8))),kdf(lkem_ss(kpk(kskB_2),a_6),ekem_ss(ekpk(ekskB_2),a_7),skem_ss(a_5,pk_skem_receiver(receiverSkB_2),a_8),sid_of(A,B,pk(spk(sskA_3),kpk(kskA_2)),pk(spk(sskB_3),kpk(kskB_2)),sender_prekey(pk_skem_sender(a_5),sign(sskA_3,payload_sender(pk_skem_sender(a_5)))),receiver_prekey(a_3,a_4,sign(sskB_3,payload_receiver(a_3,a_4))),msg(lkem_enc(kpk(kskB_2),a_6),ekem_enc(ekpk(ekskB_2),a_7),skem_enc(a_5,pk_skem_receiver(receiverSkB_2),a_8))))) at {80} in copy a (goal)

The event RecvDone(B,A,sid_of(A,B,pk(spk(sskA_3),kpk(kskA_2)),pk(spk(sskB_3),kpk(kskB_2)),sender_prekey(pk_skem_sender(a_5),sign(sskA_3,payload_sender(pk_skem_sender(a_5)))),receiver_prekey(a_3,a_4,sign(sskB_3,payload_receiver(a_3,a_4))),msg(lkem_enc(kpk(kskB_2),a_6),ekem_enc(ekpk(ekskB_2),a_7),skem_enc(a_5,pk_skem_receiver(receiverSkB_2),a_8))),kdf(lkem_ss(kpk(kskB_2),a_6),ekem_ss(ekpk(ekskB_2),a_7),skem_ss(a_5,pk_skem_receiver(receiverSkB_2),a_8),sid_of(A,B,pk(spk(sskA_3),kpk(kskA_2)),pk(spk(sskB_3),kpk(kskB_2)),sender_prekey(pk_skem_sender(a_5),sign(sskA_3,payload_sender(pk_skem_sender(a_5)))),receiver_prekey(a_3,a_4,sign(sskB_3,payload_receiver(a_3,a_4))),msg(lkem_enc(kpk(kskB_2),a_6),ekem_enc(ekpk(ekskB_2),a_7),skem_enc(a_5,pk_skem_receiver(receiverSkB_2),a_8))))) is executed at {80} in copy a.
A trace has been found.
RESULT event(RecvDone(B_1,A_1,s,k)) ==> event(SendDone(A_1,B_1,s,k)) is false.
-- Query event(RecvDone(B_1,A_1,s,k)) ==> event(SenderPrekeyVerified(B_1,A_1,sp)) in process 1.
Translating the process into Horn clauses...
Completing...
200 rules inserted. Base: 162 rules (61 with conclusion selected). Queue: 137 rules.
400 rules inserted. Base: 241 rules (75 with conclusion selected). Queue: 231 rules.
600 rules inserted. Base: 290 rules (79 with conclusion selected). Queue: 292 rules.
800 rules inserted. Base: 344 rules (85 with conclusion selected). Queue: 261 rules.
1000 rules inserted. Base: 404 rules (96 with conclusion selected). Queue: 244 rules.
1200 rules inserted. Base: 412 rules (110 with conclusion selected). Queue: 243 rules.
1400 rules inserted. Base: 451 rules (124 with conclusion selected). Queue: 200 rules.
1600 rules inserted. Base: 441 rules (142 with conclusion selected). Queue: 136 rules.
1800 rules inserted. Base: 424 rules (172 with conclusion selected). Queue: 55 rules.
Starting query event(RecvDone(B_1,A_1,s,k)) ==> event(SenderPrekeyVerified(B_1,A_1,sp))
goal reachable: attacker(r) && attacker(r_1) && attacker(r_2) && b-event(SenderPrekeyVerified(B[],A[],sender_prekey(pk_skem_sender(sender_sk),sign(sskA[],payload_sender(pk_skem_sender(sender_sk)))))) && attacker(sender_sk) && attacker(rpk) && attacker(epk) -> event(RecvDone(B[],A[],sid_of(A[],B[],pk(spk(sskA[]),kpk(kskA[])),pk(spk(sskB[]),kpk(kskB[])),sender_prekey(pk_skem_sender(sender_sk),sign(sskA[],payload_sender(pk_skem_sender(sender_sk)))),receiver_prekey(rpk,epk,sign(sskB[],payload_receiver(rpk,epk))),msg(lkem_enc(kpk(kskB[]),r),ekem_enc(ekpk(ekskB[]),r_1),skem_enc(sender_sk,pk_skem_receiver(receiverSkB[]),r_2))),kdf(lkem_ss(kpk(kskB[]),r),ekem_ss(ekpk(ekskB[]),r_1),skem_ss(sender_sk,pk_skem_receiver(receiverSkB[]),r_2),sid_of(A[],B[],pk(spk(sskA[]),kpk(kskA[])),pk(spk(sskB[]),kpk(kskB[])),sender_prekey(pk_skem_sender(sender_sk),sign(sskA[],payload_sender(pk_skem_sender(sender_sk)))),receiver_prekey(rpk,epk,sign(sskB[],payload_receiver(rpk,epk))),msg(lkem_enc(kpk(kskB[]),r),ekem_enc(ekpk(ekskB[]),r_1),skem_enc(sender_sk,pk_skem_receiver(receiverSkB[]),r_2))))))
goal reachable: attacker(r) && attacker(r_1) && b-event(SenderPrekeyVerified(B[],A[],sender_prekey(spk_s,sign(sskA[],payload_sender(spk_s))))) && attacker(spk_s) && attacker(epk) && b-event(SenderPrekeyVerified(B[],A[],sender_prekey(pk_skem_sender(senderSkA[]),sign(sskA[],payload_sender(pk_skem_sender(senderSkA[])))))) && attacker(rpk) && attacker(epk_1) -> event(RecvDone(B[],A[],sid_of(A[],B[],pk(spk(sskA[]),kpk(kskA[])),pk(spk(sskB[]),kpk(kskB[])),sender_prekey(pk_skem_sender(senderSkA[]),sign(sskA[],payload_sender(pk_skem_sender(senderSkA[])))),receiver_prekey(rpk,epk_1,sign(sskB[],payload_receiver(rpk,epk_1))),msg(lkem_enc(kpk(kskB[]),r),ekem_enc(ekpk(ekskB[]),r_1),skem_enc(senderSkA[],pk_skem_receiver(receiverSkB[]),rS_1))),kdf(lkem_ss(kpk(kskB[]),r),ekem_ss(ekpk(ekskB[]),r_1),skem_ss(senderSkA[],pk_skem_receiver(receiverSkB[]),rS_1),sid_of(A[],B[],pk(spk(sskA[]),kpk(kskA[])),pk(spk(sskB[]),kpk(kskB[])),sender_prekey(pk_skem_sender(senderSkA[]),sign(sskA[],payload_sender(pk_skem_sender(senderSkA[])))),receiver_prekey(rpk,epk_1,sign(sskB[],payload_receiver(rpk,epk_1))),msg(lkem_enc(kpk(kskB[]),r),ekem_enc(ekpk(ekskB[]),r_1),skem_enc(senderSkA[],pk_skem_receiver(receiverSkB[]),rS_1))))))
Abbreviations:
rS_1 = rS[senderPrekeyFromNet = sender_prekey(spk_s,sign(sskA[],payload_sender(spk_s))),receiverPrekeyFromNet = receiver_prekey(pk_skem_receiver(receiverSkB[]),epk,sign(sskB[],payload_receiver(pk_skem_receiver(receiverSkB[]),epk))),!1 = @sid]
goal reachable: attacker(r) && b-event(SenderPrekeyVerified(B[],A[],sender_prekey(spk_s,sign(sskA[],payload_sender(spk_s))))) && attacker(spk_s) && attacker(rpk) && attacker(r_1) && b-event(SenderPrekeyVerified(B[],A[],sender_prekey(pk_skem_sender(sender_sk),sign(sskA[],payload_sender(pk_skem_sender(sender_sk)))))) && attacker(sender_sk) && attacker(rpk_1) && attacker(epk) -> event(RecvDone(B[],A[],sid_of(A[],B[],pk(spk(sskA[]),kpk(kskA[])),pk(spk(sskB[]),kpk(kskB[])),sender_prekey(pk_skem_sender(sender_sk),sign(sskA[],payload_sender(pk_skem_sender(sender_sk)))),receiver_prekey(rpk_1,epk,sign(sskB[],payload_receiver(rpk_1,epk))),msg(lkem_enc(kpk(kskB[]),r),ekem_enc(ekpk(ekskB[]),rE_1),skem_enc(sender_sk,pk_skem_receiver(receiverSkB[]),r_1))),kdf(lkem_ss(kpk(kskB[]),r),ekem_ss(ekpk(ekskB[]),rE_1),skem_ss(sender_sk,pk_skem_receiver(receiverSkB[]),r_1),sid_of(A[],B[],pk(spk(sskA[]),kpk(kskA[])),pk(spk(sskB[]),kpk(kskB[])),sender_prekey(pk_skem_sender(sender_sk),sign(sskA[],payload_sender(pk_skem_sender(sender_sk)))),receiver_prekey(rpk_1,epk,sign(sskB[],payload_receiver(rpk_1,epk))),msg(lkem_enc(kpk(kskB[]),r),ekem_enc(ekpk(ekskB[]),rE_1),skem_enc(sender_sk,pk_skem_receiver(receiverSkB[]),r_1))))))
Abbreviations:
rE_1 = rE[senderPrekeyFromNet = sender_prekey(spk_s,sign(sskA[],payload_sender(spk_s))),receiverPrekeyFromNet = receiver_prekey(rpk,ekpk(ekskB[]),sign(sskB[],payload_receiver(rpk,ekpk(ekskB[])))),!1 = @sid]
goal reachable: attacker(r) && b-event(SenderPrekeyVerified(B[],A[],sender_prekey(spk_s,sign(sskA[],payload_sender(spk_s))))) && attacker(spk_s) && attacker(rpk) && b-event(SenderPrekeyVerified(B[],A[],sender_prekey(spk_s_1,sign(sskA[],payload_sender(spk_s_1))))) && attacker(spk_s_1) && attacker(epk) && b-event(SenderPrekeyVerified(B[],A[],sender_prekey(pk_skem_sender(senderSkA[]),sign(sskA[],payload_sender(pk_skem_sender(senderSkA[])))))) && attacker(rpk_1) && attacker(epk_1) -> event(RecvDone(B[],A[],sid_of(A[],B[],pk(spk(sskA[]),kpk(kskA[])),pk(spk(sskB[]),kpk(kskB[])),sender_prekey(pk_skem_sender(senderSkA[]),sign(sskA[],payload_sender(pk_skem_sender(senderSkA[])))),receiver_prekey(rpk_1,epk_1,sign(sskB[],payload_receiver(rpk_1,epk_1))),msg(lkem_enc(kpk(kskB[]),r),ekem_enc(ekpk(ekskB[]),rE_1),skem_enc(senderSkA[],pk_skem_receiver(receiverSkB[]),rS_1))),kdf(lkem_ss(kpk(kskB[]),r),ekem_ss(ekpk(ekskB[]),rE_1),skem_ss(senderSkA[],pk_skem_receiver(receiverSkB[]),rS_1),sid_of(A[],B[],pk(spk(sskA[]),kpk(kskA[])),pk(spk(sskB[]),kpk(kskB[])),sender_prekey(pk_skem_sender(senderSkA[]),sign(sskA[],payload_sender(pk_skem_sender(senderSkA[])))),receiver_prekey(rpk_1,epk_1,sign(sskB[],payload_receiver(rpk_1,epk_1))),msg(lkem_enc(kpk(kskB[]),r),ekem_enc(ekpk(ekskB[]),rE_1),skem_enc(senderSkA[],pk_skem_receiver(receiverSkB[]),rS_1))))))
Abbreviations:
rE_1 = rE[senderPrekeyFromNet = sender_prekey(spk_s,sign(sskA[],payload_sender(spk_s))),receiverPrekeyFromNet = receiver_prekey(rpk,ekpk(ekskB[]),sign(sskB[],payload_receiver(rpk,ekpk(ekskB[])))),!1 = @sid]
rS_1 = rS[senderPrekeyFromNet = sender_prekey(spk_s_1,sign(sskA[],payload_sender(spk_s_1))),receiverPrekeyFromNet = receiver_prekey(pk_skem_receiver(receiverSkB[]),epk,sign(sskB[],payload_receiver(pk_skem_receiver(receiverSkB[]),epk))),!1 = @sid_1]
goal reachable: b-event(SenderPrekeyVerified(B[],A[],sender_prekey(spk_s,sign(sskA[],payload_sender(spk_s))))) && attacker(spk_s) && attacker(rpk) && attacker(epk) && attacker(r) && attacker(r_1) && b-event(SenderPrekeyVerified(B[],A[],sender_prekey(pk_skem_sender(sender_sk),sign(sskA[],payload_sender(pk_skem_sender(sender_sk)))))) && attacker(sender_sk) && attacker(rpk_1) && attacker(epk_1) -> event(RecvDone(B[],A[],sid_of(A[],B[],pk(spk(sskA[]),kpk(kskA[])),pk(spk(sskB[]),kpk(kskB[])),sender_prekey(pk_skem_sender(sender_sk),sign(sskA[],payload_sender(pk_skem_sender(sender_sk)))),receiver_prekey(rpk_1,epk_1,sign(sskB[],payload_receiver(rpk_1,epk_1))),msg(lkem_enc(kpk(kskB[]),rL_1),ekem_enc(ekpk(ekskB[]),r),skem_enc(sender_sk,pk_skem_receiver(receiverSkB[]),r_1))),kdf(lkem_ss(kpk(kskB[]),rL_1),ekem_ss(ekpk(ekskB[]),r),skem_ss(sender_sk,pk_skem_receiver(receiverSkB[]),r_1),sid_of(A[],B[],pk(spk(sskA[]),kpk(kskA[])),pk(spk(sskB[]),kpk(kskB[])),sender_prekey(pk_skem_sender(sender_sk),sign(sskA[],payload_sender(pk_skem_sender(sender_sk)))),receiver_prekey(rpk_1,epk_1,sign(sskB[],payload_receiver(rpk_1,epk_1))),msg(lkem_enc(kpk(kskB[]),rL_1),ekem_enc(ekpk(ekskB[]),r),skem_enc(sender_sk,pk_skem_receiver(receiverSkB[]),r_1))))))
Abbreviations:
rL_1 = rL[senderPrekeyFromNet = sender_prekey(spk_s,sign(sskA[],payload_sender(spk_s))),receiverPrekeyFromNet = receiver_prekey(rpk,epk,sign(sskB[],payload_receiver(rpk,epk))),!1 = @sid]
goal reachable: b-event(SenderPrekeyVerified(B[],A[],sender_prekey(spk_s,sign(sskA[],payload_sender(spk_s))))) && attacker(spk_s) && attacker(rpk) && attacker(epk) && attacker(r) && b-event(SenderPrekeyVerified(B[],A[],sender_prekey(spk_s_1,sign(sskA[],payload_sender(spk_s_1))))) && attacker(spk_s_1) && attacker(epk_1) && b-event(SenderPrekeyVerified(B[],A[],sender_prekey(pk_skem_sender(senderSkA[]),sign(sskA[],payload_sender(pk_skem_sender(senderSkA[])))))) && attacker(rpk_1) && attacker(epk_2) -> event(RecvDone(B[],A[],sid_of(A[],B[],pk(spk(sskA[]),kpk(kskA[])),pk(spk(sskB[]),kpk(kskB[])),sender_prekey(pk_skem_sender(senderSkA[]),sign(sskA[],payload_sender(pk_skem_sender(senderSkA[])))),receiver_prekey(rpk_1,epk_2,sign(sskB[],payload_receiver(rpk_1,epk_2))),msg(lkem_enc(kpk(kskB[]),rL_1),ekem_enc(ekpk(ekskB[]),r),skem_enc(senderSkA[],pk_skem_receiver(receiverSkB[]),rS_1))),kdf(lkem_ss(kpk(kskB[]),rL_1),ekem_ss(ekpk(ekskB[]),r),skem_ss(senderSkA[],pk_skem_receiver(receiverSkB[]),rS_1),sid_of(A[],B[],pk(spk(sskA[]),kpk(kskA[])),pk(spk(sskB[]),kpk(kskB[])),sender_prekey(pk_skem_sender(senderSkA[]),sign(sskA[],payload_sender(pk_skem_sender(senderSkA[])))),receiver_prekey(rpk_1,epk_2,sign(sskB[],payload_receiver(rpk_1,epk_2))),msg(lkem_enc(kpk(kskB[]),rL_1),ekem_enc(ekpk(ekskB[]),r),skem_enc(senderSkA[],pk_skem_receiver(receiverSkB[]),rS_1))))))
Abbreviations:
rL_1 = rL[senderPrekeyFromNet = sender_prekey(spk_s,sign(sskA[],payload_sender(spk_s))),receiverPrekeyFromNet = receiver_prekey(rpk,epk,sign(sskB[],payload_receiver(rpk,epk))),!1 = @sid]
rS_1 = rS[senderPrekeyFromNet = sender_prekey(spk_s_1,sign(sskA[],payload_sender(spk_s_1))),receiverPrekeyFromNet = receiver_prekey(pk_skem_receiver(receiverSkB[]),epk_1,sign(sskB[],payload_receiver(pk_skem_receiver(receiverSkB[]),epk_1))),!1 = @sid_1]
goal reachable: b-event(SenderPrekeyVerified(B[],A[],sender_prekey(spk_s,sign(sskA[],payload_sender(spk_s))))) && attacker(spk_s) && attacker(rpk) && attacker(epk) && b-event(SenderPrekeyVerified(B[],A[],sender_prekey(spk_s_1,sign(sskA[],payload_sender(spk_s_1))))) && attacker(spk_s_1) && attacker(rpk_1) && attacker(r) && b-event(SenderPrekeyVerified(B[],A[],sender_prekey(pk_skem_sender(sender_sk),sign(sskA[],payload_sender(pk_skem_sender(sender_sk)))))) && attacker(sender_sk) && attacker(rpk_2) && attacker(epk_1) -> event(RecvDone(B[],A[],sid_of(A[],B[],pk(spk(sskA[]),kpk(kskA[])),pk(spk(sskB[]),kpk(kskB[])),sender_prekey(pk_skem_sender(sender_sk),sign(sskA[],payload_sender(pk_skem_sender(sender_sk)))),receiver_prekey(rpk_2,epk_1,sign(sskB[],payload_receiver(rpk_2,epk_1))),msg(lkem_enc(kpk(kskB[]),rL_1),ekem_enc(ekpk(ekskB[]),rE_1),skem_enc(sender_sk,pk_skem_receiver(receiverSkB[]),r))),kdf(lkem_ss(kpk(kskB[]),rL_1),ekem_ss(ekpk(ekskB[]),rE_1),skem_ss(sender_sk,pk_skem_receiver(receiverSkB[]),r),sid_of(A[],B[],pk(spk(sskA[]),kpk(kskA[])),pk(spk(sskB[]),kpk(kskB[])),sender_prekey(pk_skem_sender(sender_sk),sign(sskA[],payload_sender(pk_skem_sender(sender_sk)))),receiver_prekey(rpk_2,epk_1,sign(sskB[],payload_receiver(rpk_2,epk_1))),msg(lkem_enc(kpk(kskB[]),rL_1),ekem_enc(ekpk(ekskB[]),rE_1),skem_enc(sender_sk,pk_skem_receiver(receiverSkB[]),r))))))
Abbreviations:
rL_1 = rL[senderPrekeyFromNet = sender_prekey(spk_s,sign(sskA[],payload_sender(spk_s))),receiverPrekeyFromNet = receiver_prekey(rpk,epk,sign(sskB[],payload_receiver(rpk,epk))),!1 = @sid]
rE_1 = rE[senderPrekeyFromNet = sender_prekey(spk_s_1,sign(sskA[],payload_sender(spk_s_1))),receiverPrekeyFromNet = receiver_prekey(rpk_1,ekpk(ekskB[]),sign(sskB[],payload_receiver(rpk_1,ekpk(ekskB[])))),!1 = @sid_1]
goal reachable: b-event(SenderPrekeyVerified(B[],A[],sender_prekey(spk_s,sign(sskA[],payload_sender(spk_s))))) && attacker(spk_s) && attacker(rpk) && attacker(epk) && b-event(SenderPrekeyVerified(B[],A[],sender_prekey(spk_s_1,sign(sskA[],payload_sender(spk_s_1))))) && attacker(spk_s_1) && attacker(rpk_1) && b-event(SenderPrekeyVerified(B[],A[],sender_prekey(spk_s_2,sign(sskA[],payload_sender(spk_s_2))))) && attacker(spk_s_2) && attacker(epk_1) && b-event(SenderPrekeyVerified(B[],A[],sender_prekey(pk_skem_sender(senderSkA[]),sign(sskA[],payload_sender(pk_skem_sender(senderSkA[])))))) && attacker(rpk_2) && attacker(epk_2) -> event(RecvDone(B[],A[],sid_of(A[],B[],pk(spk(sskA[]),kpk(kskA[])),pk(spk(sskB[]),kpk(kskB[])),sender_prekey(pk_skem_sender(senderSkA[]),sign(sskA[],payload_sender(pk_skem_sender(senderSkA[])))),receiver_prekey(rpk_2,epk_2,sign(sskB[],payload_receiver(rpk_2,epk_2))),msg(lkem_enc(kpk(kskB[]),rL_1),ekem_enc(ekpk(ekskB[]),rE_1),skem_enc(senderSkA[],pk_skem_receiver(receiverSkB[]),rS_1))),kdf(lkem_ss(kpk(kskB[]),rL_1),ekem_ss(ekpk(ekskB[]),rE_1),skem_ss(senderSkA[],pk_skem_receiver(receiverSkB[]),rS_1),sid_of(A[],B[],pk(spk(sskA[]),kpk(kskA[])),pk(spk(sskB[]),kpk(kskB[])),sender_prekey(pk_skem_sender(senderSkA[]),sign(sskA[],payload_sender(pk_skem_sender(senderSkA[])))),receiver_prekey(rpk_2,epk_2,sign(sskB[],payload_receiver(rpk_2,epk_2))),msg(lkem_enc(kpk(kskB[]),rL_1),ekem_enc(ekpk(ekskB[]),rE_1),skem_enc(senderSkA[],pk_skem_receiver(receiverSkB[]),rS_1))))))
Abbreviations:
rL_1 = rL[senderPrekeyFromNet = sender_prekey(spk_s,sign(sskA[],payload_sender(spk_s))),receiverPrekeyFromNet = receiver_prekey(rpk,epk,sign(sskB[],payload_receiver(rpk,epk))),!1 = @sid]
rE_1 = rE[senderPrekeyFromNet = sender_prekey(spk_s_1,sign(sskA[],payload_sender(spk_s_1))),receiverPrekeyFromNet = receiver_prekey(rpk_1,ekpk(ekskB[]),sign(sskB[],payload_receiver(rpk_1,ekpk(ekskB[])))),!1 = @sid_1]
rS_1 = rS[senderPrekeyFromNet = sender_prekey(spk_s_2,sign(sskA[],payload_sender(spk_s_2))),receiverPrekeyFromNet = receiver_prekey(pk_skem_receiver(receiverSkB[]),epk_1,sign(sskB[],payload_receiver(pk_skem_receiver(receiverSkB[]),epk_1))),!1 = @sid_2]
RESULT event(RecvDone(B_1,A_1,s,k)) ==> event(SenderPrekeyVerified(B_1,A_1,sp)) is true.
-- Query event(RecvDone(B_1,A_1,s,k)) ==> event(ReceiverPrekeyVerified(A_1,B_1,rp)) in process 1.
Translating the process into Horn clauses...
Completing...
200 rules inserted. Base: 162 rules (61 with conclusion selected). Queue: 137 rules.
400 rules inserted. Base: 241 rules (75 with conclusion selected). Queue: 229 rules.
600 rules inserted. Base: 290 rules (79 with conclusion selected). Queue: 290 rules.
800 rules inserted. Base: 343 rules (85 with conclusion selected). Queue: 259 rules.
1000 rules inserted. Base: 402 rules (96 with conclusion selected). Queue: 237 rules.
1200 rules inserted. Base: 404 rules (112 with conclusion selected). Queue: 236 rules.
1400 rules inserted. Base: 432 rules (127 with conclusion selected). Queue: 186 rules.
1600 rules inserted. Base: 409 rules (148 with conclusion selected). Queue: 121 rules.
1800 rules inserted. Base: 384 rules (183 with conclusion selected). Queue: 39 rules.
Starting query event(RecvDone(B_1,A_1,s,k)) ==> event(ReceiverPrekeyVerified(A_1,B_1,rp))
goal reachable: attacker(r) && attacker(r_1) && attacker(r_2) && attacker(sender_sk) && b-event(ReceiverPrekeyVerified(A[],B[],receiver_prekey(rpk,epk,sign(sskB[],payload_receiver(rpk,epk))))) && attacker(rpk) && attacker(epk) -> event(RecvDone(B[],A[],sid_of(A[],B[],pk(spk(sskA[]),kpk(kskA[])),pk(spk(sskB[]),kpk(kskB[])),sender_prekey(pk_skem_sender(sender_sk),sign(sskA[],payload_sender(pk_skem_sender(sender_sk)))),receiver_prekey(rpk,epk,sign(sskB[],payload_receiver(rpk,epk))),msg(lkem_enc(kpk(kskB[]),r),ekem_enc(ekpk(ekskB[]),r_1),skem_enc(sender_sk,pk_skem_receiver(receiverSkB[]),r_2))),kdf(lkem_ss(kpk(kskB[]),r),ekem_ss(ekpk(ekskB[]),r_1),skem_ss(sender_sk,pk_skem_receiver(receiverSkB[]),r_2),sid_of(A[],B[],pk(spk(sskA[]),kpk(kskA[])),pk(spk(sskB[]),kpk(kskB[])),sender_prekey(pk_skem_sender(sender_sk),sign(sskA[],payload_sender(pk_skem_sender(sender_sk)))),receiver_prekey(rpk,epk,sign(sskB[],payload_receiver(rpk,epk))),msg(lkem_enc(kpk(kskB[]),r),ekem_enc(ekpk(ekskB[]),r_1),skem_enc(sender_sk,pk_skem_receiver(receiverSkB[]),r_2))))))
goal reachable: attacker(r) && attacker(r_1) && attacker(spk_s) && b-event(ReceiverPrekeyVerified(A[],B[],receiver_prekey(pk_skem_receiver(receiverSkB[]),epk,sign(sskB[],payload_receiver(pk_skem_receiver(receiverSkB[]),epk))))) && attacker(epk) && b-event(ReceiverPrekeyVerified(A[],B[],receiver_prekey(rpk,epk_1,sign(sskB[],payload_receiver(rpk,epk_1))))) && attacker(rpk) && attacker(epk_1) -> event(RecvDone(B[],A[],sid_of(A[],B[],pk(spk(sskA[]),kpk(kskA[])),pk(spk(sskB[]),kpk(kskB[])),sender_prekey(pk_skem_sender(senderSkA[]),sign(sskA[],payload_sender(pk_skem_sender(senderSkA[])))),receiver_prekey(rpk,epk_1,sign(sskB[],payload_receiver(rpk,epk_1))),msg(lkem_enc(kpk(kskB[]),r),ekem_enc(ekpk(ekskB[]),r_1),skem_enc(senderSkA[],pk_skem_receiver(receiverSkB[]),rS_1))),kdf(lkem_ss(kpk(kskB[]),r),ekem_ss(ekpk(ekskB[]),r_1),skem_ss(senderSkA[],pk_skem_receiver(receiverSkB[]),rS_1),sid_of(A[],B[],pk(spk(sskA[]),kpk(kskA[])),pk(spk(sskB[]),kpk(kskB[])),sender_prekey(pk_skem_sender(senderSkA[]),sign(sskA[],payload_sender(pk_skem_sender(senderSkA[])))),receiver_prekey(rpk,epk_1,sign(sskB[],payload_receiver(rpk,epk_1))),msg(lkem_enc(kpk(kskB[]),r),ekem_enc(ekpk(ekskB[]),r_1),skem_enc(senderSkA[],pk_skem_receiver(receiverSkB[]),rS_1))))))
Abbreviations:
rS_1 = rS[senderPrekeyFromNet = sender_prekey(spk_s,sign(sskA[],payload_sender(spk_s))),receiverPrekeyFromNet = receiver_prekey(pk_skem_receiver(receiverSkB[]),epk,sign(sskB[],payload_receiver(pk_skem_receiver(receiverSkB[]),epk))),!1 = @sid]
goal reachable: attacker(r) && attacker(spk_s) && b-event(ReceiverPrekeyVerified(A[],B[],receiver_prekey(rpk,ekpk(ekskB[]),sign(sskB[],payload_receiver(rpk,ekpk(ekskB[])))))) && attacker(rpk) && attacker(r_1) && attacker(sender_sk) && b-event(ReceiverPrekeyVerified(A[],B[],receiver_prekey(rpk_1,epk,sign(sskB[],payload_receiver(rpk_1,epk))))) && attacker(rpk_1) && attacker(epk) -> event(RecvDone(B[],A[],sid_of(A[],B[],pk(spk(sskA[]),kpk(kskA[])),pk(spk(sskB[]),kpk(kskB[])),sender_prekey(pk_skem_sender(sender_sk),sign(sskA[],payload_sender(pk_skem_sender(sender_sk)))),receiver_prekey(rpk_1,epk,sign(sskB[],payload_receiver(rpk_1,epk))),msg(lkem_enc(kpk(kskB[]),r),ekem_enc(ekpk(ekskB[]),rE_1),skem_enc(sender_sk,pk_skem_receiver(receiverSkB[]),r_1))),kdf(lkem_ss(kpk(kskB[]),r),ekem_ss(ekpk(ekskB[]),rE_1),skem_ss(sender_sk,pk_skem_receiver(receiverSkB[]),r_1),sid_of(A[],B[],pk(spk(sskA[]),kpk(kskA[])),pk(spk(sskB[]),kpk(kskB[])),sender_prekey(pk_skem_sender(sender_sk),sign(sskA[],payload_sender(pk_skem_sender(sender_sk)))),receiver_prekey(rpk_1,epk,sign(sskB[],payload_receiver(rpk_1,epk))),msg(lkem_enc(kpk(kskB[]),r),ekem_enc(ekpk(ekskB[]),rE_1),skem_enc(sender_sk,pk_skem_receiver(receiverSkB[]),r_1))))))
Abbreviations:
rE_1 = rE[senderPrekeyFromNet = sender_prekey(spk_s,sign(sskA[],payload_sender(spk_s))),receiverPrekeyFromNet = receiver_prekey(rpk,ekpk(ekskB[]),sign(sskB[],payload_receiver(rpk,ekpk(ekskB[])))),!1 = @sid]
goal reachable: attacker(r) && attacker(spk_s) && b-event(ReceiverPrekeyVerified(A[],B[],receiver_prekey(rpk,ekpk(ekskB[]),sign(sskB[],payload_receiver(rpk,ekpk(ekskB[])))))) && attacker(rpk) && attacker(spk_s_1) && b-event(ReceiverPrekeyVerified(A[],B[],receiver_prekey(pk_skem_receiver(receiverSkB[]),epk,sign(sskB[],payload_receiver(pk_skem_receiver(receiverSkB[]),epk))))) && attacker(epk) && b-event(ReceiverPrekeyVerified(A[],B[],receiver_prekey(rpk_1,epk_1,sign(sskB[],payload_receiver(rpk_1,epk_1))))) && attacker(rpk_1) && attacker(epk_1) -> event(RecvDone(B[],A[],sid_of(A[],B[],pk(spk(sskA[]),kpk(kskA[])),pk(spk(sskB[]),kpk(kskB[])),sender_prekey(pk_skem_sender(senderSkA[]),sign(sskA[],payload_sender(pk_skem_sender(senderSkA[])))),receiver_prekey(rpk_1,epk_1,sign(sskB[],payload_receiver(rpk_1,epk_1))),msg(lkem_enc(kpk(kskB[]),r),ekem_enc(ekpk(ekskB[]),rE_1),skem_enc(senderSkA[],pk_skem_receiver(receiverSkB[]),rS_1))),kdf(lkem_ss(kpk(kskB[]),r),ekem_ss(ekpk(ekskB[]),rE_1),skem_ss(senderSkA[],pk_skem_receiver(receiverSkB[]),rS_1),sid_of(A[],B[],pk(spk(sskA[]),kpk(kskA[])),pk(spk(sskB[]),kpk(kskB[])),sender_prekey(pk_skem_sender(senderSkA[]),sign(sskA[],payload_sender(pk_skem_sender(senderSkA[])))),receiver_prekey(rpk_1,epk_1,sign(sskB[],payload_receiver(rpk_1,epk_1))),msg(lkem_enc(kpk(kskB[]),r),ekem_enc(ekpk(ekskB[]),rE_1),skem_enc(senderSkA[],pk_skem_receiver(receiverSkB[]),rS_1))))))
Abbreviations:
rE_1 = rE[senderPrekeyFromNet = sender_prekey(spk_s,sign(sskA[],payload_sender(spk_s))),receiverPrekeyFromNet = receiver_prekey(rpk,ekpk(ekskB[]),sign(sskB[],payload_receiver(rpk,ekpk(ekskB[])))),!1 = @sid]
rS_1 = rS[senderPrekeyFromNet = sender_prekey(spk_s_1,sign(sskA[],payload_sender(spk_s_1))),receiverPrekeyFromNet = receiver_prekey(pk_skem_receiver(receiverSkB[]),epk,sign(sskB[],payload_receiver(pk_skem_receiver(receiverSkB[]),epk))),!1 = @sid_1]
goal reachable: attacker(spk_s) && b-event(ReceiverPrekeyVerified(A[],B[],receiver_prekey(rpk,epk,sign(sskB[],payload_receiver(rpk,epk))))) && attacker(rpk) && attacker(epk) && attacker(r) && attacker(r_1) && attacker(sender_sk) && b-event(ReceiverPrekeyVerified(A[],B[],receiver_prekey(rpk_1,epk_1,sign(sskB[],payload_receiver(rpk_1,epk_1))))) && attacker(rpk_1) && attacker(epk_1) -> event(RecvDone(B[],A[],sid_of(A[],B[],pk(spk(sskA[]),kpk(kskA[])),pk(spk(sskB[]),kpk(kskB[])),sender_prekey(pk_skem_sender(sender_sk),sign(sskA[],payload_sender(pk_skem_sender(sender_sk)))),receiver_prekey(rpk_1,epk_1,sign(sskB[],payload_receiver(rpk_1,epk_1))),msg(lkem_enc(kpk(kskB[]),rL_1),ekem_enc(ekpk(ekskB[]),r),skem_enc(sender_sk,pk_skem_receiver(receiverSkB[]),r_1))),kdf(lkem_ss(kpk(kskB[]),rL_1),ekem_ss(ekpk(ekskB[]),r),skem_ss(sender_sk,pk_skem_receiver(receiverSkB[]),r_1),sid_of(A[],B[],pk(spk(sskA[]),kpk(kskA[])),pk(spk(sskB[]),kpk(kskB[])),sender_prekey(pk_skem_sender(sender_sk),sign(sskA[],payload_sender(pk_skem_sender(sender_sk)))),receiver_prekey(rpk_1,epk_1,sign(sskB[],payload_receiver(rpk_1,epk_1))),msg(lkem_enc(kpk(kskB[]),rL_1),ekem_enc(ekpk(ekskB[]),r),skem_enc(sender_sk,pk_skem_receiver(receiverSkB[]),r_1))))))
Abbreviations:
rL_1 = rL[senderPrekeyFromNet = sender_prekey(spk_s,sign(sskA[],payload_sender(spk_s))),receiverPrekeyFromNet = receiver_prekey(rpk,epk,sign(sskB[],payload_receiver(rpk,epk))),!1 = @sid]
goal reachable: attacker(spk_s) && b-event(ReceiverPrekeyVerified(A[],B[],receiver_prekey(rpk,epk,sign(sskB[],payload_receiver(rpk,epk))))) && attacker(rpk) && attacker(epk) && attacker(r) && attacker(spk_s_1) && b-event(ReceiverPrekeyVerified(A[],B[],receiver_prekey(pk_skem_receiver(receiverSkB[]),epk_1,sign(sskB[],payload_receiver(pk_skem_receiver(receiverSkB[]),epk_1))))) && attacker(epk_1) && b-event(ReceiverPrekeyVerified(A[],B[],receiver_prekey(rpk_1,epk_2,sign(sskB[],payload_receiver(rpk_1,epk_2))))) && attacker(rpk_1) && attacker(epk_2) -> event(RecvDone(B[],A[],sid_of(A[],B[],pk(spk(sskA[]),kpk(kskA[])),pk(spk(sskB[]),kpk(kskB[])),sender_prekey(pk_skem_sender(senderSkA[]),sign(sskA[],payload_sender(pk_skem_sender(senderSkA[])))),receiver_prekey(rpk_1,epk_2,sign(sskB[],payload_receiver(rpk_1,epk_2))),msg(lkem_enc(kpk(kskB[]),rL_1),ekem_enc(ekpk(ekskB[]),r),skem_enc(senderSkA[],pk_skem_receiver(receiverSkB[]),rS_1))),kdf(lkem_ss(kpk(kskB[]),rL_1),ekem_ss(ekpk(ekskB[]),r),skem_ss(senderSkA[],pk_skem_receiver(receiverSkB[]),rS_1),sid_of(A[],B[],pk(spk(sskA[]),kpk(kskA[])),pk(spk(sskB[]),kpk(kskB[])),sender_prekey(pk_skem_sender(senderSkA[]),sign(sskA[],payload_sender(pk_skem_sender(senderSkA[])))),receiver_prekey(rpk_1,epk_2,sign(sskB[],payload_receiver(rpk_1,epk_2))),msg(lkem_enc(kpk(kskB[]),rL_1),ekem_enc(ekpk(ekskB[]),r),skem_enc(senderSkA[],pk_skem_receiver(receiverSkB[]),rS_1))))))
Abbreviations:
rL_1 = rL[senderPrekeyFromNet = sender_prekey(spk_s,sign(sskA[],payload_sender(spk_s))),receiverPrekeyFromNet = receiver_prekey(rpk,epk,sign(sskB[],payload_receiver(rpk,epk))),!1 = @sid]
rS_1 = rS[senderPrekeyFromNet = sender_prekey(spk_s_1,sign(sskA[],payload_sender(spk_s_1))),receiverPrekeyFromNet = receiver_prekey(pk_skem_receiver(receiverSkB[]),epk_1,sign(sskB[],payload_receiver(pk_skem_receiver(receiverSkB[]),epk_1))),!1 = @sid_1]
goal reachable: attacker(spk_s) && b-event(ReceiverPrekeyVerified(A[],B[],receiver_prekey(rpk,epk,sign(sskB[],payload_receiver(rpk,epk))))) && attacker(rpk) && attacker(epk) && attacker(spk_s_1) && b-event(ReceiverPrekeyVerified(A[],B[],receiver_prekey(rpk_1,ekpk(ekskB[]),sign(sskB[],payload_receiver(rpk_1,ekpk(ekskB[])))))) && attacker(rpk_1) && attacker(r) && attacker(sender_sk) && b-event(ReceiverPrekeyVerified(A[],B[],receiver_prekey(rpk_2,epk_1,sign(sskB[],payload_receiver(rpk_2,epk_1))))) && attacker(rpk_2) && attacker(epk_1) -> event(RecvDone(B[],A[],sid_of(A[],B[],pk(spk(sskA[]),kpk(kskA[])),pk(spk(sskB[]),kpk(kskB[])),sender_prekey(pk_skem_sender(sender_sk),sign(sskA[],payload_sender(pk_skem_sender(sender_sk)))),receiver_prekey(rpk_2,epk_1,sign(sskB[],payload_receiver(rpk_2,epk_1))),msg(lkem_enc(kpk(kskB[]),rL_1),ekem_enc(ekpk(ekskB[]),rE_1),skem_enc(sender_sk,pk_skem_receiver(receiverSkB[]),r))),kdf(lkem_ss(kpk(kskB[]),rL_1),ekem_ss(ekpk(ekskB[]),rE_1),skem_ss(sender_sk,pk_skem_receiver(receiverSkB[]),r),sid_of(A[],B[],pk(spk(sskA[]),kpk(kskA[])),pk(spk(sskB[]),kpk(kskB[])),sender_prekey(pk_skem_sender(sender_sk),sign(sskA[],payload_sender(pk_skem_sender(sender_sk)))),receiver_prekey(rpk_2,epk_1,sign(sskB[],payload_receiver(rpk_2,epk_1))),msg(lkem_enc(kpk(kskB[]),rL_1),ekem_enc(ekpk(ekskB[]),rE_1),skem_enc(sender_sk,pk_skem_receiver(receiverSkB[]),r))))))
Abbreviations:
rL_1 = rL[senderPrekeyFromNet = sender_prekey(spk_s,sign(sskA[],payload_sender(spk_s))),receiverPrekeyFromNet = receiver_prekey(rpk,epk,sign(sskB[],payload_receiver(rpk,epk))),!1 = @sid]
rE_1 = rE[senderPrekeyFromNet = sender_prekey(spk_s_1,sign(sskA[],payload_sender(spk_s_1))),receiverPrekeyFromNet = receiver_prekey(rpk_1,ekpk(ekskB[]),sign(sskB[],payload_receiver(rpk_1,ekpk(ekskB[])))),!1 = @sid_1]
goal reachable: attacker(spk_s) && b-event(ReceiverPrekeyVerified(A[],B[],receiver_prekey(rpk,epk,sign(sskB[],payload_receiver(rpk,epk))))) && attacker(rpk) && attacker(epk) && attacker(spk_s_1) && b-event(ReceiverPrekeyVerified(A[],B[],receiver_prekey(rpk_1,ekpk(ekskB[]),sign(sskB[],payload_receiver(rpk_1,ekpk(ekskB[])))))) && attacker(rpk_1) && attacker(spk_s_2) && b-event(ReceiverPrekeyVerified(A[],B[],receiver_prekey(pk_skem_receiver(receiverSkB[]),epk_1,sign(sskB[],payload_receiver(pk_skem_receiver(receiverSkB[]),epk_1))))) && attacker(epk_1) && b-event(ReceiverPrekeyVerified(A[],B[],receiver_prekey(rpk_2,epk_2,sign(sskB[],payload_receiver(rpk_2,epk_2))))) && attacker(rpk_2) && attacker(epk_2) -> event(RecvDone(B[],A[],sid_of(A[],B[],pk(spk(sskA[]),kpk(kskA[])),pk(spk(sskB[]),kpk(kskB[])),sender_prekey(pk_skem_sender(senderSkA[]),sign(sskA[],payload_sender(pk_skem_sender(senderSkA[])))),receiver_prekey(rpk_2,epk_2,sign(sskB[],payload_receiver(rpk_2,epk_2))),msg(lkem_enc(kpk(kskB[]),rL_1),ekem_enc(ekpk(ekskB[]),rE_1),skem_enc(senderSkA[],pk_skem_receiver(receiverSkB[]),rS_1))),kdf(lkem_ss(kpk(kskB[]),rL_1),ekem_ss(ekpk(ekskB[]),rE_1),skem_ss(senderSkA[],pk_skem_receiver(receiverSkB[]),rS_1),sid_of(A[],B[],pk(spk(sskA[]),kpk(kskA[])),pk(spk(sskB[]),kpk(kskB[])),sender_prekey(pk_skem_sender(senderSkA[]),sign(sskA[],payload_sender(pk_skem_sender(senderSkA[])))),receiver_prekey(rpk_2,epk_2,sign(sskB[],payload_receiver(rpk_2,epk_2))),msg(lkem_enc(kpk(kskB[]),rL_1),ekem_enc(ekpk(ekskB[]),rE_1),skem_enc(senderSkA[],pk_skem_receiver(receiverSkB[]),rS_1))))))
Abbreviations:
rL_1 = rL[senderPrekeyFromNet = sender_prekey(spk_s,sign(sskA[],payload_sender(spk_s))),receiverPrekeyFromNet = receiver_prekey(rpk,epk,sign(sskB[],payload_receiver(rpk,epk))),!1 = @sid]
rE_1 = rE[senderPrekeyFromNet = sender_prekey(spk_s_1,sign(sskA[],payload_sender(spk_s_1))),receiverPrekeyFromNet = receiver_prekey(rpk_1,ekpk(ekskB[]),sign(sskB[],payload_receiver(rpk_1,ekpk(ekskB[])))),!1 = @sid_1]
rS_1 = rS[senderPrekeyFromNet = sender_prekey(spk_s_2,sign(sskA[],payload_sender(spk_s_2))),receiverPrekeyFromNet = receiver_prekey(pk_skem_receiver(receiverSkB[]),epk_1,sign(sskB[],payload_receiver(pk_skem_receiver(receiverSkB[]),epk_1))),!1 = @sid_2]
RESULT event(RecvDone(B_1,A_1,s,k)) ==> event(ReceiverPrekeyVerified(A_1,B_1,rp)) is true.
-- Query not (event(SenderKey(A_1,B_1,s,k)) && attacker(k)) in process 1.
Translating the process into Horn clauses...
Completing...
Starting query not (event(SenderKey(A_1,B_1,s,k)) && attacker(k))
RESULT not (event(SenderKey(A_1,B_1,s,k)) && attacker(k)) is true.
-- Query not (event(ReceiverKey(B_1,A_1,s,k)) && attacker(k)) in process 1.
Translating the process into Horn clauses...
Completing...
200 rules inserted. Base: 162 rules (61 with conclusion selected). Queue: 137 rules.
400 rules inserted. Base: 241 rules (75 with conclusion selected). Queue: 229 rules.
600 rules inserted. Base: 290 rules (79 with conclusion selected). Queue: 290 rules.
800 rules inserted. Base: 343 rules (85 with conclusion selected). Queue: 259 rules.
1000 rules inserted. Base: 402 rules (96 with conclusion selected). Queue: 237 rules.
1200 rules inserted. Base: 404 rules (112 with conclusion selected). Queue: 236 rules.
1400 rules inserted. Base: 432 rules (127 with conclusion selected). Queue: 186 rules.
1600 rules inserted. Base: 409 rules (148 with conclusion selected). Queue: 121 rules.
1800 rules inserted. Base: 384 rules (183 with conclusion selected). Queue: 39 rules.
Starting query not (event(ReceiverKey(B_1,A_1,s,k)) && attacker(k))
200 rules inserted. Base: 200 rules (0 with conclusion selected). Queue: 132 rules.
400 rules inserted. Base: 397 rules (0 with conclusion selected). Queue: 141 rules.
600 rules inserted. Base: 553 rules (0 with conclusion selected). Queue: 235 rules.
800 rules inserted. Base: 638 rules (0 with conclusion selected). Queue: 264 rules.
1000 rules inserted. Base: 812 rules (0 with conclusion selected). Queue: 238 rules.
1200 rules inserted. Base: 890 rules (0 with conclusion selected). Queue: 260 rules.
1400 rules inserted. Base: 1020 rules (0 with conclusion selected). Queue: 188 rules.
1600 rules inserted. Base: 1159 rules (0 with conclusion selected). Queue: 124 rules.
1800 rules inserted. Base: 1293 rules (0 with conclusion selected). Queue: 84 rules.
2000 rules inserted. Base: 1372 rules (0 with conclusion selected). Queue: 42 rules.
2200 rules inserted. Base: 1216 rules (0 with conclusion selected). Queue: 32 rules.
goal reachable: attacker(rpk) && attacker(epk) && attacker(r) && attacker(r_1) && attacker(sender_sk) && attacker(r_2) -> event(ReceiverKey(B[],A[],sid_of(A[],B[],pk(spk(sskA[]),kpk(kskA[])),pk(spk(sskB[]),kpk(kskB[])),sender_prekey(pk_skem_sender(sender_sk),sign(sskA[],payload_sender(pk_skem_sender(sender_sk)))),receiver_prekey(rpk,epk,sign(sskB[],payload_receiver(rpk,epk))),msg(lkem_enc(kpk(kskB[]),r),ekem_enc(ekpk(ekskB[]),r_1),skem_enc(sender_sk,pk_skem_receiver(receiverSkB[]),r_2))),kdf(lkem_ss(kpk(kskB[]),r),ekem_ss(ekpk(ekskB[]),r_1),skem_ss(sender_sk,pk_skem_receiver(receiverSkB[]),r_2),sid_of(A[],B[],pk(spk(sskA[]),kpk(kskA[])),pk(spk(sskB[]),kpk(kskB[])),sender_prekey(pk_skem_sender(sender_sk),sign(sskA[],payload_sender(pk_skem_sender(sender_sk)))),receiver_prekey(rpk,epk,sign(sskB[],payload_receiver(rpk,epk))),msg(lkem_enc(kpk(kskB[]),r),ekem_enc(ekpk(ekskB[]),r_1),skem_enc(sender_sk,pk_skem_receiver(receiverSkB[]),r_2)))))) && attacker(kdf(lkem_ss(kpk(kskB[]),r),ekem_ss(ekpk(ekskB[]),r_1),skem_ss(sender_sk,pk_skem_receiver(receiverSkB[]),r_2),sid_of(A[],B[],pk(spk(sskA[]),kpk(kskA[])),pk(spk(sskB[]),kpk(kskB[])),sender_prekey(pk_skem_sender(sender_sk),sign(sskA[],payload_sender(pk_skem_sender(sender_sk)))),receiver_prekey(rpk,epk,sign(sskB[],payload_receiver(rpk,epk))),msg(lkem_enc(kpk(kskB[]),r),ekem_enc(ekpk(ekskB[]),r_1),skem_enc(sender_sk,pk_skem_receiver(receiverSkB[]),r_2)))))

Derivation:

1. We assume as hypothesis that
attacker(r).

2. The message receiver_prekey(pk_skem_receiver(receiverSkB[]),ekpk(ekskB[]),sign(sskB[],payload_receiver(pk_skem_receiver(receiverSkB[]),ekpk(ekskB[])))) may be sent to the attacker at output {38}.
attacker(receiver_prekey(pk_skem_receiver(receiverSkB[]),ekpk(ekskB[]),sign(sskB[],payload_receiver(pk_skem_receiver(receiverSkB[]),ekpk(ekskB[]))))).

3. By 2, the attacker may know receiver_prekey(pk_skem_receiver(receiverSkB[]),ekpk(ekskB[]),sign(sskB[],payload_receiver(pk_skem_receiver(receiverSkB[]),ekpk(ekskB[])))).
Using the function get_receiver_prekey_pk the attacker may obtain pk_skem_receiver(receiverSkB[]).
attacker(pk_skem_receiver(receiverSkB[])).

4. We assume as hypothesis that
attacker(sender_sk).

5. By 4, the attacker may know sender_sk.
By 3, the attacker may know pk_skem_receiver(receiverSkB[]).
By 1, the attacker may know r.
Using the function skem_enc the attacker may obtain skem_enc(sender_sk,pk_skem_receiver(receiverSkB[]),r).
attacker(skem_enc(sender_sk,pk_skem_receiver(receiverSkB[]),r)).

6. We assume as hypothesis that
attacker(r_1).

7. By 2, the attacker may know receiver_prekey(pk_skem_receiver(receiverSkB[]),ekpk(ekskB[]),sign(sskB[],payload_receiver(pk_skem_receiver(receiverSkB[]),ekpk(ekskB[])))).
Using the function get_receiver_prekey_ekpk the attacker may obtain ekpk(ekskB[]).
attacker(ekpk(ekskB[])).

8. By 7, the attacker may know ekpk(ekskB[]).
By 6, the attacker may know r_1.
Using the function ekem_enc the attacker may obtain ekem_enc(ekpk(ekskB[]),r_1).
attacker(ekem_enc(ekpk(ekskB[]),r_1)).

9. We assume as hypothesis that
attacker(r_2).

10. The message kpk(kskB[]) may be sent to the attacker at output {26}.
attacker(kpk(kskB[])).

11. By 10, the attacker may know kpk(kskB[]).
By 9, the attacker may know r_2.
Using the function lkem_enc the attacker may obtain lkem_enc(kpk(kskB[]),r_2).
attacker(lkem_enc(kpk(kskB[]),r_2)).

12. By 11, the attacker may know lkem_enc(kpk(kskB[]),r_2).
By 8, the attacker may know ekem_enc(ekpk(ekskB[]),r_1).
By 5, the attacker may know skem_enc(sender_sk,pk_skem_receiver(receiverSkB[]),r).
Using the function msg the attacker may obtain msg(lkem_enc(kpk(kskB[]),r_2),ekem_enc(ekpk(ekskB[]),r_1),skem_enc(sender_sk,pk_skem_receiver(receiverSkB[]),r)).
attacker(msg(lkem_enc(kpk(kskB[]),r_2),ekem_enc(ekpk(ekskB[]),r_1),skem_enc(sender_sk,pk_skem_receiver(receiverSkB[]),r))).

13. We assume as hypothesis that
attacker(epk).

14. We assume as hypothesis that
attacker(rpk).

15. By 14, the attacker may know rpk.
By 13, the attacker may know epk.
Using the function payload_receiver the attacker may obtain payload_receiver(rpk,epk).
attacker(payload_receiver(rpk,epk)).

16. The message sskB[] may be sent to the attacker at output {87}.
attacker(sskB[]).

17. By 16, the attacker may know sskB[].
By 15, the attacker may know payload_receiver(rpk,epk).
Using the function sign the attacker may obtain sign(sskB[],payload_receiver(rpk,epk)).
attacker(sign(sskB[],payload_receiver(rpk,epk))).

18. By 14, the attacker may know rpk.
By 13, the attacker may know epk.
By 17, the attacker may know sign(sskB[],payload_receiver(rpk,epk)).
Using the function receiver_prekey the attacker may obtain receiver_prekey(rpk,epk,sign(sskB[],payload_receiver(rpk,epk))).
attacker(receiver_prekey(rpk,epk,sign(sskB[],payload_receiver(rpk,epk)))).

19. By 4, the attacker may know sender_sk.
Using the function pk_skem_sender the attacker may obtain pk_skem_sender(sender_sk).
attacker(pk_skem_sender(sender_sk)).

20. By 19, the attacker may know pk_skem_sender(sender_sk).
Using the function payload_sender the attacker may obtain payload_sender(pk_skem_sender(sender_sk)).
attacker(payload_sender(pk_skem_sender(sender_sk))).

21. The message sskA[] may be sent to the attacker at output {85}.
attacker(sskA[]).

22. By 21, the attacker may know sskA[].
By 20, the attacker may know payload_sender(pk_skem_sender(sender_sk)).
Using the function sign the attacker may obtain sign(sskA[],payload_sender(pk_skem_sender(sender_sk))).
attacker(sign(sskA[],payload_sender(pk_skem_sender(sender_sk)))).

23. By 19, the attacker may know pk_skem_sender(sender_sk).
By 22, the attacker may know sign(sskA[],payload_sender(pk_skem_sender(sender_sk))).
Using the function sender_prekey the attacker may obtain sender_prekey(pk_skem_sender(sender_sk),sign(sskA[],payload_sender(pk_skem_sender(sender_sk)))).
attacker(sender_prekey(pk_skem_sender(sender_sk),sign(sskA[],payload_sender(pk_skem_sender(sender_sk))))).

24. The message spk(sskB[]) may be sent to the attacker at output {25}.
attacker(spk(sskB[])).

25. By 24, the attacker may know spk(sskB[]).
By 10, the attacker may know kpk(kskB[]).
Using the function pk the attacker may obtain pk(spk(sskB[]),kpk(kskB[])).
attacker(pk(spk(sskB[]),kpk(kskB[]))).

26. The message kpk(kskA[]) may be sent to the attacker at output {23}.
attacker(kpk(kskA[])).

27. The message spk(sskA[]) may be sent to the attacker at output {22}.
attacker(spk(sskA[])).

28. By 27, the attacker may know spk(sskA[]).
By 26, the attacker may know kpk(kskA[]).
Using the function pk the attacker may obtain pk(spk(sskA[]),kpk(kskA[])).
attacker(pk(spk(sskA[]),kpk(kskA[]))).

29. The attacker initially knows B[].
attacker(B[]).

30. The attacker initially knows A[].
attacker(A[]).

31. By 30, the attacker may know A[].
By 29, the attacker may know B[].
By 28, the attacker may know pk(spk(sskA[]),kpk(kskA[])).
By 25, the attacker may know pk(spk(sskB[]),kpk(kskB[])).
By 23, the attacker may know sender_prekey(pk_skem_sender(sender_sk),sign(sskA[],payload_sender(pk_skem_sender(sender_sk)))).
By 18, the attacker may know receiver_prekey(rpk,epk,sign(sskB[],payload_receiver(rpk,epk))).
By 12, the attacker may know msg(lkem_enc(kpk(kskB[]),r_2),ekem_enc(ekpk(ekskB[]),r_1),skem_enc(sender_sk,pk_skem_receiver(receiverSkB[]),r)).
Using the function sid_of the attacker may obtain sid_of(A[],B[],pk(spk(sskA[]),kpk(kskA[])),pk(spk(sskB[]),kpk(kskB[])),sender_prekey(pk_skem_sender(sender_sk),sign(sskA[],payload_sender(pk_skem_sender(sender_sk)))),receiver_prekey(rpk,epk,sign(sskB[],payload_receiver(rpk,epk))),msg(lkem_enc(kpk(kskB[]),r_2),ekem_enc(ekpk(ekskB[]),r_1),skem_enc(sender_sk,pk_skem_receiver(receiverSkB[]),r))).
attacker(sid_of(A[],B[],pk(spk(sskA[]),kpk(kskA[])),pk(spk(sskB[]),kpk(kskB[])),sender_prekey(pk_skem_sender(sender_sk),sign(sskA[],payload_sender(pk_skem_sender(sender_sk)))),receiver_prekey(rpk,epk,sign(sskB[],payload_receiver(rpk,epk))),msg(lkem_enc(kpk(kskB[]),r_2),ekem_enc(ekpk(ekskB[]),r_1),skem_enc(sender_sk,pk_skem_receiver(receiverSkB[]),r)))).

32. By 4, the attacker may know sender_sk.
By 3, the attacker may know pk_skem_receiver(receiverSkB[]).
By 1, the attacker may know r.
Using the function skem_ss the attacker may obtain skem_ss(sender_sk,pk_skem_receiver(receiverSkB[]),r).
attacker(skem_ss(sender_sk,pk_skem_receiver(receiverSkB[]),r)).

33. By 7, the attacker may know ekpk(ekskB[]).
By 6, the attacker may know r_1.
Using the function ekem_ss the attacker may obtain ekem_ss(ekpk(ekskB[]),r_1).
attacker(ekem_ss(ekpk(ekskB[]),r_1)).

34. By 10, the attacker may know kpk(kskB[]).
By 9, the attacker may know r_2.
Using the function lkem_ss the attacker may obtain lkem_ss(kpk(kskB[]),r_2).
attacker(lkem_ss(kpk(kskB[]),r_2)).

35. By 34, the attacker may know lkem_ss(kpk(kskB[]),r_2).
By 33, the attacker may know ekem_ss(ekpk(ekskB[]),r_1).
By 32, the attacker may know skem_ss(sender_sk,pk_skem_receiver(receiverSkB[]),r).
By 31, the attacker may know sid_of(A[],B[],pk(spk(sskA[]),kpk(kskA[])),pk(spk(sskB[]),kpk(kskB[])),sender_prekey(pk_skem_sender(sender_sk),sign(sskA[],payload_sender(pk_skem_sender(sender_sk)))),receiver_prekey(rpk,epk,sign(sskB[],payload_receiver(rpk,epk))),msg(lkem_enc(kpk(kskB[]),r_2),ekem_enc(ekpk(ekskB[]),r_1),skem_enc(sender_sk,pk_skem_receiver(receiverSkB[]),r))).
Using the function kdf the attacker may obtain kdf(lkem_ss(kpk(kskB[]),r_2),ekem_ss(ekpk(ekskB[]),r_1),skem_ss(sender_sk,pk_skem_receiver(receiverSkB[]),r),sid_of(A[],B[],pk(spk(sskA[]),kpk(kskA[])),pk(spk(sskB[]),kpk(kskB[])),sender_prekey(pk_skem_sender(sender_sk),sign(sskA[],payload_sender(pk_skem_sender(sender_sk)))),receiver_prekey(rpk,epk,sign(sskB[],payload_receiver(rpk,epk))),msg(lkem_enc(kpk(kskB[]),r_2),ekem_enc(ekpk(ekskB[]),r_1),skem_enc(sender_sk,pk_skem_receiver(receiverSkB[]),r)))).
attacker(kdf(lkem_ss(kpk(kskB[]),r_2),ekem_ss(ekpk(ekskB[]),r_1),skem_ss(sender_sk,pk_skem_receiver(receiverSkB[]),r),sid_of(A[],B[],pk(spk(sskA[]),kpk(kskA[])),pk(spk(sskB[]),kpk(kskB[])),sender_prekey(pk_skem_sender(sender_sk),sign(sskA[],payload_sender(pk_skem_sender(sender_sk)))),receiver_prekey(rpk,epk,sign(sskB[],payload_receiver(rpk,epk))),msg(lkem_enc(kpk(kskB[]),r_2),ekem_enc(ekpk(ekskB[]),r_1),skem_enc(sender_sk,pk_skem_receiver(receiverSkB[]),r))))).

36. The message receiver_prekey(rpk,epk,sign(sskB[],payload_receiver(rpk,epk))) that the attacker may have by 18 may be received at input {39}.
The message sender_prekey(pk_skem_sender(sender_sk),sign(sskA[],payload_sender(pk_skem_sender(sender_sk)))) that the attacker may have by 23 may be received at input {46}.
The message msg(lkem_enc(kpk(kskB[]),r_2),ekem_enc(ekpk(ekskB[]),r_1),skem_enc(sender_sk,pk_skem_receiver(receiverSkB[]),r)) that the attacker may have by 12 may be received at input {68}.
So event ReceiverKey(B[],A[],sid_of(A[],B[],pk(spk(sskA[]),kpk(kskA[])),pk(spk(sskB[]),kpk(kskB[])),sender_prekey(pk_skem_sender(sender_sk),sign(sskA[],payload_sender(pk_skem_sender(sender_sk)))),receiver_prekey(rpk,epk,sign(sskB[],payload_receiver(rpk,epk))),msg(lkem_enc(kpk(kskB[]),r_2),ekem_enc(ekpk(ekskB[]),r_1),skem_enc(sender_sk,pk_skem_receiver(receiverSkB[]),r))),kdf(lkem_ss(kpk(kskB[]),r_2),ekem_ss(ekpk(ekskB[]),r_1),skem_ss(sender_sk,pk_skem_receiver(receiverSkB[]),r),sid_of(A[],B[],pk(spk(sskA[]),kpk(kskA[])),pk(spk(sskB[]),kpk(kskB[])),sender_prekey(pk_skem_sender(sender_sk),sign(sskA[],payload_sender(pk_skem_sender(sender_sk)))),receiver_prekey(rpk,epk,sign(sskB[],payload_receiver(rpk,epk))),msg(lkem_enc(kpk(kskB[]),r_2),ekem_enc(ekpk(ekskB[]),r_1),skem_enc(sender_sk,pk_skem_receiver(receiverSkB[]),r))))) may be executed at {79}.
event(ReceiverKey(B[],A[],sid_of(A[],B[],pk(spk(sskA[]),kpk(kskA[])),pk(spk(sskB[]),kpk(kskB[])),sender_prekey(pk_skem_sender(sender_sk),sign(sskA[],payload_sender(pk_skem_sender(sender_sk)))),receiver_prekey(rpk,epk,sign(sskB[],payload_receiver(rpk,epk))),msg(lkem_enc(kpk(kskB[]),r_2),ekem_enc(ekpk(ekskB[]),r_1),skem_enc(sender_sk,pk_skem_receiver(receiverSkB[]),r))),kdf(lkem_ss(kpk(kskB[]),r_2),ekem_ss(ekpk(ekskB[]),r_1),skem_ss(sender_sk,pk_skem_receiver(receiverSkB[]),r),sid_of(A[],B[],pk(spk(sskA[]),kpk(kskA[])),pk(spk(sskB[]),kpk(kskB[])),sender_prekey(pk_skem_sender(sender_sk),sign(sskA[],payload_sender(pk_skem_sender(sender_sk)))),receiver_prekey(rpk,epk,sign(sskB[],payload_receiver(rpk,epk))),msg(lkem_enc(kpk(kskB[]),r_2),ekem_enc(ekpk(ekskB[]),r_1),skem_enc(sender_sk,pk_skem_receiver(receiverSkB[]),r)))))).

37. By 36, event(ReceiverKey(B[],A[],sid_of(A[],B[],pk(spk(sskA[]),kpk(kskA[])),pk(spk(sskB[]),kpk(kskB[])),sender_prekey(pk_skem_sender(sender_sk),sign(sskA[],payload_sender(pk_skem_sender(sender_sk)))),receiver_prekey(rpk,epk,sign(sskB[],payload_receiver(rpk,epk))),msg(lkem_enc(kpk(kskB[]),r_2),ekem_enc(ekpk(ekskB[]),r_1),skem_enc(sender_sk,pk_skem_receiver(receiverSkB[]),r))),kdf(lkem_ss(kpk(kskB[]),r_2),ekem_ss(ekpk(ekskB[]),r_1),skem_ss(sender_sk,pk_skem_receiver(receiverSkB[]),r),sid_of(A[],B[],pk(spk(sskA[]),kpk(kskA[])),pk(spk(sskB[]),kpk(kskB[])),sender_prekey(pk_skem_sender(sender_sk),sign(sskA[],payload_sender(pk_skem_sender(sender_sk)))),receiver_prekey(rpk,epk,sign(sskB[],payload_receiver(rpk,epk))),msg(lkem_enc(kpk(kskB[]),r_2),ekem_enc(ekpk(ekskB[]),r_1),skem_enc(sender_sk,pk_skem_receiver(receiverSkB[]),r)))))).
By 35, attacker(kdf(lkem_ss(kpk(kskB[]),r_2),ekem_ss(ekpk(ekskB[]),r_1),skem_ss(sender_sk,pk_skem_receiver(receiverSkB[]),r),sid_of(A[],B[],pk(spk(sskA[]),kpk(kskA[])),pk(spk(sskB[]),kpk(kskB[])),sender_prekey(pk_skem_sender(sender_sk),sign(sskA[],payload_sender(pk_skem_sender(sender_sk)))),receiver_prekey(rpk,epk,sign(sskB[],payload_receiver(rpk,epk))),msg(lkem_enc(kpk(kskB[]),r_2),ekem_enc(ekpk(ekskB[]),r_1),skem_enc(sender_sk,pk_skem_receiver(receiverSkB[]),r))))).
The goals are reached, combined in the following fact:
event(ReceiverKey(B[],A[],sid_of(A[],B[],pk(spk(sskA[]),kpk(kskA[])),pk(spk(sskB[]),kpk(kskB[])),sender_prekey(pk_skem_sender(sender_sk),sign(sskA[],payload_sender(pk_skem_sender(sender_sk)))),receiver_prekey(rpk,epk,sign(sskB[],payload_receiver(rpk,epk))),msg(lkem_enc(kpk(kskB[]),r_2),ekem_enc(ekpk(ekskB[]),r_1),skem_enc(sender_sk,pk_skem_receiver(receiverSkB[]),r))),kdf(lkem_ss(kpk(kskB[]),r_2),ekem_ss(ekpk(ekskB[]),r_1),skem_ss(sender_sk,pk_skem_receiver(receiverSkB[]),r),sid_of(A[],B[],pk(spk(sskA[]),kpk(kskA[])),pk(spk(sskB[]),kpk(kskB[])),sender_prekey(pk_skem_sender(sender_sk),sign(sskA[],payload_sender(pk_skem_sender(sender_sk)))),receiver_prekey(rpk,epk,sign(sskB[],payload_receiver(rpk,epk))),msg(lkem_enc(kpk(kskB[]),r_2),ekem_enc(ekpk(ekskB[]),r_1),skem_enc(sender_sk,pk_skem_receiver(receiverSkB[]),r)))))) && attacker(kdf(lkem_ss(kpk(kskB[]),r_2),ekem_ss(ekpk(ekskB[]),r_1),skem_ss(sender_sk,pk_skem_receiver(receiverSkB[]),r),sid_of(A[],B[],pk(spk(sskA[]),kpk(kskA[])),pk(spk(sskB[]),kpk(kskB[])),sender_prekey(pk_skem_sender(sender_sk),sign(sskA[],payload_sender(pk_skem_sender(sender_sk)))),receiver_prekey(rpk,epk,sign(sskB[],payload_receiver(rpk,epk))),msg(lkem_enc(kpk(kskB[]),r_2),ekem_enc(ekpk(ekskB[]),r_1),skem_enc(sender_sk,pk_skem_receiver(receiverSkB[]),r))))).


A more detailed output of the traces is available with
  set traceDisplay = long.

new sskA: sig_sk creating sskA_3 at {1}

new kskA: kem_sk creating kskA_2 at {2}

new sskB: sig_sk creating sskB_3 at {3}

new kskB: kem_sk creating kskB_2 at {4}

new senderSkA: skem_sender_sk creating senderSkA_2 at {5}

new receiverSkB: skem_receiver_sk creating receiverSkB_2 at {6}

new ekskB: ekem_sk creating ekskB_2 at {7}

event CompromiseSigSk(A) at {84}

out(c, ~M) with ~M = sskA_3 at {85}

event CompromiseSigSk(B) at {86}

out(c, ~M_1) with ~M_1 = sskB_3 at {87}

out(c, ~M_2) with ~M_2 = spk(sskA_3) at {22} in copy a

out(c, ~M_3) with ~M_3 = kpk(kskA_2) at {23} in copy a

out(c, ~M_4) with ~M_4 = pk(spk(sskA_3),kpk(kskA_2)) at {24} in copy a

out(c, ~M_5) with ~M_5 = spk(sskB_3) at {25} in copy a

out(c, ~M_6) with ~M_6 = kpk(kskB_2) at {26} in copy a

out(c, ~M_7) with ~M_7 = pk(spk(sskB_3),kpk(kskB_2)) at {27} in copy a

out(c, ~M_8) with ~M_8 = sender_prekey(pk_skem_sender(senderSkA_2),sign(sskA_3,payload_sender(pk_skem_sender(senderSkA_2)))) at {32} in copy a

out(c, ~M_9) with ~M_9 = receiver_prekey(pk_skem_receiver(receiverSkB_2),ekpk(ekskB_2),sign(sskB_3,payload_receiver(pk_skem_receiver(receiverSkB_2),ekpk(ekskB_2)))) at {38} in copy a

out(c, ~M_10) with ~M_10 = spk(sskA_3) at {22} in copy a_1

out(c, ~M_11) with ~M_11 = kpk(kskA_2) at {23} in copy a_1

out(c, ~M_12) with ~M_12 = pk(spk(sskA_3),kpk(kskA_2)) at {24} in copy a_1

out(c, ~M_13) with ~M_13 = spk(sskB_3) at {25} in copy a_1

out(c, ~M_14) with ~M_14 = kpk(kskB_2) at {26} in copy a_1

out(c, ~M_15) with ~M_15 = pk(spk(sskB_3),kpk(kskB_2)) at {27} in copy a_1

out(c, ~M_16) with ~M_16 = sender_prekey(pk_skem_sender(senderSkA_2),sign(sskA_3,payload_sender(pk_skem_sender(senderSkA_2)))) at {32} in copy a_1

out(c, ~M_17) with ~M_17 = receiver_prekey(pk_skem_receiver(receiverSkB_2),ekpk(ekskB_2),sign(sskB_3,payload_receiver(pk_skem_receiver(receiverSkB_2),ekpk(ekskB_2)))) at {38} in copy a_1

out(c, ~M_18) with ~M_18 = spk(sskA_3) at {22} in copy a_2

out(c, ~M_19) with ~M_19 = kpk(kskA_2) at {23} in copy a_2

out(c, ~M_20) with ~M_20 = pk(spk(sskA_3),kpk(kskA_2)) at {24} in copy a_2

out(c, ~M_21) with ~M_21 = spk(sskB_3) at {25} in copy a_2

out(c, ~M_22) with ~M_22 = kpk(kskB_2) at {26} in copy a_2

out(c, ~M_23) with ~M_23 = pk(spk(sskB_3),kpk(kskB_2)) at {27} in copy a_2

out(c, ~M_24) with ~M_24 = sender_prekey(pk_skem_sender(senderSkA_2),sign(sskA_3,payload_sender(pk_skem_sender(senderSkA_2)))) at {32} in copy a_2

out(c, ~M_25) with ~M_25 = receiver_prekey(pk_skem_receiver(receiverSkB_2),ekpk(ekskB_2),sign(sskB_3,payload_receiver(pk_skem_receiver(receiverSkB_2),ekpk(ekskB_2)))) at {38} in copy a_2

out(c, ~M_26) with ~M_26 = spk(sskA_3) at {22} in copy a_3

out(c, ~M_27) with ~M_27 = kpk(kskA_2) at {23} in copy a_3

out(c, ~M_28) with ~M_28 = pk(spk(sskA_3),kpk(kskA_2)) at {24} in copy a_3

out(c, ~M_29) with ~M_29 = spk(sskB_3) at {25} in copy a_3

out(c, ~M_30) with ~M_30 = kpk(kskB_2) at {26} in copy a_3

out(c, ~M_31) with ~M_31 = pk(spk(sskB_3),kpk(kskB_2)) at {27} in copy a_3

out(c, ~M_32) with ~M_32 = sender_prekey(pk_skem_sender(senderSkA_2),sign(sskA_3,payload_sender(pk_skem_sender(senderSkA_2)))) at {32} in copy a_3

out(c, ~M_33) with ~M_33 = receiver_prekey(pk_skem_receiver(receiverSkB_2),ekpk(ekskB_2),sign(sskB_3,payload_receiver(pk_skem_receiver(receiverSkB_2),ekpk(ekskB_2)))) at {38} in copy a_3

out(c, ~M_34) with ~M_34 = spk(sskA_3) at {22} in copy a_4

out(c, ~M_35) with ~M_35 = kpk(kskA_2) at {23} in copy a_4

out(c, ~M_36) with ~M_36 = pk(spk(sskA_3),kpk(kskA_2)) at {24} in copy a_4

out(c, ~M_37) with ~M_37 = spk(sskB_3) at {25} in copy a_4

out(c, ~M_38) with ~M_38 = kpk(kskB_2) at {26} in copy a_4

out(c, ~M_39) with ~M_39 = pk(spk(sskB_3),kpk(kskB_2)) at {27} in copy a_4

out(c, ~M_40) with ~M_40 = sender_prekey(pk_skem_sender(senderSkA_2),sign(sskA_3,payload_sender(pk_skem_sender(senderSkA_2)))) at {32} in copy a_4

out(c, ~M_41) with ~M_41 = receiver_prekey(pk_skem_receiver(receiverSkB_2),ekpk(ekskB_2),sign(sskB_3,payload_receiver(pk_skem_receiver(receiverSkB_2),ekpk(ekskB_2)))) at {38} in copy a_4

out(c, ~M_42) with ~M_42 = spk(sskA_3) at {22} in copy a_5

out(c, ~M_43) with ~M_43 = kpk(kskA_2) at {23} in copy a_5

out(c, ~M_44) with ~M_44 = pk(spk(sskA_3),kpk(kskA_2)) at {24} in copy a_5

out(c, ~M_45) with ~M_45 = spk(sskB_3) at {25} in copy a_5

out(c, ~M_46) with ~M_46 = kpk(kskB_2) at {26} in copy a_5

out(c, ~M_47) with ~M_47 = pk(spk(sskB_3),kpk(kskB_2)) at {27} in copy a_5

out(c, ~M_48) with ~M_48 = sender_prekey(pk_skem_sender(senderSkA_2),sign(sskA_3,payload_sender(pk_skem_sender(senderSkA_2)))) at {32} in copy a_5

out(c, ~M_49) with ~M_49 = receiver_prekey(pk_skem_receiver(receiverSkB_2),ekpk(ekskB_2),sign(sskB_3,payload_receiver(pk_skem_receiver(receiverSkB_2),ekpk(ekskB_2)))) at {38} in copy a_5

in(c, receiver_prekey(a_6,a_7,sign(~M_1,payload_receiver(a_6,a_7)))) with receiver_prekey(a_6,a_7,sign(~M_1,payload_receiver(a_6,a_7))) = receiver_prekey(a_6,a_7,sign(sskB_3,payload_receiver(a_6,a_7))) at {39} in copy a_5

event ReceiverPrekeyVerified(A,B,receiver_prekey(a_6,a_7,sign(sskB_3,payload_receiver(a_6,a_7)))) at {45} in copy a_5

in(c, sender_prekey(pk_skem_sender(a_8),sign(~M,payload_sender(pk_skem_sender(a_8))))) with sender_prekey(pk_skem_sender(a_8),sign(~M,payload_sender(pk_skem_sender(a_8)))) = sender_prekey(pk_skem_sender(a_8),sign(sskA_3,payload_sender(pk_skem_sender(a_8)))) at {46} in copy a_5

event SenderPrekeyVerified(B,A,sender_prekey(pk_skem_sender(a_8),sign(sskA_3,payload_sender(pk_skem_sender(a_8))))) at {51} in copy a_5

new rL: randomness creating rL_1 at {52} in copy a_5

new rE: randomness creating rE_1 at {53} in copy a_5

new rS: randomness creating rS_1 at {54} in copy a_5

event SenderSplitKemComponent(A,B,skem_enc(senderSkA_2,a_6,rS_1),skem_ss(senderSkA_2,a_6,rS_1)) at {61} in copy a_5

out(c, ~M_50) with ~M_50 = msg(lkem_enc(kpk(kskB_2),rL_1),ekem_enc(a_7,rE_1),skem_enc(senderSkA_2,a_6,rS_1)) at {63} in copy a_5

event SenderKey(A,B,sid_of(A,B,pk(spk(sskA_3),kpk(kskA_2)),pk(spk(sskB_3),kpk(kskB_2)),sender_prekey(pk_skem_sender(senderSkA_2),sign(sskA_3,payload_sender(pk_skem_sender(senderSkA_2)))),receiver_prekey(a_6,a_7,sign(sskB_3,payload_receiver(a_6,a_7))),msg(lkem_enc(kpk(kskB_2),rL_1),ekem_enc(a_7,rE_1),skem_enc(senderSkA_2,a_6,rS_1))),kdf(lkem_ss(kpk(kskB_2),rL_1),ekem_ss(a_7,rE_1),skem_ss(senderSkA_2,a_6,rS_1),sid_of(A,B,pk(spk(sskA_3),kpk(kskA_2)),pk(spk(sskB_3),kpk(kskB_2)),sender_prekey(pk_skem_sender(senderSkA_2),sign(sskA_3,payload_sender(pk_skem_sender(senderSkA_2)))),receiver_prekey(a_6,a_7,sign(sskB_3,payload_receiver(a_6,a_7))),msg(lkem_enc(kpk(kskB_2),rL_1),ekem_enc(a_7,rE_1),skem_enc(senderSkA_2,a_6,rS_1))))) at {66} in copy a_5

event SendDone(A,B,sid_of(A,B,pk(spk(sskA_3),kpk(kskA_2)),pk(spk(sskB_3),kpk(kskB_2)),sender_prekey(pk_skem_sender(senderSkA_2),sign(sskA_3,payload_sender(pk_skem_sender(senderSkA_2)))),receiver_prekey(a_6,a_7,sign(sskB_3,payload_receiver(a_6,a_7))),msg(lkem_enc(kpk(kskB_2),rL_1),ekem_enc(a_7,rE_1),skem_enc(senderSkA_2,a_6,rS_1))),kdf(lkem_ss(kpk(kskB_2),rL_1),ekem_ss(a_7,rE_1),skem_ss(senderSkA_2,a_6,rS_1),sid_of(A,B,pk(spk(sskA_3),kpk(kskA_2)),pk(spk(sskB_3),kpk(kskB_2)),sender_prekey(pk_skem_sender(senderSkA_2),sign(sskA_3,payload_sender(pk_skem_sender(senderSkA_2)))),receiver_prekey(a_6,a_7,sign(sskB_3,payload_receiver(a_6,a_7))),msg(lkem_enc(kpk(kskB_2),rL_1),ekem_enc(a_7,rE_1),skem_enc(senderSkA_2,a_6,rS_1))))) at {67} in copy a_5

in(c, msg(lkem_enc(~M_6,a_9),ekem_enc(get_receiver_prekey_ekpk(~M_9),a_10),skem_enc(a_8,get_receiver_prekey_pk(~M_9),a_11))) with msg(lkem_enc(~M_6,a_9),ekem_enc(get_receiver_prekey_ekpk(~M_9),a_10),skem_enc(a_8,get_receiver_prekey_pk(~M_9),a_11)) = msg(lkem_enc(kpk(kskB_2),a_9),ekem_enc(ekpk(ekskB_2),a_10),skem_enc(a_8,pk_skem_receiver(receiverSkB_2),a_11)) at {68} in copy a_5

event SplitKemAccepted(B,A,skem_enc(a_8,pk_skem_receiver(receiverSkB_2),a_11),skem_ss(a_8,pk_skem_receiver(receiverSkB_2),a_11)) at {75} in copy a_5

event RecvComputed(B,A,sid_of(A,B,pk(spk(sskA_3),kpk(kskA_2)),pk(spk(sskB_3),kpk(kskB_2)),sender_prekey(pk_skem_sender(a_8),sign(sskA_3,payload_sender(pk_skem_sender(a_8)))),receiver_prekey(a_6,a_7,sign(sskB_3,payload_receiver(a_6,a_7))),msg(lkem_enc(kpk(kskB_2),a_9),ekem_enc(ekpk(ekskB_2),a_10),skem_enc(a_8,pk_skem_receiver(receiverSkB_2),a_11))),kdf(lkem_ss(kpk(kskB_2),a_9),ekem_ss(ekpk(ekskB_2),a_10),skem_ss(a_8,pk_skem_receiver(receiverSkB_2),a_11),sid_of(A,B,pk(spk(sskA_3),kpk(kskA_2)),pk(spk(sskB_3),kpk(kskB_2)),sender_prekey(pk_skem_sender(a_8),sign(sskA_3,payload_sender(pk_skem_sender(a_8)))),receiver_prekey(a_6,a_7,sign(sskB_3,payload_receiver(a_6,a_7))),msg(lkem_enc(kpk(kskB_2),a_9),ekem_enc(ekpk(ekskB_2),a_10),skem_enc(a_8,pk_skem_receiver(receiverSkB_2),a_11))))) at {78} in copy a_5

event ReceiverKey(B,A,sid_of(A,B,pk(spk(sskA_3),kpk(kskA_2)),pk(spk(sskB_3),kpk(kskB_2)),sender_prekey(pk_skem_sender(a_8),sign(sskA_3,payload_sender(pk_skem_sender(a_8)))),receiver_prekey(a_6,a_7,sign(sskB_3,payload_receiver(a_6,a_7))),msg(lkem_enc(kpk(kskB_2),a_9),ekem_enc(ekpk(ekskB_2),a_10),skem_enc(a_8,pk_skem_receiver(receiverSkB_2),a_11))),kdf(lkem_ss(kpk(kskB_2),a_9),ekem_ss(ekpk(ekskB_2),a_10),skem_ss(a_8,pk_skem_receiver(receiverSkB_2),a_11),sid_of(A,B,pk(spk(sskA_3),kpk(kskA_2)),pk(spk(sskB_3),kpk(kskB_2)),sender_prekey(pk_skem_sender(a_8),sign(sskA_3,payload_sender(pk_skem_sender(a_8)))),receiver_prekey(a_6,a_7,sign(sskB_3,payload_receiver(a_6,a_7))),msg(lkem_enc(kpk(kskB_2),a_9),ekem_enc(ekpk(ekskB_2),a_10),skem_enc(a_8,pk_skem_receiver(receiverSkB_2),a_11))))) at {79} in copy a_5 (goal)

The event ReceiverKey(B,A,sid_of(A,B,pk(spk(sskA_3),kpk(kskA_2)),pk(spk(sskB_3),kpk(kskB_2)),sender_prekey(pk_skem_sender(a_8),sign(sskA_3,payload_sender(pk_skem_sender(a_8)))),receiver_prekey(a_6,a_7,sign(sskB_3,payload_receiver(a_6,a_7))),msg(lkem_enc(kpk(kskB_2),a_9),ekem_enc(ekpk(ekskB_2),a_10),skem_enc(a_8,pk_skem_receiver(receiverSkB_2),a_11))),kdf(lkem_ss(kpk(kskB_2),a_9),ekem_ss(ekpk(ekskB_2),a_10),skem_ss(a_8,pk_skem_receiver(receiverSkB_2),a_11),sid_of(A,B,pk(spk(sskA_3),kpk(kskA_2)),pk(spk(sskB_3),kpk(kskB_2)),sender_prekey(pk_skem_sender(a_8),sign(sskA_3,payload_sender(pk_skem_sender(a_8)))),receiver_prekey(a_6,a_7,sign(sskB_3,payload_receiver(a_6,a_7))),msg(lkem_enc(kpk(kskB_2),a_9),ekem_enc(ekpk(ekskB_2),a_10),skem_enc(a_8,pk_skem_receiver(receiverSkB_2),a_11))))) is executed at {79} in copy a_5.
The attacker has the message kdf(lkem_ss(~M_6,a_9),ekem_ss(get_receiver_prekey_ekpk(~M_9),a_10),skem_ss(a_8,get_receiver_prekey_pk(~M_9),a_11),sid_of(A,B,pk(~M_2,~M_3),pk(~M_5,~M_6),sender_prekey(pk_skem_sender(a_8),sign(~M,payload_sender(pk_skem_sender(a_8)))),receiver_prekey(a_6,a_7,sign(~M_1,payload_receiver(a_6,a_7))),msg(lkem_enc(~M_6,a_9),ekem_enc(get_receiver_prekey_ekpk(~M_9),a_10),skem_enc(a_8,get_receiver_prekey_pk(~M_9),a_11)))) = kdf(lkem_ss(kpk(kskB_2),a_9),ekem_ss(ekpk(ekskB_2),a_10),skem_ss(a_8,pk_skem_receiver(receiverSkB_2),a_11),sid_of(A,B,pk(spk(sskA_3),kpk(kskA_2)),pk(spk(sskB_3),kpk(kskB_2)),sender_prekey(pk_skem_sender(a_8),sign(sskA_3,payload_sender(pk_skem_sender(a_8)))),receiver_prekey(a_6,a_7,sign(sskB_3,payload_receiver(a_6,a_7))),msg(lkem_enc(kpk(kskB_2),a_9),ekem_enc(ekpk(ekskB_2),a_10),skem_enc(a_8,pk_skem_receiver(receiverSkB_2),a_11)))).
A trace has been found.
RESULT not (event(ReceiverKey(B_1,A_1,s,k)) && attacker(k)) is false.

--------------------------------------------------------------
Verification summary:

Query not event(HonestRun(k)) is false.

Query event(RecvDone(B_1,A_1,s,k)) ==> event(SendDone(A_1,B_1,s,k)) is false.

Query event(RecvDone(B_1,A_1,s,k)) ==> event(SenderPrekeyVerified(B_1,A_1,sp)) is true.

Query event(RecvDone(B_1,A_1,s,k)) ==> event(ReceiverPrekeyVerified(A_1,B_1,rp)) is true.

Query not (event(SenderKey(A_1,B_1,s,k)) && attacker(k)) is true.

Query not (event(ReceiverKey(B_1,A_1,s,k)) && attacker(k)) is false.

--------------------------------------------------------------

