maude tool: 'maude'
 checking version: 3.5.1. OK.
 checking installation: OK.
[Theory Kwaay_SplitKem_Batch_Dynamic_V7] Theory loaded
[Theory Kwaay_SplitKem_Batch_Dynamic_V7] Theory translated
[Theory Kwaay_SplitKem_Batch_Dynamic_V7] Derivation checks started
[Theory Kwaay_SplitKem_Batch_Dynamic_V7] Derivation checks ended
[Theory Kwaay_SplitKem_Batch_Dynamic_V7] Theory closed
[Saturating Sources] Step 1 (Max 5)
Simplifier iteration 11:

The reduction-rules for unique fresh instances (DG4),
unique K↑-facts (N5↑), unique (linear) edges (DG2 and DG3),
orderings for ~vars (S_fresh-order)
were applied to the following constraint system.

  nodes:
    #vr.4: instance (modulo AC) CompleteBatch:
              [
              SealedStage4( $B.5, ~bid.9, ~rst.34 ),
              BatchEndToken( $B.5, ~bid.9, ~rst.34 ),
              Slot1DoneFact( $B.5, ~bid.9, ~rst.34 ),
              Slot2DoneFact( $B.5, ~bid.9, ~rst.34 ),
              Slot3DoneFact( $B.5, ~bid.9, ~rst.34 ),
              Slot4DoneFact( $B.5, ~bid.9, ~rst.34 )
              ]
             --[
             UseBatchEndToken( $B.5, ~bid.9, ~rst.34 ),
             BatchComplete( $B.5, ~bid.9, ~rst.34 ),
             BatchClosed( $B.5, ~bid.9, ~rst.34 ),
             ConsumeReceiverState( $B.5, ~rst.34 )
             ]->
              [
              ClosedBatch( $B.5, ~bid.9, ~rst.34 ),
              UsedReceiverState( $B.5, ~rst.34 )
              ]
    #vr.6: instance (modulo AC) ProcessSlot4:
              [
              SealedStage3( $B.5, ~bid.9, ~rst.34 ),
              AddedSlot4( $B.5, ~bid.9, ~rst.34, ~idx.22, $A.7,
                          cts($A.7, $B.5, ~sst.116, ~r.31)
              ),
              !ComponentKey( $A.7, $B.5, ~rst.34,
                             cts($A.7, $B.5, ~sst.116, ~r.31), ks($A.7, $B.5, ~sst.116, ~r.31)
              )
              ]
             --[
             BatchSlot( $B.5, ~bid.9, ~idx.22, $A.7,
                        cts($A.7, $B.5, ~sst.116, ~r.31)
             ),
             BatchSlotAccept( $B.5, ~bid.9, ~idx.22, $A.7, ~rst.34,
                              cts($A.7, $B.5, ~sst.116, ~r.31), ks($A.7, $B.5, ~sst.116, ~r.31)
             ),
             ReceiverAcceptsComponent( $B.5, $A.7, ~rst.34,
                                       cts($A.7, $B.5, ~sst.116, ~r.31),
                                       ks($A.7, $B.5, ~sst.116, ~r.31)
             ),
             ReceiverKey( $B.5, $A.7, ~bid.9, ~idx.22, ~rst.34,
                          cts($A.7, $B.5, ~sst.116, ~r.31), ks($A.7, $B.5, ~sst.116, ~r.31),
                          rkey($B.5, $A.7, ~rst.34, cts($A.7, $B.5, ~sst.116, ~r.31),
                               ks($A.7, $B.5, ~sst.116, ~r.31))
             ),
             PartneredSlot( $A.7, $B.5, ~bid.9, ~idx.22, ~rst.34,
                            cts($A.7, $B.5, ~sst.116, ~r.31), ks($A.7, $B.5, ~sst.116, ~r.31)
             ),
             SlotProcessed( $B.5, ~bid.9, ~idx.22, $A.7,
                            cts($A.7, $B.5, ~sst.116, ~r.31)
             ),
             Slot4Done( $B.5, ~bid.9, ~rst.34 )
             ]->
              [
              SealedStage4( $B.5, ~bid.9, ~rst.34 ),
              Slot4DoneFact( $B.5, ~bid.9, ~rst.34 )
              ]
    #vr.8: instance (modulo AC) CreateBatch:
              [ ReceiverState( $B.5, ~rst.34 ), Fr( ~bid.9 ) ]
             --[ BatchCreated( $B.5, ~bid.9, ~rst.34 ) ]->
              [
              OpenStage0( $B.5, ~bid.9, ~rst.34 ),
              BatchEndToken( $B.5, ~bid.9, ~rst.34 ),
              BatchCompromiseToken( $B.5, ~bid.9, ~rst.34 )
              ]
    #vf.10: instance (modulo AC) Fresh:
               [ ] --> [ Fr( ~bid.9 ) ]
    #vr.11: instance (modulo AC) ProcessSlot1:
               [
               SealedStage0( $B.5, ~bid.9, ~rst.34 ),
               AddedSlot1( $B.5, ~bid.9, ~rst.34, ~idx.39, $A.12,
                           cts($A.12, $B.5, ~sst.134, ~r.48)
               ),
               !ComponentKey( $A.12, $B.5, ~rst.34,
                              cts($A.12, $B.5, ~sst.134, ~r.48), ks($A.12, $B.5, ~sst.134, ~r.48)
               )
               ]
              --[
              BatchSlot( $B.5, ~bid.9, ~idx.39, $A.12,
                         cts($A.12, $B.5, ~sst.134, ~r.48)
              ),
              BatchSlotAccept( $B.5, ~bid.9, ~idx.39, $A.12, ~rst.34,
                               cts($A.12, $B.5, ~sst.134, ~r.48), ks($A.12, $B.5, ~sst.134, ~r.48)
              ),
              ReceiverAcceptsComponent( $B.5, $A.12, ~rst.34,
                                        cts($A.12, $B.5, ~sst.134, ~r.48),
                                        ks($A.12, $B.5, ~sst.134, ~r.48)
              ),
              ReceiverKey( $B.5, $A.12, ~bid.9, ~idx.39, ~rst.34,
                           cts($A.12, $B.5, ~sst.134, ~r.48),
                           ks($A.12, $B.5, ~sst.134, ~r.48),
                           rkey($B.5, $A.12, ~rst.34, cts($A.12, $B.5, ~sst.134, ~r.48),
                                ks($A.12, $B.5, ~sst.134, ~r.48))
              ),
              PartneredSlot( $A.12, $B.5, ~bid.9, ~idx.39, ~rst.34,
                             cts($A.12, $B.5, ~sst.134, ~r.48), ks($A.12, $B.5, ~sst.134, ~r.48)
              ),
              SlotProcessed( $B.5, ~bid.9, ~idx.39, $A.12,
                             cts($A.12, $B.5, ~sst.134, ~r.48)
              ),
              Slot1Done( $B.5, ~bid.9, ~rst.34 )
              ]->
               [
               SealedStage1( $B.5, ~bid.9, ~rst.34 ),
               Slot1DoneFact( $B.5, ~bid.9, ~rst.34 )
               ]
    #vr.13: instance (modulo AC) ProcessSlot2:
               [
               SealedStage1( $B.5, ~bid.9, ~rst.34 ),
               AddedSlot2( $B.5, ~bid.9, ~rst.34, ~idx.53, $A.14,
                           cts($A.14, $B.5, ~sst.163, ~r.62)
               ),
               !ComponentKey( $A.14, $B.5, ~rst.34,
                              cts($A.14, $B.5, ~sst.163, ~r.62), ks($A.14, $B.5, ~sst.163, ~r.62)
               )
               ]
              --[
              BatchSlot( $B.5, ~bid.9, ~idx.53, $A.14,
                         cts($A.14, $B.5, ~sst.163, ~r.62)
              ),
              BatchSlotAccept( $B.5, ~bid.9, ~idx.53, $A.14, ~rst.34,
                               cts($A.14, $B.5, ~sst.163, ~r.62), ks($A.14, $B.5, ~sst.163, ~r.62)
              ),
              ReceiverAcceptsComponent( $B.5, $A.14, ~rst.34,
                                        cts($A.14, $B.5, ~sst.163, ~r.62),
                                        ks($A.14, $B.5, ~sst.163, ~r.62)
              ),
              ReceiverKey( $B.5, $A.14, ~bid.9, ~idx.53, ~rst.34,
                           cts($A.14, $B.5, ~sst.163, ~r.62),
                           ks($A.14, $B.5, ~sst.163, ~r.62),
                           rkey($B.5, $A.14, ~rst.34, cts($A.14, $B.5, ~sst.163, ~r.62),
                                ks($A.14, $B.5, ~sst.163, ~r.62))
              ),
              PartneredSlot( $A.14, $B.5, ~bid.9, ~idx.53, ~rst.34,
                             cts($A.14, $B.5, ~sst.163, ~r.62), ks($A.14, $B.5, ~sst.163, ~r.62)
              ),
              SlotProcessed( $B.5, ~bid.9, ~idx.53, $A.14,
                             cts($A.14, $B.5, ~sst.163, ~r.62)
              ),
              Slot2Done( $B.5, ~bid.9, ~rst.34 )
              ]->
               [
               SealedStage2( $B.5, ~bid.9, ~rst.34 ),
               Slot2DoneFact( $B.5, ~bid.9, ~rst.34 )
               ]
    #vr.15: instance (modulo AC) ProcessSlot3:
               [
               SealedStage2( $B.5, ~bid.9, ~rst.34 ),
               AddedSlot3( $B.5, ~bid.9, ~rst.34, ~idx.67, $A.16,
                           cts($A.16, $B.5, ~sst.192, ~r.76)
               ),
               !ComponentKey( $A.16, $B.5, ~rst.34,
                              cts($A.16, $B.5, ~sst.192, ~r.76), ks($A.16, $B.5, ~sst.192, ~r.76)
               )
               ]
              --[
              BatchSlot( $B.5, ~bid.9, ~idx.67, $A.16,
                         cts($A.16, $B.5, ~sst.192, ~r.76)
              ),
              BatchSlotAccept( $B.5, ~bid.9, ~idx.67, $A.16, ~rst.34,
                               cts($A.16, $B.5, ~sst.192, ~r.76), ks($A.16, $B.5, ~sst.192, ~r.76)
              ),
              ReceiverAcceptsComponent( $B.5, $A.16, ~rst.34,
                                        cts($A.16, $B.5, ~sst.192, ~r.76),
                                        ks($A.16, $B.5, ~sst.192, ~r.76)
              ),
              ReceiverKey( $B.5, $A.16, ~bid.9, ~idx.67, ~rst.34,
                           cts($A.16, $B.5, ~sst.192, ~r.76),
                           ks($A.16, $B.5, ~sst.192, ~r.76),
                           rkey($B.5, $A.16, ~rst.34, cts($A.16, $B.5, ~sst.192, ~r.76),
                                ks($A.16, $B.5, ~sst.192, ~r.76))
              ),
              PartneredSlot( $A.16, $B.5, ~bid.9, ~idx.67, ~rst.34,
                             cts($A.16, $B.5, ~sst.192, ~r.76), ks($A.16, $B.5, ~sst.192, ~r.76)
              ),
              SlotProcessed( $B.5, ~bid.9, ~idx.67, $A.16,
                             cts($A.16, $B.5, ~sst.192, ~r.76)
              ),
              Slot3Done( $B.5, ~bid.9, ~rst.34 )
              ]->
               [
               SealedStage3( $B.5, ~bid.9, ~rst.34 ),
               Slot3DoneFact( $B.5, ~bid.9, ~rst.34 )
               ]
    #vr.21: instance (modulo AC) AddSlot4:
               [
               OpenStage3( $B.5, ~bid.9, ~rst.34 ),
               In( <$A.7, $B.5, cts($A.7, $B.5, ~sst.116, ~r.31)> ), Fr( ~idx.22 )
               ]
              --[
              SlotAdded( $B.5, ~bid.9, ~idx.22, $A.7,
                         cts($A.7, $B.5, ~sst.116, ~r.31)
              ),
              Slot4Added( $B.5, ~bid.9, ~rst.34, ~idx.22, $A.7,
                          cts($A.7, $B.5, ~sst.116, ~r.31)
              )
              ]->
               [
               OpenStage4( $B.5, ~bid.9, ~rst.34 ),
               AddedSlot4( $B.5, ~bid.9, ~rst.34, ~idx.22, $A.7,
                           cts($A.7, $B.5, ~sst.116, ~r.31)
               )
               ]
    #vf.23: instance (modulo AC) isend:
               [ !KU( <$A.7, $B.5, cts($A.7, $B.5, ~sst.116, ~r.31)> ) ]
              --[ K( <$A.7, $B.5, cts($A.7, $B.5, ~sst.116, ~r.31)> ) ]->
               [ In( <$A.7, $B.5, cts($A.7, $B.5, ~sst.116, ~r.31)> ) ]
    #vf.29: instance (modulo AC) Fresh:
               [ ] --> [ Fr( ~idx.22 ) ]
    #vr.30: instance (modulo AC) SenderCreatesComponent:
               [
               !SenderState( $A.7, ~sst.116 ),
               !ReceiverPublicState( $B.5, ~rst.34 ), Fr( ~r.31 )
               ]
              --[
              SenderComponent( $A.7, $B.5, ~rst.34,
                               cts($A.7, $B.5, ~sst.116, ~r.31), ks($A.7, $B.5, ~sst.116, ~r.31)
              )
              ]->
               [
               Out( <$A.7, $B.5, cts($A.7, $B.5, ~sst.116, ~r.31)> ),
               !ComponentKey( $A.7, $B.5, ~rst.34,
                              cts($A.7, $B.5, ~sst.116, ~r.31), ks($A.7, $B.5, ~sst.116, ~r.31)
               )
               ]
    #vf.32: instance (modulo AC) Fresh:
               [ ] --> [ Fr( ~r.31 ) ]
    #vr.33: instance (modulo AC) InitReceiverState:
               [ Fr( ~rst.34 ) ]
              --[ ReceiverStateCreated( $B.5, ~rst.34 ) ]->
               [
               ReceiverState( $B.5, ~rst.34 ),
               !ReceiverPublicState( $B.5, ~rst.34 ),
               ReceiverCompromiseToken( $B.5, ~rst.34 )
               ]
    #vf.35: instance (modulo AC) Fresh:
               [ ] --> [ Fr( ~rst.34 ) ]
    #vr.36: instance (modulo AC) SealBatch:
               [ OpenStage4( $B.5, ~bid.9, ~rst.34 ) ]
              --[ SealBatchEvent( $B.5, ~bid.9, ~rst.34 ) ]->
               [ SealedStage0( $B.5, ~bid.9, ~rst.34 ) ]
    #vr.38: instance (modulo AC) AddSlot1:
               [
               OpenStage0( $B.5, ~bid.9, ~rst.34 ),
               In( <$A.12, $B.5, cts($A.12, $B.5, ~sst.134, ~r.48)> ),
               Fr( ~idx.39 )
               ]
              --[
              SlotAdded( $B.5, ~bid.9, ~idx.39, $A.12,
                         cts($A.12, $B.5, ~sst.134, ~r.48)
              ),
              Slot1Added( $B.5, ~bid.9, ~rst.34, ~idx.39, $A.12,
                          cts($A.12, $B.5, ~sst.134, ~r.48)
              )
              ]->
               [
               OpenStage1( $B.5, ~bid.9, ~rst.34 ),
               AddedSlot1( $B.5, ~bid.9, ~rst.34, ~idx.39, $A.12,
                           cts($A.12, $B.5, ~sst.134, ~r.48)
               )
               ]
    #vf.40: instance (modulo AC) isend:
               [ !KU( <$A.12, $B.5, cts($A.12, $B.5, ~sst.134, ~r.48)> ) ]
              --[ K( <$A.12, $B.5, cts($A.12, $B.5, ~sst.134, ~r.48)> ) ]->
               [ In( <$A.12, $B.5, cts($A.12, $B.5, ~sst.134, ~r.48)> ) ]
    #vf.46: instance (modulo AC) Fresh:
               [ ] --> [ Fr( ~idx.39 ) ]
    #vr.47: instance (modulo AC) SenderCreatesComponent:
               [
               !SenderState( $A.12, ~sst.134 ),
               !ReceiverPublicState( $B.5, ~rst.34 ), Fr( ~r.48 )
               ]
              --[
              SenderComponent( $A.12, $B.5, ~rst.34,
                               cts($A.12, $B.5, ~sst.134, ~r.48), ks($A.12, $B.5, ~sst.134, ~r.48)
              )
              ]->
               [
               Out( <$A.12, $B.5, cts($A.12, $B.5, ~sst.134, ~r.48)> ),
               !ComponentKey( $A.12, $B.5, ~rst.34,
                              cts($A.12, $B.5, ~sst.134, ~r.48), ks($A.12, $B.5, ~sst.134, ~r.48)
               )
               ]
    #vf.49: instance (modulo AC) Fresh:
               [ ] --> [ Fr( ~r.48 ) ]
    #vr.52: instance (modulo AC) AddSlot2:
               [
               OpenStage1( $B.5, ~bid.9, ~rst.34 ),
               In( <$A.14, $B.5, cts($A.14, $B.5, ~sst.163, ~r.62)> ),
               Fr( ~idx.53 )
               ]
              --[
              SlotAdded( $B.5, ~bid.9, ~idx.53, $A.14,
                         cts($A.14, $B.5, ~sst.163, ~r.62)
              ),
              Slot2Added( $B.5, ~bid.9, ~rst.34, ~idx.53, $A.14,
                          cts($A.14, $B.5, ~sst.163, ~r.62)
              )
              ]->
               [
               OpenStage2( $B.5, ~bid.9, ~rst.34 ),
               AddedSlot2( $B.5, ~bid.9, ~rst.34, ~idx.53, $A.14,
                           cts($A.14, $B.5, ~sst.163, ~r.62)
               )
               ]
    #vf.54: instance (modulo AC) isend:
               [ !KU( <$A.14, $B.5, cts($A.14, $B.5, ~sst.163, ~r.62)> ) ]
              --[ K( <$A.14, $B.5, cts($A.14, $B.5, ~sst.163, ~r.62)> ) ]->
               [ In( <$A.14, $B.5, cts($A.14, $B.5, ~sst.163, ~r.62)> ) ]
    #vf.60: instance (modulo AC) Fresh:
               [ ] --> [ Fr( ~idx.53 ) ]
    #vr.61: instance (modulo AC) SenderCreatesComponent:
               [
               !SenderState( $A.14, ~sst.163 ),
               !ReceiverPublicState( $B.5, ~rst.34 ), Fr( ~r.62 )
               ]
              --[
              SenderComponent( $A.14, $B.5, ~rst.34,
                               cts($A.14, $B.5, ~sst.163, ~r.62), ks($A.14, $B.5, ~sst.163, ~r.62)
              )
              ]->
               [
               Out( <$A.14, $B.5, cts($A.14, $B.5, ~sst.163, ~r.62)> ),
               !ComponentKey( $A.14, $B.5, ~rst.34,
                              cts($A.14, $B.5, ~sst.163, ~r.62), ks($A.14, $B.5, ~sst.163, ~r.62)
               )
               ]
    #vf.63: instance (modulo AC) Fresh:
               [ ] --> [ Fr( ~r.62 ) ]
    #vr.66: instance (modulo AC) AddSlot3:
               [
               OpenStage2( $B.5, ~bid.9, ~rst.34 ),
               In( <$A.16, $B.5, cts($A.16, $B.5, ~sst.192, ~r.76)> ),
               Fr( ~idx.67 )
               ]
              --[
              SlotAdded( $B.5, ~bid.9, ~idx.67, $A.16,
                         cts($A.16, $B.5, ~sst.192, ~r.76)
              ),
              Slot3Added( $B.5, ~bid.9, ~rst.34, ~idx.67, $A.16,
                          cts($A.16, $B.5, ~sst.192, ~r.76)
              )
              ]->
               [
               OpenStage3( $B.5, ~bid.9, ~rst.34 ),
               AddedSlot3( $B.5, ~bid.9, ~rst.34, ~idx.67, $A.16,
                           cts($A.16, $B.5, ~sst.192, ~r.76)
               )
               ]
    #vf.68: instance (modulo AC) isend:
               [ !KU( <$A.16, $B.5, cts($A.16, $B.5, ~sst.192, ~r.76)> ) ]
              --[ K( <$A.16, $B.5, cts($A.16, $B.5, ~sst.192, ~r.76)> ) ]->
               [ In( <$A.16, $B.5, cts($A.16, $B.5, ~sst.192, ~r.76)> ) ]
    #vf.74: instance (modulo AC) Fresh:
               [ ] --> [ Fr( ~idx.67 ) ]
    #vr.75: instance (modulo AC) SenderCreatesComponent:
               [
               !SenderState( $A.16, ~sst.192 ),
               !ReceiverPublicState( $B.5, ~rst.34 ), Fr( ~r.76 )
               ]
              --[
              SenderComponent( $A.16, $B.5, ~rst.34,
                               cts($A.16, $B.5, ~sst.192, ~r.76), ks($A.16, $B.5, ~sst.192, ~r.76)
              )
              ]->
               [
               Out( <$A.16, $B.5, cts($A.16, $B.5, ~sst.192, ~r.76)> ),
               !ComponentKey( $A.16, $B.5, ~rst.34,
                              cts($A.16, $B.5, ~sst.192, ~r.76), ks($A.16, $B.5, ~sst.192, ~r.76)
               )
               ]
    #vf.77: instance (modulo AC) Fresh:
               [ ] --> [ Fr( ~r.76 ) ]
    #vr.115: instance (modulo AC) InitSenderState:
                [ Fr( ~sst.116 ) ]
               --[ SenderStateCreated( $A.7, ~sst.116 ) ]->
                [
                !SenderState( $A.7, ~sst.116 ),
                SenderCompromiseToken( $A.7, ~sst.116 )
                ]
    #vf.117: instance (modulo AC) Fresh:
                [ ] --> [ Fr( ~sst.116 ) ]
    #vr.121: instance (modulo AC) AddSlot4:
                [
                OpenStage3( $B.5, ~bid.9, ~rst.34 ),
                In( <$A.122, $B.5, cts_in.122> ), Fr( ~idx.122 )
                ]
               --[
               SlotAdded( $B.5, ~bid.9, ~idx.122, $A.122, cts_in.122 ),
               Slot4Added( $B.5, ~bid.9, ~rst.34, ~idx.122, $A.122, cts_in.122 )
               ]->
                [
                OpenStage4( $B.5, ~bid.9, ~rst.34 ),
                AddedSlot4( $B.5, ~bid.9, ~rst.34, ~idx.122, $A.122, cts_in.122 )
                ]
    #vf.123: instance (modulo AC) isend:
                [ !KU( <$A.122, $B.5, cts_in.122> ) ]
               --[ K( <$A.122, $B.5, cts_in.122> ) ]->
                [ In( <$A.122, $B.5, cts_in.122> ) ]
    #vf.129: instance (modulo AC) Fresh:
                [ ] --> [ Fr( ~idx.122 ) ]
    #vr.133: instance (modulo AC) InitSenderState:
                [ Fr( ~sst.134 ) ]
               --[ SenderStateCreated( $A.12, ~sst.134 ) ]->
                [
                !SenderState( $A.12, ~sst.134 ),
                SenderCompromiseToken( $A.12, ~sst.134 )
                ]
    #vf.135: instance (modulo AC) Fresh:
                [ ] --> [ Fr( ~sst.134 ) ]
    #vr.162: instance (modulo AC) InitSenderState:
                [ Fr( ~sst.163 ) ]
               --[ SenderStateCreated( $A.14, ~sst.163 ) ]->
                [
                !SenderState( $A.14, ~sst.163 ),
                SenderCompromiseToken( $A.14, ~sst.163 )
                ]
    #vf.164: instance (modulo AC) Fresh:
                [ ] --> [ Fr( ~sst.163 ) ]
    #vr.191: instance (modulo AC) InitSenderState:
                [ Fr( ~sst.192 ) ]
               --[ SenderStateCreated( $A.16, ~sst.192 ) ]->
                [
                !SenderState( $A.16, ~sst.192 ),
                SenderCompromiseToken( $A.16, ~sst.192 )
                ]
    #vf.193: instance (modulo AC) Fresh:
                [ ] --> [ Fr( ~sst.192 ) ]
    #vr.264: instance (modulo AC) AddSlot3:
                [
                OpenStage2( $B.5, ~bid.9, ~rst.34 ),
                In( <$A.265, $B.5, cts_in.265> ), Fr( ~idx.265 )
                ]
               --[
               SlotAdded( $B.5, ~bid.9, ~idx.265, $A.265, cts_in.265 ),
               Slot3Added( $B.5, ~bid.9, ~rst.34, ~idx.265, $A.265, cts_in.265 )
               ]->
                [
                OpenStage3( $B.5, ~bid.9, ~rst.34 ),
                AddedSlot3( $B.5, ~bid.9, ~rst.34, ~idx.265, $A.265, cts_in.265 )
                ]
    #vf.266: instance (modulo AC) isend:
                [ !KU( <$A.265, $B.5, cts_in.265> ) ]
               --[ K( <$A.265, $B.5, cts_in.265> ) ]->
                [ In( <$A.265, $B.5, cts_in.265> ) ]
    #vf.272: instance (modulo AC) Fresh:
                [ ] --> [ Fr( ~idx.265 ) ]
    #vf.357: instance (modulo AC) isend:
                [ !KU( <$A.14, $B.5, cts($A.14, $B.5, ~sst.163, ~r.62)> ) ]
               --[ K( <$A.14, $B.5, cts($A.14, $B.5, ~sst.163, ~r.62)> ) ]->
                [ In( <$A.14, $B.5, cts($A.14, $B.5, ~sst.163, ~r.62)> ) ]
    #vf.363: instance (modulo AC) Fresh:
                [ ] --> [ Fr( ~idx.53 ) ]
    #vr.411: instance (modulo AC) AddSlot2:
                [
                OpenStage1( $B.5, ~bid.9, ~rst.34 ),
                In( <$A.412, $B.5, cts_in.412> ), Fr( ~idx.412 )
                ]
               --[
               SlotAdded( $B.5, ~bid.9, ~idx.412, $A.412, cts_in.412 ),
               Slot2Added( $B.5, ~bid.9, ~rst.34, ~idx.412, $A.412, cts_in.412 )
               ]->
                [
                OpenStage2( $B.5, ~bid.9, ~rst.34 ),
                AddedSlot2( $B.5, ~bid.9, ~rst.34, ~idx.412, $A.412, cts_in.412 )
                ]
    #vf.413: instance (modulo AC) isend:
                [ !KU( <$A.412, $B.5, cts_in.412> ) ]
               --[ K( <$A.412, $B.5, cts_in.412> ) ]->
                [ In( <$A.412, $B.5, cts_in.412> ) ]
    #vf.419: instance (modulo AC) Fresh:
                [ ] --> [ Fr( ~idx.412 ) ]
    #vr.473: instance (modulo AC) AddSlot1:
                [
                OpenStage0( $B.5, ~bid.9, ~rst.34 ),
                In( <$A.474, $B.5, cts_in.474> ), Fr( ~idx.474 )
                ]
               --[
               SlotAdded( $B.5, ~bid.9, ~idx.474, $A.474, cts_in.474 ),
               Slot1Added( $B.5, ~bid.9, ~rst.34, ~idx.474, $A.474, cts_in.474 )
               ]->
                [
                OpenStage1( $B.5, ~bid.9, ~rst.34 ),
                AddedSlot1( $B.5, ~bid.9, ~rst.34, ~idx.474, $A.474, cts_in.474 )
                ]
    #vf.475: instance (modulo AC) isend:
                [ !KU( <$A.474, $B.5, cts_in.474> ) ]
               --[ K( <$A.474, $B.5, cts_in.474> ) ]->
                [ In( <$A.474, $B.5, cts_in.474> ) ]
    #vf.481: instance (modulo AC) Fresh:
                [ ] --> [ Fr( ~idx.474 ) ]
    #vr.497: instance (modulo AC) AddSlot1:
                [
                OpenStage0( $B.5, ~bid.9, ~rst.34 ),
                In( <$A.498, $B.5, cts_in.498> ), Fr( ~idx.498 )
                ]
               --[
               SlotAdded( $B.5, ~bid.9, ~idx.498, $A.498, cts_in.498 ),
               Slot1Added( $B.5, ~bid.9, ~rst.34, ~idx.498, $A.498, cts_in.498 )
               ]->
                [
                OpenStage1( $B.5, ~bid.9, ~rst.34 ),
                AddedSlot1( $B.5, ~bid.9, ~rst.34, ~idx.498, $A.498, cts_in.498 )
                ]
    #vf.499: instance (modulo AC) isend:
                [ !KU( <$A.498, $B.5, cts_in.498> ) ]
               --[ K( <$A.498, $B.5, cts_in.498> ) ]->
                [ In( <$A.498, $B.5, cts_in.498> ) ]
    #vf.505: instance (modulo AC) Fresh:
                [ ] --> [ Fr( ~idx.498 ) ]
  actions:
    !KU( <$A.7, $B.5, cts($A.7, $B.5, ~sst.116, ~r.31)> ) @ #vk.24,
    !KU( $A.7 ) @ #vk.25,
    !KU( <$B.5, cts($A.7, $B.5, ~sst.116, ~r.31)> ) @ #vk.26,
    !KU( $B.5 ) @ #vk.27,
    !KU( cts($A.7, $B.5, ~sst.116, ~r.31) ) @ #vk.28,
    !KU( <$A.12, $B.5, cts($A.12, $B.5, ~sst.134, ~r.48)> ) @ #vk.41,
    !KU( $A.12 ) @ #vk.42,
    !KU( <$B.5, cts($A.12, $B.5, ~sst.134, ~r.48)> ) @ #vk.43,
    !KU( cts($A.12, $B.5, ~sst.134, ~r.48) ) @ #vk.45,
    !KU( <$A.14, $B.5, cts($A.14, $B.5, ~sst.163, ~r.62)> ) @ #vk.55,
    !KU( $A.14 ) @ #vk.56,
    !KU( <$B.5, cts($A.14, $B.5, ~sst.163, ~r.62)> ) @ #vk.57,
    !KU( cts($A.14, $B.5, ~sst.163, ~r.62) ) @ #vk.59,
    !KU( <$A.16, $B.5, cts($A.16, $B.5, ~sst.192, ~r.76)> ) @ #vk.69,
    !KU( $A.16 ) @ #vk.70,
    !KU( <$B.5, cts($A.16, $B.5, ~sst.192, ~r.76)> ) @ #vk.71,
    !KU( cts($A.16, $B.5, ~sst.192, ~r.76) ) @ #vk.73,
    !KU( <$A.122, $B.5, cts_in.122> ) @ #vk.124,
    !KU( $A.122 ) @ #vk.125, !KU( <$B.5, cts_in.122> ) @ #vk.126,
    !KU( cts_in.122 ) @ #vk.128,
    !KU( <$A.265, $B.5, cts_in.265> ) @ #vk.267,
    !KU( $A.265 ) @ #vk.268, !KU( <$B.5, cts_in.265> ) @ #vk.269,
    !KU( cts_in.265 ) @ #vk.271,
    !KU( <$A.14, $B.5, cts($A.14, $B.5, ~sst.163, ~r.62)> ) @ #vk.358,
    !KU( $A.14 ) @ #vk.359,
    !KU( <$B.5, cts($A.14, $B.5, ~sst.163, ~r.62)> ) @ #vk.360,
    !KU( cts($A.14, $B.5, ~sst.163, ~r.62) ) @ #vk.362,
    !KU( <$A.412, $B.5, cts_in.412> ) @ #vk.414,
    !KU( $A.412 ) @ #vk.415, !KU( <$B.5, cts_in.412> ) @ #vk.416,
    !KU( cts_in.412 ) @ #vk.418,
    !KU( <$A.474, $B.5, cts_in.474> ) @ #vk.476,
    !KU( $A.474 ) @ #vk.477, !KU( <$B.5, cts_in.474> ) @ #vk.478,
    !KU( cts_in.474 ) @ #vk.480,
    !KU( <$A.498, $B.5, cts_in.498> ) @ #vk.500,
    !KU( $A.498 ) @ #vk.501, !KU( <$B.5, cts_in.498> ) @ #vk.502,
    !KU( cts_in.498 ) @ #vk.504
  edges:
    (#vr.4, 0) >--> (#i, 0), (#vr.6, 0) >--> (#vr.4, 0),
    (#vr.6, 1) >--> (#vr.4, 5), (#vr.8, 0) >--> (#vr.38, 0),
    (#vr.8, 1) >--> (#vr.4, 1), (#vf.10, 0) >--> (#vr.8, 1),
    (#vr.11, 0) >--> (#vr.13, 0), (#vr.11, 1) >--> (#vr.4, 2),
    (#vr.13, 0) >--> (#vr.15, 0), (#vr.13, 1) >--> (#vr.4, 3),
    (#vr.15, 0) >--> (#vr.6, 0), (#vr.15, 1) >--> (#vr.4, 4),
    (#vr.21, 1) >--> (#vr.6, 1), (#vf.23, 0) >--> (#vr.21, 1),
    (#vf.29, 0) >--> (#vr.21, 2), (#vr.30, 1) >--> (#vr.6, 2),
    (#vf.32, 0) >--> (#vr.30, 2), (#vr.33, 0) >--> (#vr.8, 0),
    (#vr.33, 1) >--> (#vr.30, 1), (#vr.33, 1) >--> (#vr.47, 1),
    (#vr.33, 1) >--> (#vr.61, 1), (#vr.33, 1) >--> (#vr.75, 1),
    (#vf.35, 0) >--> (#vr.33, 0), (#vr.36, 0) >--> (#vr.11, 0),
    (#vr.38, 0) >--> (#vr.52, 0), (#vr.38, 1) >--> (#vr.11, 1),
    (#vf.40, 0) >--> (#vr.38, 1), (#vf.46, 0) >--> (#vr.38, 2),
    (#vr.47, 1) >--> (#vr.11, 2), (#vf.49, 0) >--> (#vr.47, 2),
    (#vr.52, 0) >--> (#vr.66, 0), (#vr.52, 1) >--> (#vr.13, 1),
    (#vf.54, 0) >--> (#vr.52, 1), (#vf.60, 0) >--> (#vr.52, 2),
    (#vr.61, 1) >--> (#vr.13, 2), (#vf.63, 0) >--> (#vr.61, 2),
    (#vr.66, 0) >--> (#vr.21, 0), (#vr.66, 1) >--> (#vr.15, 1),
    (#vf.68, 0) >--> (#vr.66, 1), (#vf.74, 0) >--> (#vr.66, 2),
    (#vr.75, 1) >--> (#vr.15, 2), (#vf.77, 0) >--> (#vr.75, 2),
    (#vr.115, 0) >--> (#vr.30, 0), (#vf.117, 0) >--> (#vr.115, 0),
    (#vr.121, 0) >--> (#vr.36, 0), (#vf.123, 0) >--> (#vr.121, 1),
    (#vf.129, 0) >--> (#vr.121, 2), (#vr.133, 0) >--> (#vr.47, 0),
    (#vf.135, 0) >--> (#vr.133, 0), (#vr.162, 0) >--> (#vr.61, 0),
    (#vf.164, 0) >--> (#vr.162, 0), (#vr.191, 0) >--> (#vr.75, 0),
    (#vf.193, 0) >--> (#vr.191, 0), (#vr.264, 0) >--> (#vr.121, 0),
    (#vf.266, 0) >--> (#vr.264, 1), (#vf.272, 0) >--> (#vr.264, 2),
    (#vf.357, 0) >--> (#vr.52, 1), (#vf.363, 0) >--> (#vr.52, 2),
    (#vr.411, 0) >--> (#vr.264, 0), (#vf.413, 0) >--> (#vr.411, 1),
    (#vf.419, 0) >--> (#vr.411, 2), (#vr.473, 0) >--> (#vr.52, 0),
    (#vf.475, 0) >--> (#vr.473, 1), (#vf.481, 0) >--> (#vr.473, 2),
    (#vr.497, 0) >--> (#vr.411, 0), (#vf.499, 0) >--> (#vr.497, 1),
    (#vf.505, 0) >--> (#vr.497, 2)
  less:
    #vr.8 < #vr.4: induced by fresh value,
    #vr.8 < #vr.6: induced by fresh value,
    #vr.8 < #vr.11: induced by fresh value,
    #vr.8 < #vr.13: induced by fresh value,
    #vr.8 < #vr.15: induced by fresh value,
    #vr.8 < #vr.21: induced by fresh value,
    #vr.8 < #vr.36: induced by fresh value,
    #vr.8 < #vr.38: induced by fresh value,
    #vr.8 < #vr.52: induced by fresh value,
    #vr.8 < #vr.66: induced by fresh value,
    #vr.8 < #vr.121: induced by fresh value,
    #vr.8 < #vr.264: induced by fresh value,
    #vr.8 < #vr.411: induced by fresh value,
    #vr.8 < #vr.473: induced by fresh value,
    #vr.8 < #vr.497: induced by fresh value,
    #vr.21 < #vr.6: induced by fresh value,
    #vk.24 < #vf.23: induced by adversary,
    #vk.25 < #vk.24: induced by adversary,
    #vk.26 < #vk.24: induced by adversary,
    #vk.27 < #vk.26: induced by adversary,
    #vk.27 < #vk.43: induced by adversary,
    #vk.27 < #vk.57: induced by adversary,
    #vk.27 < #vk.71: induced by adversary,
    #vk.27 < #vk.126: induced by adversary,
    #vk.27 < #vk.269: induced by adversary,
    #vk.27 < #vk.360: induced by adversary,
    #vk.27 < #vk.416: induced by adversary,
    #vk.27 < #vk.478: induced by adversary,
    #vk.27 < #vk.502: induced by adversary,
    #vk.28 < #vk.26: induced by adversary,
    #vr.30 < #vr.6: induced by fresh value,
    #vr.30 < #vr.21: induced by fresh value,
    #vr.30 < #vf.23: induced by fresh value,
    #vr.33 < #vr.4: induced by fresh value,
    #vr.33 < #vr.6: induced by fresh value,
    #vr.33 < #vr.8: induced by fresh value,
    #vr.33 < #vr.11: induced by fresh value,
    #vr.33 < #vr.13: induced by fresh value,
    #vr.33 < #vr.15: induced by fresh value,
    #vr.33 < #vr.21: induced by fresh value,
    #vr.33 < #vr.30: induced by fresh value,
    #vr.33 < #vr.36: induced by fresh value,
    #vr.33 < #vr.38: induced by fresh value,
    #vr.33 < #vr.47: induced by fresh value,
    #vr.33 < #vr.52: induced by fresh value,
    #vr.33 < #vr.61: induced by fresh value,
    #vr.33 < #vr.66: induced by fresh value,
    #vr.33 < #vr.75: induced by fresh value,
    #vr.33 < #vr.121: induced by fresh value,
    #vr.33 < #vr.264: induced by fresh value,
    #vr.33 < #vr.411: induced by fresh value,
    #vr.33 < #vr.473: induced by fresh value,
    #vr.33 < #vr.497: induced by fresh value,
    #vr.38 < #vr.11: induced by fresh value,
    #vk.41 < #vf.40: induced by adversary,
    #vk.42 < #vk.41: induced by adversary,
    #vk.43 < #vk.41: induced by adversary,
    #vk.45 < #vk.43: induced by adversary,
    #vr.47 < #vr.11: induced by fresh value,
    #vr.47 < #vr.38: induced by fresh value,
    #vr.47 < #vf.40: induced by fresh value,
    #vr.52 < #vr.13: induced by fresh value,
    #vk.55 < #vf.54: induced by adversary,
    #vk.56 < #vk.55: induced by adversary,
    #vk.57 < #vk.55: induced by adversary,
    #vk.59 < #vk.57: induced by adversary,
    #vr.61 < #vr.13: induced by fresh value,
    #vr.61 < #vr.52: induced by fresh value,
    #vr.61 < #vf.54: induced by fresh value,
    #vr.61 < #vf.357: induced by fresh value,
    #vr.66 < #vr.15: induced by fresh value,
    #vk.69 < #vf.68: induced by adversary,
    #vk.70 < #vk.69: induced by adversary,
    #vk.71 < #vk.69: induced by adversary,
    #vk.73 < #vk.71: induced by adversary,
    #vr.75 < #vr.15: induced by fresh value,
    #vr.75 < #vr.66: induced by fresh value,
    #vr.75 < #vf.68: induced by fresh value,
    #vr.115 < #vr.6: induced by fresh value,
    #vr.115 < #vr.21: induced by fresh value,
    #vr.115 < #vf.23: induced by fresh value,
    #vr.115 < #vr.30: induced by fresh value,
    #vk.124 < #vf.123: induced by adversary,
    #vk.125 < #vk.124: induced by adversary,
    #vk.126 < #vk.124: induced by adversary,
    #vk.128 < #vk.126: induced by adversary,
    #vr.133 < #vr.11: induced by fresh value,
    #vr.133 < #vr.38: induced by fresh value,
    #vr.133 < #vf.40: induced by fresh value,
    #vr.133 < #vr.47: induced by fresh value,
    #vr.162 < #vr.13: induced by fresh value,
    #vr.162 < #vr.52: induced by fresh value,
    #vr.162 < #vf.54: induced by fresh value,
    #vr.162 < #vr.61: induced by fresh value,
    #vr.162 < #vf.357: induced by fresh value,
    #vr.191 < #vr.15: induced by fresh value,
    #vr.191 < #vr.66: induced by fresh value,
    #vr.191 < #vf.68: induced by fresh value,
    #vr.191 < #vr.75: induced by fresh value,
    #vk.267 < #vf.266: induced by adversary,
    #vk.268 < #vk.267: induced by adversary,
    #vk.269 < #vk.267: induced by adversary,
    #vk.271 < #vk.269: induced by adversary,
    #vk.358 < #vf.357: induced by adversary,
    #vk.359 < #vk.358: induced by adversary,
    #vk.360 < #vk.358: induced by adversary,
    #vk.362 < #vk.360: induced by adversary,
    #vk.414 < #vf.413: induced by adversary,
    #vk.415 < #vk.414: induced by adversary,
    #vk.416 < #vk.414: induced by adversary,
    #vk.418 < #vk.416: induced by adversary,
    #vk.476 < #vf.475: induced by adversary,
    #vk.477 < #vk.476: induced by adversary,
    #vk.478 < #vk.476: induced by adversary,
    #vk.480 < #vk.478: induced by adversary,
    #vk.500 < #vf.499: induced by adversary,
    #vk.501 < #vk.500: induced by adversary,
    #vk.502 < #vk.500: induced by adversary,
    #vk.504 < #vk.502: induced by adversary
  unsolved constraints:
    !KU( <$A.7, $B.5, cts($A.7, $B.5, ~sst.116, ~r.31)>
    ) @ #vk.24 // nr: 36" (currently deducible)"
    
    !KU( $A.7 ) @ #vk.25 // nr: 37" (currently deducible)"
    
    !KU( <$B.5, cts($A.7, $B.5, ~sst.116, ~r.31)>
    ) @ #vk.26 // nr: 38" (currently deducible)"
    
    !KU( $B.5 ) @ #vk.27 // nr: 39" (currently deducible)"
    
    !KU( cts($A.7, $B.5, ~sst.116, ~r.31)
    ) @ #vk.28 // nr: 45" (currently deducible)"
    
    !KU( <$A.12, $B.5, cts($A.12, $B.5, ~sst.134, ~r.48)>
    ) @ #vk.41 // nr: 51" (currently deducible)"
    
    !KU( $A.12 ) @ #vk.42 // nr: 52" (currently deducible)"
    
    !KU( <$B.5, cts($A.12, $B.5, ~sst.134, ~r.48)>
    ) @ #vk.43 // nr: 53" (currently deducible)"
    
    !KU( cts($A.12, $B.5, ~sst.134, ~r.48)
    ) @ #vk.45 // nr: 60" (currently deducible)"
    
    !KU( <$A.14, $B.5, cts($A.14, $B.5, ~sst.163, ~r.62)>
    ) @ #vk.55 // nr: 67" (currently deducible)"
    
    !KU( $A.14 ) @ #vk.56 // nr: 68" (currently deducible)"
    
    !KU( <$B.5, cts($A.14, $B.5, ~sst.163, ~r.62)>
    ) @ #vk.57 // nr: 69" (currently deducible)"
    
    !KU( cts($A.14, $B.5, ~sst.163, ~r.62)
    ) @ #vk.59 // nr: 76" (currently deducible)"
    
    !KU( <$A.16, $B.5, cts($A.16, $B.5, ~sst.192, ~r.76)>
    ) @ #vk.69 // nr: 83" (currently deducible)"
    
    !KU( $A.16 ) @ #vk.70 // nr: 84" (currently deducible)"
    
    !KU( <$B.5, cts($A.16, $B.5, ~sst.192, ~r.76)>
    ) @ #vk.71 // nr: 85" (currently deducible)"
    
    !KU( cts($A.16, $B.5, ~sst.192, ~r.76)
    ) @ #vk.73 // nr: 92" (currently deducible)"
    
    !KU( <$A.122, $B.5, cts_in.122>
    ) @ #vk.124 // nr: 136" (probably constructible)"
    
    !KU( $A.122 ) @ #vk.125 // nr: 137" (currently deducible)"
    
    !KU( <$B.5, cts_in.122>
    ) @ #vk.126 // nr: 138" (probably constructible)"
    
    !KU( cts_in.122 ) @ #vk.128 // nr: 140" (probably constructible)"
    
    !KU( <$A.265, $B.5, cts_in.265>
    ) @ #vk.267 // nr: 252" (probably constructible)"
    
    !KU( $A.265 ) @ #vk.268 // nr: 253" (currently deducible)"
    
    !KU( <$B.5, cts_in.265>
    ) @ #vk.269 // nr: 254" (probably constructible)"
    
    !KU( cts_in.265 ) @ #vk.271 // nr: 256" (probably constructible)"
    
    !KU( <$A.14, $B.5, cts($A.14, $B.5, ~sst.163, ~r.62)>
    ) @ #vk.358 // nr: 327" (currently deducible)"
    
    !KU( $A.14 ) @ #vk.359 // nr: 328" (currently deducible)"
    
    !KU( <$B.5, cts($A.14, $B.5, ~sst.163, ~r.62)>
    ) @ #vk.360 // nr: 329" (currently deducible)"
    
    !KU( cts($A.14, $B.5, ~sst.163, ~r.62)
    ) @ #vk.362 // nr: 467" (currently deducible)"
    
    !KU( <$A.412, $B.5, cts_in.412>
    ) @ #vk.414 // nr: 371" (probably constructible)"
    
    !KU( $A.412 ) @ #vk.415 // nr: 372" (currently deducible)"
    
    !KU( <$B.5, cts_in.412>
    ) @ #vk.416 // nr: 373" (probably constructible)"
    
    !KU( cts_in.412 ) @ #vk.418 // nr: 375" (probably constructible)"
    
    !KU( <$A.474, $B.5, cts_in.474>
    ) @ #vk.476 // nr: 423" (probably constructible)"
    
    !KU( $A.474 ) @ #vk.477 // nr: 424" (currently deducible)"
    
    !KU( <$B.5, cts_in.474>
    ) @ #vk.478 // nr: 425" (probably constructible)"
    
    !KU( cts_in.474 ) @ #vk.480 // nr: 427" (probably constructible)"
    
    !KU( <$A.498, $B.5, cts_in.498>
    ) @ #vk.500 // nr: 448" (probably constructible)"
    
    !KU( $A.498 ) @ #vk.501 // nr: 449" (currently deducible)"
    
    !KU( <$B.5, cts_in.498>
    ) @ #vk.502 // nr: 450" (probably constructible)"
    
    !KU( cts_in.498 ) @ #vk.504 // nr: 452" (probably constructible)"
    
    OpenStage0( $B.5, ~bid.9, ~rst.34
    ) ▶₀ #vr.473 // nr: 422 (from rule AddSlot1)" (useful2)"
    
    OpenStage0( $B.5, ~bid.9, ~rst.34
    ) ▶₀ #vr.497 // nr: 447 (from rule AddSlot1)" (useful2)"
    
    splitEqs(101) // nr: 460" (useful2)"
  last: none
  
  formulas:
  
  subterms:
  
  equations:
    subst:
      $B.5  <~ {t.1, $B.7, $B.9, $B.12, $B.14, $B.16, $B.18, $B.20,
                $B.22, $B.31, $B.34, $B.37, $B.39, $B.48, $B.51, $B.53, $B.62,
                $B.65, $B.67, $B.76, $B.79, $B.81, $B.90, $B.93, $B.95, $B.104,
                $B.107, $B.119, $B.122, $B.131, $B.137, $B.140, $B.142, $B.151,
                $B.154, $B.166, $B.169, $B.171, $B.180, $B.183, $B.195, $B.198,
                $B.200, $B.209, $B.212, $B.224, $B.227, $B.229, $B.238, $B.241,
                $B.253, $B.256, $B.265, $B.274, $B.283, $B.286, $B.289, $B.291,
                $B.300, $B.303, $B.315, $B.318, $B.327, $B.329, $B.338, $B.341,
                $B.353, $B.356, $B.365, $B.367, $B.376, $B.379, $B.391, $B.394,
                $B.403, $B.412, $B.421, $B.430, $B.433, $B.436, $B.438, $B.447,
                $B.450, $B.462, $B.465, $B.474, $B.483, $B.492, $B.495, $B.498,
                $B.507, $B.516}
      #vr.6  <~ {#vr.17}
      $A.7  <~ {$A.18, $A.22, $A.31, $A.81, $A.90, $A.116, $A.221}
      #vr.8  <~ {#vr.130, #vr.282, #vr.285, #vr.429, #vr.432, #vr.491,
                 #vr.494, #vr.515}
      ~bid.9  <~ {t.2, bid.5, bid.7, bid.12, bid.14, bid.16, bid.18,
                  bid.20, bid.22, bid.37, bid.39, bid.51, bid.53, bid.65, bid.67,
                  bid.79, bid.81, bid.93, bid.95, bid.107, bid.122, ~bid.131,
                  bid.140, bid.142, bid.154, bid.169, bid.171, bid.183, bid.198,
                  bid.200, bid.212, bid.227, bid.229, bid.241, bid.256, bid.265,
                  bid.274, ~bid.283, ~bid.286, bid.289, bid.291, bid.303, bid.318,
                  bid.327, bid.329, bid.341, bid.356, bid.365, bid.367, bid.379,
                  bid.394, bid.403, bid.412, bid.421, ~bid.430, ~bid.433, bid.436,
                  bid.438, bid.450, bid.465, bid.474, bid.483, ~bid.492, ~bid.495,
                  bid.498, bid.507, ~bid.516}
      #vf.10  <~ {#vf.132, #vf.284, #vf.287, #vf.431, #vf.434, #vf.493,
                  #vf.496, #vf.517}
      #vr.11  <~ {#vr.50, #vr.168, #vr.226, #vr.326}
      $A.12  <~ {$A.39, $A.48, $A.51, $A.134, $A.142, $A.151, $A.154,
                 $A.169, $A.227, $A.291, $A.300, $A.303, $A.318, $A.327, $A.367,
                 $A.376, $A.379, $A.394, $A.403, $A.438, $A.447, $A.450, $A.465}
      #vr.13  <~ {#vr.64, #vr.92, #vr.197}
      $A.14  <~ {$A.53, $A.62, $A.65, $A.93, $A.163, $A.171, $A.180,
                 $A.183, $A.198, $A.229, $A.238, $A.241, $A.256, $A.312, $A.329,
                 $A.338, $A.341, $A.356, $A.388, $A.459}
      #vr.15  <~ {#vr.19, #vr.78}
      $A.16  <~ {$A.20, $A.67, $A.76, $A.79, $A.95, $A.104, $A.107,
                 $A.192, $A.200, $A.209, $A.212, $A.250, $A.350}
      #vr.21  <~ {#vr.80}
      ~idx.22  <~ {idx.7, idx.18, ~idx.81}
      #vf.23  <~ {#vf.82}
      #vk.24  <~ {#vk.83}
      #vk.25  <~ {#vk.84}
      #vk.26  <~ {#vk.85}
      #vk.27  <~ {#vk.44, #vk.58, #vk.72, #vk.86, #vk.100, #vk.112,
                  #vk.127, #vk.147, #vk.159, #vk.176, #vk.188, #vk.205, #vk.217,
                  #vk.234, #vk.246, #vk.261, #vk.270, #vk.279, #vk.296, #vk.308,
                  #vk.323, #vk.334, #vk.346, #vk.361, #vk.372, #vk.384, #vk.399,
                  #vk.408, #vk.417, #vk.426, #vk.443, #vk.455, #vk.470, #vk.479,
                  #vk.488, #vk.503, #vk.512}
      #vk.28  <~ {#vk.87}
      #vf.29  <~ {#vf.88}
      #vr.30  <~ {#vr.89}
      ~r.31  <~ {~r.90}
      #vf.32  <~ {#vf.91}
      #vr.33  <~ {#vr.118, #vr.136, #vr.165, #vr.194, #vr.223, #vr.252,
                  #vr.314, #vr.352, #vr.390, #vr.461}
      ~rst.34  <~ {t.3, rst.5, rst.7, rst.9, rst.12, rst.14, rst.16,
                   rst.18, rst.20, rst.22, rst.31, rst.37, rst.39, rst.48, rst.51,
                   rst.53, rst.62, rst.65, rst.67, rst.76, rst.79, rst.81, rst.90,
                   rst.93, rst.95, rst.104, rst.107, ~rst.119, rst.122, rst.131,
                   ~rst.137, rst.140, rst.142, rst.151, rst.154, ~rst.166, rst.169,
                   rst.171, rst.180, rst.183, ~rst.195, rst.198, rst.200, rst.209,
                   rst.212, ~rst.224, rst.227, rst.229, rst.238, rst.241, ~rst.253,
                   rst.256, rst.265, rst.274, rst.283, rst.286, rst.289, rst.291,
                   rst.300, rst.303, ~rst.315, rst.318, rst.327, rst.329, rst.338,
                   rst.341, ~rst.353, rst.356, rst.365, rst.367, rst.376, rst.379,
                   ~rst.391, rst.394, rst.403, rst.412, rst.421, rst.430, rst.433,
                   rst.436, rst.438, rst.447, rst.450, ~rst.462, rst.465, rst.474,
                   rst.483, rst.492, rst.495, rst.498, rst.507, rst.516}
      #vf.35  <~ {#vf.120, #vf.138, #vf.167, #vf.196, #vf.225, #vf.254,
                  #vf.316, #vf.354, #vf.392, #vf.463}
      #vr.36  <~ {#vr.139, #vr.288, #vr.364, #vr.435}
      #vr.38  <~ {#vr.141, #vr.153, #vr.290, #vr.302, #vr.317, #vr.366,
                  #vr.378, #vr.393, #vr.402, #vr.437, #vr.449, #vr.464, #vr.473}
      ~idx.39  <~ {idx.12, idx.51, ~idx.142, ~idx.154, idx.169, idx.227,
                   ~idx.291, ~idx.303, ~idx.318, idx.327, ~idx.367, ~idx.379,
                   ~idx.394, ~idx.403, ~idx.438, ~idx.450, ~idx.465}
      #vf.40  <~ {#vf.143, #vf.155, #vf.292, #vf.304, #vf.319, #vf.368,
                  #vf.380, #vf.395, #vf.404, #vf.439, #vf.451, #vf.466}
      #vk.41  <~ {#vk.144, #vk.156, #vk.293, #vk.305, #vk.320, #vk.369,
                  #vk.381, #vk.396, #vk.405, #vk.440, #vk.452, #vk.467}
      #vk.42  <~ {#vk.145, #vk.157, #vk.294, #vk.306, #vk.321, #vk.370,
                  #vk.382, #vk.397, #vk.406, #vk.441, #vk.453, #vk.468}
      #vk.43  <~ {#vk.146, #vk.158, #vk.295, #vk.307, #vk.322, #vk.371,
                  #vk.383, #vk.398, #vk.407, #vk.442, #vk.454, #vk.469}
      #vk.45  <~ {#vk.148, #vk.160, #vk.297, #vk.309, #vk.324, #vk.373,
                  #vk.385, #vk.400, #vk.409, #vk.444, #vk.456, #vk.471}
      #vf.46  <~ {#vf.149, #vf.161, #vf.298, #vf.310, #vf.325, #vf.374,
                  #vf.386, #vf.401, #vf.410, #vf.445, #vf.457, #vf.472}
      #vr.47  <~ {#vr.150, #vr.299, #vr.375, #vr.446}
      ~r.48  <~ {~r.151, ~r.300, ~r.376, ~r.447}
      #vf.49  <~ {#vf.152, #vf.301, #vf.377, #vf.448}
      #vr.52  <~ {#vr.170, #vr.182, #vr.228, #vr.240, #vr.255, #vr.328,
                  #vr.340, #vr.355}
      ~idx.53  <~ {idx.14, idx.65, idx.93, ~idx.171, ~idx.183, idx.198,
                   ~idx.229, ~idx.241, ~idx.256, ~idx.329, ~idx.341, ~idx.356}
      #vf.54  <~ {#vf.172, #vf.184, #vf.230, #vf.242, #vf.257, #vf.330,
                  #vf.342, #vf.357}
      #vk.55  <~ {#vk.173, #vk.185, #vk.231, #vk.243, #vk.258, #vk.331,
                  #vk.343, #vk.358}
      #vk.56  <~ {#vk.174, #vk.186, #vk.232, #vk.244, #vk.259, #vk.332,
                  #vk.344, #vk.359}
      #vk.57  <~ {#vk.175, #vk.187, #vk.233, #vk.245, #vk.260, #vk.333,
                  #vk.345, #vk.360}
      #vk.59  <~ {#vk.177, #vk.189, #vk.235, #vk.247, #vk.262, #vk.335,
                  #vk.347, #vk.362}
      #vf.60  <~ {#vf.178, #vf.190, #vf.236, #vf.248, #vf.263, #vf.336,
                  #vf.348, #vf.363}
      #vr.61  <~ {#vr.179, #vr.237, #vr.337}
      ~r.62  <~ {~r.180, ~r.238, ~r.338}
      #vf.63  <~ {#vf.181, #vf.239, #vf.339}
      #vr.66  <~ {#vr.94, #vr.106, #vr.199, #vr.211}
      ~idx.67  <~ {idx.16, idx.20, idx.79, ~idx.95, ~idx.107, ~idx.200,
                   ~idx.212}
      #vf.68  <~ {#vf.96, #vf.108, #vf.201, #vf.213}
      #vk.69  <~ {#vk.97, #vk.109, #vk.202, #vk.214}
      #vk.70  <~ {#vk.98, #vk.110, #vk.203, #vk.215}
      #vk.71  <~ {#vk.99, #vk.111, #vk.204, #vk.216}
      #vk.73  <~ {#vk.101, #vk.113, #vk.206, #vk.218}
      #vf.74  <~ {#vf.102, #vf.114, #vf.207, #vf.219}
      #vr.75  <~ {#vr.103, #vr.208}
      ~r.76  <~ {~r.104, ~r.209}
      #vf.77  <~ {#vf.105, #vf.210}
      #vr.115  <~ {#vr.220}
      ~sst.116  <~ {sst.31, sst.90, ~sst.221}
      #vf.117  <~ {#vf.222}
      #vr.121  <~ {#vr.273, #vr.420, #vr.482, #vr.506}
      $A.122  <~ {$A.274, $A.421, $A.483, $A.507}
      ~idx.122  <~ {~idx.274, ~idx.421, ~idx.483, ~idx.507}
      cts_in.122  <~ {cts_in.274, cts_in.421, cts_in.483, cts_in.507}
      #vf.123  <~ {#vf.275, #vf.422, #vf.484, #vf.508}
      #vk.124  <~ {#vk.276, #vk.423, #vk.485, #vk.509}
      #vk.125  <~ {#vk.277, #vk.424, #vk.486, #vk.510}
      #vk.126  <~ {#vk.278, #vk.425, #vk.487, #vk.511}
      #vk.128  <~ {#vk.280, #vk.427, #vk.489, #vk.513}
      #vf.129  <~ {#vf.281, #vf.428, #vf.490, #vf.514}
      ~sst.134  <~ {sst.48, sst.151, sst.300, sst.376, sst.447}
      #vr.162  <~ {#vr.311, #vr.387, #vr.458}
      ~sst.163  <~ {sst.62, sst.180, sst.238, ~sst.312, sst.338,
                    ~sst.388, ~sst.459}
      #vf.164  <~ {#vf.313, #vf.389, #vf.460}
      #vr.191  <~ {#vr.249, #vr.349}
      ~sst.192  <~ {sst.76, sst.104, sst.209, ~sst.250, ~sst.350}
      #vf.193  <~ {#vf.251, #vf.351}
      cts($A.7, $B.5, ~sst.116, ~r.31)  <~ {cts_in.7, cts_in.18,
                                            cts_in.22, cts_in.81}
      cts($A.12, $B.5, ~sst.134, ~r.48)  <~ {cts_in.12, cts_in.39,
                                             cts_in.51, cts_in.142, cts_in.154, cts_in.169,
                                             cts_in.227, cts_in.291, cts_in.303, cts_in.318,
                                             cts_in.327, cts_in.367, cts_in.379, cts_in.394,
                                             cts_in.403, cts_in.438, cts_in.450, cts_in.465}
      cts($A.14, $B.5, ~sst.163, ~r.62)  <~ {cts_in.14, cts_in.53,
                                             cts_in.65, cts_in.93, cts_in.171, cts_in.183,
                                             cts_in.198, cts_in.229, cts_in.241, cts_in.256,
                                             cts_in.329, cts_in.341, cts_in.356}
      cts($A.16, $B.5, ~sst.192, ~r.76)  <~ {cts_in.16, cts_in.20,
                                             cts_in.67, cts_in.79, cts_in.95, cts_in.107,
                                             cts_in.200, cts_in.212}
      ks($A.7, $B.5, ~sst.116, ~r.31)  <~ {Ks.7, Ks.18}
      ks($A.12, $B.5, ~sst.134, ~r.48)  <~ {Ks.12, Ks.51, Ks.169, Ks.227,
                                            Ks.327}
      ks($A.14, $B.5, ~sst.163, ~r.62)  <~ {Ks.14, Ks.65, Ks.93, Ks.198}
      ks($A.16, $B.5, ~sst.192, ~r.76)  <~ {Ks.16, Ks.20, Ks.79}
    conj:
  
  lemmas:
  
  allowed cases: raw
  
  solved formulas:
  
  unsolved constraints:
    !KU( <$A.7, $B.5, cts($A.7, $B.5, ~sst.116, ~r.31)>
    ) @ #vk.24 // nr: 36" (currently deducible)"
    
    !KU( $A.7 ) @ #vk.25 // nr: 37" (currently deducible)"
    
    !KU( <$B.5, cts($A.7, $B.5, ~sst.116, ~r.31)>
    ) @ #vk.26 // nr: 38" (currently deducible)"
    
    !KU( $B.5 ) @ #vk.27 // nr: 39" (currently deducible)"
    
    !KU( cts($A.7, $B.5, ~sst.116, ~r.31)
    ) @ #vk.28 // nr: 45" (currently deducible)"
    
    !KU( <$A.12, $B.5, cts($A.12, $B.5, ~sst.134, ~r.48)>
    ) @ #vk.41 // nr: 51" (currently deducible)"
    
    !KU( $A.12 ) @ #vk.42 // nr: 52" (currently deducible)"
    
    !KU( <$B.5, cts($A.12, $B.5, ~sst.134, ~r.48)>
    ) @ #vk.43 // nr: 53" (currently deducible)"
    
    !KU( cts($A.12, $B.5, ~sst.134, ~r.48)
    ) @ #vk.45 // nr: 60" (currently deducible)"
    
    !KU( <$A.14, $B.5, cts($A.14, $B.5, ~sst.163, ~r.62)>
    ) @ #vk.55 // nr: 67" (currently deducible)"
    
    !KU( $A.14 ) @ #vk.56 // nr: 68" (currently deducible)"
    
    !KU( <$B.5, cts($A.14, $B.5, ~sst.163, ~r.62)>
    ) @ #vk.57 // nr: 69" (currently deducible)"
    
    !KU( cts($A.14, $B.5, ~sst.163, ~r.62)
    ) @ #vk.59 // nr: 76" (currently deducible)"
    
    !KU( <$A.16, $B.5, cts($A.16, $B.5, ~sst.192, ~r.76)>
    ) @ #vk.69 // nr: 83" (currently deducible)"
    
    !KU( $A.16 ) @ #vk.70 // nr: 84" (currently deducible)"
    
    !KU( <$B.5, cts($A.16, $B.5, ~sst.192, ~r.76)>
    ) @ #vk.71 // nr: 85" (currently deducible)"
    
    !KU( cts($A.16, $B.5, ~sst.192, ~r.76)
    ) @ #vk.73 // nr: 92" (currently deducible)"
    
    !KU( <$A.122, $B.5, cts_in.122>
    ) @ #vk.124 // nr: 136" (probably constructible)"
    
    !KU( $A.122 ) @ #vk.125 // nr: 137" (currently deducible)"
    
    !KU( <$B.5, cts_in.122>
    ) @ #vk.126 // nr: 138" (probably constructible)"
    
    !KU( cts_in.122 ) @ #vk.128 // nr: 140" (probably constructible)"
    
    !KU( <$A.265, $B.5, cts_in.265>
    ) @ #vk.267 // nr: 252" (probably constructible)"
    
    !KU( $A.265 ) @ #vk.268 // nr: 253" (currently deducible)"
    
    !KU( <$B.5, cts_in.265>
    ) @ #vk.269 // nr: 254" (probably constructible)"
    
    !KU( cts_in.265 ) @ #vk.271 // nr: 256" (probably constructible)"
    
    !KU( <$A.14, $B.5, cts($A.14, $B.5, ~sst.163, ~r.62)>
    ) @ #vk.358 // nr: 327" (currently deducible)"
    
    !KU( $A.14 ) @ #vk.359 // nr: 328" (currently deducible)"
    
    !KU( <$B.5, cts($A.14, $B.5, ~sst.163, ~r.62)>
    ) @ #vk.360 // nr: 329" (currently deducible)"
    
    !KU( cts($A.14, $B.5, ~sst.163, ~r.62)
    ) @ #vk.362 // nr: 467" (currently deducible)"
    
    !KU( <$A.412, $B.5, cts_in.412>
    ) @ #vk.414 // nr: 371" (probably constructible)"
    
    !KU( $A.412 ) @ #vk.415 // nr: 372" (currently deducible)"
    
    !KU( <$B.5, cts_in.412>
    ) @ #vk.416 // nr: 373" (probably constructible)"
    
    !KU( cts_in.412 ) @ #vk.418 // nr: 375" (probably constructible)"
    
    !KU( <$A.474, $B.5, cts_in.474>
    ) @ #vk.476 // nr: 423" (probably constructible)"
    
    !KU( $A.474 ) @ #vk.477 // nr: 424" (currently deducible)"
    
    !KU( <$B.5, cts_in.474>
    ) @ #vk.478 // nr: 425" (probably constructible)"
    
    !KU( cts_in.474 ) @ #vk.480 // nr: 427" (probably constructible)"
    
    !KU( <$A.498, $B.5, cts_in.498>
    ) @ #vk.500 // nr: 448" (probably constructible)"
    
    !KU( $A.498 ) @ #vk.501 // nr: 449" (currently deducible)"
    
    !KU( <$B.5, cts_in.498>
    ) @ #vk.502 // nr: 450" (probably constructible)"
    
    !KU( cts_in.498 ) @ #vk.504 // nr: 452" (probably constructible)"
    
    OpenStage0( $B.5, ~bid.9, ~rst.34
    ) ▶₀ #vr.473 // nr: 422 (from rule AddSlot1)" (useful2)"
    
    OpenStage0( $B.5, ~bid.9, ~rst.34
    ) ▶₀ #vr.497 // nr: 447 (from rule AddSlot1)" (useful2)"
    
    splitEqs(101) // nr: 460" (useful2)"
  
  solved constraints:
    ClosedBatch( $B.5, ~bid.9, ~rst.34 ) ▶₀ #i // nr: 0" (useful2)"
    
    SealedStage4( $B.5, ~bid.9, ~rst.34
    ) ▶₀ #vr.4 // nr: 2 (from rule CompleteBatch)" (useful2)"
    
    BatchEndToken( $B.5, ~bid.9, ~rst.34
    ) ▶₁ #vr.4 // nr: 3 (from rule CompleteBatch)" (useful2)"
    
    Slot1DoneFact( $B.5, ~bid.9, ~rst.34
    ) ▶₂ #vr.4 // nr: 4 (from rule CompleteBatch)" (useful2)"
    
    Slot2DoneFact( $B.5, ~bid.9, ~rst.34
    ) ▶₃ #vr.4 // nr: 5 (from rule CompleteBatch)" (useful2)"
    
    Slot3DoneFact( $B.5, ~bid.9, ~rst.34
    ) ▶₄ #vr.4 // nr: 6 (from rule CompleteBatch)" (useful2)"
    
    Slot4DoneFact( $B.5, ~bid.9, ~rst.34
    ) ▶₅ #vr.4 // nr: 7 (from rule CompleteBatch)" (useful2)"
    
    SealedStage3( $B.5, ~bid.9, ~rst.34
    ) ▶₀ #vr.6 // nr: 9 (from rule ProcessSlot4)" (useful2)"
    
    AddedSlot4( $B.5, ~bid.9, ~rst.34, ~idx.22, $A.7,
                cts($A.7, $B.5, ~sst.116, ~r.31)
    ) ▶₁ #vr.6 // nr: 10 (from rule ProcessSlot4)" (useful2)"
    
    !ComponentKey( $A.7, $B.5, ~rst.34,
                   cts($A.7, $B.5, ~sst.116, ~r.31), ks($A.7, $B.5, ~sst.116, ~r.31)
    ) ▶₂ #vr.6 // nr: 11 (from rule ProcessSlot4)" (useful2)"
    
    ReceiverState( $B.5, ~rst.34
    ) ▶₀ #vr.8 // nr: 13 (from rule CreateBatch)" (useful2)"
    
    SealedStage0( $B.5, ~bid.9, ~rst.34
    ) ▶₀ #vr.11 // nr: 15 (from rule ProcessSlot1)" (useful2)"
    
    AddedSlot1( $B.5, ~bid.9, ~rst.34, ~idx.39, $A.12,
                cts($A.12, $B.5, ~sst.134, ~r.48)
    ) ▶₁ #vr.11 // nr: 16 (from rule ProcessSlot1)" (useful2)"
    
    !ComponentKey( $A.12, $B.5, ~rst.34,
                   cts($A.12, $B.5, ~sst.134, ~r.48), ks($A.12, $B.5, ~sst.134, ~r.48)
    ) ▶₂ #vr.11 // nr: 17 (from rule ProcessSlot1)" (useful2)"
    
    SealedStage1( $B.5, ~bid.9, ~rst.34
    ) ▶₀ #vr.13 // nr: 19 (from rule ProcessSlot2)" (useful2)"
    
    AddedSlot2( $B.5, ~bid.9, ~rst.34, ~idx.53, $A.14,
                cts($A.14, $B.5, ~sst.163, ~r.62)
    ) ▶₁ #vr.13 // nr: 20 (from rule ProcessSlot2)" (useful2)"
    
    !ComponentKey( $A.14, $B.5, ~rst.34,
                   cts($A.14, $B.5, ~sst.163, ~r.62), ks($A.14, $B.5, ~sst.163, ~r.62)
    ) ▶₂ #vr.13 // nr: 21 (from rule ProcessSlot2)" (useful2)"
    
    SealedStage2( $B.5, ~bid.9, ~rst.34
    ) ▶₀ #vr.15 // nr: 23 (from rule ProcessSlot3)" (useful2)"
    
    AddedSlot3( $B.5, ~bid.9, ~rst.34, ~idx.67, $A.16,
                cts($A.16, $B.5, ~sst.192, ~r.76)
    ) ▶₁ #vr.15 // nr: 24 (from rule ProcessSlot3)" (useful2)"
    
    !ComponentKey( $A.16, $B.5, ~rst.34,
                   cts($A.16, $B.5, ~sst.192, ~r.76), ks($A.16, $B.5, ~sst.192, ~r.76)
    ) ▶₂ #vr.15 // nr: 25 (from rule ProcessSlot3)" (useful2)"
    
    OpenStage3( $B.5, ~bid.9, ~rst.34
    ) ▶₀ #vr.21 // nr: 35 (from rule AddSlot4)" (useful2)"
    
    !SenderState( $A.7, ~sst.116
    ) ▶₀ #vr.30 // nr: 43 (from rule SenderCreatesComponent)" (useful2)"
    
    !ReceiverPublicState( $B.5, ~rst.34
    ) ▶₁ #vr.30 // nr: 44 (from rule SenderCreatesComponent)" (useful2)"
    
    OpenStage4( $B.5, ~bid.9, ~rst.34
    ) ▶₀ #vr.36 // nr: 48 (from rule SealBatch)" (useful2)"
    
    OpenStage0( $B.5, ~bid.9, ~rst.34
    ) ▶₀ #vr.38 // nr: 50 (from rule AddSlot1)" (useful2)"
    
    !SenderState( $A.12, ~sst.134
    ) ▶₀ #vr.47 // nr: 58 (from rule SenderCreatesComponent)" (useful2)"
    
    !ReceiverPublicState( $B.5, ~rst.34
    ) ▶₁ #vr.47 // nr: 59 (from rule SenderCreatesComponent)" (useful2)"
    
    OpenStage1( $B.5, ~bid.9, ~rst.34
    ) ▶₀ #vr.52 // nr: 66 (from rule AddSlot2)" (useful2)"
    
    !SenderState( $A.14, ~sst.163
    ) ▶₀ #vr.61 // nr: 74 (from rule SenderCreatesComponent)" (useful2)"
    
    !ReceiverPublicState( $B.5, ~rst.34
    ) ▶₁ #vr.61 // nr: 75 (from rule SenderCreatesComponent)" (useful2)"
    
    OpenStage2( $B.5, ~bid.9, ~rst.34
    ) ▶₀ #vr.66 // nr: 82 (from rule AddSlot3)" (useful2)"
    
    !SenderState( $A.16, ~sst.192
    ) ▶₀ #vr.75 // nr: 90 (from rule SenderCreatesComponent)" (useful2)"
    
    !ReceiverPublicState( $B.5, ~rst.34
    ) ▶₁ #vr.75 // nr: 91 (from rule SenderCreatesComponent)" (useful2)"
    
    OpenStage3( $B.5, ~bid.9, ~rst.34
    ) ▶₀ #vr.121 // nr: 135 (from rule AddSlot4)" (useful2)"
    
    OpenStage2( $B.5, ~bid.9, ~rst.34
    ) ▶₀ #vr.264 // nr: 251 (from rule AddSlot3)" (useful2)"
    
    OpenStage1( $B.5, ~bid.9, ~rst.34
    ) ▶₀ #vr.411 // nr: 370 (from rule AddSlot2)" (useful2)"
Simplifier iteration 12:

The reduction-rules for
were applied to the following constraint system.

  nodes:
    #vr.4: instance (modulo AC) CompleteBatch:
              [
              SealedStage4( $B.5, ~bid.9, ~rst.34 ),
              BatchEndToken( $B.5, ~bid.9, ~rst.34 ),
              Slot1DoneFact( $B.5, ~bid.9, ~rst.34 ),
              Slot2DoneFact( $B.5, ~bid.9, ~rst.34 ),
              Slot3DoneFact( $B.5, ~bid.9, ~rst.34 ),
              Slot4DoneFact( $B.5, ~bid.9, ~rst.34 )
              ]
             --[
             UseBatchEndToken( $B.5, ~bid.9, ~rst.34 ),
             BatchComplete( $B.5, ~bid.9, ~rst.34 ),
             BatchClosed( $B.5, ~bid.9, ~rst.34 ),
             ConsumeReceiverState( $B.5, ~rst.34 )
             ]->
              [
              ClosedBatch( $B.5, ~bid.9, ~rst.34 ),
              UsedReceiverState( $B.5, ~rst.34 )
              ]
    #vr.6: instance (modulo AC) ProcessSlot4:
              [
              SealedStage3( $B.5, ~bid.9, ~rst.34 ),
              AddedSlot4( $B.5, ~bid.9, ~rst.34, ~idx.22, $A.7,
                          cts($A.7, $B.5, ~sst.116, ~r.31)
              ),
              !ComponentKey( $A.7, $B.5, ~rst.34,
                             cts($A.7, $B.5, ~sst.116, ~r.31), ks($A.7, $B.5, ~sst.116, ~r.31)
              )
              ]
             --[
             BatchSlot( $B.5, ~bid.9, ~idx.22, $A.7,
                        cts($A.7, $B.5, ~sst.116, ~r.31)
             ),
             BatchSlotAccept( $B.5, ~bid.9, ~idx.22, $A.7, ~rst.34,
                              cts($A.7, $B.5, ~sst.116, ~r.31), ks($A.7, $B.5, ~sst.116, ~r.31)
             ),
             ReceiverAcceptsComponent( $B.5, $A.7, ~rst.34,
                                       cts($A.7, $B.5, ~sst.116, ~r.31),
                                       ks($A.7, $B.5, ~sst.116, ~r.31)
             ),
             ReceiverKey( $B.5, $A.7, ~bid.9, ~idx.22, ~rst.34,
                          cts($A.7, $B.5, ~sst.116, ~r.31), ks($A.7, $B.5, ~sst.116, ~r.31),
                          rkey($B.5, $A.7, ~rst.34, cts($A.7, $B.5, ~sst.116, ~r.31),
                               ks($A.7, $B.5, ~sst.116, ~r.31))
             ),
             PartneredSlot( $A.7, $B.5, ~bid.9, ~idx.22, ~rst.34,
                            cts($A.7, $B.5, ~sst.116, ~r.31), ks($A.7, $B.5, ~sst.116, ~r.31)
             ),
             SlotProcessed( $B.5, ~bid.9, ~idx.22, $A.7,
                            cts($A.7, $B.5, ~sst.116, ~r.31)
             ),
             Slot4Done( $B.5, ~bid.9, ~rst.34 )
             ]->
              [
              SealedStage4( $B.5, ~bid.9, ~rst.34 ),
              Slot4DoneFact( $B.5, ~bid.9, ~rst.34 )
              ]
    #vr.8: instance (modulo AC) CreateBatch:
              [ ReceiverState( $B.5, ~rst.34 ), Fr( ~bid.9 ) ]
             --[ BatchCreated( $B.5, ~bid.9, ~rst.34 ) ]->
              [
              OpenStage0( $B.5, ~bid.9, ~rst.34 ),
              BatchEndToken( $B.5, ~bid.9, ~rst.34 ),
              BatchCompromiseToken( $B.5, ~bid.9, ~rst.34 )
              ]
    #vf.10: instance (modulo AC) Fresh:
               [ ] --> [ Fr( ~bid.9 ) ]
    #vr.11: instance (modulo AC) ProcessSlot1:
               [
               SealedStage0( $B.5, ~bid.9, ~rst.34 ),
               AddedSlot1( $B.5, ~bid.9, ~rst.34, ~idx.39, $A.12,
                           cts($A.12, $B.5, ~sst.134, ~r.48)
               ),
               !ComponentKey( $A.12, $B.5, ~rst.34,
                              cts($A.12, $B.5, ~sst.134, ~r.48), ks($A.12, $B.5, ~sst.134, ~r.48)
               )
               ]
              --[
              BatchSlot( $B.5, ~bid.9, ~idx.39, $A.12,
                         cts($A.12, $B.5, ~sst.134, ~r.48)
              ),
              BatchSlotAccept( $B.5, ~bid.9, ~idx.39, $A.12, ~rst.34,
                               cts($A.12, $B.5, ~sst.134, ~r.48), ks($A.12, $B.5, ~sst.134, ~r.48)
              ),
              ReceiverAcceptsComponent( $B.5, $A.12, ~rst.34,
                                        cts($A.12, $B.5, ~sst.134, ~r.48),
                                        ks($A.12, $B.5, ~sst.134, ~r.48)
              ),
              ReceiverKey( $B.5, $A.12, ~bid.9, ~idx.39, ~rst.34,
                           cts($A.12, $B.5, ~sst.134, ~r.48),
                           ks($A.12, $B.5, ~sst.134, ~r.48),
                           rkey($B.5, $A.12, ~rst.34, cts($A.12, $B.5, ~sst.134, ~r.48),
                                ks($A.12, $B.5, ~sst.134, ~r.48))
              ),
              PartneredSlot( $A.12, $B.5, ~bid.9, ~idx.39, ~rst.34,
                             cts($A.12, $B.5, ~sst.134, ~r.48), ks($A.12, $B.5, ~sst.134, ~r.48)
              ),
              SlotProcessed( $B.5, ~bid.9, ~idx.39, $A.12,
                             cts($A.12, $B.5, ~sst.134, ~r.48)
              ),
              Slot1Done( $B.5, ~bid.9, ~rst.34 )
              ]->
               [
               SealedStage1( $B.5, ~bid.9, ~rst.34 ),
               Slot1DoneFact( $B.5, ~bid.9, ~rst.34 )
               ]
    #vr.13: instance (modulo AC) ProcessSlot2:
               [
               SealedStage1( $B.5, ~bid.9, ~rst.34 ),
               AddedSlot2( $B.5, ~bid.9, ~rst.34, ~idx.53, $A.14,
                           cts($A.14, $B.5, ~sst.163, ~r.62)
               ),
               !ComponentKey( $A.14, $B.5, ~rst.34,
                              cts($A.14, $B.5, ~sst.163, ~r.62), ks($A.14, $B.5, ~sst.163, ~r.62)
               )
               ]
              --[
              BatchSlot( $B.5, ~bid.9, ~idx.53, $A.14,
                         cts($A.14, $B.5, ~sst.163, ~r.62)
              ),
              BatchSlotAccept( $B.5, ~bid.9, ~idx.53, $A.14, ~rst.34,
                               cts($A.14, $B.5, ~sst.163, ~r.62), ks($A.14, $B.5, ~sst.163, ~r.62)
              ),
              ReceiverAcceptsComponent( $B.5, $A.14, ~rst.34,
                                        cts($A.14, $B.5, ~sst.163, ~r.62),
                                        ks($A.14, $B.5, ~sst.163, ~r.62)
              ),
              ReceiverKey( $B.5, $A.14, ~bid.9, ~idx.53, ~rst.34,
                           cts($A.14, $B.5, ~sst.163, ~r.62),
                           ks($A.14, $B.5, ~sst.163, ~r.62),
                           rkey($B.5, $A.14, ~rst.34, cts($A.14, $B.5, ~sst.163, ~r.62),
                                ks($A.14, $B.5, ~sst.163, ~r.62))
              ),
              PartneredSlot( $A.14, $B.5, ~bid.9, ~idx.53, ~rst.34,
                             cts($A.14, $B.5, ~sst.163, ~r.62), ks($A.14, $B.5, ~sst.163, ~r.62)
              ),
              SlotProcessed( $B.5, ~bid.9, ~idx.53, $A.14,
                             cts($A.14, $B.5, ~sst.163, ~r.62)
              ),
              Slot2Done( $B.5, ~bid.9, ~rst.34 )
              ]->
               [
               SealedStage2( $B.5, ~bid.9, ~rst.34 ),
               Slot2DoneFact( $B.5, ~bid.9, ~rst.34 )
               ]
    #vr.15: instance (modulo AC) ProcessSlot3:
               [
               SealedStage2( $B.5, ~bid.9, ~rst.34 ),
               AddedSlot3( $B.5, ~bid.9, ~rst.34, ~idx.67, $A.16,
                           cts($A.16, $B.5, ~sst.192, ~r.76)
               ),
               !ComponentKey( $A.16, $B.5, ~rst.34,
                              cts($A.16, $B.5, ~sst.192, ~r.76), ks($A.16, $B.5, ~sst.192, ~r.76)
               )
               ]
              --[
              BatchSlot( $B.5, ~bid.9, ~idx.67, $A.16,
                         cts($A.16, $B.5, ~sst.192, ~r.76)
              ),
              BatchSlotAccept( $B.5, ~bid.9, ~idx.67, $A.16, ~rst.34,
                               cts($A.16, $B.5, ~sst.192, ~r.76), ks($A.16, $B.5, ~sst.192, ~r.76)
              ),
              ReceiverAcceptsComponent( $B.5, $A.16, ~rst.34,
                                        cts($A.16, $B.5, ~sst.192, ~r.76),
                                        ks($A.16, $B.5, ~sst.192, ~r.76)
              ),
              ReceiverKey( $B.5, $A.16, ~bid.9, ~idx.67, ~rst.34,
                           cts($A.16, $B.5, ~sst.192, ~r.76),
                           ks($A.16, $B.5, ~sst.192, ~r.76),
                           rkey($B.5, $A.16, ~rst.34, cts($A.16, $B.5, ~sst.192, ~r.76),
                                ks($A.16, $B.5, ~sst.192, ~r.76))
              ),
              PartneredSlot( $A.16, $B.5, ~bid.9, ~idx.67, ~rst.34,
                             cts($A.16, $B.5, ~sst.192, ~r.76), ks($A.16, $B.5, ~sst.192, ~r.76)
              ),
              SlotProcessed( $B.5, ~bid.9, ~idx.67, $A.16,
                             cts($A.16, $B.5, ~sst.192, ~r.76)
              ),
              Slot3Done( $B.5, ~bid.9, ~rst.34 )
              ]->
               [
               SealedStage3( $B.5, ~bid.9, ~rst.34 ),
               Slot3DoneFact( $B.5, ~bid.9, ~rst.34 )
               ]
    #vr.21: instance (modulo AC) AddSlot4:
               [
               OpenStage3( $B.5, ~bid.9, ~rst.34 ),
               In( <$A.7, $B.5, cts($A.7, $B.5, ~sst.116, ~r.31)> ), Fr( ~idx.22 )
               ]
              --[
              SlotAdded( $B.5, ~bid.9, ~idx.22, $A.7,
                         cts($A.7, $B.5, ~sst.116, ~r.31)
              ),
              Slot4Added( $B.5, ~bid.9, ~rst.34, ~idx.22, $A.7,
                          cts($A.7, $B.5, ~sst.116, ~r.31)
              )
              ]->
               [
               OpenStage4( $B.5, ~bid.9, ~rst.34 ),
               AddedSlot4( $B.5, ~bid.9, ~rst.34, ~idx.22, $A.7,
                           cts($A.7, $B.5, ~sst.116, ~r.31)
               )
               ]
    #vf.23: instance (modulo AC) isend:
               [ !KU( <$A.7, $B.5, cts($A.7, $B.5, ~sst.116, ~r.31)> ) ]
              --[ K( <$A.7, $B.5, cts($A.7, $B.5, ~sst.116, ~r.31)> ) ]->
               [ In( <$A.7, $B.5, cts($A.7, $B.5, ~sst.116, ~r.31)> ) ]
    #vf.29: instance (modulo AC) Fresh:
               [ ] --> [ Fr( ~idx.22 ) ]
    #vr.30: instance (modulo AC) SenderCreatesComponent:
               [
               !SenderState( $A.7, ~sst.116 ),
               !ReceiverPublicState( $B.5, ~rst.34 ), Fr( ~r.31 )
               ]
              --[
              SenderComponent( $A.7, $B.5, ~rst.34,
                               cts($A.7, $B.5, ~sst.116, ~r.31), ks($A.7, $B.5, ~sst.116, ~r.31)
              )
              ]->
               [
               Out( <$A.7, $B.5, cts($A.7, $B.5, ~sst.116, ~r.31)> ),
               !ComponentKey( $A.7, $B.5, ~rst.34,
                              cts($A.7, $B.5, ~sst.116, ~r.31), ks($A.7, $B.5, ~sst.116, ~r.31)
               )
               ]
    #vf.32: instance (modulo AC) Fresh:
               [ ] --> [ Fr( ~r.31 ) ]
    #vr.33: instance (modulo AC) InitReceiverState:
               [ Fr( ~rst.34 ) ]
              --[ ReceiverStateCreated( $B.5, ~rst.34 ) ]->
               [
               ReceiverState( $B.5, ~rst.34 ),
               !ReceiverPublicState( $B.5, ~rst.34 ),
               ReceiverCompromiseToken( $B.5, ~rst.34 )
               ]
    #vf.35: instance (modulo AC) Fresh:
               [ ] --> [ Fr( ~rst.34 ) ]
    #vr.36: instance (modulo AC) SealBatch:
               [ OpenStage4( $B.5, ~bid.9, ~rst.34 ) ]
              --[ SealBatchEvent( $B.5, ~bid.9, ~rst.34 ) ]->
               [ SealedStage0( $B.5, ~bid.9, ~rst.34 ) ]
    #vr.38: instance (modulo AC) AddSlot1:
               [
               OpenStage0( $B.5, ~bid.9, ~rst.34 ),
               In( <$A.12, $B.5, cts($A.12, $B.5, ~sst.134, ~r.48)> ),
               Fr( ~idx.39 )
               ]
              --[
              SlotAdded( $B.5, ~bid.9, ~idx.39, $A.12,
                         cts($A.12, $B.5, ~sst.134, ~r.48)
              ),
              Slot1Added( $B.5, ~bid.9, ~rst.34, ~idx.39, $A.12,
                          cts($A.12, $B.5, ~sst.134, ~r.48)
              )
              ]->
               [
               OpenStage1( $B.5, ~bid.9, ~rst.34 ),
               AddedSlot1( $B.5, ~bid.9, ~rst.34, ~idx.39, $A.12,
                           cts($A.12, $B.5, ~sst.134, ~r.48)
               )
               ]
    #vf.40: instance (modulo AC) isend:
               [ !KU( <$A.12, $B.5, cts($A.12, $B.5, ~sst.134, ~r.48)> ) ]
              --[ K( <$A.12, $B.5, cts($A.12, $B.5, ~sst.134, ~r.48)> ) ]->
               [ In( <$A.12, $B.5, cts($A.12, $B.5, ~sst.134, ~r.48)> ) ]
    #vf.46: instance (modulo AC) Fresh:
               [ ] --> [ Fr( ~idx.39 ) ]
    #vr.47: instance (modulo AC) SenderCreatesComponent:
               [
               !SenderState( $A.12, ~sst.134 ),
               !ReceiverPublicState( $B.5, ~rst.34 ), Fr( ~r.48 )
               ]
              --[
              SenderComponent( $A.12, $B.5, ~rst.34,
                               cts($A.12, $B.5, ~sst.134, ~r.48), ks($A.12, $B.5, ~sst.134, ~r.48)
              )
              ]->
               [
               Out( <$A.12, $B.5, cts($A.12, $B.5, ~sst.134, ~r.48)> ),
               !ComponentKey( $A.12, $B.5, ~rst.34,
                              cts($A.12, $B.5, ~sst.134, ~r.48), ks($A.12, $B.5, ~sst.134, ~r.48)
               )
               ]
    #vf.49: instance (modulo AC) Fresh:
               [ ] --> [ Fr( ~r.48 ) ]
    #vr.52: instance (modulo AC) AddSlot2:
               [
               OpenStage1( $B.5, ~bid.9, ~rst.34 ),
               In( <$A.14, $B.5, cts($A.14, $B.5, ~sst.163, ~r.62)> ),
               Fr( ~idx.53 )
               ]
              --[
              SlotAdded( $B.5, ~bid.9, ~idx.53, $A.14,
                         cts($A.14, $B.5, ~sst.163, ~r.62)
              ),
              Slot2Added( $B.5, ~bid.9, ~rst.34, ~idx.53, $A.14,
                          cts($A.14, $B.5, ~sst.163, ~r.62)
              )
              ]->
               [
               OpenStage2( $B.5, ~bid.9, ~rst.34 ),
               AddedSlot2( $B.5, ~bid.9, ~rst.34, ~idx.53, $A.14,
                           cts($A.14, $B.5, ~sst.163, ~r.62)
               )
               ]
    #vf.54: instance (modulo AC) isend:
               [ !KU( <$A.14, $B.5, cts($A.14, $B.5, ~sst.163, ~r.62)> ) ]
              --[ K( <$A.14, $B.5, cts($A.14, $B.5, ~sst.163, ~r.62)> ) ]->
               [ In( <$A.14, $B.5, cts($A.14, $B.5, ~sst.163, ~r.62)> ) ]
    #vf.60: instance (modulo AC) Fresh:
               [ ] --> [ Fr( ~idx.53 ) ]
    #vr.61: instance (modulo AC) SenderCreatesComponent:
               [
               !SenderState( $A.14, ~sst.163 ),
               !ReceiverPublicState( $B.5, ~rst.34 ), Fr( ~r.62 )
               ]
              --[
              SenderComponent( $A.14, $B.5, ~rst.34,
                               cts($A.14, $B.5, ~sst.163, ~r.62), ks($A.14, $B.5, ~sst.163, ~r.62)
              )
              ]->
               [
               Out( <$A.14, $B.5, cts($A.14, $B.5, ~sst.163, ~r.62)> ),
               !ComponentKey( $A.14, $B.5, ~rst.34,
                              cts($A.14, $B.5, ~sst.163, ~r.62), ks($A.14, $B.5, ~sst.163, ~r.62)
               )
               ]
    #vf.63: instance (modulo AC) Fresh:
               [ ] --> [ Fr( ~r.62 ) ]
    #vr.66: instance (modulo AC) AddSlot3:
               [
               OpenStage2( $B.5, ~bid.9, ~rst.34 ),
               In( <$A.16, $B.5, cts($A.16, $B.5, ~sst.192, ~r.76)> ),
               Fr( ~idx.67 )
               ]
              --[
              SlotAdded( $B.5, ~bid.9, ~idx.67, $A.16,
                         cts($A.16, $B.5, ~sst.192, ~r.76)
              ),
              Slot3Added( $B.5, ~bid.9, ~rst.34, ~idx.67, $A.16,
                          cts($A.16, $B.5, ~sst.192, ~r.76)
              )
              ]->
               [
               OpenStage3( $B.5, ~bid.9, ~rst.34 ),
               AddedSlot3( $B.5, ~bid.9, ~rst.34, ~idx.67, $A.16,
                           cts($A.16, $B.5, ~sst.192, ~r.76)
               )
               ]
    #vf.68: instance (modulo AC) isend:
               [ !KU( <$A.16, $B.5, cts($A.16, $B.5, ~sst.192, ~r.76)> ) ]
              --[ K( <$A.16, $B.5, cts($A.16, $B.5, ~sst.192, ~r.76)> ) ]->
               [ In( <$A.16, $B.5, cts($A.16, $B.5, ~sst.192, ~r.76)> ) ]
    #vf.74: instance (modulo AC) Fresh:
               [ ] --> [ Fr( ~idx.67 ) ]
    #vr.75: instance (modulo AC) SenderCreatesComponent:
               [
               !SenderState( $A.16, ~sst.192 ),
               !ReceiverPublicState( $B.5, ~rst.34 ), Fr( ~r.76 )
               ]
              --[
              SenderComponent( $A.16, $B.5, ~rst.34,
                               cts($A.16, $B.5, ~sst.192, ~r.76), ks($A.16, $B.5, ~sst.192, ~r.76)
              )
              ]->
               [
               Out( <$A.16, $B.5, cts($A.16, $B.5, ~sst.192, ~r.76)> ),
               !ComponentKey( $A.16, $B.5, ~rst.34,
                              cts($A.16, $B.5, ~sst.192, ~r.76), ks($A.16, $B.5, ~sst.192, ~r.76)
               )
               ]
    #vf.77: instance (modulo AC) Fresh:
               [ ] --> [ Fr( ~r.76 ) ]
    #vr.115: instance (modulo AC) InitSenderState:
                [ Fr( ~sst.116 ) ]
               --[ SenderStateCreated( $A.7, ~sst.116 ) ]->
                [
                !SenderState( $A.7, ~sst.116 ),
                SenderCompromiseToken( $A.7, ~sst.116 )
                ]
    #vf.117: instance (modulo AC) Fresh:
                [ ] --> [ Fr( ~sst.116 ) ]
    #vr.121: instance (modulo AC) AddSlot4:
                [
                OpenStage3( $B.5, ~bid.9, ~rst.34 ),
                In( <$A.122, $B.5, cts_in.122> ), Fr( ~idx.122 )
                ]
               --[
               SlotAdded( $B.5, ~bid.9, ~idx.122, $A.122, cts_in.122 ),
               Slot4Added( $B.5, ~bid.9, ~rst.34, ~idx.122, $A.122, cts_in.122 )
               ]->
                [
                OpenStage4( $B.5, ~bid.9, ~rst.34 ),
                AddedSlot4( $B.5, ~bid.9, ~rst.34, ~idx.122, $A.122, cts_in.122 )
                ]
    #vf.123: instance (modulo AC) isend:
                [ !KU( <$A.122, $B.5, cts_in.122> ) ]
               --[ K( <$A.122, $B.5, cts_in.122> ) ]->
                [ In( <$A.122, $B.5, cts_in.122> ) ]
    #vf.129: instance (modulo AC) Fresh:
                [ ] --> [ Fr( ~idx.122 ) ]
    #vr.133: instance (modulo AC) InitSenderState:
                [ Fr( ~sst.134 ) ]
               --[ SenderStateCreated( $A.12, ~sst.134 ) ]->
                [
                !SenderState( $A.12, ~sst.134 ),
                SenderCompromiseToken( $A.12, ~sst.134 )
                ]
    #vf.135: instance (modulo AC) Fresh:
                [ ] --> [ Fr( ~sst.134 ) ]
    #vr.162: instance (modulo AC) InitSenderState:
                [ Fr( ~sst.163 ) ]
               --[ SenderStateCreated( $A.14, ~sst.163 ) ]->
                [
                !SenderState( $A.14, ~sst.163 ),
                SenderCompromiseToken( $A.14, ~sst.163 )
                ]
    #vf.164: instance (modulo AC) Fresh:
                [ ] --> [ Fr( ~sst.163 ) ]
    #vr.191: instance (modulo AC) InitSenderState:
                [ Fr( ~sst.192 ) ]
               --[ SenderStateCreated( $A.16, ~sst.192 ) ]->
                [
                !SenderState( $A.16, ~sst.192 ),
                SenderCompromiseToken( $A.16, ~sst.192 )
                ]
    #vf.193: instance (modulo AC) Fresh:
                [ ] --> [ Fr( ~sst.192 ) ]
    #vr.264: instance (modulo AC) AddSlot3:
                [
                OpenStage2( $B.5, ~bid.9, ~rst.34 ),
                In( <$A.265, $B.5, cts_in.265> ), Fr( ~idx.265 )
                ]
               --[
               SlotAdded( $B.5, ~bid.9, ~idx.265, $A.265, cts_in.265 ),
               Slot3Added( $B.5, ~bid.9, ~rst.34, ~idx.265, $A.265, cts_in.265 )
               ]->
                [
                OpenStage3( $B.5, ~bid.9, ~rst.34 ),
                AddedSlot3( $B.5, ~bid.9, ~rst.34, ~idx.265, $A.265, cts_in.265 )
                ]
    #vf.266: instance (modulo AC) isend:
                [ !KU( <$A.265, $B.5, cts_in.265> ) ]
               --[ K( <$A.265, $B.5, cts_in.265> ) ]->
                [ In( <$A.265, $B.5, cts_in.265> ) ]
    #vf.272: instance (modulo AC) Fresh:
                [ ] --> [ Fr( ~idx.265 ) ]
    #vr.411: instance (modulo AC) AddSlot2:
                [
                OpenStage1( $B.5, ~bid.9, ~rst.34 ),
                In( <$A.412, $B.5, cts_in.412> ), Fr( ~idx.412 )
                ]
               --[
               SlotAdded( $B.5, ~bid.9, ~idx.412, $A.412, cts_in.412 ),
               Slot2Added( $B.5, ~bid.9, ~rst.34, ~idx.412, $A.412, cts_in.412 )
               ]->
                [
                OpenStage2( $B.5, ~bid.9, ~rst.34 ),
                AddedSlot2( $B.5, ~bid.9, ~rst.34, ~idx.412, $A.412, cts_in.412 )
                ]
    #vf.413: instance (modulo AC) isend:
                [ !KU( <$A.412, $B.5, cts_in.412> ) ]
               --[ K( <$A.412, $B.5, cts_in.412> ) ]->
                [ In( <$A.412, $B.5, cts_in.412> ) ]
    #vf.419: instance (modulo AC) Fresh:
                [ ] --> [ Fr( ~idx.412 ) ]
    #vf.475: instance (modulo AC) isend:
                [ !KU( <$A.12, $B.5, cts($A.12, $B.5, ~sst.134, ~r.48)> ) ]
               --[ K( <$A.12, $B.5, cts($A.12, $B.5, ~sst.134, ~r.48)> ) ]->
                [ In( <$A.12, $B.5, cts($A.12, $B.5, ~sst.134, ~r.48)> ) ]
    #vf.481: instance (modulo AC) Fresh:
                [ ] --> [ Fr( ~idx.39 ) ]
    #vr.497: instance (modulo AC) AddSlot1:
                [
                OpenStage0( $B.5, ~bid.9, ~rst.34 ),
                In( <$A.498, $B.5, cts_in.498> ), Fr( ~idx.498 )
                ]
               --[
               SlotAdded( $B.5, ~bid.9, ~idx.498, $A.498, cts_in.498 ),
               Slot1Added( $B.5, ~bid.9, ~rst.34, ~idx.498, $A.498, cts_in.498 )
               ]->
                [
                OpenStage1( $B.5, ~bid.9, ~rst.34 ),
                AddedSlot1( $B.5, ~bid.9, ~rst.34, ~idx.498, $A.498, cts_in.498 )
                ]
    #vf.499: instance (modulo AC) isend:
                [ !KU( <$A.498, $B.5, cts_in.498> ) ]
               --[ K( <$A.498, $B.5, cts_in.498> ) ]->
                [ In( <$A.498, $B.5, cts_in.498> ) ]
    #vf.505: instance (modulo AC) Fresh:
                [ ] --> [ Fr( ~idx.498 ) ]
  actions:
    !KU( <$A.7, $B.5, cts($A.7, $B.5, ~sst.116, ~r.31)> ) @ #vk.24,
    !KU( $A.7 ) @ #vk.25,
    !KU( <$B.5, cts($A.7, $B.5, ~sst.116, ~r.31)> ) @ #vk.26,
    !KU( $B.5 ) @ #vk.27,
    !KU( cts($A.7, $B.5, ~sst.116, ~r.31) ) @ #vk.28,
    !KU( <$A.12, $B.5, cts($A.12, $B.5, ~sst.134, ~r.48)> ) @ #vk.41,
    !KU( $A.12 ) @ #vk.42,
    !KU( <$B.5, cts($A.12, $B.5, ~sst.134, ~r.48)> ) @ #vk.43,
    !KU( cts($A.12, $B.5, ~sst.134, ~r.48) ) @ #vk.45,
    !KU( <$A.14, $B.5, cts($A.14, $B.5, ~sst.163, ~r.62)> ) @ #vk.55,
    !KU( $A.14 ) @ #vk.56,
    !KU( <$B.5, cts($A.14, $B.5, ~sst.163, ~r.62)> ) @ #vk.57,
    !KU( cts($A.14, $B.5, ~sst.163, ~r.62) ) @ #vk.59,
    !KU( <$A.16, $B.5, cts($A.16, $B.5, ~sst.192, ~r.76)> ) @ #vk.69,
    !KU( $A.16 ) @ #vk.70,
    !KU( <$B.5, cts($A.16, $B.5, ~sst.192, ~r.76)> ) @ #vk.71,
    !KU( cts($A.16, $B.5, ~sst.192, ~r.76) ) @ #vk.73,
    !KU( <$A.122, $B.5, cts_in.122> ) @ #vk.124,
    !KU( $A.122 ) @ #vk.125, !KU( <$B.5, cts_in.122> ) @ #vk.126,
    !KU( cts_in.122 ) @ #vk.128,
    !KU( <$A.265, $B.5, cts_in.265> ) @ #vk.267,
    !KU( $A.265 ) @ #vk.268, !KU( <$B.5, cts_in.265> ) @ #vk.269,
    !KU( cts_in.265 ) @ #vk.271,
    !KU( <$A.412, $B.5, cts_in.412> ) @ #vk.414,
    !KU( $A.412 ) @ #vk.415, !KU( <$B.5, cts_in.412> ) @ #vk.416,
    !KU( cts_in.412 ) @ #vk.418,
    !KU( <$A.12, $B.5, cts($A.12, $B.5, ~sst.134, ~r.48)> ) @ #vk.476,
    !KU( $A.12 ) @ #vk.477,
    !KU( <$B.5, cts($A.12, $B.5, ~sst.134, ~r.48)> ) @ #vk.478,
    !KU( cts($A.12, $B.5, ~sst.134, ~r.48) ) @ #vk.480,
    !KU( <$A.498, $B.5, cts_in.498> ) @ #vk.500,
    !KU( $A.498 ) @ #vk.501, !KU( <$B.5, cts_in.498> ) @ #vk.502,
    !KU( cts_in.498 ) @ #vk.504
  edges:
    (#vr.4, 0) >--> (#i, 0), (#vr.6, 0) >--> (#vr.4, 0),
    (#vr.6, 1) >--> (#vr.4, 5), (#vr.8, 0) >--> (#vr.38, 0),
    (#vr.8, 1) >--> (#vr.4, 1), (#vf.10, 0) >--> (#vr.8, 1),
    (#vr.11, 0) >--> (#vr.13, 0), (#vr.11, 1) >--> (#vr.4, 2),
    (#vr.13, 0) >--> (#vr.15, 0), (#vr.13, 1) >--> (#vr.4, 3),
    (#vr.15, 0) >--> (#vr.6, 0), (#vr.15, 1) >--> (#vr.4, 4),
    (#vr.21, 1) >--> (#vr.6, 1), (#vf.23, 0) >--> (#vr.21, 1),
    (#vf.29, 0) >--> (#vr.21, 2), (#vr.30, 1) >--> (#vr.6, 2),
    (#vf.32, 0) >--> (#vr.30, 2), (#vr.33, 0) >--> (#vr.8, 0),
    (#vr.33, 1) >--> (#vr.30, 1), (#vr.33, 1) >--> (#vr.47, 1),
    (#vr.33, 1) >--> (#vr.61, 1), (#vr.33, 1) >--> (#vr.75, 1),
    (#vf.35, 0) >--> (#vr.33, 0), (#vr.36, 0) >--> (#vr.11, 0),
    (#vr.38, 0) >--> (#vr.52, 0), (#vr.38, 1) >--> (#vr.11, 1),
    (#vf.40, 0) >--> (#vr.38, 1), (#vf.46, 0) >--> (#vr.38, 2),
    (#vr.47, 1) >--> (#vr.11, 2), (#vf.49, 0) >--> (#vr.47, 2),
    (#vr.52, 0) >--> (#vr.66, 0), (#vr.52, 1) >--> (#vr.13, 1),
    (#vf.54, 0) >--> (#vr.52, 1), (#vf.60, 0) >--> (#vr.52, 2),
    (#vr.61, 1) >--> (#vr.13, 2), (#vf.63, 0) >--> (#vr.61, 2),
    (#vr.66, 0) >--> (#vr.21, 0), (#vr.66, 1) >--> (#vr.15, 1),
    (#vf.68, 0) >--> (#vr.66, 1), (#vf.74, 0) >--> (#vr.66, 2),
    (#vr.75, 1) >--> (#vr.15, 2), (#vf.77, 0) >--> (#vr.75, 2),
    (#vr.115, 0) >--> (#vr.30, 0), (#vf.117, 0) >--> (#vr.115, 0),
    (#vr.121, 0) >--> (#vr.36, 0), (#vf.123, 0) >--> (#vr.121, 1),
    (#vf.129, 0) >--> (#vr.121, 2), (#vr.133, 0) >--> (#vr.47, 0),
    (#vf.135, 0) >--> (#vr.133, 0), (#vr.162, 0) >--> (#vr.61, 0),
    (#vf.164, 0) >--> (#vr.162, 0), (#vr.191, 0) >--> (#vr.75, 0),
    (#vf.193, 0) >--> (#vr.191, 0), (#vr.264, 0) >--> (#vr.121, 0),
    (#vf.266, 0) >--> (#vr.264, 1), (#vf.272, 0) >--> (#vr.264, 2),
    (#vr.411, 0) >--> (#vr.264, 0), (#vf.413, 0) >--> (#vr.411, 1),
    (#vf.419, 0) >--> (#vr.411, 2), (#vf.475, 0) >--> (#vr.38, 1),
    (#vf.481, 0) >--> (#vr.38, 2), (#vr.497, 0) >--> (#vr.411, 0),
    (#vf.499, 0) >--> (#vr.497, 1), (#vf.505, 0) >--> (#vr.497, 2)
  less:
    #vr.8 < #vr.4: induced by fresh value,
    #vr.8 < #vr.6: induced by fresh value,
    #vr.8 < #vr.11: induced by fresh value,
    #vr.8 < #vr.13: induced by fresh value,
    #vr.8 < #vr.15: induced by fresh value,
    #vr.8 < #vr.21: induced by fresh value,
    #vr.8 < #vr.36: induced by fresh value,
    #vr.8 < #vr.38: induced by fresh value,
    #vr.8 < #vr.52: induced by fresh value,
    #vr.8 < #vr.66: induced by fresh value,
    #vr.8 < #vr.121: induced by fresh value,
    #vr.8 < #vr.264: induced by fresh value,
    #vr.8 < #vr.411: induced by fresh value,
    #vr.8 < #vr.497: induced by fresh value,
    #vr.21 < #vr.6: induced by fresh value,
    #vk.24 < #vf.23: induced by adversary,
    #vk.25 < #vk.24: induced by adversary,
    #vk.26 < #vk.24: induced by adversary,
    #vk.27 < #vk.26: induced by adversary,
    #vk.27 < #vk.43: induced by adversary,
    #vk.27 < #vk.57: induced by adversary,
    #vk.27 < #vk.71: induced by adversary,
    #vk.27 < #vk.126: induced by adversary,
    #vk.27 < #vk.269: induced by adversary,
    #vk.27 < #vk.416: induced by adversary,
    #vk.27 < #vk.478: induced by adversary,
    #vk.27 < #vk.502: induced by adversary,
    #vk.28 < #vk.26: induced by adversary,
    #vr.30 < #vr.6: induced by fresh value,
    #vr.30 < #vr.21: induced by fresh value,
    #vr.30 < #vf.23: induced by fresh value,
    #vr.33 < #vr.4: induced by fresh value,
    #vr.33 < #vr.6: induced by fresh value,
    #vr.33 < #vr.8: induced by fresh value,
    #vr.33 < #vr.11: induced by fresh value,
    #vr.33 < #vr.13: induced by fresh value,
    #vr.33 < #vr.15: induced by fresh value,
    #vr.33 < #vr.21: induced by fresh value,
    #vr.33 < #vr.30: induced by fresh value,
    #vr.33 < #vr.36: induced by fresh value,
    #vr.33 < #vr.38: induced by fresh value,
    #vr.33 < #vr.47: induced by fresh value,
    #vr.33 < #vr.52: induced by fresh value,
    #vr.33 < #vr.61: induced by fresh value,
    #vr.33 < #vr.66: induced by fresh value,
    #vr.33 < #vr.75: induced by fresh value,
    #vr.33 < #vr.121: induced by fresh value,
    #vr.33 < #vr.264: induced by fresh value,
    #vr.33 < #vr.411: induced by fresh value,
    #vr.33 < #vr.497: induced by fresh value,
    #vr.38 < #vr.11: induced by fresh value,
    #vk.41 < #vf.40: induced by adversary,
    #vk.42 < #vk.41: induced by adversary,
    #vk.43 < #vk.41: induced by adversary,
    #vk.45 < #vk.43: induced by adversary,
    #vr.47 < #vr.11: induced by fresh value,
    #vr.47 < #vr.38: induced by fresh value,
    #vr.47 < #vf.40: induced by fresh value,
    #vr.47 < #vf.475: induced by fresh value,
    #vr.52 < #vr.13: induced by fresh value,
    #vk.55 < #vf.54: induced by adversary,
    #vk.56 < #vk.55: induced by adversary,
    #vk.57 < #vk.55: induced by adversary,
    #vk.59 < #vk.57: induced by adversary,
    #vr.61 < #vr.13: induced by fresh value,
    #vr.61 < #vr.52: induced by fresh value,
    #vr.61 < #vf.54: induced by fresh value,
    #vr.66 < #vr.15: induced by fresh value,
    #vk.69 < #vf.68: induced by adversary,
    #vk.70 < #vk.69: induced by adversary,
    #vk.71 < #vk.69: induced by adversary,
    #vk.73 < #vk.71: induced by adversary,
    #vr.75 < #vr.15: induced by fresh value,
    #vr.75 < #vr.66: induced by fresh value,
    #vr.75 < #vf.68: induced by fresh value,
    #vr.115 < #vr.6: induced by fresh value,
    #vr.115 < #vr.21: induced by fresh value,
    #vr.115 < #vf.23: induced by fresh value,
    #vr.115 < #vr.30: induced by fresh value,
    #vk.124 < #vf.123: induced by adversary,
    #vk.125 < #vk.124: induced by adversary,
    #vk.126 < #vk.124: induced by adversary,
    #vk.128 < #vk.126: induced by adversary,
    #vr.133 < #vr.11: induced by fresh value,
    #vr.133 < #vr.38: induced by fresh value,
    #vr.133 < #vf.40: induced by fresh value,
    #vr.133 < #vr.47: induced by fresh value,
    #vr.133 < #vf.475: induced by fresh value,
    #vr.162 < #vr.13: induced by fresh value,
    #vr.162 < #vr.52: induced by fresh value,
    #vr.162 < #vf.54: induced by fresh value,
    #vr.162 < #vr.61: induced by fresh value,
    #vr.191 < #vr.15: induced by fresh value,
    #vr.191 < #vr.66: induced by fresh value,
    #vr.191 < #vf.68: induced by fresh value,
    #vr.191 < #vr.75: induced by fresh value,
    #vk.267 < #vf.266: induced by adversary,
    #vk.268 < #vk.267: induced by adversary,
    #vk.269 < #vk.267: induced by adversary,
    #vk.271 < #vk.269: induced by adversary,
    #vk.414 < #vf.413: induced by adversary,
    #vk.415 < #vk.414: induced by adversary,
    #vk.416 < #vk.414: induced by adversary,
    #vk.418 < #vk.416: induced by adversary,
    #vk.476 < #vf.475: induced by adversary,
    #vk.477 < #vk.476: induced by adversary,
    #vk.478 < #vk.476: induced by adversary,
    #vk.480 < #vk.478: induced by adversary,
    #vk.500 < #vf.499: induced by adversary,
    #vk.501 < #vk.500: induced by adversary,
    #vk.502 < #vk.500: induced by adversary,
    #vk.504 < #vk.502: induced by adversary
  unsolved constraints:
    !KU( <$A.7, $B.5, cts($A.7, $B.5, ~sst.116, ~r.31)>
    ) @ #vk.24 // nr: 36" (currently deducible)"
    
    !KU( $A.7 ) @ #vk.25 // nr: 37" (currently deducible)"
    
    !KU( <$B.5, cts($A.7, $B.5, ~sst.116, ~r.31)>
    ) @ #vk.26 // nr: 38" (currently deducible)"
    
    !KU( $B.5 ) @ #vk.27 // nr: 39" (currently deducible)"
    
    !KU( cts($A.7, $B.5, ~sst.116, ~r.31)
    ) @ #vk.28 // nr: 45" (currently deducible)"
    
    !KU( <$A.12, $B.5, cts($A.12, $B.5, ~sst.134, ~r.48)>
    ) @ #vk.41 // nr: 51" (currently deducible)"
    
    !KU( $A.12 ) @ #vk.42 // nr: 52" (currently deducible)"
    
    !KU( <$B.5, cts($A.12, $B.5, ~sst.134, ~r.48)>
    ) @ #vk.43 // nr: 53" (currently deducible)"
    
    !KU( cts($A.12, $B.5, ~sst.134, ~r.48)
    ) @ #vk.45 // nr: 60" (currently deducible)"
    
    !KU( <$A.14, $B.5, cts($A.14, $B.5, ~sst.163, ~r.62)>
    ) @ #vk.55 // nr: 67" (currently deducible)"
    
    !KU( $A.14 ) @ #vk.56 // nr: 68" (currently deducible)"
    
    !KU( <$B.5, cts($A.14, $B.5, ~sst.163, ~r.62)>
    ) @ #vk.57 // nr: 69" (currently deducible)"
    
    !KU( cts($A.14, $B.5, ~sst.163, ~r.62)
    ) @ #vk.59 // nr: 76" (currently deducible)"
    
    !KU( <$A.16, $B.5, cts($A.16, $B.5, ~sst.192, ~r.76)>
    ) @ #vk.69 // nr: 83" (currently deducible)"
    
    !KU( $A.16 ) @ #vk.70 // nr: 84" (currently deducible)"
    
    !KU( <$B.5, cts($A.16, $B.5, ~sst.192, ~r.76)>
    ) @ #vk.71 // nr: 85" (currently deducible)"
    
    !KU( cts($A.16, $B.5, ~sst.192, ~r.76)
    ) @ #vk.73 // nr: 92" (currently deducible)"
    
    !KU( <$A.122, $B.5, cts_in.122>
    ) @ #vk.124 // nr: 136" (probably constructible)"
    
    !KU( $A.122 ) @ #vk.125 // nr: 137" (currently deducible)"
    
    !KU( <$B.5, cts_in.122>
    ) @ #vk.126 // nr: 138" (probably constructible)"
    
    !KU( cts_in.122 ) @ #vk.128 // nr: 140" (probably constructible)"
    
    !KU( <$A.265, $B.5, cts_in.265>
    ) @ #vk.267 // nr: 252" (probably constructible)"
    
    !KU( $A.265 ) @ #vk.268 // nr: 253" (currently deducible)"
    
    !KU( <$B.5, cts_in.265>
    ) @ #vk.269 // nr: 254" (probably constructible)"
    
    !KU( cts_in.265 ) @ #vk.271 // nr: 256" (probably constructible)"
    
    !KU( <$A.412, $B.5, cts_in.412>
    ) @ #vk.414 // nr: 371" (probably constructible)"
    
    !KU( $A.412 ) @ #vk.415 // nr: 372" (currently deducible)"
    
    !KU( <$B.5, cts_in.412>
    ) @ #vk.416 // nr: 373" (probably constructible)"
    
    !KU( cts_in.412 ) @ #vk.418 // nr: 375" (probably constructible)"
    
    !KU( <$A.12, $B.5, cts($A.12, $B.5, ~sst.134, ~r.48)>
    ) @ #vk.476 // nr: 423" (currently deducible)"
    
    !KU( $A.12 ) @ #vk.477 // nr: 424" (currently deducible)"
    
    !KU( <$B.5, cts($A.12, $B.5, ~sst.134, ~r.48)>
    ) @ #vk.478 // nr: 425" (currently deducible)"
    
    !KU( cts($A.12, $B.5, ~sst.134, ~r.48)
    ) @ #vk.480 // nr: 468" (currently deducible)"
    
    !KU( <$A.498, $B.5, cts_in.498>
    ) @ #vk.500 // nr: 448" (probably constructible)"
    
    !KU( $A.498 ) @ #vk.501 // nr: 449" (currently deducible)"
    
    !KU( <$B.5, cts_in.498>
    ) @ #vk.502 // nr: 450" (probably constructible)"
    
    !KU( cts_in.498 ) @ #vk.504 // nr: 452" (probably constructible)"
    
    OpenStage0( $B.5, ~bid.9, ~rst.34
    ) ▶₀ #vr.497 // nr: 447 (from rule AddSlot1)" (useful2)"
    
    splitEqs(101) // nr: 460" (useful2)"
  last: none
  
  formulas:
  
  subterms:
  
  equations:
    subst:
      $B.5  <~ {t.1, $B.7, $B.9, $B.12, $B.14, $B.16, $B.18, $B.20,
                $B.22, $B.31, $B.34, $B.37, $B.39, $B.48, $B.51, $B.53, $B.62,
                $B.65, $B.67, $B.76, $B.79, $B.81, $B.90, $B.93, $B.95, $B.104,
                $B.107, $B.119, $B.122, $B.131, $B.137, $B.140, $B.142, $B.151,
                $B.154, $B.166, $B.169, $B.171, $B.180, $B.183, $B.195, $B.198,
                $B.200, $B.209, $B.212, $B.224, $B.227, $B.229, $B.238, $B.241,
                $B.253, $B.256, $B.265, $B.274, $B.283, $B.286, $B.289, $B.291,
                $B.300, $B.303, $B.315, $B.318, $B.327, $B.329, $B.338, $B.341,
                $B.353, $B.356, $B.365, $B.367, $B.376, $B.379, $B.391, $B.394,
                $B.403, $B.412, $B.421, $B.430, $B.433, $B.436, $B.438, $B.447,
                $B.450, $B.462, $B.465, $B.474, $B.483, $B.492, $B.495, $B.498,
                $B.507, $B.516}
      #vr.6  <~ {#vr.17}
      $A.7  <~ {$A.18, $A.22, $A.31, $A.81, $A.90, $A.116, $A.221}
      #vr.8  <~ {#vr.130, #vr.282, #vr.285, #vr.429, #vr.432, #vr.491,
                 #vr.494, #vr.515}
      ~bid.9  <~ {t.2, bid.5, bid.7, bid.12, bid.14, bid.16, bid.18,
                  bid.20, bid.22, bid.37, bid.39, bid.51, bid.53, bid.65, bid.67,
                  bid.79, bid.81, bid.93, bid.95, bid.107, bid.122, ~bid.131,
                  bid.140, bid.142, bid.154, bid.169, bid.171, bid.183, bid.198,
                  bid.200, bid.212, bid.227, bid.229, bid.241, bid.256, bid.265,
                  bid.274, ~bid.283, ~bid.286, bid.289, bid.291, bid.303, bid.318,
                  bid.327, bid.329, bid.341, bid.356, bid.365, bid.367, bid.379,
                  bid.394, bid.403, bid.412, bid.421, ~bid.430, ~bid.433, bid.436,
                  bid.438, bid.450, bid.465, bid.474, bid.483, ~bid.492, ~bid.495,
                  bid.498, bid.507, ~bid.516}
      #vf.10  <~ {#vf.132, #vf.284, #vf.287, #vf.431, #vf.434, #vf.493,
                  #vf.496, #vf.517}
      #vr.11  <~ {#vr.50, #vr.168, #vr.226, #vr.326}
      $A.12  <~ {$A.39, $A.48, $A.51, $A.134, $A.142, $A.151, $A.154,
                 $A.169, $A.227, $A.291, $A.300, $A.303, $A.318, $A.327, $A.367,
                 $A.376, $A.379, $A.394, $A.403, $A.438, $A.447, $A.450, $A.465,
                 $A.474}
      #vr.13  <~ {#vr.64, #vr.92, #vr.197}
      $A.14  <~ {$A.53, $A.62, $A.65, $A.93, $A.163, $A.171, $A.180,
                 $A.183, $A.198, $A.229, $A.238, $A.241, $A.256, $A.312, $A.329,
                 $A.338, $A.341, $A.356, $A.388, $A.459}
      #vr.15  <~ {#vr.19, #vr.78}
      $A.16  <~ {$A.20, $A.67, $A.76, $A.79, $A.95, $A.104, $A.107,
                 $A.192, $A.200, $A.209, $A.212, $A.250, $A.350}
      #vr.21  <~ {#vr.80}
      ~idx.22  <~ {idx.7, idx.18, ~idx.81}
      #vf.23  <~ {#vf.82}
      #vk.24  <~ {#vk.83}
      #vk.25  <~ {#vk.84}
      #vk.26  <~ {#vk.85}
      #vk.27  <~ {#vk.44, #vk.58, #vk.72, #vk.86, #vk.100, #vk.112,
                  #vk.127, #vk.147, #vk.159, #vk.176, #vk.188, #vk.205, #vk.217,
                  #vk.234, #vk.246, #vk.261, #vk.270, #vk.279, #vk.296, #vk.308,
                  #vk.323, #vk.334, #vk.346, #vk.361, #vk.372, #vk.384, #vk.399,
                  #vk.408, #vk.417, #vk.426, #vk.443, #vk.455, #vk.470, #vk.479,
                  #vk.488, #vk.503, #vk.512}
      #vk.28  <~ {#vk.87}
      #vf.29  <~ {#vf.88}
      #vr.30  <~ {#vr.89}
      ~r.31  <~ {~r.90}
      #vf.32  <~ {#vf.91}
      #vr.33  <~ {#vr.118, #vr.136, #vr.165, #vr.194, #vr.223, #vr.252,
                  #vr.314, #vr.352, #vr.390, #vr.461}
      ~rst.34  <~ {t.3, rst.5, rst.7, rst.9, rst.12, rst.14, rst.16,
                   rst.18, rst.20, rst.22, rst.31, rst.37, rst.39, rst.48, rst.51,
                   rst.53, rst.62, rst.65, rst.67, rst.76, rst.79, rst.81, rst.90,
                   rst.93, rst.95, rst.104, rst.107, ~rst.119, rst.122, rst.131,
                   ~rst.137, rst.140, rst.142, rst.151, rst.154, ~rst.166, rst.169,
                   rst.171, rst.180, rst.183, ~rst.195, rst.198, rst.200, rst.209,
                   rst.212, ~rst.224, rst.227, rst.229, rst.238, rst.241, ~rst.253,
                   rst.256, rst.265, rst.274, rst.283, rst.286, rst.289, rst.291,
                   rst.300, rst.303, ~rst.315, rst.318, rst.327, rst.329, rst.338,
                   rst.341, ~rst.353, rst.356, rst.365, rst.367, rst.376, rst.379,
                   ~rst.391, rst.394, rst.403, rst.412, rst.421, rst.430, rst.433,
                   rst.436, rst.438, rst.447, rst.450, ~rst.462, rst.465, rst.474,
                   rst.483, rst.492, rst.495, rst.498, rst.507, rst.516}
      #vf.35  <~ {#vf.120, #vf.138, #vf.167, #vf.196, #vf.225, #vf.254,
                  #vf.316, #vf.354, #vf.392, #vf.463}
      #vr.36  <~ {#vr.139, #vr.288, #vr.364, #vr.435}
      #vr.38  <~ {#vr.141, #vr.153, #vr.290, #vr.302, #vr.317, #vr.366,
                  #vr.378, #vr.393, #vr.402, #vr.437, #vr.449, #vr.464, #vr.473}
      ~idx.39  <~ {idx.12, idx.51, ~idx.142, ~idx.154, idx.169, idx.227,
                   ~idx.291, ~idx.303, ~idx.318, idx.327, ~idx.367, ~idx.379,
                   ~idx.394, ~idx.403, ~idx.438, ~idx.450, ~idx.465, ~idx.474}
      #vf.40  <~ {#vf.143, #vf.155, #vf.292, #vf.304, #vf.319, #vf.368,
                  #vf.380, #vf.395, #vf.404, #vf.439, #vf.451, #vf.466, #vf.475}
      #vk.41  <~ {#vk.144, #vk.156, #vk.293, #vk.305, #vk.320, #vk.369,
                  #vk.381, #vk.396, #vk.405, #vk.440, #vk.452, #vk.467, #vk.476}
      #vk.42  <~ {#vk.145, #vk.157, #vk.294, #vk.306, #vk.321, #vk.370,
                  #vk.382, #vk.397, #vk.406, #vk.441, #vk.453, #vk.468, #vk.477}
      #vk.43  <~ {#vk.146, #vk.158, #vk.295, #vk.307, #vk.322, #vk.371,
                  #vk.383, #vk.398, #vk.407, #vk.442, #vk.454, #vk.469, #vk.478}
      #vk.45  <~ {#vk.148, #vk.160, #vk.297, #vk.309, #vk.324, #vk.373,
                  #vk.385, #vk.400, #vk.409, #vk.444, #vk.456, #vk.471, #vk.480}
      #vf.46  <~ {#vf.149, #vf.161, #vf.298, #vf.310, #vf.325, #vf.374,
                  #vf.386, #vf.401, #vf.410, #vf.445, #vf.457, #vf.472, #vf.481}
      #vr.47  <~ {#vr.150, #vr.299, #vr.375, #vr.446}
      ~r.48  <~ {~r.151, ~r.300, ~r.376, ~r.447}
      #vf.49  <~ {#vf.152, #vf.301, #vf.377, #vf.448}
      #vr.52  <~ {#vr.170, #vr.182, #vr.228, #vr.240, #vr.255, #vr.328,
                  #vr.340, #vr.355}
      ~idx.53  <~ {idx.14, idx.65, idx.93, ~idx.171, ~idx.183, idx.198,
                   ~idx.229, ~idx.241, ~idx.256, ~idx.329, ~idx.341, ~idx.356}
      #vf.54  <~ {#vf.172, #vf.184, #vf.230, #vf.242, #vf.257, #vf.330,
                  #vf.342, #vf.357}
      #vk.55  <~ {#vk.173, #vk.185, #vk.231, #vk.243, #vk.258, #vk.331,
                  #vk.343, #vk.358}
      #vk.56  <~ {#vk.174, #vk.186, #vk.232, #vk.244, #vk.259, #vk.332,
                  #vk.344, #vk.359}
      #vk.57  <~ {#vk.175, #vk.187, #vk.233, #vk.245, #vk.260, #vk.333,
                  #vk.345, #vk.360}
      #vk.59  <~ {#vk.177, #vk.189, #vk.235, #vk.247, #vk.262, #vk.335,
                  #vk.347, #vk.362}
      #vf.60  <~ {#vf.178, #vf.190, #vf.236, #vf.248, #vf.263, #vf.336,
                  #vf.348, #vf.363}
      #vr.61  <~ {#vr.179, #vr.237, #vr.337}
      ~r.62  <~ {~r.180, ~r.238, ~r.338}
      #vf.63  <~ {#vf.181, #vf.239, #vf.339}
      #vr.66  <~ {#vr.94, #vr.106, #vr.199, #vr.211}
      ~idx.67  <~ {idx.16, idx.20, idx.79, ~idx.95, ~idx.107, ~idx.200,
                   ~idx.212}
      #vf.68  <~ {#vf.96, #vf.108, #vf.201, #vf.213}
      #vk.69  <~ {#vk.97, #vk.109, #vk.202, #vk.214}
      #vk.70  <~ {#vk.98, #vk.110, #vk.203, #vk.215}
      #vk.71  <~ {#vk.99, #vk.111, #vk.204, #vk.216}
      #vk.73  <~ {#vk.101, #vk.113, #vk.206, #vk.218}
      #vf.74  <~ {#vf.102, #vf.114, #vf.207, #vf.219}
      #vr.75  <~ {#vr.103, #vr.208}
      ~r.76  <~ {~r.104, ~r.209}
      #vf.77  <~ {#vf.105, #vf.210}
      #vr.115  <~ {#vr.220}
      ~sst.116  <~ {sst.31, sst.90, ~sst.221}
      #vf.117  <~ {#vf.222}
      #vr.121  <~ {#vr.273, #vr.420, #vr.482, #vr.506}
      $A.122  <~ {$A.274, $A.421, $A.483, $A.507}
      ~idx.122  <~ {~idx.274, ~idx.421, ~idx.483, ~idx.507}
      cts_in.122  <~ {cts_in.274, cts_in.421, cts_in.483, cts_in.507}
      #vf.123  <~ {#vf.275, #vf.422, #vf.484, #vf.508}
      #vk.124  <~ {#vk.276, #vk.423, #vk.485, #vk.509}
      #vk.125  <~ {#vk.277, #vk.424, #vk.486, #vk.510}
      #vk.126  <~ {#vk.278, #vk.425, #vk.487, #vk.511}
      #vk.128  <~ {#vk.280, #vk.427, #vk.489, #vk.513}
      #vf.129  <~ {#vf.281, #vf.428, #vf.490, #vf.514}
      ~sst.134  <~ {sst.48, sst.151, sst.300, sst.376, sst.447}
      #vr.162  <~ {#vr.311, #vr.387, #vr.458}
      ~sst.163  <~ {sst.62, sst.180, sst.238, ~sst.312, sst.338,
                    ~sst.388, ~sst.459}
      #vf.164  <~ {#vf.313, #vf.389, #vf.460}
      #vr.191  <~ {#vr.249, #vr.349}
      ~sst.192  <~ {sst.76, sst.104, sst.209, ~sst.250, ~sst.350}
      #vf.193  <~ {#vf.251, #vf.351}
      cts($A.7, $B.5, ~sst.116, ~r.31)  <~ {cts_in.7, cts_in.18,
                                            cts_in.22, cts_in.81}
      cts($A.12, $B.5, ~sst.134, ~r.48)  <~ {cts_in.12, cts_in.39,
                                             cts_in.51, cts_in.142, cts_in.154, cts_in.169,
                                             cts_in.227, cts_in.291, cts_in.303, cts_in.318,
                                             cts_in.327, cts_in.367, cts_in.379, cts_in.394,
                                             cts_in.403, cts_in.438, cts_in.450, cts_in.465,
                                             cts_in.474}
      cts($A.14, $B.5, ~sst.163, ~r.62)  <~ {cts_in.14, cts_in.53,
                                             cts_in.65, cts_in.93, cts_in.171, cts_in.183,
                                             cts_in.198, cts_in.229, cts_in.241, cts_in.256,
                                             cts_in.329, cts_in.341, cts_in.356}
      cts($A.16, $B.5, ~sst.192, ~r.76)  <~ {cts_in.16, cts_in.20,
                                             cts_in.67, cts_in.79, cts_in.95, cts_in.107,
                                             cts_in.200, cts_in.212}
      ks($A.7, $B.5, ~sst.116, ~r.31)  <~ {Ks.7, Ks.18}
      ks($A.12, $B.5, ~sst.134, ~r.48)  <~ {Ks.12, Ks.51, Ks.169, Ks.227,
                                            Ks.327}
      ks($A.14, $B.5, ~sst.163, ~r.62)  <~ {Ks.14, Ks.65, Ks.93, Ks.198}
      ks($A.16, $B.5, ~sst.192, ~r.76)  <~ {Ks.16, Ks.20, Ks.79}
    conj:
  
  lemmas:
  
  allowed cases: raw
  
  solved formulas:
  
  unsolved constraints:
    !KU( <$A.7, $B.5, cts($A.7, $B.5, ~sst.116, ~r.31)>
    ) @ #vk.24 // nr: 36" (currently deducible)"
    
    !KU( $A.7 ) @ #vk.25 // nr: 37" (currently deducible)"
    
    !KU( <$B.5, cts($A.7, $B.5, ~sst.116, ~r.31)>
    ) @ #vk.26 // nr: 38" (currently deducible)"
    
    !KU( $B.5 ) @ #vk.27 // nr: 39" (currently deducible)"
    
    !KU( cts($A.7, $B.5, ~sst.116, ~r.31)
    ) @ #vk.28 // nr: 45" (currently deducible)"
    
    !KU( <$A.12, $B.5, cts($A.12, $B.5, ~sst.134, ~r.48)>
    ) @ #vk.41 // nr: 51" (currently deducible)"
    
    !KU( $A.12 ) @ #vk.42 // nr: 52" (currently deducible)"
    
    !KU( <$B.5, cts($A.12, $B.5, ~sst.134, ~r.48)>
    ) @ #vk.43 // nr: 53" (currently deducible)"
    
    !KU( cts($A.12, $B.5, ~sst.134, ~r.48)
    ) @ #vk.45 // nr: 60" (currently deducible)"
    
    !KU( <$A.14, $B.5, cts($A.14, $B.5, ~sst.163, ~r.62)>
    ) @ #vk.55 // nr: 67" (currently deducible)"
    
    !KU( $A.14 ) @ #vk.56 // nr: 68" (currently deducible)"
    
    !KU( <$B.5, cts($A.14, $B.5, ~sst.163, ~r.62)>
    ) @ #vk.57 // nr: 69" (currently deducible)"
    
    !KU( cts($A.14, $B.5, ~sst.163, ~r.62)
    ) @ #vk.59 // nr: 76" (currently deducible)"
    
    !KU( <$A.16, $B.5, cts($A.16, $B.5, ~sst.192, ~r.76)>
    ) @ #vk.69 // nr: 83" (currently deducible)"
    
    !KU( $A.16 ) @ #vk.70 // nr: 84" (currently deducible)"
    
    !KU( <$B.5, cts($A.16, $B.5, ~sst.192, ~r.76)>
    ) @ #vk.71 // nr: 85" (currently deducible)"
    
    !KU( cts($A.16, $B.5, ~sst.192, ~r.76)
    ) @ #vk.73 // nr: 92" (currently deducible)"
    
    !KU( <$A.122, $B.5, cts_in.122>
    ) @ #vk.124 // nr: 136" (probably constructible)"
    
    !KU( $A.122 ) @ #vk.125 // nr: 137" (currently deducible)"
    
    !KU( <$B.5, cts_in.122>
    ) @ #vk.126 // nr: 138" (probably constructible)"
    
    !KU( cts_in.122 ) @ #vk.128 // nr: 140" (probably constructible)"
    
    !KU( <$A.265, $B.5, cts_in.265>
    ) @ #vk.267 // nr: 252" (probably constructible)"
    
    !KU( $A.265 ) @ #vk.268 // nr: 253" (currently deducible)"
    
    !KU( <$B.5, cts_in.265>
    ) @ #vk.269 // nr: 254" (probably constructible)"
    
    !KU( cts_in.265 ) @ #vk.271 // nr: 256" (probably constructible)"
    
    !KU( <$A.412, $B.5, cts_in.412>
    ) @ #vk.414 // nr: 371" (probably constructible)"
    
    !KU( $A.412 ) @ #vk.415 // nr: 372" (currently deducible)"
    
    !KU( <$B.5, cts_in.412>
    ) @ #vk.416 // nr: 373" (probably constructible)"
    
    !KU( cts_in.412 ) @ #vk.418 // nr: 375" (probably constructible)"
    
    !KU( <$A.12, $B.5, cts($A.12, $B.5, ~sst.134, ~r.48)>
    ) @ #vk.476 // nr: 423" (currently deducible)"
    
    !KU( $A.12 ) @ #vk.477 // nr: 424" (currently deducible)"
    
    !KU( <$B.5, cts($A.12, $B.5, ~sst.134, ~r.48)>
    ) @ #vk.478 // nr: 425" (currently deducible)"
    
    !KU( cts($A.12, $B.5, ~sst.134, ~r.48)
    ) @ #vk.480 // nr: 468" (currently deducible)"
    
    !KU( <$A.498, $B.5, cts_in.498>
    ) @ #vk.500 // nr: 448" (probably constructible)"
    
    !KU( $A.498 ) @ #vk.501 // nr: 449" (currently deducible)"
    
    !KU( <$B.5, cts_in.498>
    ) @ #vk.502 // nr: 450" (probably constructible)"
    
    !KU( cts_in.498 ) @ #vk.504 // nr: 452" (probably constructible)"
    
    OpenStage0( $B.5, ~bid.9, ~rst.34
    ) ▶₀ #vr.497 // nr: 447 (from rule AddSlot1)" (useful2)"
    
    splitEqs(101) // nr: 460" (useful2)"
  
  solved constraints:
    ClosedBatch( $B.5, ~bid.9, ~rst.34 ) ▶₀ #i // nr: 0" (useful2)"
    
    SealedStage4( $B.5, ~bid.9, ~rst.34
    ) ▶₀ #vr.4 // nr: 2 (from rule CompleteBatch)" (useful2)"
    
    BatchEndToken( $B.5, ~bid.9, ~rst.34
    ) ▶₁ #vr.4 // nr: 3 (from rule CompleteBatch)" (useful2)"
    
    Slot1DoneFact( $B.5, ~bid.9, ~rst.34
    ) ▶₂ #vr.4 // nr: 4 (from rule CompleteBatch)" (useful2)"
    
    Slot2DoneFact( $B.5, ~bid.9, ~rst.34
    ) ▶₃ #vr.4 // nr: 5 (from rule CompleteBatch)" (useful2)"
    
    Slot3DoneFact( $B.5, ~bid.9, ~rst.34
    ) ▶₄ #vr.4 // nr: 6 (from rule CompleteBatch)" (useful2)"
    
    Slot4DoneFact( $B.5, ~bid.9, ~rst.34
    ) ▶₅ #vr.4 // nr: 7 (from rule CompleteBatch)" (useful2)"
    
    SealedStage3( $B.5, ~bid.9, ~rst.34
    ) ▶₀ #vr.6 // nr: 9 (from rule ProcessSlot4)" (useful2)"
    
    AddedSlot4( $B.5, ~bid.9, ~rst.34, ~idx.22, $A.7,
                cts($A.7, $B.5, ~sst.116, ~r.31)
    ) ▶₁ #vr.6 // nr: 10 (from rule ProcessSlot4)" (useful2)"
    
    !ComponentKey( $A.7, $B.5, ~rst.34,
                   cts($A.7, $B.5, ~sst.116, ~r.31), ks($A.7, $B.5, ~sst.116, ~r.31)
    ) ▶₂ #vr.6 // nr: 11 (from rule ProcessSlot4)" (useful2)"
    
    ReceiverState( $B.5, ~rst.34
    ) ▶₀ #vr.8 // nr: 13 (from rule CreateBatch)" (useful2)"
    
    SealedStage0( $B.5, ~bid.9, ~rst.34
    ) ▶₀ #vr.11 // nr: 15 (from rule ProcessSlot1)" (useful2)"
    
    AddedSlot1( $B.5, ~bid.9, ~rst.34, ~idx.39, $A.12,
                cts($A.12, $B.5, ~sst.134, ~r.48)
    ) ▶₁ #vr.11 // nr: 16 (from rule ProcessSlot1)" (useful2)"
    
    !ComponentKey( $A.12, $B.5, ~rst.34,
                   cts($A.12, $B.5, ~sst.134, ~r.48), ks($A.12, $B.5, ~sst.134, ~r.48)
    ) ▶₂ #vr.11 // nr: 17 (from rule ProcessSlot1)" (useful2)"
    
    SealedStage1( $B.5, ~bid.9, ~rst.34
    ) ▶₀ #vr.13 // nr: 19 (from rule ProcessSlot2)" (useful2)"
    
    AddedSlot2( $B.5, ~bid.9, ~rst.34, ~idx.53, $A.14,
                cts($A.14, $B.5, ~sst.163, ~r.62)
    ) ▶₁ #vr.13 // nr: 20 (from rule ProcessSlot2)" (useful2)"
    
    !ComponentKey( $A.14, $B.5, ~rst.34,
                   cts($A.14, $B.5, ~sst.163, ~r.62), ks($A.14, $B.5, ~sst.163, ~r.62)
    ) ▶₂ #vr.13 // nr: 21 (from rule ProcessSlot2)" (useful2)"
    
    SealedStage2( $B.5, ~bid.9, ~rst.34
    ) ▶₀ #vr.15 // nr: 23 (from rule ProcessSlot3)" (useful2)"
    
    AddedSlot3( $B.5, ~bid.9, ~rst.34, ~idx.67, $A.16,
                cts($A.16, $B.5, ~sst.192, ~r.76)
    ) ▶₁ #vr.15 // nr: 24 (from rule ProcessSlot3)" (useful2)"
    
    !ComponentKey( $A.16, $B.5, ~rst.34,
                   cts($A.16, $B.5, ~sst.192, ~r.76), ks($A.16, $B.5, ~sst.192, ~r.76)
    ) ▶₂ #vr.15 // nr: 25 (from rule ProcessSlot3)" (useful2)"
    
    OpenStage3( $B.5, ~bid.9, ~rst.34
    ) ▶₀ #vr.21 // nr: 35 (from rule AddSlot4)" (useful2)"
    
    !SenderState( $A.7, ~sst.116
    ) ▶₀ #vr.30 // nr: 43 (from rule SenderCreatesComponent)" (useful2)"
    
    !ReceiverPublicState( $B.5, ~rst.34
    ) ▶₁ #vr.30 // nr: 44 (from rule SenderCreatesComponent)" (useful2)"
    
    OpenStage4( $B.5, ~bid.9, ~rst.34
    ) ▶₀ #vr.36 // nr: 48 (from rule SealBatch)" (useful2)"
    
    OpenStage0( $B.5, ~bid.9, ~rst.34
    ) ▶₀ #vr.38 // nr: 50 (from rule AddSlot1)" (useful2)"
    
    !SenderState( $A.12, ~sst.134
    ) ▶₀ #vr.47 // nr: 58 (from rule SenderCreatesComponent)" (useful2)"
    
    !ReceiverPublicState( $B.5, ~rst.34
    ) ▶₁ #vr.47 // nr: 59 (from rule SenderCreatesComponent)" (useful2)"
    
    OpenStage1( $B.5, ~bid.9, ~rst.34
    ) ▶₀ #vr.52 // nr: 66 (from rule AddSlot2)" (useful2)"
    
    !SenderState( $A.14, ~sst.163
    ) ▶₀ #vr.61 // nr: 74 (from rule SenderCreatesComponent)" (useful2)"
    
    !ReceiverPublicState( $B.5, ~rst.34
    ) ▶₁ #vr.61 // nr: 75 (from rule SenderCreatesComponent)" (useful2)"
    
    OpenStage2( $B.5, ~bid.9, ~rst.34
    ) ▶₀ #vr.66 // nr: 82 (from rule AddSlot3)" (useful2)"
    
    !SenderState( $A.16, ~sst.192
    ) ▶₀ #vr.75 // nr: 90 (from rule SenderCreatesComponent)" (useful2)"
    
    !ReceiverPublicState( $B.5, ~rst.34
    ) ▶₁ #vr.75 // nr: 91 (from rule SenderCreatesComponent)" (useful2)"
    
    OpenStage3( $B.5, ~bid.9, ~rst.34
    ) ▶₀ #vr.121 // nr: 135 (from rule AddSlot4)" (useful2)"
    
    OpenStage2( $B.5, ~bid.9, ~rst.34
    ) ▶₀ #vr.264 // nr: 251 (from rule AddSlot3)" (useful2)"
    
    OpenStage1( $B.5, ~bid.9, ~rst.34
    ) ▶₀ #vr.411 // nr: 370 (from rule AddSlot2)" (useful2)"
Simplifier iteration 11:

The reduction-rules for unique fresh instances (DG4),
unique K↑-facts (N5↑), unique (linear) edges (DG2 and DG3),
orderings for ~vars (S_fresh-order)
were applied to the following constraint system.

  nodes:
    #vr.3: instance (modulo AC) CompleteBatch:
              [
              SealedStage4( $B.4, ~bid.8, ~rst.33 ),
              BatchEndToken( $B.4, ~bid.8, ~rst.33 ),
              Slot1DoneFact( $B.4, ~bid.8, ~rst.33 ),
              Slot2DoneFact( $B.4, ~bid.8, ~rst.33 ),
              Slot3DoneFact( $B.4, ~bid.8, ~rst.33 ),
              Slot4DoneFact( $B.4, ~bid.8, ~rst.33 )
              ]
             --[
             UseBatchEndToken( $B.4, ~bid.8, ~rst.33 ),
             BatchComplete( $B.4, ~bid.8, ~rst.33 ),
             BatchClosed( $B.4, ~bid.8, ~rst.33 ),
             ConsumeReceiverState( $B.4, ~rst.33 )
             ]->
              [
              ClosedBatch( $B.4, ~bid.8, ~rst.33 ),
              UsedReceiverState( $B.4, ~rst.33 )
              ]
    #vr.5: instance (modulo AC) ProcessSlot4:
              [
              SealedStage3( $B.4, ~bid.8, ~rst.33 ),
              AddedSlot4( $B.4, ~bid.8, ~rst.33, ~idx.21, $A.6,
                          cts($A.6, $B.4, ~sst.115, ~r.30)
              ),
              !ComponentKey( $A.6, $B.4, ~rst.33,
                             cts($A.6, $B.4, ~sst.115, ~r.30), ks($A.6, $B.4, ~sst.115, ~r.30)
              )
              ]
             --[
             BatchSlot( $B.4, ~bid.8, ~idx.21, $A.6,
                        cts($A.6, $B.4, ~sst.115, ~r.30)
             ),
             BatchSlotAccept( $B.4, ~bid.8, ~idx.21, $A.6, ~rst.33,
                              cts($A.6, $B.4, ~sst.115, ~r.30), ks($A.6, $B.4, ~sst.115, ~r.30)
             ),
             ReceiverAcceptsComponent( $B.4, $A.6, ~rst.33,
                                       cts($A.6, $B.4, ~sst.115, ~r.30),
                                       ks($A.6, $B.4, ~sst.115, ~r.30)
             ),
             ReceiverKey( $B.4, $A.6, ~bid.8, ~idx.21, ~rst.33,
                          cts($A.6, $B.4, ~sst.115, ~r.30), ks($A.6, $B.4, ~sst.115, ~r.30),
                          rkey($B.4, $A.6, ~rst.33, cts($A.6, $B.4, ~sst.115, ~r.30),
                               ks($A.6, $B.4, ~sst.115, ~r.30))
             ),
             PartneredSlot( $A.6, $B.4, ~bid.8, ~idx.21, ~rst.33,
                            cts($A.6, $B.4, ~sst.115, ~r.30), ks($A.6, $B.4, ~sst.115, ~r.30)
             ),
             SlotProcessed( $B.4, ~bid.8, ~idx.21, $A.6,
                            cts($A.6, $B.4, ~sst.115, ~r.30)
             ),
             Slot4Done( $B.4, ~bid.8, ~rst.33 )
             ]->
              [
              SealedStage4( $B.4, ~bid.8, ~rst.33 ),
              Slot4DoneFact( $B.4, ~bid.8, ~rst.33 )
              ]
    #vr.7: instance (modulo AC) CreateBatch:
              [ ReceiverState( $B.4, ~rst.33 ), Fr( ~bid.8 ) ]
             --[ BatchCreated( $B.4, ~bid.8, ~rst.33 ) ]->
              [
              OpenStage0( $B.4, ~bid.8, ~rst.33 ),
              BatchEndToken( $B.4, ~bid.8, ~rst.33 ),
              BatchCompromiseToken( $B.4, ~bid.8, ~rst.33 )
              ]
    #vf.9: instance (modulo AC) Fresh:
              [ ] --> [ Fr( ~bid.8 ) ]
    #vr.10: instance (modulo AC) ProcessSlot1:
               [
               SealedStage0( $B.4, ~bid.8, ~rst.33 ),
               AddedSlot1( $B.4, ~bid.8, ~rst.33, ~idx.38, $A.11,
                           cts($A.11, $B.4, ~sst.133, ~r.47)
               ),
               !ComponentKey( $A.11, $B.4, ~rst.33,
                              cts($A.11, $B.4, ~sst.133, ~r.47), ks($A.11, $B.4, ~sst.133, ~r.47)
               )
               ]
              --[
              BatchSlot( $B.4, ~bid.8, ~idx.38, $A.11,
                         cts($A.11, $B.4, ~sst.133, ~r.47)
              ),
              BatchSlotAccept( $B.4, ~bid.8, ~idx.38, $A.11, ~rst.33,
                               cts($A.11, $B.4, ~sst.133, ~r.47), ks($A.11, $B.4, ~sst.133, ~r.47)
              ),
              ReceiverAcceptsComponent( $B.4, $A.11, ~rst.33,
                                        cts($A.11, $B.4, ~sst.133, ~r.47),
                                        ks($A.11, $B.4, ~sst.133, ~r.47)
              ),
              ReceiverKey( $B.4, $A.11, ~bid.8, ~idx.38, ~rst.33,
                           cts($A.11, $B.4, ~sst.133, ~r.47),
                           ks($A.11, $B.4, ~sst.133, ~r.47),
                           rkey($B.4, $A.11, ~rst.33, cts($A.11, $B.4, ~sst.133, ~r.47),
                                ks($A.11, $B.4, ~sst.133, ~r.47))
              ),
              PartneredSlot( $A.11, $B.4, ~bid.8, ~idx.38, ~rst.33,
                             cts($A.11, $B.4, ~sst.133, ~r.47), ks($A.11, $B.4, ~sst.133, ~r.47)
              ),
              SlotProcessed( $B.4, ~bid.8, ~idx.38, $A.11,
                             cts($A.11, $B.4, ~sst.133, ~r.47)
              ),
              Slot1Done( $B.4, ~bid.8, ~rst.33 )
              ]->
               [
               SealedStage1( $B.4, ~bid.8, ~rst.33 ),
               Slot1DoneFact( $B.4, ~bid.8, ~rst.33 )
               ]
    #vr.12: instance (modulo AC) ProcessSlot2:
               [
               SealedStage1( $B.4, ~bid.8, ~rst.33 ),
               AddedSlot2( $B.4, ~bid.8, ~rst.33, ~idx.52, $A.13,
                           cts($A.13, $B.4, ~sst.162, ~r.61)
               ),
               !ComponentKey( $A.13, $B.4, ~rst.33,
                              cts($A.13, $B.4, ~sst.162, ~r.61), ks($A.13, $B.4, ~sst.162, ~r.61)
               )
               ]
              --[
              BatchSlot( $B.4, ~bid.8, ~idx.52, $A.13,
                         cts($A.13, $B.4, ~sst.162, ~r.61)
              ),
              BatchSlotAccept( $B.4, ~bid.8, ~idx.52, $A.13, ~rst.33,
                               cts($A.13, $B.4, ~sst.162, ~r.61), ks($A.13, $B.4, ~sst.162, ~r.61)
              ),
              ReceiverAcceptsComponent( $B.4, $A.13, ~rst.33,
                                        cts($A.13, $B.4, ~sst.162, ~r.61),
                                        ks($A.13, $B.4, ~sst.162, ~r.61)
              ),
              ReceiverKey( $B.4, $A.13, ~bid.8, ~idx.52, ~rst.33,
                           cts($A.13, $B.4, ~sst.162, ~r.61),
                           ks($A.13, $B.4, ~sst.162, ~r.61),
                           rkey($B.4, $A.13, ~rst.33, cts($A.13, $B.4, ~sst.162, ~r.61),
                                ks($A.13, $B.4, ~sst.162, ~r.61))
              ),
              PartneredSlot( $A.13, $B.4, ~bid.8, ~idx.52, ~rst.33,
                             cts($A.13, $B.4, ~sst.162, ~r.61), ks($A.13, $B.4, ~sst.162, ~r.61)
              ),
              SlotProcessed( $B.4, ~bid.8, ~idx.52, $A.13,
                             cts($A.13, $B.4, ~sst.162, ~r.61)
              ),
              Slot2Done( $B.4, ~bid.8, ~rst.33 )
              ]->
               [
               SealedStage2( $B.4, ~bid.8, ~rst.33 ),
               Slot2DoneFact( $B.4, ~bid.8, ~rst.33 )
               ]
    #vr.14: instance (modulo AC) ProcessSlot3:
               [
               SealedStage2( $B.4, ~bid.8, ~rst.33 ),
               AddedSlot3( $B.4, ~bid.8, ~rst.33, ~idx.66, $A.15,
                           cts($A.15, $B.4, ~sst.191, ~r.75)
               ),
               !ComponentKey( $A.15, $B.4, ~rst.33,
                              cts($A.15, $B.4, ~sst.191, ~r.75), ks($A.15, $B.4, ~sst.191, ~r.75)
               )
               ]
              --[
              BatchSlot( $B.4, ~bid.8, ~idx.66, $A.15,
                         cts($A.15, $B.4, ~sst.191, ~r.75)
              ),
              BatchSlotAccept( $B.4, ~bid.8, ~idx.66, $A.15, ~rst.33,
                               cts($A.15, $B.4, ~sst.191, ~r.75), ks($A.15, $B.4, ~sst.191, ~r.75)
              ),
              ReceiverAcceptsComponent( $B.4, $A.15, ~rst.33,
                                        cts($A.15, $B.4, ~sst.191, ~r.75),
                                        ks($A.15, $B.4, ~sst.191, ~r.75)
              ),
              ReceiverKey( $B.4, $A.15, ~bid.8, ~idx.66, ~rst.33,
                           cts($A.15, $B.4, ~sst.191, ~r.75),
                           ks($A.15, $B.4, ~sst.191, ~r.75),
                           rkey($B.4, $A.15, ~rst.33, cts($A.15, $B.4, ~sst.191, ~r.75),
                                ks($A.15, $B.4, ~sst.191, ~r.75))
              ),
              PartneredSlot( $A.15, $B.4, ~bid.8, ~idx.66, ~rst.33,
                             cts($A.15, $B.4, ~sst.191, ~r.75), ks($A.15, $B.4, ~sst.191, ~r.75)
              ),
              SlotProcessed( $B.4, ~bid.8, ~idx.66, $A.15,
                             cts($A.15, $B.4, ~sst.191, ~r.75)
              ),
              Slot3Done( $B.4, ~bid.8, ~rst.33 )
              ]->
               [
               SealedStage3( $B.4, ~bid.8, ~rst.33 ),
               Slot3DoneFact( $B.4, ~bid.8, ~rst.33 )
               ]
    #vr.20: instance (modulo AC) AddSlot4:
               [
               OpenStage3( $B.4, ~bid.8, ~rst.33 ),
               In( <$A.6, $B.4, cts($A.6, $B.4, ~sst.115, ~r.30)> ), Fr( ~idx.21 )
               ]
              --[
              SlotAdded( $B.4, ~bid.8, ~idx.21, $A.6,
                         cts($A.6, $B.4, ~sst.115, ~r.30)
              ),
              Slot4Added( $B.4, ~bid.8, ~rst.33, ~idx.21, $A.6,
                          cts($A.6, $B.4, ~sst.115, ~r.30)
              )
              ]->
               [
               OpenStage4( $B.4, ~bid.8, ~rst.33 ),
               AddedSlot4( $B.4, ~bid.8, ~rst.33, ~idx.21, $A.6,
                           cts($A.6, $B.4, ~sst.115, ~r.30)
               )
               ]
    #vf.22: instance (modulo AC) isend:
               [ !KU( <$A.6, $B.4, cts($A.6, $B.4, ~sst.115, ~r.30)> ) ]
              --[ K( <$A.6, $B.4, cts($A.6, $B.4, ~sst.115, ~r.30)> ) ]->
               [ In( <$A.6, $B.4, cts($A.6, $B.4, ~sst.115, ~r.30)> ) ]
    #vf.28: instance (modulo AC) Fresh:
               [ ] --> [ Fr( ~idx.21 ) ]
    #vr.29: instance (modulo AC) SenderCreatesComponent:
               [
               !SenderState( $A.6, ~sst.115 ),
               !ReceiverPublicState( $B.4, ~rst.33 ), Fr( ~r.30 )
               ]
              --[
              SenderComponent( $A.6, $B.4, ~rst.33,
                               cts($A.6, $B.4, ~sst.115, ~r.30), ks($A.6, $B.4, ~sst.115, ~r.30)
              )
              ]->
               [
               Out( <$A.6, $B.4, cts($A.6, $B.4, ~sst.115, ~r.30)> ),
               !ComponentKey( $A.6, $B.4, ~rst.33,
                              cts($A.6, $B.4, ~sst.115, ~r.30), ks($A.6, $B.4, ~sst.115, ~r.30)
               )
               ]
    #vf.31: instance (modulo AC) Fresh:
               [ ] --> [ Fr( ~r.30 ) ]
    #vr.32: instance (modulo AC) InitReceiverState:
               [ Fr( ~rst.33 ) ]
              --[ ReceiverStateCreated( $B.4, ~rst.33 ) ]->
               [
               ReceiverState( $B.4, ~rst.33 ),
               !ReceiverPublicState( $B.4, ~rst.33 ),
               ReceiverCompromiseToken( $B.4, ~rst.33 )
               ]
    #vf.34: instance (modulo AC) Fresh:
               [ ] --> [ Fr( ~rst.33 ) ]
    #vr.35: instance (modulo AC) SealBatch:
               [ OpenStage4( $B.4, ~bid.8, ~rst.33 ) ]
              --[ SealBatchEvent( $B.4, ~bid.8, ~rst.33 ) ]->
               [ SealedStage0( $B.4, ~bid.8, ~rst.33 ) ]
    #vr.37: instance (modulo AC) AddSlot1:
               [
               OpenStage0( $B.4, ~bid.8, ~rst.33 ),
               In( <$A.11, $B.4, cts($A.11, $B.4, ~sst.133, ~r.47)> ),
               Fr( ~idx.38 )
               ]
              --[
              SlotAdded( $B.4, ~bid.8, ~idx.38, $A.11,
                         cts($A.11, $B.4, ~sst.133, ~r.47)
              ),
              Slot1Added( $B.4, ~bid.8, ~rst.33, ~idx.38, $A.11,
                          cts($A.11, $B.4, ~sst.133, ~r.47)
              )
              ]->
               [
               OpenStage1( $B.4, ~bid.8, ~rst.33 ),
               AddedSlot1( $B.4, ~bid.8, ~rst.33, ~idx.38, $A.11,
                           cts($A.11, $B.4, ~sst.133, ~r.47)
               )
               ]
    #vf.39: instance (modulo AC) isend:
               [ !KU( <$A.11, $B.4, cts($A.11, $B.4, ~sst.133, ~r.47)> ) ]
              --[ K( <$A.11, $B.4, cts($A.11, $B.4, ~sst.133, ~r.47)> ) ]->
               [ In( <$A.11, $B.4, cts($A.11, $B.4, ~sst.133, ~r.47)> ) ]
    #vf.45: instance (modulo AC) Fresh:
               [ ] --> [ Fr( ~idx.38 ) ]
    #vr.46: instance (modulo AC) SenderCreatesComponent:
               [
               !SenderState( $A.11, ~sst.133 ),
               !ReceiverPublicState( $B.4, ~rst.33 ), Fr( ~r.47 )
               ]
              --[
              SenderComponent( $A.11, $B.4, ~rst.33,
                               cts($A.11, $B.4, ~sst.133, ~r.47), ks($A.11, $B.4, ~sst.133, ~r.47)
              )
              ]->
               [
               Out( <$A.11, $B.4, cts($A.11, $B.4, ~sst.133, ~r.47)> ),
               !ComponentKey( $A.11, $B.4, ~rst.33,
                              cts($A.11, $B.4, ~sst.133, ~r.47), ks($A.11, $B.4, ~sst.133, ~r.47)
               )
               ]
    #vf.48: instance (modulo AC) Fresh:
               [ ] --> [ Fr( ~r.47 ) ]
    #vr.51: instance (modulo AC) AddSlot2:
               [
               OpenStage1( $B.4, ~bid.8, ~rst.33 ),
               In( <$A.13, $B.4, cts($A.13, $B.4, ~sst.162, ~r.61)> ),
               Fr( ~idx.52 )
               ]
              --[
              SlotAdded( $B.4, ~bid.8, ~idx.52, $A.13,
                         cts($A.13, $B.4, ~sst.162, ~r.61)
              ),
              Slot2Added( $B.4, ~bid.8, ~rst.33, ~idx.52, $A.13,
                          cts($A.13, $B.4, ~sst.162, ~r.61)
              )
              ]->
               [
               OpenStage2( $B.4, ~bid.8, ~rst.33 ),
               AddedSlot2( $B.4, ~bid.8, ~rst.33, ~idx.52, $A.13,
                           cts($A.13, $B.4, ~sst.162, ~r.61)
               )
               ]
    #vf.53: instance (modulo AC) isend:
               [ !KU( <$A.13, $B.4, cts($A.13, $B.4, ~sst.162, ~r.61)> ) ]
              --[ K( <$A.13, $B.4, cts($A.13, $B.4, ~sst.162, ~r.61)> ) ]->
               [ In( <$A.13, $B.4, cts($A.13, $B.4, ~sst.162, ~r.61)> ) ]
    #vf.59: instance (modulo AC) Fresh:
               [ ] --> [ Fr( ~idx.52 ) ]
    #vr.60: instance (modulo AC) SenderCreatesComponent:
               [
               !SenderState( $A.13, ~sst.162 ),
               !ReceiverPublicState( $B.4, ~rst.33 ), Fr( ~r.61 )
               ]
              --[
              SenderComponent( $A.13, $B.4, ~rst.33,
                               cts($A.13, $B.4, ~sst.162, ~r.61), ks($A.13, $B.4, ~sst.162, ~r.61)
              )
              ]->
               [
               Out( <$A.13, $B.4, cts($A.13, $B.4, ~sst.162, ~r.61)> ),
               !ComponentKey( $A.13, $B.4, ~rst.33,
                              cts($A.13, $B.4, ~sst.162, ~r.61), ks($A.13, $B.4, ~sst.162, ~r.61)
               )
               ]
    #vf.62: instance (modulo AC) Fresh:
               [ ] --> [ Fr( ~r.61 ) ]
    #vr.65: instance (modulo AC) AddSlot3:
               [
               OpenStage2( $B.4, ~bid.8, ~rst.33 ),
               In( <$A.15, $B.4, cts($A.15, $B.4, ~sst.191, ~r.75)> ),
               Fr( ~idx.66 )
               ]
              --[
              SlotAdded( $B.4, ~bid.8, ~idx.66, $A.15,
                         cts($A.15, $B.4, ~sst.191, ~r.75)
              ),
              Slot3Added( $B.4, ~bid.8, ~rst.33, ~idx.66, $A.15,
                          cts($A.15, $B.4, ~sst.191, ~r.75)
              )
              ]->
               [
               OpenStage3( $B.4, ~bid.8, ~rst.33 ),
               AddedSlot3( $B.4, ~bid.8, ~rst.33, ~idx.66, $A.15,
                           cts($A.15, $B.4, ~sst.191, ~r.75)
               )
               ]
    #vf.67: instance (modulo AC) isend:
               [ !KU( <$A.15, $B.4, cts($A.15, $B.4, ~sst.191, ~r.75)> ) ]
              --[ K( <$A.15, $B.4, cts($A.15, $B.4, ~sst.191, ~r.75)> ) ]->
               [ In( <$A.15, $B.4, cts($A.15, $B.4, ~sst.191, ~r.75)> ) ]
    #vf.73: instance (modulo AC) Fresh:
               [ ] --> [ Fr( ~idx.66 ) ]
    #vr.74: instance (modulo AC) SenderCreatesComponent:
               [
               !SenderState( $A.15, ~sst.191 ),
               !ReceiverPublicState( $B.4, ~rst.33 ), Fr( ~r.75 )
               ]
              --[
              SenderComponent( $A.15, $B.4, ~rst.33,
                               cts($A.15, $B.4, ~sst.191, ~r.75), ks($A.15, $B.4, ~sst.191, ~r.75)
              )
              ]->
               [
               Out( <$A.15, $B.4, cts($A.15, $B.4, ~sst.191, ~r.75)> ),
               !ComponentKey( $A.15, $B.4, ~rst.33,
                              cts($A.15, $B.4, ~sst.191, ~r.75), ks($A.15, $B.4, ~sst.191, ~r.75)
               )
               ]
    #vf.76: instance (modulo AC) Fresh:
               [ ] --> [ Fr( ~r.75 ) ]
    #vr.114: instance (modulo AC) InitSenderState:
                [ Fr( ~sst.115 ) ]
               --[ SenderStateCreated( $A.6, ~sst.115 ) ]->
                [
                !SenderState( $A.6, ~sst.115 ),
                SenderCompromiseToken( $A.6, ~sst.115 )
                ]
    #vf.116: instance (modulo AC) Fresh:
                [ ] --> [ Fr( ~sst.115 ) ]
    #vr.120: instance (modulo AC) AddSlot4:
                [
                OpenStage3( $B.4, ~bid.8, ~rst.33 ),
                In( <$A.121, $B.4, cts_in.121> ), Fr( ~idx.121 )
                ]
               --[
               SlotAdded( $B.4, ~bid.8, ~idx.121, $A.121, cts_in.121 ),
               Slot4Added( $B.4, ~bid.8, ~rst.33, ~idx.121, $A.121, cts_in.121 )
               ]->
                [
                OpenStage4( $B.4, ~bid.8, ~rst.33 ),
                AddedSlot4( $B.4, ~bid.8, ~rst.33, ~idx.121, $A.121, cts_in.121 )
                ]
    #vf.122: instance (modulo AC) isend:
                [ !KU( <$A.121, $B.4, cts_in.121> ) ]
               --[ K( <$A.121, $B.4, cts_in.121> ) ]->
                [ In( <$A.121, $B.4, cts_in.121> ) ]
    #vf.128: instance (modulo AC) Fresh:
                [ ] --> [ Fr( ~idx.121 ) ]
    #vr.132: instance (modulo AC) InitSenderState:
                [ Fr( ~sst.133 ) ]
               --[ SenderStateCreated( $A.11, ~sst.133 ) ]->
                [
                !SenderState( $A.11, ~sst.133 ),
                SenderCompromiseToken( $A.11, ~sst.133 )
                ]
    #vf.134: instance (modulo AC) Fresh:
                [ ] --> [ Fr( ~sst.133 ) ]
    #vr.161: instance (modulo AC) InitSenderState:
                [ Fr( ~sst.162 ) ]
               --[ SenderStateCreated( $A.13, ~sst.162 ) ]->
                [
                !SenderState( $A.13, ~sst.162 ),
                SenderCompromiseToken( $A.13, ~sst.162 )
                ]
    #vf.163: instance (modulo AC) Fresh:
                [ ] --> [ Fr( ~sst.162 ) ]
    #vr.190: instance (modulo AC) InitSenderState:
                [ Fr( ~sst.191 ) ]
               --[ SenderStateCreated( $A.15, ~sst.191 ) ]->
                [
                !SenderState( $A.15, ~sst.191 ),
                SenderCompromiseToken( $A.15, ~sst.191 )
                ]
    #vf.192: instance (modulo AC) Fresh:
                [ ] --> [ Fr( ~sst.191 ) ]
    #vr.263: instance (modulo AC) AddSlot3:
                [
                OpenStage2( $B.4, ~bid.8, ~rst.33 ),
                In( <$A.264, $B.4, cts_in.264> ), Fr( ~idx.264 )
                ]
               --[
               SlotAdded( $B.4, ~bid.8, ~idx.264, $A.264, cts_in.264 ),
               Slot3Added( $B.4, ~bid.8, ~rst.33, ~idx.264, $A.264, cts_in.264 )
               ]->
                [
                OpenStage3( $B.4, ~bid.8, ~rst.33 ),
                AddedSlot3( $B.4, ~bid.8, ~rst.33, ~idx.264, $A.264, cts_in.264 )
                ]
    #vf.265: instance (modulo AC) isend:
                [ !KU( <$A.264, $B.4, cts_in.264> ) ]
               --[ K( <$A.264, $B.4, cts_in.264> ) ]->
                [ In( <$A.264, $B.4, cts_in.264> ) ]
    #vf.271: instance (modulo AC) Fresh:
                [ ] --> [ Fr( ~idx.264 ) ]
    #vf.356: instance (modulo AC) isend:
                [ !KU( <$A.13, $B.4, cts($A.13, $B.4, ~sst.162, ~r.61)> ) ]
               --[ K( <$A.13, $B.4, cts($A.13, $B.4, ~sst.162, ~r.61)> ) ]->
                [ In( <$A.13, $B.4, cts($A.13, $B.4, ~sst.162, ~r.61)> ) ]
    #vf.362: instance (modulo AC) Fresh:
                [ ] --> [ Fr( ~idx.52 ) ]
    #vr.410: instance (modulo AC) AddSlot2:
                [
                OpenStage1( $B.4, ~bid.8, ~rst.33 ),
                In( <$A.411, $B.4, cts_in.411> ), Fr( ~idx.411 )
                ]
               --[
               SlotAdded( $B.4, ~bid.8, ~idx.411, $A.411, cts_in.411 ),
               Slot2Added( $B.4, ~bid.8, ~rst.33, ~idx.411, $A.411, cts_in.411 )
               ]->
                [
                OpenStage2( $B.4, ~bid.8, ~rst.33 ),
                AddedSlot2( $B.4, ~bid.8, ~rst.33, ~idx.411, $A.411, cts_in.411 )
                ]
    #vf.412: instance (modulo AC) isend:
                [ !KU( <$A.411, $B.4, cts_in.411> ) ]
               --[ K( <$A.411, $B.4, cts_in.411> ) ]->
                [ In( <$A.411, $B.4, cts_in.411> ) ]
    #vf.418: instance (modulo AC) Fresh:
                [ ] --> [ Fr( ~idx.411 ) ]
    #vr.472: instance (modulo AC) AddSlot1:
                [
                OpenStage0( $B.4, ~bid.8, ~rst.33 ),
                In( <$A.473, $B.4, cts_in.473> ), Fr( ~idx.473 )
                ]
               --[
               SlotAdded( $B.4, ~bid.8, ~idx.473, $A.473, cts_in.473 ),
               Slot1Added( $B.4, ~bid.8, ~rst.33, ~idx.473, $A.473, cts_in.473 )
               ]->
                [
                OpenStage1( $B.4, ~bid.8, ~rst.33 ),
                AddedSlot1( $B.4, ~bid.8, ~rst.33, ~idx.473, $A.473, cts_in.473 )
                ]
    #vf.474: instance (modulo AC) isend:
                [ !KU( <$A.473, $B.4, cts_in.473> ) ]
               --[ K( <$A.473, $B.4, cts_in.473> ) ]->
                [ In( <$A.473, $B.4, cts_in.473> ) ]
    #vf.480: instance (modulo AC) Fresh:
                [ ] --> [ Fr( ~idx.473 ) ]
    #vr.496: instance (modulo AC) AddSlot1:
                [
                OpenStage0( $B.4, ~bid.8, ~rst.33 ),
                In( <$A.497, $B.4, cts_in.497> ), Fr( ~idx.497 )
                ]
               --[
               SlotAdded( $B.4, ~bid.8, ~idx.497, $A.497, cts_in.497 ),
               Slot1Added( $B.4, ~bid.8, ~rst.33, ~idx.497, $A.497, cts_in.497 )
               ]->
                [
                OpenStage1( $B.4, ~bid.8, ~rst.33 ),
                AddedSlot1( $B.4, ~bid.8, ~rst.33, ~idx.497, $A.497, cts_in.497 )
                ]
    #vf.498: instance (modulo AC) isend:
                [ !KU( <$A.497, $B.4, cts_in.497> ) ]
               --[ K( <$A.497, $B.4, cts_in.497> ) ]->
                [ In( <$A.497, $B.4, cts_in.497> ) ]
    #vf.504: instance (modulo AC) Fresh:
                [ ] --> [ Fr( ~idx.497 ) ]
  actions:
    !KU( <$A.6, $B.4, cts($A.6, $B.4, ~sst.115, ~r.30)> ) @ #vk.23,
    !KU( $A.6 ) @ #vk.24,
    !KU( <$B.4, cts($A.6, $B.4, ~sst.115, ~r.30)> ) @ #vk.25,
    !KU( $B.4 ) @ #vk.26,
    !KU( cts($A.6, $B.4, ~sst.115, ~r.30) ) @ #vk.27,
    !KU( <$A.11, $B.4, cts($A.11, $B.4, ~sst.133, ~r.47)> ) @ #vk.40,
    !KU( $A.11 ) @ #vk.41,
    !KU( <$B.4, cts($A.11, $B.4, ~sst.133, ~r.47)> ) @ #vk.42,
    !KU( cts($A.11, $B.4, ~sst.133, ~r.47) ) @ #vk.44,
    !KU( <$A.13, $B.4, cts($A.13, $B.4, ~sst.162, ~r.61)> ) @ #vk.54,
    !KU( $A.13 ) @ #vk.55,
    !KU( <$B.4, cts($A.13, $B.4, ~sst.162, ~r.61)> ) @ #vk.56,
    !KU( cts($A.13, $B.4, ~sst.162, ~r.61) ) @ #vk.58,
    !KU( <$A.15, $B.4, cts($A.15, $B.4, ~sst.191, ~r.75)> ) @ #vk.68,
    !KU( $A.15 ) @ #vk.69,
    !KU( <$B.4, cts($A.15, $B.4, ~sst.191, ~r.75)> ) @ #vk.70,
    !KU( cts($A.15, $B.4, ~sst.191, ~r.75) ) @ #vk.72,
    !KU( <$A.121, $B.4, cts_in.121> ) @ #vk.123,
    !KU( $A.121 ) @ #vk.124, !KU( <$B.4, cts_in.121> ) @ #vk.125,
    !KU( cts_in.121 ) @ #vk.127,
    !KU( <$A.264, $B.4, cts_in.264> ) @ #vk.266,
    !KU( $A.264 ) @ #vk.267, !KU( <$B.4, cts_in.264> ) @ #vk.268,
    !KU( cts_in.264 ) @ #vk.270,
    !KU( <$A.13, $B.4, cts($A.13, $B.4, ~sst.162, ~r.61)> ) @ #vk.357,
    !KU( $A.13 ) @ #vk.358,
    !KU( <$B.4, cts($A.13, $B.4, ~sst.162, ~r.61)> ) @ #vk.359,
    !KU( cts($A.13, $B.4, ~sst.162, ~r.61) ) @ #vk.361,
    !KU( <$A.411, $B.4, cts_in.411> ) @ #vk.413,
    !KU( $A.411 ) @ #vk.414, !KU( <$B.4, cts_in.411> ) @ #vk.415,
    !KU( cts_in.411 ) @ #vk.417,
    !KU( <$A.473, $B.4, cts_in.473> ) @ #vk.475,
    !KU( $A.473 ) @ #vk.476, !KU( <$B.4, cts_in.473> ) @ #vk.477,
    !KU( cts_in.473 ) @ #vk.479,
    !KU( <$A.497, $B.4, cts_in.497> ) @ #vk.499,
    !KU( $A.497 ) @ #vk.500, !KU( <$B.4, cts_in.497> ) @ #vk.501,
    !KU( cts_in.497 ) @ #vk.503
  edges:
    (#vr.3, 1) >--> (#i, 0), (#vr.5, 0) >--> (#vr.3, 0),
    (#vr.5, 1) >--> (#vr.3, 5), (#vr.7, 0) >--> (#vr.37, 0),
    (#vr.7, 1) >--> (#vr.3, 1), (#vf.9, 0) >--> (#vr.7, 1),
    (#vr.10, 0) >--> (#vr.12, 0), (#vr.10, 1) >--> (#vr.3, 2),
    (#vr.12, 0) >--> (#vr.14, 0), (#vr.12, 1) >--> (#vr.3, 3),
    (#vr.14, 0) >--> (#vr.5, 0), (#vr.14, 1) >--> (#vr.3, 4),
    (#vr.20, 1) >--> (#vr.5, 1), (#vf.22, 0) >--> (#vr.20, 1),
    (#vf.28, 0) >--> (#vr.20, 2), (#vr.29, 1) >--> (#vr.5, 2),
    (#vf.31, 0) >--> (#vr.29, 2), (#vr.32, 0) >--> (#vr.7, 0),
    (#vr.32, 1) >--> (#vr.29, 1), (#vr.32, 1) >--> (#vr.46, 1),
    (#vr.32, 1) >--> (#vr.60, 1), (#vr.32, 1) >--> (#vr.74, 1),
    (#vf.34, 0) >--> (#vr.32, 0), (#vr.35, 0) >--> (#vr.10, 0),
    (#vr.37, 0) >--> (#vr.51, 0), (#vr.37, 1) >--> (#vr.10, 1),
    (#vf.39, 0) >--> (#vr.37, 1), (#vf.45, 0) >--> (#vr.37, 2),
    (#vr.46, 1) >--> (#vr.10, 2), (#vf.48, 0) >--> (#vr.46, 2),
    (#vr.51, 0) >--> (#vr.65, 0), (#vr.51, 1) >--> (#vr.12, 1),
    (#vf.53, 0) >--> (#vr.51, 1), (#vf.59, 0) >--> (#vr.51, 2),
    (#vr.60, 1) >--> (#vr.12, 2), (#vf.62, 0) >--> (#vr.60, 2),
    (#vr.65, 0) >--> (#vr.20, 0), (#vr.65, 1) >--> (#vr.14, 1),
    (#vf.67, 0) >--> (#vr.65, 1), (#vf.73, 0) >--> (#vr.65, 2),
    (#vr.74, 1) >--> (#vr.14, 2), (#vf.76, 0) >--> (#vr.74, 2),
    (#vr.114, 0) >--> (#vr.29, 0), (#vf.116, 0) >--> (#vr.114, 0),
    (#vr.120, 0) >--> (#vr.35, 0), (#vf.122, 0) >--> (#vr.120, 1),
    (#vf.128, 0) >--> (#vr.120, 2), (#vr.132, 0) >--> (#vr.46, 0),
    (#vf.134, 0) >--> (#vr.132, 0), (#vr.161, 0) >--> (#vr.60, 0),
    (#vf.163, 0) >--> (#vr.161, 0), (#vr.190, 0) >--> (#vr.74, 0),
    (#vf.192, 0) >--> (#vr.190, 0), (#vr.263, 0) >--> (#vr.120, 0),
    (#vf.265, 0) >--> (#vr.263, 1), (#vf.271, 0) >--> (#vr.263, 2),
    (#vf.356, 0) >--> (#vr.51, 1), (#vf.362, 0) >--> (#vr.51, 2),
    (#vr.410, 0) >--> (#vr.263, 0), (#vf.412, 0) >--> (#vr.410, 1),
    (#vf.418, 0) >--> (#vr.410, 2), (#vr.472, 0) >--> (#vr.51, 0),
    (#vf.474, 0) >--> (#vr.472, 1), (#vf.480, 0) >--> (#vr.472, 2),
    (#vr.496, 0) >--> (#vr.410, 0), (#vf.498, 0) >--> (#vr.496, 1),
    (#vf.504, 0) >--> (#vr.496, 2)
  less:
    #vr.7 < #vr.3: induced by fresh value,
    #vr.7 < #vr.5: induced by fresh value,
    #vr.7 < #vr.10: induced by fresh value,
    #vr.7 < #vr.12: induced by fresh value,
    #vr.7 < #vr.14: induced by fresh value,
    #vr.7 < #vr.20: induced by fresh value,
    #vr.7 < #vr.35: induced by fresh value,
    #vr.7 < #vr.37: induced by fresh value,
    #vr.7 < #vr.51: induced by fresh value,
    #vr.7 < #vr.65: induced by fresh value,
    #vr.7 < #vr.120: induced by fresh value,
    #vr.7 < #vr.263: induced by fresh value,
    #vr.7 < #vr.410: induced by fresh value,
    #vr.7 < #vr.472: induced by fresh value,
    #vr.7 < #vr.496: induced by fresh value,
    #vr.20 < #vr.5: induced by fresh value,
    #vk.23 < #vf.22: induced by adversary,
    #vk.24 < #vk.23: induced by adversary,
    #vk.25 < #vk.23: induced by adversary,
    #vk.26 < #vk.25: induced by adversary,
    #vk.26 < #vk.42: induced by adversary,
    #vk.26 < #vk.56: induced by adversary,
    #vk.26 < #vk.70: induced by adversary,
    #vk.26 < #vk.125: induced by adversary,
    #vk.26 < #vk.268: induced by adversary,
    #vk.26 < #vk.359: induced by adversary,
    #vk.26 < #vk.415: induced by adversary,
    #vk.26 < #vk.477: induced by adversary,
    #vk.26 < #vk.501: induced by adversary,
    #vk.27 < #vk.25: induced by adversary,
    #vr.29 < #vr.5: induced by fresh value,
    #vr.29 < #vr.20: induced by fresh value,
    #vr.29 < #vf.22: induced by fresh value,
    #vr.32 < #vr.3: induced by fresh value,
    #vr.32 < #vr.5: induced by fresh value,
    #vr.32 < #vr.7: induced by fresh value,
    #vr.32 < #vr.10: induced by fresh value,
    #vr.32 < #vr.12: induced by fresh value,
    #vr.32 < #vr.14: induced by fresh value,
    #vr.32 < #vr.20: induced by fresh value,
    #vr.32 < #vr.29: induced by fresh value,
    #vr.32 < #vr.35: induced by fresh value,
    #vr.32 < #vr.37: induced by fresh value,
    #vr.32 < #vr.46: induced by fresh value,
    #vr.32 < #vr.51: induced by fresh value,
    #vr.32 < #vr.60: induced by fresh value,
    #vr.32 < #vr.65: induced by fresh value,
    #vr.32 < #vr.74: induced by fresh value,
    #vr.32 < #vr.120: induced by fresh value,
    #vr.32 < #vr.263: induced by fresh value,
    #vr.32 < #vr.410: induced by fresh value,
    #vr.32 < #vr.472: induced by fresh value,
    #vr.32 < #vr.496: induced by fresh value,
    #vr.37 < #vr.10: induced by fresh value,
    #vk.40 < #vf.39: induced by adversary,
    #vk.41 < #vk.40: induced by adversary,
    #vk.42 < #vk.40: induced by adversary,
    #vk.44 < #vk.42: induced by adversary,
    #vr.46 < #vr.10: induced by fresh value,
    #vr.46 < #vr.37: induced by fresh value,
    #vr.46 < #vf.39: induced by fresh value,
    #vr.51 < #vr.12: induced by fresh value,
    #vk.54 < #vf.53: induced by adversary,
    #vk.55 < #vk.54: induced by adversary,
    #vk.56 < #vk.54: induced by adversary,
    #vk.58 < #vk.56: induced by adversary,
    #vr.60 < #vr.12: induced by fresh value,
    #vr.60 < #vr.51: induced by fresh value,
    #vr.60 < #vf.53: induced by fresh value,
    #vr.60 < #vf.356: induced by fresh value,
    #vr.65 < #vr.14: induced by fresh value,
    #vk.68 < #vf.67: induced by adversary,
    #vk.69 < #vk.68: induced by adversary,
    #vk.70 < #vk.68: induced by adversary,
    #vk.72 < #vk.70: induced by adversary,
    #vr.74 < #vr.14: induced by fresh value,
    #vr.74 < #vr.65: induced by fresh value,
    #vr.74 < #vf.67: induced by fresh value,
    #vr.114 < #vr.5: induced by fresh value,
    #vr.114 < #vr.20: induced by fresh value,
    #vr.114 < #vf.22: induced by fresh value,
    #vr.114 < #vr.29: induced by fresh value,
    #vk.123 < #vf.122: induced by adversary,
    #vk.124 < #vk.123: induced by adversary,
    #vk.125 < #vk.123: induced by adversary,
    #vk.127 < #vk.125: induced by adversary,
    #vr.132 < #vr.10: induced by fresh value,
    #vr.132 < #vr.37: induced by fresh value,
    #vr.132 < #vf.39: induced by fresh value,
    #vr.132 < #vr.46: induced by fresh value,
    #vr.161 < #vr.12: induced by fresh value,
    #vr.161 < #vr.51: induced by fresh value,
    #vr.161 < #vf.53: induced by fresh value,
    #vr.161 < #vr.60: induced by fresh value,
    #vr.161 < #vf.356: induced by fresh value,
    #vr.190 < #vr.14: induced by fresh value,
    #vr.190 < #vr.65: induced by fresh value,
    #vr.190 < #vf.67: induced by fresh value,
    #vr.190 < #vr.74: induced by fresh value,
    #vk.266 < #vf.265: induced by adversary,
    #vk.267 < #vk.266: induced by adversary,
    #vk.268 < #vk.266: induced by adversary,
    #vk.270 < #vk.268: induced by adversary,
    #vk.357 < #vf.356: induced by adversary,
    #vk.358 < #vk.357: induced by adversary,
    #vk.359 < #vk.357: induced by adversary,
    #vk.361 < #vk.359: induced by adversary,
    #vk.413 < #vf.412: induced by adversary,
    #vk.414 < #vk.413: induced by adversary,
    #vk.415 < #vk.413: induced by adversary,
    #vk.417 < #vk.415: induced by adversary,
    #vk.475 < #vf.474: induced by adversary,
    #vk.476 < #vk.475: induced by adversary,
    #vk.477 < #vk.475: induced by adversary,
    #vk.479 < #vk.477: induced by adversary,
    #vk.499 < #vf.498: induced by adversary,
    #vk.500 < #vk.499: induced by adversary,
    #vk.501 < #vk.499: induced by adversary,
    #vk.503 < #vk.501: induced by adversary
  unsolved constraints:
    !KU( <$A.6, $B.4, cts($A.6, $B.4, ~sst.115, ~r.30)>
    ) @ #vk.23 // nr: 36" (currently deducible)"
    
    !KU( $A.6 ) @ #vk.24 // nr: 37" (currently deducible)"
    
    !KU( <$B.4, cts($A.6, $B.4, ~sst.115, ~r.30)>
    ) @ #vk.25 // nr: 38" (currently deducible)"
    
    !KU( $B.4 ) @ #vk.26 // nr: 39" (currently deducible)"
    
    !KU( cts($A.6, $B.4, ~sst.115, ~r.30)
    ) @ #vk.27 // nr: 45" (currently deducible)"
    
    !KU( <$A.11, $B.4, cts($A.11, $B.4, ~sst.133, ~r.47)>
    ) @ #vk.40 // nr: 51" (currently deducible)"
    
    !KU( $A.11 ) @ #vk.41 // nr: 52" (currently deducible)"
    
    !KU( <$B.4, cts($A.11, $B.4, ~sst.133, ~r.47)>
    ) @ #vk.42 // nr: 53" (currently deducible)"
    
    !KU( cts($A.11, $B.4, ~sst.133, ~r.47)
    ) @ #vk.44 // nr: 60" (currently deducible)"
    
    !KU( <$A.13, $B.4, cts($A.13, $B.4, ~sst.162, ~r.61)>
    ) @ #vk.54 // nr: 67" (currently deducible)"
    
    !KU( $A.13 ) @ #vk.55 // nr: 68" (currently deducible)"
    
    !KU( <$B.4, cts($A.13, $B.4, ~sst.162, ~r.61)>
    ) @ #vk.56 // nr: 69" (currently deducible)"
    
    !KU( cts($A.13, $B.4, ~sst.162, ~r.61)
    ) @ #vk.58 // nr: 76" (currently deducible)"
    
    !KU( <$A.15, $B.4, cts($A.15, $B.4, ~sst.191, ~r.75)>
    ) @ #vk.68 // nr: 83" (currently deducible)"
    
    !KU( $A.15 ) @ #vk.69 // nr: 84" (currently deducible)"
    
    !KU( <$B.4, cts($A.15, $B.4, ~sst.191, ~r.75)>
    ) @ #vk.70 // nr: 85" (currently deducible)"
    
    !KU( cts($A.15, $B.4, ~sst.191, ~r.75)
    ) @ #vk.72 // nr: 92" (currently deducible)"
    
    !KU( <$A.121, $B.4, cts_in.121>
    ) @ #vk.123 // nr: 136" (probably constructible)"
    
    !KU( $A.121 ) @ #vk.124 // nr: 137" (currently deducible)"
    
    !KU( <$B.4, cts_in.121>
    ) @ #vk.125 // nr: 138" (probably constructible)"
    
    !KU( cts_in.121 ) @ #vk.127 // nr: 140" (probably constructible)"
    
    !KU( <$A.264, $B.4, cts_in.264>
    ) @ #vk.266 // nr: 252" (probably constructible)"
    
    !KU( $A.264 ) @ #vk.267 // nr: 253" (currently deducible)"
    
    !KU( <$B.4, cts_in.264>
    ) @ #vk.268 // nr: 254" (probably constructible)"
    
    !KU( cts_in.264 ) @ #vk.270 // nr: 256" (probably constructible)"
    
    !KU( <$A.13, $B.4, cts($A.13, $B.4, ~sst.162, ~r.61)>
    ) @ #vk.357 // nr: 327" (currently deducible)"
    
    !KU( $A.13 ) @ #vk.358 // nr: 328" (currently deducible)"
    
    !KU( <$B.4, cts($A.13, $B.4, ~sst.162, ~r.61)>
    ) @ #vk.359 // nr: 329" (currently deducible)"
    
    !KU( cts($A.13, $B.4, ~sst.162, ~r.61)
    ) @ #vk.361 // nr: 467" (currently deducible)"
    
    !KU( <$A.411, $B.4, cts_in.411>
    ) @ #vk.413 // nr: 371" (probably constructible)"
    
    !KU( $A.411 ) @ #vk.414 // nr: 372" (currently deducible)"
    
    !KU( <$B.4, cts_in.411>
    ) @ #vk.415 // nr: 373" (probably constructible)"
    
    !KU( cts_in.411 ) @ #vk.417 // nr: 375" (probably constructible)"
    
    !KU( <$A.473, $B.4, cts_in.473>
    ) @ #vk.475 // nr: 423" (probably constructible)"
    
    !KU( $A.473 ) @ #vk.476 // nr: 424" (currently deducible)"
    
    !KU( <$B.4, cts_in.473>
    ) @ #vk.477 // nr: 425" (probably constructible)"
    
    !KU( cts_in.473 ) @ #vk.479 // nr: 427" (probably constructible)"
    
    !KU( <$A.497, $B.4, cts_in.497>
    ) @ #vk.499 // nr: 448" (probably constructible)"
    
    !KU( $A.497 ) @ #vk.500 // nr: 449" (currently deducible)"
    
    !KU( <$B.4, cts_in.497>
    ) @ #vk.501 // nr: 450" (probably constructible)"
    
    !KU( cts_in.497 ) @ #vk.503 // nr: 452" (probably constructible)"
    
    OpenStage0( $B.4, ~bid.8, ~rst.33
    ) ▶₀ #vr.472 // nr: 422 (from rule AddSlot1)" (useful2)"
    
    OpenStage0( $B.4, ~bid.8, ~rst.33
    ) ▶₀ #vr.496 // nr: 447 (from rule AddSlot1)" (useful2)"
    
    splitEqs(101) // nr: 460" (useful2)"
  last: none
  
  formulas:
  
  subterms:
  
  equations:
    subst:
      $B.4  <~ {t.1, $B.6, $B.8, $B.11, $B.13, $B.15, $B.17, $B.19,
                $B.21, $B.30, $B.33, $B.36, $B.38, $B.47, $B.50, $B.52, $B.61,
                $B.64, $B.66, $B.75, $B.78, $B.80, $B.89, $B.92, $B.94, $B.103,
                $B.106, $B.118, $B.121, $B.130, $B.136, $B.139, $B.141, $B.150,
                $B.153, $B.165, $B.168, $B.170, $B.179, $B.182, $B.194, $B.197,
                $B.199, $B.208, $B.211, $B.223, $B.226, $B.228, $B.237, $B.240,
                $B.252, $B.255, $B.264, $B.273, $B.282, $B.285, $B.288, $B.290,
                $B.299, $B.302, $B.314, $B.317, $B.326, $B.328, $B.337, $B.340,
                $B.352, $B.355, $B.364, $B.366, $B.375, $B.378, $B.390, $B.393,
                $B.402, $B.411, $B.420, $B.429, $B.432, $B.435, $B.437, $B.446,
                $B.449, $B.461, $B.464, $B.473, $B.482, $B.491, $B.494, $B.497,
                $B.506, $B.515}
      #vr.5  <~ {#vr.16}
      $A.6  <~ {$A.17, $A.21, $A.30, $A.80, $A.89, $A.115, $A.220}
      #vr.7  <~ {#vr.129, #vr.281, #vr.284, #vr.428, #vr.431, #vr.490,
                 #vr.493, #vr.514}
      ~bid.8  <~ {bid.4, bid.6, bid.11, bid.13, bid.15, bid.17, bid.19,
                  bid.21, bid.36, bid.38, bid.50, bid.52, bid.64, bid.66, bid.78,
                  bid.80, bid.92, bid.94, bid.106, bid.121, ~bid.130, bid.139,
                  bid.141, bid.153, bid.168, bid.170, bid.182, bid.197, bid.199,
                  bid.211, bid.226, bid.228, bid.240, bid.255, bid.264, bid.273,
                  ~bid.282, ~bid.285, bid.288, bid.290, bid.302, bid.317, bid.326,
                  bid.328, bid.340, bid.355, bid.364, bid.366, bid.378, bid.393,
                  bid.402, bid.411, bid.420, ~bid.429, ~bid.432, bid.435, bid.437,
                  bid.449, bid.464, bid.473, bid.482, ~bid.491, ~bid.494, bid.497,
                  bid.506, ~bid.515}
      #vf.9  <~ {#vf.131, #vf.283, #vf.286, #vf.430, #vf.433, #vf.492,
                 #vf.495, #vf.516}
      #vr.10  <~ {#vr.49, #vr.167, #vr.225, #vr.325}
      $A.11  <~ {$A.38, $A.47, $A.50, $A.133, $A.141, $A.150, $A.153,
                 $A.168, $A.226, $A.290, $A.299, $A.302, $A.317, $A.326, $A.366,
                 $A.375, $A.378, $A.393, $A.402, $A.437, $A.446, $A.449, $A.464}
      #vr.12  <~ {#vr.63, #vr.91, #vr.196}
      $A.13  <~ {$A.52, $A.61, $A.64, $A.92, $A.162, $A.170, $A.179,
                 $A.182, $A.197, $A.228, $A.237, $A.240, $A.255, $A.311, $A.328,
                 $A.337, $A.340, $A.355, $A.387, $A.458}
      #vr.14  <~ {#vr.18, #vr.77}
      $A.15  <~ {$A.19, $A.66, $A.75, $A.78, $A.94, $A.103, $A.106,
                 $A.191, $A.199, $A.208, $A.211, $A.249, $A.349}
      #vr.20  <~ {#vr.79}
      ~idx.21  <~ {idx.6, idx.17, ~idx.80}
      #vf.22  <~ {#vf.81}
      #vk.23  <~ {#vk.82}
      #vk.24  <~ {#vk.83}
      #vk.25  <~ {#vk.84}
      #vk.26  <~ {#vk.43, #vk.57, #vk.71, #vk.85, #vk.99, #vk.111,
                  #vk.126, #vk.146, #vk.158, #vk.175, #vk.187, #vk.204, #vk.216,
                  #vk.233, #vk.245, #vk.260, #vk.269, #vk.278, #vk.295, #vk.307,
                  #vk.322, #vk.333, #vk.345, #vk.360, #vk.371, #vk.383, #vk.398,
                  #vk.407, #vk.416, #vk.425, #vk.442, #vk.454, #vk.469, #vk.478,
                  #vk.487, #vk.502, #vk.511}
      #vk.27  <~ {#vk.86}
      #vf.28  <~ {#vf.87}
      #vr.29  <~ {#vr.88}
      ~r.30  <~ {~r.89}
      #vf.31  <~ {#vf.90}
      #vr.32  <~ {#vr.117, #vr.135, #vr.164, #vr.193, #vr.222, #vr.251,
                  #vr.313, #vr.351, #vr.389, #vr.460}
      ~rst.33  <~ {t.2, rst.4, rst.6, rst.8, rst.11, rst.13, rst.15,
                   rst.17, rst.19, rst.21, rst.30, rst.36, rst.38, rst.47, rst.50,
                   rst.52, rst.61, rst.64, rst.66, rst.75, rst.78, rst.80, rst.89,
                   rst.92, rst.94, rst.103, rst.106, ~rst.118, rst.121, rst.130,
                   ~rst.136, rst.139, rst.141, rst.150, rst.153, ~rst.165, rst.168,
                   rst.170, rst.179, rst.182, ~rst.194, rst.197, rst.199, rst.208,
                   rst.211, ~rst.223, rst.226, rst.228, rst.237, rst.240, ~rst.252,
                   rst.255, rst.264, rst.273, rst.282, rst.285, rst.288, rst.290,
                   rst.299, rst.302, ~rst.314, rst.317, rst.326, rst.328, rst.337,
                   rst.340, ~rst.352, rst.355, rst.364, rst.366, rst.375, rst.378,
                   ~rst.390, rst.393, rst.402, rst.411, rst.420, rst.429, rst.432,
                   rst.435, rst.437, rst.446, rst.449, ~rst.461, rst.464, rst.473,
                   rst.482, rst.491, rst.494, rst.497, rst.506, rst.515}
      #vf.34  <~ {#vf.119, #vf.137, #vf.166, #vf.195, #vf.224, #vf.253,
                  #vf.315, #vf.353, #vf.391, #vf.462}
      #vr.35  <~ {#vr.138, #vr.287, #vr.363, #vr.434}
      #vr.37  <~ {#vr.140, #vr.152, #vr.289, #vr.301, #vr.316, #vr.365,
                  #vr.377, #vr.392, #vr.401, #vr.436, #vr.448, #vr.463, #vr.472}
      ~idx.38  <~ {idx.11, idx.50, ~idx.141, ~idx.153, idx.168, idx.226,
                   ~idx.290, ~idx.302, ~idx.317, idx.326, ~idx.366, ~idx.378,
                   ~idx.393, ~idx.402, ~idx.437, ~idx.449, ~idx.464}
      #vf.39  <~ {#vf.142, #vf.154, #vf.291, #vf.303, #vf.318, #vf.367,
                  #vf.379, #vf.394, #vf.403, #vf.438, #vf.450, #vf.465}
      #vk.40  <~ {#vk.143, #vk.155, #vk.292, #vk.304, #vk.319, #vk.368,
                  #vk.380, #vk.395, #vk.404, #vk.439, #vk.451, #vk.466}
      #vk.41  <~ {#vk.144, #vk.156, #vk.293, #vk.305, #vk.320, #vk.369,
                  #vk.381, #vk.396, #vk.405, #vk.440, #vk.452, #vk.467}
      #vk.42  <~ {#vk.145, #vk.157, #vk.294, #vk.306, #vk.321, #vk.370,
                  #vk.382, #vk.397, #vk.406, #vk.441, #vk.453, #vk.468}
      #vk.44  <~ {#vk.147, #vk.159, #vk.296, #vk.308, #vk.323, #vk.372,
                  #vk.384, #vk.399, #vk.408, #vk.443, #vk.455, #vk.470}
      #vf.45  <~ {#vf.148, #vf.160, #vf.297, #vf.309, #vf.324, #vf.373,
                  #vf.385, #vf.400, #vf.409, #vf.444, #vf.456, #vf.471}
      #vr.46  <~ {#vr.149, #vr.298, #vr.374, #vr.445}
      ~r.47  <~ {~r.150, ~r.299, ~r.375, ~r.446}
      #vf.48  <~ {#vf.151, #vf.300, #vf.376, #vf.447}
      #vr.51  <~ {#vr.169, #vr.181, #vr.227, #vr.239, #vr.254, #vr.327,
                  #vr.339, #vr.354}
      ~idx.52  <~ {idx.13, idx.64, idx.92, ~idx.170, ~idx.182, idx.197,
                   ~idx.228, ~idx.240, ~idx.255, ~idx.328, ~idx.340, ~idx.355}
      #vf.53  <~ {#vf.171, #vf.183, #vf.229, #vf.241, #vf.256, #vf.329,
                  #vf.341, #vf.356}
      #vk.54  <~ {#vk.172, #vk.184, #vk.230, #vk.242, #vk.257, #vk.330,
                  #vk.342, #vk.357}
      #vk.55  <~ {#vk.173, #vk.185, #vk.231, #vk.243, #vk.258, #vk.331,
                  #vk.343, #vk.358}
      #vk.56  <~ {#vk.174, #vk.186, #vk.232, #vk.244, #vk.259, #vk.332,
                  #vk.344, #vk.359}
      #vk.58  <~ {#vk.176, #vk.188, #vk.234, #vk.246, #vk.261, #vk.334,
                  #vk.346, #vk.361}
      #vf.59  <~ {#vf.177, #vf.189, #vf.235, #vf.247, #vf.262, #vf.335,
                  #vf.347, #vf.362}
      #vr.60  <~ {#vr.178, #vr.236, #vr.336}
      ~r.61  <~ {~r.179, ~r.237, ~r.337}
      #vf.62  <~ {#vf.180, #vf.238, #vf.338}
      #vr.65  <~ {#vr.93, #vr.105, #vr.198, #vr.210}
      ~idx.66  <~ {idx.15, idx.19, idx.78, ~idx.94, ~idx.106, ~idx.199,
                   ~idx.211}
      #vf.67  <~ {#vf.95, #vf.107, #vf.200, #vf.212}
      #vk.68  <~ {#vk.96, #vk.108, #vk.201, #vk.213}
      #vk.69  <~ {#vk.97, #vk.109, #vk.202, #vk.214}
      #vk.70  <~ {#vk.98, #vk.110, #vk.203, #vk.215}
      #vk.72  <~ {#vk.100, #vk.112, #vk.205, #vk.217}
      #vf.73  <~ {#vf.101, #vf.113, #vf.206, #vf.218}
      #vr.74  <~ {#vr.102, #vr.207}
      ~r.75  <~ {~r.103, ~r.208}
      #vf.76  <~ {#vf.104, #vf.209}
      #vr.114  <~ {#vr.219}
      ~sst.115  <~ {sst.30, sst.89, ~sst.220}
      #vf.116  <~ {#vf.221}
      #vr.120  <~ {#vr.272, #vr.419, #vr.481, #vr.505}
      $A.121  <~ {$A.273, $A.420, $A.482, $A.506}
      ~idx.121  <~ {~idx.273, ~idx.420, ~idx.482, ~idx.506}
      cts_in.121  <~ {cts_in.273, cts_in.420, cts_in.482, cts_in.506}
      #vf.122  <~ {#vf.274, #vf.421, #vf.483, #vf.507}
      #vk.123  <~ {#vk.275, #vk.422, #vk.484, #vk.508}
      #vk.124  <~ {#vk.276, #vk.423, #vk.485, #vk.509}
      #vk.125  <~ {#vk.277, #vk.424, #vk.486, #vk.510}
      #vk.127  <~ {#vk.279, #vk.426, #vk.488, #vk.512}
      #vf.128  <~ {#vf.280, #vf.427, #vf.489, #vf.513}
      ~sst.133  <~ {sst.47, sst.150, sst.299, sst.375, sst.446}
      #vr.161  <~ {#vr.310, #vr.386, #vr.457}
      ~sst.162  <~ {sst.61, sst.179, sst.237, ~sst.311, sst.337,
                    ~sst.387, ~sst.458}
      #vf.163  <~ {#vf.312, #vf.388, #vf.459}
      #vr.190  <~ {#vr.248, #vr.348}
      ~sst.191  <~ {sst.75, sst.103, sst.208, ~sst.249, ~sst.349}
      #vf.192  <~ {#vf.250, #vf.350}
      cts($A.6, $B.4, ~sst.115, ~r.30)  <~ {cts_in.6, cts_in.17,
                                            cts_in.21, cts_in.80}
      cts($A.11, $B.4, ~sst.133, ~r.47)  <~ {cts_in.11, cts_in.38,
                                             cts_in.50, cts_in.141, cts_in.153, cts_in.168,
                                             cts_in.226, cts_in.290, cts_in.302, cts_in.317,
                                             cts_in.326, cts_in.366, cts_in.378, cts_in.393,
                                             cts_in.402, cts_in.437, cts_in.449, cts_in.464}
      cts($A.13, $B.4, ~sst.162, ~r.61)  <~ {cts_in.13, cts_in.52,
                                             cts_in.64, cts_in.92, cts_in.170, cts_in.182,
                                             cts_in.197, cts_in.228, cts_in.240, cts_in.255,
                                             cts_in.328, cts_in.340, cts_in.355}
      cts($A.15, $B.4, ~sst.191, ~r.75)  <~ {cts_in.15, cts_in.19,
                                             cts_in.66, cts_in.78, cts_in.94, cts_in.106,
                                             cts_in.199, cts_in.211}
      ks($A.6, $B.4, ~sst.115, ~r.30)  <~ {Ks.6, Ks.17}
      ks($A.11, $B.4, ~sst.133, ~r.47)  <~ {Ks.11, Ks.50, Ks.168, Ks.226,
                                            Ks.326}
      ks($A.13, $B.4, ~sst.162, ~r.61)  <~ {Ks.13, Ks.64, Ks.92, Ks.197}
      ks($A.15, $B.4, ~sst.191, ~r.75)  <~ {Ks.15, Ks.19, Ks.78}
    conj:
  
  lemmas:
  
  allowed cases: raw
  
  solved formulas:
  
  unsolved constraints:
    !KU( <$A.6, $B.4, cts($A.6, $B.4, ~sst.115, ~r.30)>
    ) @ #vk.23 // nr: 36" (currently deducible)"
    
    !KU( $A.6 ) @ #vk.24 // nr: 37" (currently deducible)"
    
    !KU( <$B.4, cts($A.6, $B.4, ~sst.115, ~r.30)>
    ) @ #vk.25 // nr: 38" (currently deducible)"
    
    !KU( $B.4 ) @ #vk.26 // nr: 39" (currently deducible)"
    
    !KU( cts($A.6, $B.4, ~sst.115, ~r.30)
    ) @ #vk.27 // nr: 45" (currently deducible)"
    
    !KU( <$A.11, $B.4, cts($A.11, $B.4, ~sst.133, ~r.47)>
    ) @ #vk.40 // nr: 51" (currently deducible)"
    
    !KU( $A.11 ) @ #vk.41 // nr: 52" (currently deducible)"
    
    !KU( <$B.4, cts($A.11, $B.4, ~sst.133, ~r.47)>
    ) @ #vk.42 // nr: 53" (currently deducible)"
    
    !KU( cts($A.11, $B.4, ~sst.133, ~r.47)
    ) @ #vk.44 // nr: 60" (currently deducible)"
    
    !KU( <$A.13, $B.4, cts($A.13, $B.4, ~sst.162, ~r.61)>
    ) @ #vk.54 // nr: 67" (currently deducible)"
    
    !KU( $A.13 ) @ #vk.55 // nr: 68" (currently deducible)"
    
    !KU( <$B.4, cts($A.13, $B.4, ~sst.162, ~r.61)>
    ) @ #vk.56 // nr: 69" (currently deducible)"
    
    !KU( cts($A.13, $B.4, ~sst.162, ~r.61)
    ) @ #vk.58 // nr: 76" (currently deducible)"
    
    !KU( <$A.15, $B.4, cts($A.15, $B.4, ~sst.191, ~r.75)>
    ) @ #vk.68 // nr: 83" (currently deducible)"
    
    !KU( $A.15 ) @ #vk.69 // nr: 84" (currently deducible)"
    
    !KU( <$B.4, cts($A.15, $B.4, ~sst.191, ~r.75)>
    ) @ #vk.70 // nr: 85" (currently deducible)"
    
    !KU( cts($A.15, $B.4, ~sst.191, ~r.75)
    ) @ #vk.72 // nr: 92" (currently deducible)"
    
    !KU( <$A.121, $B.4, cts_in.121>
    ) @ #vk.123 // nr: 136" (probably constructible)"
    
    !KU( $A.121 ) @ #vk.124 // nr: 137" (currently deducible)"
    
    !KU( <$B.4, cts_in.121>
    ) @ #vk.125 // nr: 138" (probably constructible)"
    
    !KU( cts_in.121 ) @ #vk.127 // nr: 140" (probably constructible)"
    
    !KU( <$A.264, $B.4, cts_in.264>
    ) @ #vk.266 // nr: 252" (probably constructible)"
    
    !KU( $A.264 ) @ #vk.267 // nr: 253" (currently deducible)"
    
    !KU( <$B.4, cts_in.264>
    ) @ #vk.268 // nr: 254" (probably constructible)"
    
    !KU( cts_in.264 ) @ #vk.270 // nr: 256" (probably constructible)"
    
    !KU( <$A.13, $B.4, cts($A.13, $B.4, ~sst.162, ~r.61)>
    ) @ #vk.357 // nr: 327" (currently deducible)"
    
    !KU( $A.13 ) @ #vk.358 // nr: 328" (currently deducible)"
    
    !KU( <$B.4, cts($A.13, $B.4, ~sst.162, ~r.61)>
    ) @ #vk.359 // nr: 329" (currently deducible)"
    
    !KU( cts($A.13, $B.4, ~sst.162, ~r.61)
    ) @ #vk.361 // nr: 467" (currently deducible)"
    
    !KU( <$A.411, $B.4, cts_in.411>
    ) @ #vk.413 // nr: 371" (probably constructible)"
    
    !KU( $A.411 ) @ #vk.414 // nr: 372" (currently deducible)"
    
    !KU( <$B.4, cts_in.411>
    ) @ #vk.415 // nr: 373" (probably constructible)"
    
    !KU( cts_in.411 ) @ #vk.417 // nr: 375" (probably constructible)"
    
    !KU( <$A.473, $B.4, cts_in.473>
    ) @ #vk.475 // nr: 423" (probably constructible)"
    
    !KU( $A.473 ) @ #vk.476 // nr: 424" (currently deducible)"
    
    !KU( <$B.4, cts_in.473>
    ) @ #vk.477 // nr: 425" (probably constructible)"
    
    !KU( cts_in.473 ) @ #vk.479 // nr: 427" (probably constructible)"
    
    !KU( <$A.497, $B.4, cts_in.497>
    ) @ #vk.499 // nr: 448" (probably constructible)"
    
    !KU( $A.497 ) @ #vk.500 // nr: 449" (currently deducible)"
    
    !KU( <$B.4, cts_in.497>
    ) @ #vk.501 // nr: 450" (probably constructible)"
    
    !KU( cts_in.497 ) @ #vk.503 // nr: 452" (probably constructible)"
    
    OpenStage0( $B.4, ~bid.8, ~rst.33
    ) ▶₀ #vr.472 // nr: 422 (from rule AddSlot1)" (useful2)"
    
    OpenStage0( $B.4, ~bid.8, ~rst.33
    ) ▶₀ #vr.496 // nr: 447 (from rule AddSlot1)" (useful2)"
    
    splitEqs(101) // nr: 460" (useful2)"
  
  solved constraints:
    UsedReceiverState( $B.4, ~rst.33 ) ▶₀ #i // nr: 0" (useful2)"
    
    SealedStage4( $B.4, ~bid.8, ~rst.33
    ) ▶₀ #vr.3 // nr: 2 (from rule CompleteBatch)" (useful2)"
    
    BatchEndToken( $B.4, ~bid.8, ~rst.33
    ) ▶₁ #vr.3 // nr: 3 (from rule CompleteBatch)" (useful2)"
    
    Slot1DoneFact( $B.4, ~bid.8, ~rst.33
    ) ▶₂ #vr.3 // nr: 4 (from rule CompleteBatch)" (useful2)"
    
    Slot2DoneFact( $B.4, ~bid.8, ~rst.33
    ) ▶₃ #vr.3 // nr: 5 (from rule CompleteBatch)" (useful2)"
    
    Slot3DoneFact( $B.4, ~bid.8, ~rst.33
    ) ▶₄ #vr.3 // nr: 6 (from rule CompleteBatch)" (useful2)"
    
    Slot4DoneFact( $B.4, ~bid.8, ~rst.33
    ) ▶₅ #vr.3 // nr: 7 (from rule CompleteBatch)" (useful2)"
    
    SealedStage3( $B.4, ~bid.8, ~rst.33
    ) ▶₀ #vr.5 // nr: 9 (from rule ProcessSlot4)" (useful2)"
    
    AddedSlot4( $B.4, ~bid.8, ~rst.33, ~idx.21, $A.6,
                cts($A.6, $B.4, ~sst.115, ~r.30)
    ) ▶₁ #vr.5 // nr: 10 (from rule ProcessSlot4)" (useful2)"
    
    !ComponentKey( $A.6, $B.4, ~rst.33,
                   cts($A.6, $B.4, ~sst.115, ~r.30), ks($A.6, $B.4, ~sst.115, ~r.30)
    ) ▶₂ #vr.5 // nr: 11 (from rule ProcessSlot4)" (useful2)"
    
    ReceiverState( $B.4, ~rst.33
    ) ▶₀ #vr.7 // nr: 13 (from rule CreateBatch)" (useful2)"
    
    SealedStage0( $B.4, ~bid.8, ~rst.33
    ) ▶₀ #vr.10 // nr: 15 (from rule ProcessSlot1)" (useful2)"
    
    AddedSlot1( $B.4, ~bid.8, ~rst.33, ~idx.38, $A.11,
                cts($A.11, $B.4, ~sst.133, ~r.47)
    ) ▶₁ #vr.10 // nr: 16 (from rule ProcessSlot1)" (useful2)"
    
    !ComponentKey( $A.11, $B.4, ~rst.33,
                   cts($A.11, $B.4, ~sst.133, ~r.47), ks($A.11, $B.4, ~sst.133, ~r.47)
    ) ▶₂ #vr.10 // nr: 17 (from rule ProcessSlot1)" (useful2)"
    
    SealedStage1( $B.4, ~bid.8, ~rst.33
    ) ▶₀ #vr.12 // nr: 19 (from rule ProcessSlot2)" (useful2)"
    
    AddedSlot2( $B.4, ~bid.8, ~rst.33, ~idx.52, $A.13,
                cts($A.13, $B.4, ~sst.162, ~r.61)
    ) ▶₁ #vr.12 // nr: 20 (from rule ProcessSlot2)" (useful2)"
    
    !ComponentKey( $A.13, $B.4, ~rst.33,
                   cts($A.13, $B.4, ~sst.162, ~r.61), ks($A.13, $B.4, ~sst.162, ~r.61)
    ) ▶₂ #vr.12 // nr: 21 (from rule ProcessSlot2)" (useful2)"
    
    SealedStage2( $B.4, ~bid.8, ~rst.33
    ) ▶₀ #vr.14 // nr: 23 (from rule ProcessSlot3)" (useful2)"
    
    AddedSlot3( $B.4, ~bid.8, ~rst.33, ~idx.66, $A.15,
                cts($A.15, $B.4, ~sst.191, ~r.75)
    ) ▶₁ #vr.14 // nr: 24 (from rule ProcessSlot3)" (useful2)"
    
    !ComponentKey( $A.15, $B.4, ~rst.33,
                   cts($A.15, $B.4, ~sst.191, ~r.75), ks($A.15, $B.4, ~sst.191, ~r.75)
    ) ▶₂ #vr.14 // nr: 25 (from rule ProcessSlot3)" (useful2)"
    
    OpenStage3( $B.4, ~bid.8, ~rst.33
    ) ▶₀ #vr.20 // nr: 35 (from rule AddSlot4)" (useful2)"
    
    !SenderState( $A.6, ~sst.115
    ) ▶₀ #vr.29 // nr: 43 (from rule SenderCreatesComponent)" (useful2)"
    
    !ReceiverPublicState( $B.4, ~rst.33
    ) ▶₁ #vr.29 // nr: 44 (from rule SenderCreatesComponent)" (useful2)"
    
    OpenStage4( $B.4, ~bid.8, ~rst.33
    ) ▶₀ #vr.35 // nr: 48 (from rule SealBatch)" (useful2)"
    
    OpenStage0( $B.4, ~bid.8, ~rst.33
    ) ▶₀ #vr.37 // nr: 50 (from rule AddSlot1)" (useful2)"
    
    !SenderState( $A.11, ~sst.133
    ) ▶₀ #vr.46 // nr: 58 (from rule SenderCreatesComponent)" (useful2)"
    
    !ReceiverPublicState( $B.4, ~rst.33
    ) ▶₁ #vr.46 // nr: 59 (from rule SenderCreatesComponent)" (useful2)"
    
    OpenStage1( $B.4, ~bid.8, ~rst.33
    ) ▶₀ #vr.51 // nr: 66 (from rule AddSlot2)" (useful2)"
    
    !SenderState( $A.13, ~sst.162
    ) ▶₀ #vr.60 // nr: 74 (from rule SenderCreatesComponent)" (useful2)"
    
    !ReceiverPublicState( $B.4, ~rst.33
    ) ▶₁ #vr.60 // nr: 75 (from rule SenderCreatesComponent)" (useful2)"
    
    OpenStage2( $B.4, ~bid.8, ~rst.33
    ) ▶₀ #vr.65 // nr: 82 (from rule AddSlot3)" (useful2)"
    
    !SenderState( $A.15, ~sst.191
    ) ▶₀ #vr.74 // nr: 90 (from rule SenderCreatesComponent)" (useful2)"
    
    !ReceiverPublicState( $B.4, ~rst.33
    ) ▶₁ #vr.74 // nr: 91 (from rule SenderCreatesComponent)" (useful2)"
    
    OpenStage3( $B.4, ~bid.8, ~rst.33
    ) ▶₀ #vr.120 // nr: 135 (from rule AddSlot4)" (useful2)"
    
    OpenStage2( $B.4, ~bid.8, ~rst.33
    ) ▶₀ #vr.263 // nr: 251 (from rule AddSlot3)" (useful2)"
    
    OpenStage1( $B.4, ~bid.8, ~rst.33
    ) ▶₀ #vr.410 // nr: 370 (from rule AddSlot2)" (useful2)"
Simplifier iteration 12:

The reduction-rules for
were applied to the following constraint system.

  nodes:
    #vr.3: instance (modulo AC) CompleteBatch:
              [
              SealedStage4( $B.4, ~bid.8, ~rst.33 ),
              BatchEndToken( $B.4, ~bid.8, ~rst.33 ),
              Slot1DoneFact( $B.4, ~bid.8, ~rst.33 ),
              Slot2DoneFact( $B.4, ~bid.8, ~rst.33 ),
              Slot3DoneFact( $B.4, ~bid.8, ~rst.33 ),
              Slot4DoneFact( $B.4, ~bid.8, ~rst.33 )
              ]
             --[
             UseBatchEndToken( $B.4, ~bid.8, ~rst.33 ),
             BatchComplete( $B.4, ~bid.8, ~rst.33 ),
             BatchClosed( $B.4, ~bid.8, ~rst.33 ),
             ConsumeReceiverState( $B.4, ~rst.33 )
             ]->
              [
              ClosedBatch( $B.4, ~bid.8, ~rst.33 ),
              UsedReceiverState( $B.4, ~rst.33 )
              ]
    #vr.5: instance (modulo AC) ProcessSlot4:
              [
              SealedStage3( $B.4, ~bid.8, ~rst.33 ),
              AddedSlot4( $B.4, ~bid.8, ~rst.33, ~idx.21, $A.6,
                          cts($A.6, $B.4, ~sst.115, ~r.30)
              ),
              !ComponentKey( $A.6, $B.4, ~rst.33,
                             cts($A.6, $B.4, ~sst.115, ~r.30), ks($A.6, $B.4, ~sst.115, ~r.30)
              )
              ]
             --[
             BatchSlot( $B.4, ~bid.8, ~idx.21, $A.6,
                        cts($A.6, $B.4, ~sst.115, ~r.30)
             ),
             BatchSlotAccept( $B.4, ~bid.8, ~idx.21, $A.6, ~rst.33,
                              cts($A.6, $B.4, ~sst.115, ~r.30), ks($A.6, $B.4, ~sst.115, ~r.30)
             ),
             ReceiverAcceptsComponent( $B.4, $A.6, ~rst.33,
                                       cts($A.6, $B.4, ~sst.115, ~r.30),
                                       ks($A.6, $B.4, ~sst.115, ~r.30)
             ),
             ReceiverKey( $B.4, $A.6, ~bid.8, ~idx.21, ~rst.33,
                          cts($A.6, $B.4, ~sst.115, ~r.30), ks($A.6, $B.4, ~sst.115, ~r.30),
                          rkey($B.4, $A.6, ~rst.33, cts($A.6, $B.4, ~sst.115, ~r.30),
                               ks($A.6, $B.4, ~sst.115, ~r.30))
             ),
             PartneredSlot( $A.6, $B.4, ~bid.8, ~idx.21, ~rst.33,
                            cts($A.6, $B.4, ~sst.115, ~r.30), ks($A.6, $B.4, ~sst.115, ~r.30)
             ),
             SlotProcessed( $B.4, ~bid.8, ~idx.21, $A.6,
                            cts($A.6, $B.4, ~sst.115, ~r.30)
             ),
             Slot4Done( $B.4, ~bid.8, ~rst.33 )
             ]->
              [
              SealedStage4( $B.4, ~bid.8, ~rst.33 ),
              Slot4DoneFact( $B.4, ~bid.8, ~rst.33 )
              ]
    #vr.7: instance (modulo AC) CreateBatch:
              [ ReceiverState( $B.4, ~rst.33 ), Fr( ~bid.8 ) ]
             --[ BatchCreated( $B.4, ~bid.8, ~rst.33 ) ]->
              [
              OpenStage0( $B.4, ~bid.8, ~rst.33 ),
              BatchEndToken( $B.4, ~bid.8, ~rst.33 ),
              BatchCompromiseToken( $B.4, ~bid.8, ~rst.33 )
              ]
    #vf.9: instance (modulo AC) Fresh:
              [ ] --> [ Fr( ~bid.8 ) ]
    #vr.10: instance (modulo AC) ProcessSlot1:
               [
               SealedStage0( $B.4, ~bid.8, ~rst.33 ),
               AddedSlot1( $B.4, ~bid.8, ~rst.33, ~idx.38, $A.11,
                           cts($A.11, $B.4, ~sst.133, ~r.47)
               ),
               !ComponentKey( $A.11, $B.4, ~rst.33,
                              cts($A.11, $B.4, ~sst.133, ~r.47), ks($A.11, $B.4, ~sst.133, ~r.47)
               )
               ]
              --[
              BatchSlot( $B.4, ~bid.8, ~idx.38, $A.11,
                         cts($A.11, $B.4, ~sst.133, ~r.47)
              ),
              BatchSlotAccept( $B.4, ~bid.8, ~idx.38, $A.11, ~rst.33,
                               cts($A.11, $B.4, ~sst.133, ~r.47), ks($A.11, $B.4, ~sst.133, ~r.47)
              ),
              ReceiverAcceptsComponent( $B.4, $A.11, ~rst.33,
                                        cts($A.11, $B.4, ~sst.133, ~r.47),
                                        ks($A.11, $B.4, ~sst.133, ~r.47)
              ),
              ReceiverKey( $B.4, $A.11, ~bid.8, ~idx.38, ~rst.33,
                           cts($A.11, $B.4, ~sst.133, ~r.47),
                           ks($A.11, $B.4, ~sst.133, ~r.47),
                           rkey($B.4, $A.11, ~rst.33, cts($A.11, $B.4, ~sst.133, ~r.47),
                                ks($A.11, $B.4, ~sst.133, ~r.47))
              ),
              PartneredSlot( $A.11, $B.4, ~bid.8, ~idx.38, ~rst.33,
                             cts($A.11, $B.4, ~sst.133, ~r.47), ks($A.11, $B.4, ~sst.133, ~r.47)
              ),
              SlotProcessed( $B.4, ~bid.8, ~idx.38, $A.11,
                             cts($A.11, $B.4, ~sst.133, ~r.47)
              ),
              Slot1Done( $B.4, ~bid.8, ~rst.33 )
              ]->
               [
               SealedStage1( $B.4, ~bid.8, ~rst.33 ),
               Slot1DoneFact( $B.4, ~bid.8, ~rst.33 )
               ]
    #vr.12: instance (modulo AC) ProcessSlot2:
               [
               SealedStage1( $B.4, ~bid.8, ~rst.33 ),
               AddedSlot2( $B.4, ~bid.8, ~rst.33, ~idx.52, $A.13,
                           cts($A.13, $B.4, ~sst.162, ~r.61)
               ),
               !ComponentKey( $A.13, $B.4, ~rst.33,
                              cts($A.13, $B.4, ~sst.162, ~r.61), ks($A.13, $B.4, ~sst.162, ~r.61)
               )
               ]
              --[
              BatchSlot( $B.4, ~bid.8, ~idx.52, $A.13,
                         cts($A.13, $B.4, ~sst.162, ~r.61)
              ),
              BatchSlotAccept( $B.4, ~bid.8, ~idx.52, $A.13, ~rst.33,
                               cts($A.13, $B.4, ~sst.162, ~r.61), ks($A.13, $B.4, ~sst.162, ~r.61)
              ),
              ReceiverAcceptsComponent( $B.4, $A.13, ~rst.33,
                                        cts($A.13, $B.4, ~sst.162, ~r.61),
                                        ks($A.13, $B.4, ~sst.162, ~r.61)
              ),
              ReceiverKey( $B.4, $A.13, ~bid.8, ~idx.52, ~rst.33,
                           cts($A.13, $B.4, ~sst.162, ~r.61),
                           ks($A.13, $B.4, ~sst.162, ~r.61),
                           rkey($B.4, $A.13, ~rst.33, cts($A.13, $B.4, ~sst.162, ~r.61),
                                ks($A.13, $B.4, ~sst.162, ~r.61))
              ),
              PartneredSlot( $A.13, $B.4, ~bid.8, ~idx.52, ~rst.33,
                             cts($A.13, $B.4, ~sst.162, ~r.61), ks($A.13, $B.4, ~sst.162, ~r.61)
              ),
              SlotProcessed( $B.4, ~bid.8, ~idx.52, $A.13,
                             cts($A.13, $B.4, ~sst.162, ~r.61)
              ),
              Slot2Done( $B.4, ~bid.8, ~rst.33 )
              ]->
               [
               SealedStage2( $B.4, ~bid.8, ~rst.33 ),
               Slot2DoneFact( $B.4, ~bid.8, ~rst.33 )
               ]
    #vr.14: instance (modulo AC) ProcessSlot3:
               [
               SealedStage2( $B.4, ~bid.8, ~rst.33 ),
               AddedSlot3( $B.4, ~bid.8, ~rst.33, ~idx.66, $A.15,
                           cts($A.15, $B.4, ~sst.191, ~r.75)
               ),
               !ComponentKey( $A.15, $B.4, ~rst.33,
                              cts($A.15, $B.4, ~sst.191, ~r.75), ks($A.15, $B.4, ~sst.191, ~r.75)
               )
               ]
              --[
              BatchSlot( $B.4, ~bid.8, ~idx.66, $A.15,
                         cts($A.15, $B.4, ~sst.191, ~r.75)
              ),
              BatchSlotAccept( $B.4, ~bid.8, ~idx.66, $A.15, ~rst.33,
                               cts($A.15, $B.4, ~sst.191, ~r.75), ks($A.15, $B.4, ~sst.191, ~r.75)
              ),
              ReceiverAcceptsComponent( $B.4, $A.15, ~rst.33,
                                        cts($A.15, $B.4, ~sst.191, ~r.75),
                                        ks($A.15, $B.4, ~sst.191, ~r.75)
              ),
              ReceiverKey( $B.4, $A.15, ~bid.8, ~idx.66, ~rst.33,
                           cts($A.15, $B.4, ~sst.191, ~r.75),
                           ks($A.15, $B.4, ~sst.191, ~r.75),
                           rkey($B.4, $A.15, ~rst.33, cts($A.15, $B.4, ~sst.191, ~r.75),
                                ks($A.15, $B.4, ~sst.191, ~r.75))
              ),
              PartneredSlot( $A.15, $B.4, ~bid.8, ~idx.66, ~rst.33,
                             cts($A.15, $B.4, ~sst.191, ~r.75), ks($A.15, $B.4, ~sst.191, ~r.75)
              ),
              SlotProcessed( $B.4, ~bid.8, ~idx.66, $A.15,
                             cts($A.15, $B.4, ~sst.191, ~r.75)
              ),
              Slot3Done( $B.4, ~bid.8, ~rst.33 )
              ]->
               [
               SealedStage3( $B.4, ~bid.8, ~rst.33 ),
               Slot3DoneFact( $B.4, ~bid.8, ~rst.33 )
               ]
    #vr.20: instance (modulo AC) AddSlot4:
               [
               OpenStage3( $B.4, ~bid.8, ~rst.33 ),
               In( <$A.6, $B.4, cts($A.6, $B.4, ~sst.115, ~r.30)> ), Fr( ~idx.21 )
               ]
              --[
              SlotAdded( $B.4, ~bid.8, ~idx.21, $A.6,
                         cts($A.6, $B.4, ~sst.115, ~r.30)
              ),
              Slot4Added( $B.4, ~bid.8, ~rst.33, ~idx.21, $A.6,
                          cts($A.6, $B.4, ~sst.115, ~r.30)
              )
              ]->
               [
               OpenStage4( $B.4, ~bid.8, ~rst.33 ),
               AddedSlot4( $B.4, ~bid.8, ~rst.33, ~idx.21, $A.6,
                           cts($A.6, $B.4, ~sst.115, ~r.30)
               )
               ]
    #vf.22: instance (modulo AC) isend:
               [ !KU( <$A.6, $B.4, cts($A.6, $B.4, ~sst.115, ~r.30)> ) ]
              --[ K( <$A.6, $B.4, cts($A.6, $B.4, ~sst.115, ~r.30)> ) ]->
               [ In( <$A.6, $B.4, cts($A.6, $B.4, ~sst.115, ~r.30)> ) ]
    #vf.28: instance (modulo AC) Fresh:
               [ ] --> [ Fr( ~idx.21 ) ]
    #vr.29: instance (modulo AC) SenderCreatesComponent:
               [
               !SenderState( $A.6, ~sst.115 ),
               !ReceiverPublicState( $B.4, ~rst.33 ), Fr( ~r.30 )
               ]
              --[
              SenderComponent( $A.6, $B.4, ~rst.33,
                               cts($A.6, $B.4, ~sst.115, ~r.30), ks($A.6, $B.4, ~sst.115, ~r.30)
              )
              ]->
               [
               Out( <$A.6, $B.4, cts($A.6, $B.4, ~sst.115, ~r.30)> ),
               !ComponentKey( $A.6, $B.4, ~rst.33,
                              cts($A.6, $B.4, ~sst.115, ~r.30), ks($A.6, $B.4, ~sst.115, ~r.30)
               )
               ]
    #vf.31: instance (modulo AC) Fresh:
               [ ] --> [ Fr( ~r.30 ) ]
    #vr.32: instance (modulo AC) InitReceiverState:
               [ Fr( ~rst.33 ) ]
              --[ ReceiverStateCreated( $B.4, ~rst.33 ) ]->
               [
               ReceiverState( $B.4, ~rst.33 ),
               !ReceiverPublicState( $B.4, ~rst.33 ),
               ReceiverCompromiseToken( $B.4, ~rst.33 )
               ]
    #vf.34: instance (modulo AC) Fresh:
               [ ] --> [ Fr( ~rst.33 ) ]
    #vr.35: instance (modulo AC) SealBatch:
               [ OpenStage4( $B.4, ~bid.8, ~rst.33 ) ]
              --[ SealBatchEvent( $B.4, ~bid.8, ~rst.33 ) ]->
               [ SealedStage0( $B.4, ~bid.8, ~rst.33 ) ]
    #vr.37: instance (modulo AC) AddSlot1:
               [
               OpenStage0( $B.4, ~bid.8, ~rst.33 ),
               In( <$A.11, $B.4, cts($A.11, $B.4, ~sst.133, ~r.47)> ),
               Fr( ~idx.38 )
               ]
              --[
              SlotAdded( $B.4, ~bid.8, ~idx.38, $A.11,
                         cts($A.11, $B.4, ~sst.133, ~r.47)
              ),
              Slot1Added( $B.4, ~bid.8, ~rst.33, ~idx.38, $A.11,
                          cts($A.11, $B.4, ~sst.133, ~r.47)
              )
              ]->
               [
               OpenStage1( $B.4, ~bid.8, ~rst.33 ),
               AddedSlot1( $B.4, ~bid.8, ~rst.33, ~idx.38, $A.11,
                           cts($A.11, $B.4, ~sst.133, ~r.47)
               )
               ]
    #vf.39: instance (modulo AC) isend:
               [ !KU( <$A.11, $B.4, cts($A.11, $B.4, ~sst.133, ~r.47)> ) ]
              --[ K( <$A.11, $B.4, cts($A.11, $B.4, ~sst.133, ~r.47)> ) ]->
               [ In( <$A.11, $B.4, cts($A.11, $B.4, ~sst.133, ~r.47)> ) ]
    #vf.45: instance (modulo AC) Fresh:
               [ ] --> [ Fr( ~idx.38 ) ]
    #vr.46: instance (modulo AC) SenderCreatesComponent:
               [
               !SenderState( $A.11, ~sst.133 ),
               !ReceiverPublicState( $B.4, ~rst.33 ), Fr( ~r.47 )
               ]
              --[
              SenderComponent( $A.11, $B.4, ~rst.33,
                               cts($A.11, $B.4, ~sst.133, ~r.47), ks($A.11, $B.4, ~sst.133, ~r.47)
              )
              ]->
               [
               Out( <$A.11, $B.4, cts($A.11, $B.4, ~sst.133, ~r.47)> ),
               !ComponentKey( $A.11, $B.4, ~rst.33,
                              cts($A.11, $B.4, ~sst.133, ~r.47), ks($A.11, $B.4, ~sst.133, ~r.47)
               )
               ]
    #vf.48: instance (modulo AC) Fresh:
               [ ] --> [ Fr( ~r.47 ) ]
    #vr.51: instance (modulo AC) AddSlot2:
               [
               OpenStage1( $B.4, ~bid.8, ~rst.33 ),
               In( <$A.13, $B.4, cts($A.13, $B.4, ~sst.162, ~r.61)> ),
               Fr( ~idx.52 )
               ]
              --[
              SlotAdded( $B.4, ~bid.8, ~idx.52, $A.13,
                         cts($A.13, $B.4, ~sst.162, ~r.61)
              ),
              Slot2Added( $B.4, ~bid.8, ~rst.33, ~idx.52, $A.13,
                          cts($A.13, $B.4, ~sst.162, ~r.61)
              )
              ]->
               [
               OpenStage2( $B.4, ~bid.8, ~rst.33 ),
               AddedSlot2( $B.4, ~bid.8, ~rst.33, ~idx.52, $A.13,
                           cts($A.13, $B.4, ~sst.162, ~r.61)
               )
               ]
    #vf.53: instance (modulo AC) isend:
               [ !KU( <$A.13, $B.4, cts($A.13, $B.4, ~sst.162, ~r.61)> ) ]
              --[ K( <$A.13, $B.4, cts($A.13, $B.4, ~sst.162, ~r.61)> ) ]->
               [ In( <$A.13, $B.4, cts($A.13, $B.4, ~sst.162, ~r.61)> ) ]
    #vf.59: instance (modulo AC) Fresh:
               [ ] --> [ Fr( ~idx.52 ) ]
    #vr.60: instance (modulo AC) SenderCreatesComponent:
               [
               !SenderState( $A.13, ~sst.162 ),
               !ReceiverPublicState( $B.4, ~rst.33 ), Fr( ~r.61 )
               ]
              --[
              SenderComponent( $A.13, $B.4, ~rst.33,
                               cts($A.13, $B.4, ~sst.162, ~r.61), ks($A.13, $B.4, ~sst.162, ~r.61)
              )
              ]->
               [
               Out( <$A.13, $B.4, cts($A.13, $B.4, ~sst.162, ~r.61)> ),
               !ComponentKey( $A.13, $B.4, ~rst.33,
                              cts($A.13, $B.4, ~sst.162, ~r.61), ks($A.13, $B.4, ~sst.162, ~r.61)
               )
               ]
    #vf.62: instance (modulo AC) Fresh:
               [ ] --> [ Fr( ~r.61 ) ]
    #vr.65: instance (modulo AC) AddSlot3:
               [
               OpenStage2( $B.4, ~bid.8, ~rst.33 ),
               In( <$A.15, $B.4, cts($A.15, $B.4, ~sst.191, ~r.75)> ),
               Fr( ~idx.66 )
               ]
              --[
              SlotAdded( $B.4, ~bid.8, ~idx.66, $A.15,
                         cts($A.15, $B.4, ~sst.191, ~r.75)
              ),
              Slot3Added( $B.4, ~bid.8, ~rst.33, ~idx.66, $A.15,
                          cts($A.15, $B.4, ~sst.191, ~r.75)
              )
              ]->
               [
               OpenStage3( $B.4, ~bid.8, ~rst.33 ),
               AddedSlot3( $B.4, ~bid.8, ~rst.33, ~idx.66, $A.15,
                           cts($A.15, $B.4, ~sst.191, ~r.75)
               )
               ]
    #vf.67: instance (modulo AC) isend:
               [ !KU( <$A.15, $B.4, cts($A.15, $B.4, ~sst.191, ~r.75)> ) ]
              --[ K( <$A.15, $B.4, cts($A.15, $B.4, ~sst.191, ~r.75)> ) ]->
               [ In( <$A.15, $B.4, cts($A.15, $B.4, ~sst.191, ~r.75)> ) ]
    #vf.73: instance (modulo AC) Fresh:
               [ ] --> [ Fr( ~idx.66 ) ]
    #vr.74: instance (modulo AC) SenderCreatesComponent:
               [
               !SenderState( $A.15, ~sst.191 ),
               !ReceiverPublicState( $B.4, ~rst.33 ), Fr( ~r.75 )
               ]
              --[
              SenderComponent( $A.15, $B.4, ~rst.33,
                               cts($A.15, $B.4, ~sst.191, ~r.75), ks($A.15, $B.4, ~sst.191, ~r.75)
              )
              ]->
               [
               Out( <$A.15, $B.4, cts($A.15, $B.4, ~sst.191, ~r.75)> ),
               !ComponentKey( $A.15, $B.4, ~rst.33,
                              cts($A.15, $B.4, ~sst.191, ~r.75), ks($A.15, $B.4, ~sst.191, ~r.75)
               )
               ]
    #vf.76: instance (modulo AC) Fresh:
               [ ] --> [ Fr( ~r.75 ) ]
    #vr.114: instance (modulo AC) InitSenderState:
                [ Fr( ~sst.115 ) ]
               --[ SenderStateCreated( $A.6, ~sst.115 ) ]->
                [
                !SenderState( $A.6, ~sst.115 ),
                SenderCompromiseToken( $A.6, ~sst.115 )
                ]
    #vf.116: instance (modulo AC) Fresh:
                [ ] --> [ Fr( ~sst.115 ) ]
    #vr.120: instance (modulo AC) AddSlot4:
                [
                OpenStage3( $B.4, ~bid.8, ~rst.33 ),
                In( <$A.121, $B.4, cts_in.121> ), Fr( ~idx.121 )
                ]
               --[
               SlotAdded( $B.4, ~bid.8, ~idx.121, $A.121, cts_in.121 ),
               Slot4Added( $B.4, ~bid.8, ~rst.33, ~idx.121, $A.121, cts_in.121 )
               ]->
                [
                OpenStage4( $B.4, ~bid.8, ~rst.33 ),
                AddedSlot4( $B.4, ~bid.8, ~rst.33, ~idx.121, $A.121, cts_in.121 )
                ]
    #vf.122: instance (modulo AC) isend:
                [ !KU( <$A.121, $B.4, cts_in.121> ) ]
               --[ K( <$A.121, $B.4, cts_in.121> ) ]->
                [ In( <$A.121, $B.4, cts_in.121> ) ]
    #vf.128: instance (modulo AC) Fresh:
                [ ] --> [ Fr( ~idx.121 ) ]
    #vr.132: instance (modulo AC) InitSenderState:
                [ Fr( ~sst.133 ) ]
               --[ SenderStateCreated( $A.11, ~sst.133 ) ]->
                [
                !SenderState( $A.11, ~sst.133 ),
                SenderCompromiseToken( $A.11, ~sst.133 )
                ]
    #vf.134: instance (modulo AC) Fresh:
                [ ] --> [ Fr( ~sst.133 ) ]
    #vr.161: instance (modulo AC) InitSenderState:
                [ Fr( ~sst.162 ) ]
               --[ SenderStateCreated( $A.13, ~sst.162 ) ]->
                [
                !SenderState( $A.13, ~sst.162 ),
                SenderCompromiseToken( $A.13, ~sst.162 )
                ]
    #vf.163: instance (modulo AC) Fresh:
                [ ] --> [ Fr( ~sst.162 ) ]
    #vr.190: instance (modulo AC) InitSenderState:
                [ Fr( ~sst.191 ) ]
               --[ SenderStateCreated( $A.15, ~sst.191 ) ]->
                [
                !SenderState( $A.15, ~sst.191 ),
                SenderCompromiseToken( $A.15, ~sst.191 )
                ]
    #vf.192: instance (modulo AC) Fresh:
                [ ] --> [ Fr( ~sst.191 ) ]
    #vr.263: instance (modulo AC) AddSlot3:
                [
                OpenStage2( $B.4, ~bid.8, ~rst.33 ),
                In( <$A.264, $B.4, cts_in.264> ), Fr( ~idx.264 )
                ]
               --[
               SlotAdded( $B.4, ~bid.8, ~idx.264, $A.264, cts_in.264 ),
               Slot3Added( $B.4, ~bid.8, ~rst.33, ~idx.264, $A.264, cts_in.264 )
               ]->
                [
                OpenStage3( $B.4, ~bid.8, ~rst.33 ),
                AddedSlot3( $B.4, ~bid.8, ~rst.33, ~idx.264, $A.264, cts_in.264 )
                ]
    #vf.265: instance (modulo AC) isend:
                [ !KU( <$A.264, $B.4, cts_in.264> ) ]
               --[ K( <$A.264, $B.4, cts_in.264> ) ]->
                [ In( <$A.264, $B.4, cts_in.264> ) ]
    #vf.271: instance (modulo AC) Fresh:
                [ ] --> [ Fr( ~idx.264 ) ]
    #vr.410: instance (modulo AC) AddSlot2:
                [
                OpenStage1( $B.4, ~bid.8, ~rst.33 ),
                In( <$A.411, $B.4, cts_in.411> ), Fr( ~idx.411 )
                ]
               --[
               SlotAdded( $B.4, ~bid.8, ~idx.411, $A.411, cts_in.411 ),
               Slot2Added( $B.4, ~bid.8, ~rst.33, ~idx.411, $A.411, cts_in.411 )
               ]->
                [
                OpenStage2( $B.4, ~bid.8, ~rst.33 ),
                AddedSlot2( $B.4, ~bid.8, ~rst.33, ~idx.411, $A.411, cts_in.411 )
                ]
    #vf.412: instance (modulo AC) isend:
                [ !KU( <$A.411, $B.4, cts_in.411> ) ]
               --[ K( <$A.411, $B.4, cts_in.411> ) ]->
                [ In( <$A.411, $B.4, cts_in.411> ) ]
    #vf.418: instance (modulo AC) Fresh:
                [ ] --> [ Fr( ~idx.411 ) ]
    #vf.474: instance (modulo AC) isend:
                [ !KU( <$A.11, $B.4, cts($A.11, $B.4, ~sst.133, ~r.47)> ) ]
               --[ K( <$A.11, $B.4, cts($A.11, $B.4, ~sst.133, ~r.47)> ) ]->
                [ In( <$A.11, $B.4, cts($A.11, $B.4, ~sst.133, ~r.47)> ) ]
    #vf.480: instance (modulo AC) Fresh:
                [ ] --> [ Fr( ~idx.38 ) ]
    #vr.496: instance (modulo AC) AddSlot1:
                [
                OpenStage0( $B.4, ~bid.8, ~rst.33 ),
                In( <$A.497, $B.4, cts_in.497> ), Fr( ~idx.497 )
                ]
               --[
               SlotAdded( $B.4, ~bid.8, ~idx.497, $A.497, cts_in.497 ),
               Slot1Added( $B.4, ~bid.8, ~rst.33, ~idx.497, $A.497, cts_in.497 )
               ]->
                [
                OpenStage1( $B.4, ~bid.8, ~rst.33 ),
                AddedSlot1( $B.4, ~bid.8, ~rst.33, ~idx.497, $A.497, cts_in.497 )
                ]
    #vf.498: instance (modulo AC) isend:
                [ !KU( <$A.497, $B.4, cts_in.497> ) ]
               --[ K( <$A.497, $B.4, cts_in.497> ) ]->
                [ In( <$A.497, $B.4, cts_in.497> ) ]
    #vf.504: instance (modulo AC) Fresh:
                [ ] --> [ Fr( ~idx.497 ) ]
  actions:
    !KU( <$A.6, $B.4, cts($A.6, $B.4, ~sst.115, ~r.30)> ) @ #vk.23,
    !KU( $A.6 ) @ #vk.24,
    !KU( <$B.4, cts($A.6, $B.4, ~sst.115, ~r.30)> ) @ #vk.25,
    !KU( $B.4 ) @ #vk.26,
    !KU( cts($A.6, $B.4, ~sst.115, ~r.30) ) @ #vk.27,
    !KU( <$A.11, $B.4, cts($A.11, $B.4, ~sst.133, ~r.47)> ) @ #vk.40,
    !KU( $A.11 ) @ #vk.41,
    !KU( <$B.4, cts($A.11, $B.4, ~sst.133, ~r.47)> ) @ #vk.42,
    !KU( cts($A.11, $B.4, ~sst.133, ~r.47) ) @ #vk.44,
    !KU( <$A.13, $B.4, cts($A.13, $B.4, ~sst.162, ~r.61)> ) @ #vk.54,
    !KU( $A.13 ) @ #vk.55,
    !KU( <$B.4, cts($A.13, $B.4, ~sst.162, ~r.61)> ) @ #vk.56,
    !KU( cts($A.13, $B.4, ~sst.162, ~r.61) ) @ #vk.58,
    !KU( <$A.15, $B.4, cts($A.15, $B.4, ~sst.191, ~r.75)> ) @ #vk.68,
    !KU( $A.15 ) @ #vk.69,
    !KU( <$B.4, cts($A.15, $B.4, ~sst.191, ~r.75)> ) @ #vk.70,
    !KU( cts($A.15, $B.4, ~sst.191, ~r.75) ) @ #vk.72,
    !KU( <$A.121, $B.4, cts_in.121> ) @ #vk.123,
    !KU( $A.121 ) @ #vk.124, !KU( <$B.4, cts_in.121> ) @ #vk.125,
    !KU( cts_in.121 ) @ #vk.127,
    !KU( <$A.264, $B.4, cts_in.264> ) @ #vk.266,
    !KU( $A.264 ) @ #vk.267, !KU( <$B.4, cts_in.264> ) @ #vk.268,
    !KU( cts_in.264 ) @ #vk.270,
    !KU( <$A.411, $B.4, cts_in.411> ) @ #vk.413,
    !KU( $A.411 ) @ #vk.414, !KU( <$B.4, cts_in.411> ) @ #vk.415,
    !KU( cts_in.411 ) @ #vk.417,
    !KU( <$A.11, $B.4, cts($A.11, $B.4, ~sst.133, ~r.47)> ) @ #vk.475,
    !KU( $A.11 ) @ #vk.476,
    !KU( <$B.4, cts($A.11, $B.4, ~sst.133, ~r.47)> ) @ #vk.477,
    !KU( cts($A.11, $B.4, ~sst.133, ~r.47) ) @ #vk.479,
    !KU( <$A.497, $B.4, cts_in.497> ) @ #vk.499,
    !KU( $A.497 ) @ #vk.500, !KU( <$B.4, cts_in.497> ) @ #vk.501,
    !KU( cts_in.497 ) @ #vk.503
  edges:
    (#vr.3, 1) >--> (#i, 0), (#vr.5, 0) >--> (#vr.3, 0),
    (#vr.5, 1) >--> (#vr.3, 5), (#vr.7, 0) >--> (#vr.37, 0),
    (#vr.7, 1) >--> (#vr.3, 1), (#vf.9, 0) >--> (#vr.7, 1),
    (#vr.10, 0) >--> (#vr.12, 0), (#vr.10, 1) >--> (#vr.3, 2),
    (#vr.12, 0) >--> (#vr.14, 0), (#vr.12, 1) >--> (#vr.3, 3),
    (#vr.14, 0) >--> (#vr.5, 0), (#vr.14, 1) >--> (#vr.3, 4),
    (#vr.20, 1) >--> (#vr.5, 1), (#vf.22, 0) >--> (#vr.20, 1),
    (#vf.28, 0) >--> (#vr.20, 2), (#vr.29, 1) >--> (#vr.5, 2),
    (#vf.31, 0) >--> (#vr.29, 2), (#vr.32, 0) >--> (#vr.7, 0),
    (#vr.32, 1) >--> (#vr.29, 1), (#vr.32, 1) >--> (#vr.46, 1),
    (#vr.32, 1) >--> (#vr.60, 1), (#vr.32, 1) >--> (#vr.74, 1),
    (#vf.34, 0) >--> (#vr.32, 0), (#vr.35, 0) >--> (#vr.10, 0),
    (#vr.37, 0) >--> (#vr.51, 0), (#vr.37, 1) >--> (#vr.10, 1),
    (#vf.39, 0) >--> (#vr.37, 1), (#vf.45, 0) >--> (#vr.37, 2),
    (#vr.46, 1) >--> (#vr.10, 2), (#vf.48, 0) >--> (#vr.46, 2),
    (#vr.51, 0) >--> (#vr.65, 0), (#vr.51, 1) >--> (#vr.12, 1),
    (#vf.53, 0) >--> (#vr.51, 1), (#vf.59, 0) >--> (#vr.51, 2),
    (#vr.60, 1) >--> (#vr.12, 2), (#vf.62, 0) >--> (#vr.60, 2),
    (#vr.65, 0) >--> (#vr.20, 0), (#vr.65, 1) >--> (#vr.14, 1),
    (#vf.67, 0) >--> (#vr.65, 1), (#vf.73, 0) >--> (#vr.65, 2),
    (#vr.74, 1) >--> (#vr.14, 2), (#vf.76, 0) >--> (#vr.74, 2),
    (#vr.114, 0) >--> (#vr.29, 0), (#vf.116, 0) >--> (#vr.114, 0),
    (#vr.120, 0) >--> (#vr.35, 0), (#vf.122, 0) >--> (#vr.120, 1),
    (#vf.128, 0) >--> (#vr.120, 2), (#vr.132, 0) >--> (#vr.46, 0),
    (#vf.134, 0) >--> (#vr.132, 0), (#vr.161, 0) >--> (#vr.60, 0),
    (#vf.163, 0) >--> (#vr.161, 0), (#vr.190, 0) >--> (#vr.74, 0),
    (#vf.192, 0) >--> (#vr.190, 0), (#vr.263, 0) >--> (#vr.120, 0),
    (#vf.265, 0) >--> (#vr.263, 1), (#vf.271, 0) >--> (#vr.263, 2),
    (#vr.410, 0) >--> (#vr.263, 0), (#vf.412, 0) >--> (#vr.410, 1),
    (#vf.418, 0) >--> (#vr.410, 2), (#vf.474, 0) >--> (#vr.37, 1),
    (#vf.480, 0) >--> (#vr.37, 2), (#vr.496, 0) >--> (#vr.410, 0),
    (#vf.498, 0) >--> (#vr.496, 1), (#vf.504, 0) >--> (#vr.496, 2)
  less:
    #vr.7 < #vr.3: induced by fresh value,
    #vr.7 < #vr.5: induced by fresh value,
    #vr.7 < #vr.10: induced by fresh value,
    #vr.7 < #vr.12: induced by fresh value,
    #vr.7 < #vr.14: induced by fresh value,
    #vr.7 < #vr.20: induced by fresh value,
    #vr.7 < #vr.35: induced by fresh value,
    #vr.7 < #vr.37: induced by fresh value,
    #vr.7 < #vr.51: induced by fresh value,
    #vr.7 < #vr.65: induced by fresh value,
    #vr.7 < #vr.120: induced by fresh value,
    #vr.7 < #vr.263: induced by fresh value,
    #vr.7 < #vr.410: induced by fresh value,
    #vr.7 < #vr.496: induced by fresh value,
    #vr.20 < #vr.5: induced by fresh value,
    #vk.23 < #vf.22: induced by adversary,
    #vk.24 < #vk.23: induced by adversary,
    #vk.25 < #vk.23: induced by adversary,
    #vk.26 < #vk.25: induced by adversary,
    #vk.26 < #vk.42: induced by adversary,
    #vk.26 < #vk.56: induced by adversary,
    #vk.26 < #vk.70: induced by adversary,
    #vk.26 < #vk.125: induced by adversary,
    #vk.26 < #vk.268: induced by adversary,
    #vk.26 < #vk.415: induced by adversary,
    #vk.26 < #vk.477: induced by adversary,
    #vk.26 < #vk.501: induced by adversary,
    #vk.27 < #vk.25: induced by adversary,
    #vr.29 < #vr.5: induced by fresh value,
    #vr.29 < #vr.20: induced by fresh value,
    #vr.29 < #vf.22: induced by fresh value,
    #vr.32 < #vr.3: induced by fresh value,
    #vr.32 < #vr.5: induced by fresh value,
    #vr.32 < #vr.7: induced by fresh value,
    #vr.32 < #vr.10: induced by fresh value,
    #vr.32 < #vr.12: induced by fresh value,
    #vr.32 < #vr.14: induced by fresh value,
    #vr.32 < #vr.20: induced by fresh value,
    #vr.32 < #vr.29: induced by fresh value,
    #vr.32 < #vr.35: induced by fresh value,
    #vr.32 < #vr.37: induced by fresh value,
    #vr.32 < #vr.46: induced by fresh value,
    #vr.32 < #vr.51: induced by fresh value,
    #vr.32 < #vr.60: induced by fresh value,
    #vr.32 < #vr.65: induced by fresh value,
    #vr.32 < #vr.74: induced by fresh value,
    #vr.32 < #vr.120: induced by fresh value,
    #vr.32 < #vr.263: induced by fresh value,
    #vr.32 < #vr.410: induced by fresh value,
    #vr.32 < #vr.496: induced by fresh value,
    #vr.37 < #vr.10: induced by fresh value,
    #vk.40 < #vf.39: induced by adversary,
    #vk.41 < #vk.40: induced by adversary,
    #vk.42 < #vk.40: induced by adversary,
    #vk.44 < #vk.42: induced by adversary,
    #vr.46 < #vr.10: induced by fresh value,
    #vr.46 < #vr.37: induced by fresh value,
    #vr.46 < #vf.39: induced by fresh value,
    #vr.46 < #vf.474: induced by fresh value,
    #vr.51 < #vr.12: induced by fresh value,
    #vk.54 < #vf.53: induced by adversary,
    #vk.55 < #vk.54: induced by adversary,
    #vk.56 < #vk.54: induced by adversary,
    #vk.58 < #vk.56: induced by adversary,
    #vr.60 < #vr.12: induced by fresh value,
    #vr.60 < #vr.51: induced by fresh value,
    #vr.60 < #vf.53: induced by fresh value,
    #vr.65 < #vr.14: induced by fresh value,
    #vk.68 < #vf.67: induced by adversary,
    #vk.69 < #vk.68: induced by adversary,
    #vk.70 < #vk.68: induced by adversary,
    #vk.72 < #vk.70: induced by adversary,
    #vr.74 < #vr.14: induced by fresh value,
    #vr.74 < #vr.65: induced by fresh value,
    #vr.74 < #vf.67: induced by fresh value,
    #vr.114 < #vr.5: induced by fresh value,
    #vr.114 < #vr.20: induced by fresh value,
    #vr.114 < #vf.22: induced by fresh value,
    #vr.114 < #vr.29: induced by fresh value,
    #vk.123 < #vf.122: induced by adversary,
    #vk.124 < #vk.123: induced by adversary,
    #vk.125 < #vk.123: induced by adversary,
    #vk.127 < #vk.125: induced by adversary,
    #vr.132 < #vr.10: induced by fresh value,
    #vr.132 < #vr.37: induced by fresh value,
    #vr.132 < #vf.39: induced by fresh value,
    #vr.132 < #vr.46: induced by fresh value,
    #vr.132 < #vf.474: induced by fresh value,
    #vr.161 < #vr.12: induced by fresh value,
    #vr.161 < #vr.51: induced by fresh value,
    #vr.161 < #vf.53: induced by fresh value,
    #vr.161 < #vr.60: induced by fresh value,
    #vr.190 < #vr.14: induced by fresh value,
    #vr.190 < #vr.65: induced by fresh value,
    #vr.190 < #vf.67: induced by fresh value,
    #vr.190 < #vr.74: induced by fresh value,
    #vk.266 < #vf.265: induced by adversary,
    #vk.267 < #vk.266: induced by adversary,
    #vk.268 < #vk.266: induced by adversary,
    #vk.270 < #vk.268: induced by adversary,
    #vk.413 < #vf.412: induced by adversary,
    #vk.414 < #vk.413: induced by adversary,
    #vk.415 < #vk.413: induced by adversary,
    #vk.417 < #vk.415: induced by adversary,
    #vk.475 < #vf.474: induced by adversary,
    #vk.476 < #vk.475: induced by adversary,
    #vk.477 < #vk.475: induced by adversary,
    #vk.479 < #vk.477: induced by adversary,
    #vk.499 < #vf.498: induced by adversary,
    #vk.500 < #vk.499: induced by adversary,
    #vk.501 < #vk.499: induced by adversary,
    #vk.503 < #vk.501: induced by adversary
  unsolved constraints:
    !KU( <$A.6, $B.4, cts($A.6, $B.4, ~sst.115, ~r.30)>
    ) @ #vk.23 // nr: 36" (currently deducible)"
    
    !KU( $A.6 ) @ #vk.24 // nr: 37" (currently deducible)"
    
    !KU( <$B.4, cts($A.6, $B.4, ~sst.115, ~r.30)>
    ) @ #vk.25 // nr: 38" (currently deducible)"
    
    !KU( $B.4 ) @ #vk.26 // nr: 39" (currently deducible)"
    
    !KU( cts($A.6, $B.4, ~sst.115, ~r.30)
    ) @ #vk.27 // nr: 45" (currently deducible)"
    
    !KU( <$A.11, $B.4, cts($A.11, $B.4, ~sst.133, ~r.47)>
    ) @ #vk.40 // nr: 51" (currently deducible)"
    
    !KU( $A.11 ) @ #vk.41 // nr: 52" (currently deducible)"
    
    !KU( <$B.4, cts($A.11, $B.4, ~sst.133, ~r.47)>
    ) @ #vk.42 // nr: 53" (currently deducible)"
    
    !KU( cts($A.11, $B.4, ~sst.133, ~r.47)
    ) @ #vk.44 // nr: 60" (currently deducible)"
    
    !KU( <$A.13, $B.4, cts($A.13, $B.4, ~sst.162, ~r.61)>
    ) @ #vk.54 // nr: 67" (currently deducible)"
    
    !KU( $A.13 ) @ #vk.55 // nr: 68" (currently deducible)"
    
    !KU( <$B.4, cts($A.13, $B.4, ~sst.162, ~r.61)>
    ) @ #vk.56 // nr: 69" (currently deducible)"
    
    !KU( cts($A.13, $B.4, ~sst.162, ~r.61)
    ) @ #vk.58 // nr: 76" (currently deducible)"
    
    !KU( <$A.15, $B.4, cts($A.15, $B.4, ~sst.191, ~r.75)>
    ) @ #vk.68 // nr: 83" (currently deducible)"
    
    !KU( $A.15 ) @ #vk.69 // nr: 84" (currently deducible)"
    
    !KU( <$B.4, cts($A.15, $B.4, ~sst.191, ~r.75)>
    ) @ #vk.70 // nr: 85" (currently deducible)"
    
    !KU( cts($A.15, $B.4, ~sst.191, ~r.75)
    ) @ #vk.72 // nr: 92" (currently deducible)"
    
    !KU( <$A.121, $B.4, cts_in.121>
    ) @ #vk.123 // nr: 136" (probably constructible)"
    
    !KU( $A.121 ) @ #vk.124 // nr: 137" (currently deducible)"
    
    !KU( <$B.4, cts_in.121>
    ) @ #vk.125 // nr: 138" (probably constructible)"
    
    !KU( cts_in.121 ) @ #vk.127 // nr: 140" (probably constructible)"
    
    !KU( <$A.264, $B.4, cts_in.264>
    ) @ #vk.266 // nr: 252" (probably constructible)"
    
    !KU( $A.264 ) @ #vk.267 // nr: 253" (currently deducible)"
    
    !KU( <$B.4, cts_in.264>
    ) @ #vk.268 // nr: 254" (probably constructible)"
    
    !KU( cts_in.264 ) @ #vk.270 // nr: 256" (probably constructible)"
    
    !KU( <$A.411, $B.4, cts_in.411>
    ) @ #vk.413 // nr: 371" (probably constructible)"
    
    !KU( $A.411 ) @ #vk.414 // nr: 372" (currently deducible)"
    
    !KU( <$B.4, cts_in.411>
    ) @ #vk.415 // nr: 373" (probably constructible)"
    
    !KU( cts_in.411 ) @ #vk.417 // nr: 375" (probably constructible)"
    
    !KU( <$A.11, $B.4, cts($A.11, $B.4, ~sst.133, ~r.47)>
    ) @ #vk.475 // nr: 423" (currently deducible)"
    
    !KU( $A.11 ) @ #vk.476 // nr: 424" (currently deducible)"
    
    !KU( <$B.4, cts($A.11, $B.4, ~sst.133, ~r.47)>
    ) @ #vk.477 // nr: 425" (currently deducible)"
    
    !KU( cts($A.11, $B.4, ~sst.133, ~r.47)
    ) @ #vk.479 // nr: 468" (currently deducible)"
    
    !KU( <$A.497, $B.4, cts_in.497>
    ) @ #vk.499 // nr: 448" (probably constructible)"
    
    !KU( $A.497 ) @ #vk.500 // nr: 449" (currently deducible)"
    
    !KU( <$B.4, cts_in.497>
    ) @ #vk.501 // nr: 450" (probably constructible)"
    
    !KU( cts_in.497 ) @ #vk.503 // nr: 452" (probably constructible)"
    
    OpenStage0( $B.4, ~bid.8, ~rst.33
    ) ▶₀ #vr.496 // nr: 447 (from rule AddSlot1)" (useful2)"
    
    splitEqs(101) // nr: 460" (useful2)"
  last: none
  
  formulas:
  
  subterms:
  
  equations:
    subst:
      $B.4  <~ {t.1, $B.6, $B.8, $B.11, $B.13, $B.15, $B.17, $B.19,
                $B.21, $B.30, $B.33, $B.36, $B.38, $B.47, $B.50, $B.52, $B.61,
                $B.64, $B.66, $B.75, $B.78, $B.80, $B.89, $B.92, $B.94, $B.103,
                $B.106, $B.118, $B.121, $B.130, $B.136, $B.139, $B.141, $B.150,
                $B.153, $B.165, $B.168, $B.170, $B.179, $B.182, $B.194, $B.197,
                $B.199, $B.208, $B.211, $B.223, $B.226, $B.228, $B.237, $B.240,
                $B.252, $B.255, $B.264, $B.273, $B.282, $B.285, $B.288, $B.290,
                $B.299, $B.302, $B.314, $B.317, $B.326, $B.328, $B.337, $B.340,
                $B.352, $B.355, $B.364, $B.366, $B.375, $B.378, $B.390, $B.393,
                $B.402, $B.411, $B.420, $B.429, $B.432, $B.435, $B.437, $B.446,
                $B.449, $B.461, $B.464, $B.473, $B.482, $B.491, $B.494, $B.497,
                $B.506, $B.515}
      #vr.5  <~ {#vr.16}
      $A.6  <~ {$A.17, $A.21, $A.30, $A.80, $A.89, $A.115, $A.220}
      #vr.7  <~ {#vr.129, #vr.281, #vr.284, #vr.428, #vr.431, #vr.490,
                 #vr.493, #vr.514}
      ~bid.8  <~ {bid.4, bid.6, bid.11, bid.13, bid.15, bid.17, bid.19,
                  bid.21, bid.36, bid.38, bid.50, bid.52, bid.64, bid.66, bid.78,
                  bid.80, bid.92, bid.94, bid.106, bid.121, ~bid.130, bid.139,
                  bid.141, bid.153, bid.168, bid.170, bid.182, bid.197, bid.199,
                  bid.211, bid.226, bid.228, bid.240, bid.255, bid.264, bid.273,
                  ~bid.282, ~bid.285, bid.288, bid.290, bid.302, bid.317, bid.326,
                  bid.328, bid.340, bid.355, bid.364, bid.366, bid.378, bid.393,
                  bid.402, bid.411, bid.420, ~bid.429, ~bid.432, bid.435, bid.437,
                  bid.449, bid.464, bid.473, bid.482, ~bid.491, ~bid.494, bid.497,
                  bid.506, ~bid.515}
      #vf.9  <~ {#vf.131, #vf.283, #vf.286, #vf.430, #vf.433, #vf.492,
                 #vf.495, #vf.516}
      #vr.10  <~ {#vr.49, #vr.167, #vr.225, #vr.325}
      $A.11  <~ {$A.38, $A.47, $A.50, $A.133, $A.141, $A.150, $A.153,
                 $A.168, $A.226, $A.290, $A.299, $A.302, $A.317, $A.326, $A.366,
                 $A.375, $A.378, $A.393, $A.402, $A.437, $A.446, $A.449, $A.464,
                 $A.473}
      #vr.12  <~ {#vr.63, #vr.91, #vr.196}
      $A.13  <~ {$A.52, $A.61, $A.64, $A.92, $A.162, $A.170, $A.179,
                 $A.182, $A.197, $A.228, $A.237, $A.240, $A.255, $A.311, $A.328,
                 $A.337, $A.340, $A.355, $A.387, $A.458}
      #vr.14  <~ {#vr.18, #vr.77}
      $A.15  <~ {$A.19, $A.66, $A.75, $A.78, $A.94, $A.103, $A.106,
                 $A.191, $A.199, $A.208, $A.211, $A.249, $A.349}
      #vr.20  <~ {#vr.79}
      ~idx.21  <~ {idx.6, idx.17, ~idx.80}
      #vf.22  <~ {#vf.81}
      #vk.23  <~ {#vk.82}
      #vk.24  <~ {#vk.83}
      #vk.25  <~ {#vk.84}
      #vk.26  <~ {#vk.43, #vk.57, #vk.71, #vk.85, #vk.99, #vk.111,
                  #vk.126, #vk.146, #vk.158, #vk.175, #vk.187, #vk.204, #vk.216,
                  #vk.233, #vk.245, #vk.260, #vk.269, #vk.278, #vk.295, #vk.307,
                  #vk.322, #vk.333, #vk.345, #vk.360, #vk.371, #vk.383, #vk.398,
                  #vk.407, #vk.416, #vk.425, #vk.442, #vk.454, #vk.469, #vk.478,
                  #vk.487, #vk.502, #vk.511}
      #vk.27  <~ {#vk.86}
      #vf.28  <~ {#vf.87}
      #vr.29  <~ {#vr.88}
      ~r.30  <~ {~r.89}
      #vf.31  <~ {#vf.90}
      #vr.32  <~ {#vr.117, #vr.135, #vr.164, #vr.193, #vr.222, #vr.251,
                  #vr.313, #vr.351, #vr.389, #vr.460}
      ~rst.33  <~ {t.2, rst.4, rst.6, rst.8, rst.11, rst.13, rst.15,
                   rst.17, rst.19, rst.21, rst.30, rst.36, rst.38, rst.47, rst.50,
                   rst.52, rst.61, rst.64, rst.66, rst.75, rst.78, rst.80, rst.89,
                   rst.92, rst.94, rst.103, rst.106, ~rst.118, rst.121, rst.130,
                   ~rst.136, rst.139, rst.141, rst.150, rst.153, ~rst.165, rst.168,
                   rst.170, rst.179, rst.182, ~rst.194, rst.197, rst.199, rst.208,
                   rst.211, ~rst.223, rst.226, rst.228, rst.237, rst.240, ~rst.252,
                   rst.255, rst.264, rst.273, rst.282, rst.285, rst.288, rst.290,
                   rst.299, rst.302, ~rst.314, rst.317, rst.326, rst.328, rst.337,
                   rst.340, ~rst.352, rst.355, rst.364, rst.366, rst.375, rst.378,
                   ~rst.390, rst.393, rst.402, rst.411, rst.420, rst.429, rst.432,
                   rst.435, rst.437, rst.446, rst.449, ~rst.461, rst.464, rst.473,
                   rst.482, rst.491, rst.494, rst.497, rst.506, rst.515}
      #vf.34  <~ {#vf.119, #vf.137, #vf.166, #vf.195, #vf.224, #vf.253,
                  #vf.315, #vf.353, #vf.391, #vf.462}
      #vr.35  <~ {#vr.138, #vr.287, #vr.363, #vr.434}
      #vr.37  <~ {#vr.140, #vr.152, #vr.289, #vr.301, #vr.316, #vr.365,
                  #vr.377, #vr.392, #vr.401, #vr.436, #vr.448, #vr.463, #vr.472}
      ~idx.38  <~ {idx.11, idx.50, ~idx.141, ~idx.153, idx.168, idx.226,
                   ~idx.290, ~idx.302, ~idx.317, idx.326, ~idx.366, ~idx.378,
                   ~idx.393, ~idx.402, ~idx.437, ~idx.449, ~idx.464, ~idx.473}
      #vf.39  <~ {#vf.142, #vf.154, #vf.291, #vf.303, #vf.318, #vf.367,
                  #vf.379, #vf.394, #vf.403, #vf.438, #vf.450, #vf.465, #vf.474}
      #vk.40  <~ {#vk.143, #vk.155, #vk.292, #vk.304, #vk.319, #vk.368,
                  #vk.380, #vk.395, #vk.404, #vk.439, #vk.451, #vk.466, #vk.475}
      #vk.41  <~ {#vk.144, #vk.156, #vk.293, #vk.305, #vk.320, #vk.369,
                  #vk.381, #vk.396, #vk.405, #vk.440, #vk.452, #vk.467, #vk.476}
      #vk.42  <~ {#vk.145, #vk.157, #vk.294, #vk.306, #vk.321, #vk.370,
                  #vk.382, #vk.397, #vk.406, #vk.441, #vk.453, #vk.468, #vk.477}
      #vk.44  <~ {#vk.147, #vk.159, #vk.296, #vk.308, #vk.323, #vk.372,
                  #vk.384, #vk.399, #vk.408, #vk.443, #vk.455, #vk.470, #vk.479}
      #vf.45  <~ {#vf.148, #vf.160, #vf.297, #vf.309, #vf.324, #vf.373,
                  #vf.385, #vf.400, #vf.409, #vf.444, #vf.456, #vf.471, #vf.480}
      #vr.46  <~ {#vr.149, #vr.298, #vr.374, #vr.445}
      ~r.47  <~ {~r.150, ~r.299, ~r.375, ~r.446}
      #vf.48  <~ {#vf.151, #vf.300, #vf.376, #vf.447}
      #vr.51  <~ {#vr.169, #vr.181, #vr.227, #vr.239, #vr.254, #vr.327,
                  #vr.339, #vr.354}
      ~idx.52  <~ {idx.13, idx.64, idx.92, ~idx.170, ~idx.182, idx.197,
                   ~idx.228, ~idx.240, ~idx.255, ~idx.328, ~idx.340, ~idx.355}
      #vf.53  <~ {#vf.171, #vf.183, #vf.229, #vf.241, #vf.256, #vf.329,
                  #vf.341, #vf.356}
      #vk.54  <~ {#vk.172, #vk.184, #vk.230, #vk.242, #vk.257, #vk.330,
                  #vk.342, #vk.357}
      #vk.55  <~ {#vk.173, #vk.185, #vk.231, #vk.243, #vk.258, #vk.331,
                  #vk.343, #vk.358}
      #vk.56  <~ {#vk.174, #vk.186, #vk.232, #vk.244, #vk.259, #vk.332,
                  #vk.344, #vk.359}
      #vk.58  <~ {#vk.176, #vk.188, #vk.234, #vk.246, #vk.261, #vk.334,
                  #vk.346, #vk.361}
      #vf.59  <~ {#vf.177, #vf.189, #vf.235, #vf.247, #vf.262, #vf.335,
                  #vf.347, #vf.362}
      #vr.60  <~ {#vr.178, #vr.236, #vr.336}
      ~r.61  <~ {~r.179, ~r.237, ~r.337}
      #vf.62  <~ {#vf.180, #vf.238, #vf.338}
      #vr.65  <~ {#vr.93, #vr.105, #vr.198, #vr.210}
      ~idx.66  <~ {idx.15, idx.19, idx.78, ~idx.94, ~idx.106, ~idx.199,
                   ~idx.211}
      #vf.67  <~ {#vf.95, #vf.107, #vf.200, #vf.212}
      #vk.68  <~ {#vk.96, #vk.108, #vk.201, #vk.213}
      #vk.69  <~ {#vk.97, #vk.109, #vk.202, #vk.214}
      #vk.70  <~ {#vk.98, #vk.110, #vk.203, #vk.215}
      #vk.72  <~ {#vk.100, #vk.112, #vk.205, #vk.217}
      #vf.73  <~ {#vf.101, #vf.113, #vf.206, #vf.218}
      #vr.74  <~ {#vr.102, #vr.207}
      ~r.75  <~ {~r.103, ~r.208}
      #vf.76  <~ {#vf.104, #vf.209}
      #vr.114  <~ {#vr.219}
      ~sst.115  <~ {sst.30, sst.89, ~sst.220}
      #vf.116  <~ {#vf.221}
      #vr.120  <~ {#vr.272, #vr.419, #vr.481, #vr.505}
      $A.121  <~ {$A.273, $A.420, $A.482, $A.506}
      ~idx.121  <~ {~idx.273, ~idx.420, ~idx.482, ~idx.506}
      cts_in.121  <~ {cts_in.273, cts_in.420, cts_in.482, cts_in.506}
      #vf.122  <~ {#vf.274, #vf.421, #vf.483, #vf.507}
      #vk.123  <~ {#vk.275, #vk.422, #vk.484, #vk.508}
      #vk.124  <~ {#vk.276, #vk.423, #vk.485, #vk.509}
      #vk.125  <~ {#vk.277, #vk.424, #vk.486, #vk.510}
      #vk.127  <~ {#vk.279, #vk.426, #vk.488, #vk.512}
      #vf.128  <~ {#vf.280, #vf.427, #vf.489, #vf.513}
      ~sst.133  <~ {sst.47, sst.150, sst.299, sst.375, sst.446}
      #vr.161  <~ {#vr.310, #vr.386, #vr.457}
      ~sst.162  <~ {sst.61, sst.179, sst.237, ~sst.311, sst.337,
                    ~sst.387, ~sst.458}
      #vf.163  <~ {#vf.312, #vf.388, #vf.459}
      #vr.190  <~ {#vr.248, #vr.348}
      ~sst.191  <~ {sst.75, sst.103, sst.208, ~sst.249, ~sst.349}
      #vf.192  <~ {#vf.250, #vf.350}
      cts($A.6, $B.4, ~sst.115, ~r.30)  <~ {cts_in.6, cts_in.17,
                                            cts_in.21, cts_in.80}
      cts($A.11, $B.4, ~sst.133, ~r.47)  <~ {cts_in.11, cts_in.38,
                                             cts_in.50, cts_in.141, cts_in.153, cts_in.168,
                                             cts_in.226, cts_in.290, cts_in.302, cts_in.317,
                                             cts_in.326, cts_in.366, cts_in.378, cts_in.393,
                                             cts_in.402, cts_in.437, cts_in.449, cts_in.464,
                                             cts_in.473}
      cts($A.13, $B.4, ~sst.162, ~r.61)  <~ {cts_in.13, cts_in.52,
                                             cts_in.64, cts_in.92, cts_in.170, cts_in.182,
                                             cts_in.197, cts_in.228, cts_in.240, cts_in.255,
                                             cts_in.328, cts_in.340, cts_in.355}
      cts($A.15, $B.4, ~sst.191, ~r.75)  <~ {cts_in.15, cts_in.19,
                                             cts_in.66, cts_in.78, cts_in.94, cts_in.106,
                                             cts_in.199, cts_in.211}
      ks($A.6, $B.4, ~sst.115, ~r.30)  <~ {Ks.6, Ks.17}
      ks($A.11, $B.4, ~sst.133, ~r.47)  <~ {Ks.11, Ks.50, Ks.168, Ks.226,
                                            Ks.326}
      ks($A.13, $B.4, ~sst.162, ~r.61)  <~ {Ks.13, Ks.64, Ks.92, Ks.197}
      ks($A.15, $B.4, ~sst.191, ~r.75)  <~ {Ks.15, Ks.19, Ks.78}
    conj:
  
  lemmas:
  
  allowed cases: raw
  
  solved formulas:
  
  unsolved constraints:
    !KU( <$A.6, $B.4, cts($A.6, $B.4, ~sst.115, ~r.30)>
    ) @ #vk.23 // nr: 36" (currently deducible)"
    
    !KU( $A.6 ) @ #vk.24 // nr: 37" (currently deducible)"
    
    !KU( <$B.4, cts($A.6, $B.4, ~sst.115, ~r.30)>
    ) @ #vk.25 // nr: 38" (currently deducible)"
    
    !KU( $B.4 ) @ #vk.26 // nr: 39" (currently deducible)"
    
    !KU( cts($A.6, $B.4, ~sst.115, ~r.30)
    ) @ #vk.27 // nr: 45" (currently deducible)"
    
    !KU( <$A.11, $B.4, cts($A.11, $B.4, ~sst.133, ~r.47)>
    ) @ #vk.40 // nr: 51" (currently deducible)"
    
    !KU( $A.11 ) @ #vk.41 // nr: 52" (currently deducible)"
    
    !KU( <$B.4, cts($A.11, $B.4, ~sst.133, ~r.47)>
    ) @ #vk.42 // nr: 53" (currently deducible)"
    
    !KU( cts($A.11, $B.4, ~sst.133, ~r.47)
    ) @ #vk.44 // nr: 60" (currently deducible)"
    
    !KU( <$A.13, $B.4, cts($A.13, $B.4, ~sst.162, ~r.61)>
    ) @ #vk.54 // nr: 67" (currently deducible)"
    
    !KU( $A.13 ) @ #vk.55 // nr: 68" (currently deducible)"
    
    !KU( <$B.4, cts($A.13, $B.4, ~sst.162, ~r.61)>
    ) @ #vk.56 // nr: 69" (currently deducible)"
    
    !KU( cts($A.13, $B.4, ~sst.162, ~r.61)
    ) @ #vk.58 // nr: 76" (currently deducible)"
    
    !KU( <$A.15, $B.4, cts($A.15, $B.4, ~sst.191, ~r.75)>
    ) @ #vk.68 // nr: 83" (currently deducible)"
    
    !KU( $A.15 ) @ #vk.69 // nr: 84" (currently deducible)"
    
    !KU( <$B.4, cts($A.15, $B.4, ~sst.191, ~r.75)>
    ) @ #vk.70 // nr: 85" (currently deducible)"
    
    !KU( cts($A.15, $B.4, ~sst.191, ~r.75)
    ) @ #vk.72 // nr: 92" (currently deducible)"
    
    !KU( <$A.121, $B.4, cts_in.121>
    ) @ #vk.123 // nr: 136" (probably constructible)"
    
    !KU( $A.121 ) @ #vk.124 // nr: 137" (currently deducible)"
    
    !KU( <$B.4, cts_in.121>
    ) @ #vk.125 // nr: 138" (probably constructible)"
    
    !KU( cts_in.121 ) @ #vk.127 // nr: 140" (probably constructible)"
    
    !KU( <$A.264, $B.4, cts_in.264>
    ) @ #vk.266 // nr: 252" (probably constructible)"
    
    !KU( $A.264 ) @ #vk.267 // nr: 253" (currently deducible)"
    
    !KU( <$B.4, cts_in.264>
    ) @ #vk.268 // nr: 254" (probably constructible)"
    
    !KU( cts_in.264 ) @ #vk.270 // nr: 256" (probably constructible)"
    
    !KU( <$A.411, $B.4, cts_in.411>
    ) @ #vk.413 // nr: 371" (probably constructible)"
    
    !KU( $A.411 ) @ #vk.414 // nr: 372" (currently deducible)"
    
    !KU( <$B.4, cts_in.411>
    ) @ #vk.415 // nr: 373" (probably constructible)"
    
    !KU( cts_in.411 ) @ #vk.417 // nr: 375" (probably constructible)"
    
    !KU( <$A.11, $B.4, cts($A.11, $B.4, ~sst.133, ~r.47)>
    ) @ #vk.475 // nr: 423" (currently deducible)"
    
    !KU( $A.11 ) @ #vk.476 // nr: 424" (currently deducible)"
    
    !KU( <$B.4, cts($A.11, $B.4, ~sst.133, ~r.47)>
    ) @ #vk.477 // nr: 425" (currently deducible)"
    
    !KU( cts($A.11, $B.4, ~sst.133, ~r.47)
    ) @ #vk.479 // nr: 468" (currently deducible)"
    
    !KU( <$A.497, $B.4, cts_in.497>
    ) @ #vk.499 // nr: 448" (probably constructible)"
    
    !KU( $A.497 ) @ #vk.500 // nr: 449" (currently deducible)"
    
    !KU( <$B.4, cts_in.497>
    ) @ #vk.501 // nr: 450" (probably constructible)"
    
    !KU( cts_in.497 ) @ #vk.503 // nr: 452" (probably constructible)"
    
    OpenStage0( $B.4, ~bid.8, ~rst.33
    ) ▶₀ #vr.496 // nr: 447 (from rule AddSlot1)" (useful2)"
    
    splitEqs(101) // nr: 460" (useful2)"
  
  solved constraints:
    UsedReceiverState( $B.4, ~rst.33 ) ▶₀ #i // nr: 0" (useful2)"
    
    SealedStage4( $B.4, ~bid.8, ~rst.33
    ) ▶₀ #vr.3 // nr: 2 (from rule CompleteBatch)" (useful2)"
    
    BatchEndToken( $B.4, ~bid.8, ~rst.33
    ) ▶₁ #vr.3 // nr: 3 (from rule CompleteBatch)" (useful2)"
    
    Slot1DoneFact( $B.4, ~bid.8, ~rst.33
    ) ▶₂ #vr.3 // nr: 4 (from rule CompleteBatch)" (useful2)"
    
    Slot2DoneFact( $B.4, ~bid.8, ~rst.33
    ) ▶₃ #vr.3 // nr: 5 (from rule CompleteBatch)" (useful2)"
    
    Slot3DoneFact( $B.4, ~bid.8, ~rst.33
    ) ▶₄ #vr.3 // nr: 6 (from rule CompleteBatch)" (useful2)"
    
    Slot4DoneFact( $B.4, ~bid.8, ~rst.33
    ) ▶₅ #vr.3 // nr: 7 (from rule CompleteBatch)" (useful2)"
    
    SealedStage3( $B.4, ~bid.8, ~rst.33
    ) ▶₀ #vr.5 // nr: 9 (from rule ProcessSlot4)" (useful2)"
    
    AddedSlot4( $B.4, ~bid.8, ~rst.33, ~idx.21, $A.6,
                cts($A.6, $B.4, ~sst.115, ~r.30)
    ) ▶₁ #vr.5 // nr: 10 (from rule ProcessSlot4)" (useful2)"
    
    !ComponentKey( $A.6, $B.4, ~rst.33,
                   cts($A.6, $B.4, ~sst.115, ~r.30), ks($A.6, $B.4, ~sst.115, ~r.30)
    ) ▶₂ #vr.5 // nr: 11 (from rule ProcessSlot4)" (useful2)"
    
    ReceiverState( $B.4, ~rst.33
    ) ▶₀ #vr.7 // nr: 13 (from rule CreateBatch)" (useful2)"
    
    SealedStage0( $B.4, ~bid.8, ~rst.33
    ) ▶₀ #vr.10 // nr: 15 (from rule ProcessSlot1)" (useful2)"
    
    AddedSlot1( $B.4, ~bid.8, ~rst.33, ~idx.38, $A.11,
                cts($A.11, $B.4, ~sst.133, ~r.47)
    ) ▶₁ #vr.10 // nr: 16 (from rule ProcessSlot1)" (useful2)"
    
    !ComponentKey( $A.11, $B.4, ~rst.33,
                   cts($A.11, $B.4, ~sst.133, ~r.47), ks($A.11, $B.4, ~sst.133, ~r.47)
    ) ▶₂ #vr.10 // nr: 17 (from rule ProcessSlot1)" (useful2)"
    
    SealedStage1( $B.4, ~bid.8, ~rst.33
    ) ▶₀ #vr.12 // nr: 19 (from rule ProcessSlot2)" (useful2)"
    
    AddedSlot2( $B.4, ~bid.8, ~rst.33, ~idx.52, $A.13,
                cts($A.13, $B.4, ~sst.162, ~r.61)
    ) ▶₁ #vr.12 // nr: 20 (from rule ProcessSlot2)" (useful2)"
    
    !ComponentKey( $A.13, $B.4, ~rst.33,
                   cts($A.13, $B.4, ~sst.162, ~r.61), ks($A.13, $B.4, ~sst.162, ~r.61)
    ) ▶₂ #vr.12 // nr: 21 (from rule ProcessSlot2)" (useful2)"
    
    SealedStage2( $B.4, ~bid.8, ~rst.33
    ) ▶₀ #vr.14 // nr: 23 (from rule ProcessSlot3)" (useful2)"
    
    AddedSlot3( $B.4, ~bid.8, ~rst.33, ~idx.66, $A.15,
                cts($A.15, $B.4, ~sst.191, ~r.75)
    ) ▶₁ #vr.14 // nr: 24 (from rule ProcessSlot3)" (useful2)"
    
    !ComponentKey( $A.15, $B.4, ~rst.33,
                   cts($A.15, $B.4, ~sst.191, ~r.75), ks($A.15, $B.4, ~sst.191, ~r.75)
    ) ▶₂ #vr.14 // nr: 25 (from rule ProcessSlot3)" (useful2)"
    
    OpenStage3( $B.4, ~bid.8, ~rst.33
    ) ▶₀ #vr.20 // nr: 35 (from rule AddSlot4)" (useful2)"
    
    !SenderState( $A.6, ~sst.115
    ) ▶₀ #vr.29 // nr: 43 (from rule SenderCreatesComponent)" (useful2)"
    
    !ReceiverPublicState( $B.4, ~rst.33
    ) ▶₁ #vr.29 // nr: 44 (from rule SenderCreatesComponent)" (useful2)"
    
    OpenStage4( $B.4, ~bid.8, ~rst.33
    ) ▶₀ #vr.35 // nr: 48 (from rule SealBatch)" (useful2)"
    
    OpenStage0( $B.4, ~bid.8, ~rst.33
    ) ▶₀ #vr.37 // nr: 50 (from rule AddSlot1)" (useful2)"
    
    !SenderState( $A.11, ~sst.133
    ) ▶₀ #vr.46 // nr: 58 (from rule SenderCreatesComponent)" (useful2)"
    
    !ReceiverPublicState( $B.4, ~rst.33
    ) ▶₁ #vr.46 // nr: 59 (from rule SenderCreatesComponent)" (useful2)"
    
    OpenStage1( $B.4, ~bid.8, ~rst.33
    ) ▶₀ #vr.51 // nr: 66 (from rule AddSlot2)" (useful2)"
    
    !SenderState( $A.13, ~sst.162
    ) ▶₀ #vr.60 // nr: 74 (from rule SenderCreatesComponent)" (useful2)"
    
    !ReceiverPublicState( $B.4, ~rst.33
    ) ▶₁ #vr.60 // nr: 75 (from rule SenderCreatesComponent)" (useful2)"
    
    OpenStage2( $B.4, ~bid.8, ~rst.33
    ) ▶₀ #vr.65 // nr: 82 (from rule AddSlot3)" (useful2)"
    
    !SenderState( $A.15, ~sst.191
    ) ▶₀ #vr.74 // nr: 90 (from rule SenderCreatesComponent)" (useful2)"
    
    !ReceiverPublicState( $B.4, ~rst.33
    ) ▶₁ #vr.74 // nr: 91 (from rule SenderCreatesComponent)" (useful2)"
    
    OpenStage3( $B.4, ~bid.8, ~rst.33
    ) ▶₀ #vr.120 // nr: 135 (from rule AddSlot4)" (useful2)"
    
    OpenStage2( $B.4, ~bid.8, ~rst.33
    ) ▶₀ #vr.263 // nr: 251 (from rule AddSlot3)" (useful2)"
    
    OpenStage1( $B.4, ~bid.8, ~rst.33
    ) ▶₀ #vr.410 // nr: 370 (from rule AddSlot2)" (useful2)"
Simplifier iteration 11:

The reduction-rules for unique fresh instances (DG4),
unique K↑-facts (N5↑), unique (linear) edges (DG2 and DG3),
orderings for ~vars (S_fresh-order)
were applied to the following constraint system.

  nodes:
    #vr.4: instance (modulo AC) CompleteBatch:
              [
              SealedStage4( $B.5, ~bid.9, ~rst.118 ),
              BatchEndToken( $B.5, ~bid.9, ~rst.118 ),
              Slot1DoneFact( $B.5, ~bid.9, ~rst.118 ),
              Slot2DoneFact( $B.5, ~bid.9, ~rst.118 ),
              Slot3DoneFact( $B.5, ~bid.9, ~rst.118 ),
              Slot4DoneFact( $B.5, ~bid.9, ~rst.118 )
              ]
             --[
             UseBatchEndToken( $B.5, ~bid.9, ~rst.118 ),
             BatchComplete( $B.5, ~bid.9, ~rst.118 ),
             BatchClosed( $B.5, ~bid.9, ~rst.118 ),
             ConsumeReceiverState( $B.5, ~rst.118 )
             ]->
              [
              ClosedBatch( $B.5, ~bid.9, ~rst.118 ),
              UsedReceiverState( $B.5, ~rst.118 )
              ]
    #vr.6: instance (modulo AC) ProcessSlot4:
              [
              SealedStage3( $B.5, ~bid.9, ~rst.118 ),
              AddedSlot4( $B.5, ~bid.9, ~rst.118, ~idx.22, $A.7,
                          cts($A.7, $B.5, ~sst.115, ~r.31)
              ),
              !ComponentKey( $A.7, $B.5, ~rst.118,
                             cts($A.7, $B.5, ~sst.115, ~r.31), ks($A.7, $B.5, ~sst.115, ~r.31)
              )
              ]
             --[
             BatchSlot( $B.5, ~bid.9, ~idx.22, $A.7,
                        cts($A.7, $B.5, ~sst.115, ~r.31)
             ),
             BatchSlotAccept( $B.5, ~bid.9, ~idx.22, $A.7, ~rst.118,
                              cts($A.7, $B.5, ~sst.115, ~r.31), ks($A.7, $B.5, ~sst.115, ~r.31)
             ),
             ReceiverAcceptsComponent( $B.5, $A.7, ~rst.118,
                                       cts($A.7, $B.5, ~sst.115, ~r.31),
                                       ks($A.7, $B.5, ~sst.115, ~r.31)
             ),
             ReceiverKey( $B.5, $A.7, ~bid.9, ~idx.22, ~rst.118,
                          cts($A.7, $B.5, ~sst.115, ~r.31), ks($A.7, $B.5, ~sst.115, ~r.31),
                          rkey($B.5, $A.7, ~rst.118, cts($A.7, $B.5, ~sst.115, ~r.31),
                               ks($A.7, $B.5, ~sst.115, ~r.31))
             ),
             PartneredSlot( $A.7, $B.5, ~bid.9, ~idx.22, ~rst.118,
                            cts($A.7, $B.5, ~sst.115, ~r.31), ks($A.7, $B.5, ~sst.115, ~r.31)
             ),
             SlotProcessed( $B.5, ~bid.9, ~idx.22, $A.7,
                            cts($A.7, $B.5, ~sst.115, ~r.31)
             ),
             Slot4Done( $B.5, ~bid.9, ~rst.118 )
             ]->
              [
              SealedStage4( $B.5, ~bid.9, ~rst.118 ),
              Slot4DoneFact( $B.5, ~bid.9, ~rst.118 )
              ]
    #vr.8: instance (modulo AC) CreateBatch:
              [ ReceiverState( $B.5, ~rst.118 ), Fr( ~bid.9 ) ]
             --[ BatchCreated( $B.5, ~bid.9, ~rst.118 ) ]->
              [
              OpenStage0( $B.5, ~bid.9, ~rst.118 ),
              BatchEndToken( $B.5, ~bid.9, ~rst.118 ),
              BatchCompromiseToken( $B.5, ~bid.9, ~rst.118 )
              ]
    #vf.10: instance (modulo AC) Fresh:
               [ ] --> [ Fr( ~bid.9 ) ]
    #vr.11: instance (modulo AC) ProcessSlot1:
               [
               SealedStage0( $B.5, ~bid.9, ~rst.118 ),
               AddedSlot1( $B.5, ~bid.9, ~rst.118, ~idx.38, $A.12,
                           cts($A.12, $B.5, ~sst.136, ~r.47)
               ),
               !ComponentKey( $A.12, $B.5, ~rst.118,
                              cts($A.12, $B.5, ~sst.136, ~r.47), ks($A.12, $B.5, ~sst.136, ~r.47)
               )
               ]
              --[
              BatchSlot( $B.5, ~bid.9, ~idx.38, $A.12,
                         cts($A.12, $B.5, ~sst.136, ~r.47)
              ),
              BatchSlotAccept( $B.5, ~bid.9, ~idx.38, $A.12, ~rst.118,
                               cts($A.12, $B.5, ~sst.136, ~r.47), ks($A.12, $B.5, ~sst.136, ~r.47)
              ),
              ReceiverAcceptsComponent( $B.5, $A.12, ~rst.118,
                                        cts($A.12, $B.5, ~sst.136, ~r.47),
                                        ks($A.12, $B.5, ~sst.136, ~r.47)
              ),
              ReceiverKey( $B.5, $A.12, ~bid.9, ~idx.38, ~rst.118,
                           cts($A.12, $B.5, ~sst.136, ~r.47),
                           ks($A.12, $B.5, ~sst.136, ~r.47),
                           rkey($B.5, $A.12, ~rst.118, cts($A.12, $B.5, ~sst.136, ~r.47),
                                ks($A.12, $B.5, ~sst.136, ~r.47))
              ),
              PartneredSlot( $A.12, $B.5, ~bid.9, ~idx.38, ~rst.118,
                             cts($A.12, $B.5, ~sst.136, ~r.47), ks($A.12, $B.5, ~sst.136, ~r.47)
              ),
              SlotProcessed( $B.5, ~bid.9, ~idx.38, $A.12,
                             cts($A.12, $B.5, ~sst.136, ~r.47)
              ),
              Slot1Done( $B.5, ~bid.9, ~rst.118 )
              ]->
               [
               SealedStage1( $B.5, ~bid.9, ~rst.118 ),
               Slot1DoneFact( $B.5, ~bid.9, ~rst.118 )
               ]
    #vr.13: instance (modulo AC) ProcessSlot2:
               [
               SealedStage1( $B.5, ~bid.9, ~rst.118 ),
               AddedSlot2( $B.5, ~bid.9, ~rst.118, ~idx.52, $A.14,
                           cts($A.14, $B.5, ~sst.165, ~r.61)
               ),
               !ComponentKey( $A.14, $B.5, ~rst.118,
                              cts($A.14, $B.5, ~sst.165, ~r.61), ks($A.14, $B.5, ~sst.165, ~r.61)
               )
               ]
              --[
              BatchSlot( $B.5, ~bid.9, ~idx.52, $A.14,
                         cts($A.14, $B.5, ~sst.165, ~r.61)
              ),
              BatchSlotAccept( $B.5, ~bid.9, ~idx.52, $A.14, ~rst.118,
                               cts($A.14, $B.5, ~sst.165, ~r.61), ks($A.14, $B.5, ~sst.165, ~r.61)
              ),
              ReceiverAcceptsComponent( $B.5, $A.14, ~rst.118,
                                        cts($A.14, $B.5, ~sst.165, ~r.61),
                                        ks($A.14, $B.5, ~sst.165, ~r.61)
              ),
              ReceiverKey( $B.5, $A.14, ~bid.9, ~idx.52, ~rst.118,
                           cts($A.14, $B.5, ~sst.165, ~r.61),
                           ks($A.14, $B.5, ~sst.165, ~r.61),
                           rkey($B.5, $A.14, ~rst.118, cts($A.14, $B.5, ~sst.165, ~r.61),
                                ks($A.14, $B.5, ~sst.165, ~r.61))
              ),
              PartneredSlot( $A.14, $B.5, ~bid.9, ~idx.52, ~rst.118,
                             cts($A.14, $B.5, ~sst.165, ~r.61), ks($A.14, $B.5, ~sst.165, ~r.61)
              ),
              SlotProcessed( $B.5, ~bid.9, ~idx.52, $A.14,
                             cts($A.14, $B.5, ~sst.165, ~r.61)
              ),
              Slot2Done( $B.5, ~bid.9, ~rst.118 )
              ]->
               [
               SealedStage2( $B.5, ~bid.9, ~rst.118 ),
               Slot2DoneFact( $B.5, ~bid.9, ~rst.118 )
               ]
    #vr.15: instance (modulo AC) ProcessSlot3:
               [
               SealedStage2( $B.5, ~bid.9, ~rst.118 ),
               AddedSlot3( $B.5, ~bid.9, ~rst.118, ~idx.66, $A.16,
                           cts($A.16, $B.5, ~sst.194, ~r.75)
               ),
               !ComponentKey( $A.16, $B.5, ~rst.118,
                              cts($A.16, $B.5, ~sst.194, ~r.75), ks($A.16, $B.5, ~sst.194, ~r.75)
               )
               ]
              --[
              BatchSlot( $B.5, ~bid.9, ~idx.66, $A.16,
                         cts($A.16, $B.5, ~sst.194, ~r.75)
              ),
              BatchSlotAccept( $B.5, ~bid.9, ~idx.66, $A.16, ~rst.118,
                               cts($A.16, $B.5, ~sst.194, ~r.75), ks($A.16, $B.5, ~sst.194, ~r.75)
              ),
              ReceiverAcceptsComponent( $B.5, $A.16, ~rst.118,
                                        cts($A.16, $B.5, ~sst.194, ~r.75),
                                        ks($A.16, $B.5, ~sst.194, ~r.75)
              ),
              ReceiverKey( $B.5, $A.16, ~bid.9, ~idx.66, ~rst.118,
                           cts($A.16, $B.5, ~sst.194, ~r.75),
                           ks($A.16, $B.5, ~sst.194, ~r.75),
                           rkey($B.5, $A.16, ~rst.118, cts($A.16, $B.5, ~sst.194, ~r.75),
                                ks($A.16, $B.5, ~sst.194, ~r.75))
              ),
              PartneredSlot( $A.16, $B.5, ~bid.9, ~idx.66, ~rst.118,
                             cts($A.16, $B.5, ~sst.194, ~r.75), ks($A.16, $B.5, ~sst.194, ~r.75)
              ),
              SlotProcessed( $B.5, ~bid.9, ~idx.66, $A.16,
                             cts($A.16, $B.5, ~sst.194, ~r.75)
              ),
              Slot3Done( $B.5, ~bid.9, ~rst.118 )
              ]->
               [
               SealedStage3( $B.5, ~bid.9, ~rst.118 ),
               Slot3DoneFact( $B.5, ~bid.9, ~rst.118 )
               ]
    #vr.21: instance (modulo AC) AddSlot4:
               [
               OpenStage3( $B.5, ~bid.9, ~rst.118 ),
               In( <$A.7, $B.5, cts($A.7, $B.5, ~sst.115, ~r.31)> ), Fr( ~idx.22 )
               ]
              --[
              SlotAdded( $B.5, ~bid.9, ~idx.22, $A.7,
                         cts($A.7, $B.5, ~sst.115, ~r.31)
              ),
              Slot4Added( $B.5, ~bid.9, ~rst.118, ~idx.22, $A.7,
                          cts($A.7, $B.5, ~sst.115, ~r.31)
              )
              ]->
               [
               OpenStage4( $B.5, ~bid.9, ~rst.118 ),
               AddedSlot4( $B.5, ~bid.9, ~rst.118, ~idx.22, $A.7,
                           cts($A.7, $B.5, ~sst.115, ~r.31)
               )
               ]
    #vf.23: instance (modulo AC) isend:
               [ !KU( <$A.7, $B.5, cts($A.7, $B.5, ~sst.115, ~r.31)> ) ]
              --[ K( <$A.7, $B.5, cts($A.7, $B.5, ~sst.115, ~r.31)> ) ]->
               [ In( <$A.7, $B.5, cts($A.7, $B.5, ~sst.115, ~r.31)> ) ]
    #vf.29: instance (modulo AC) Fresh:
               [ ] --> [ Fr( ~idx.22 ) ]
    #vr.30: instance (modulo AC) SenderCreatesComponent:
               [
               !SenderState( $A.7, ~sst.115 ),
               !ReceiverPublicState( $B.5, ~rst.118 ), Fr( ~r.31 )
               ]
              --[
              SenderComponent( $A.7, $B.5, ~rst.118,
                               cts($A.7, $B.5, ~sst.115, ~r.31), ks($A.7, $B.5, ~sst.115, ~r.31)
              )
              ]->
               [
               Out( <$A.7, $B.5, cts($A.7, $B.5, ~sst.115, ~r.31)> ),
               !ComponentKey( $A.7, $B.5, ~rst.118,
                              cts($A.7, $B.5, ~sst.115, ~r.31), ks($A.7, $B.5, ~sst.115, ~r.31)
               )
               ]
    #vf.32: instance (modulo AC) Fresh:
               [ ] --> [ Fr( ~r.31 ) ]
    #vr.33: instance (modulo AC) CompromiseReceiverState:
               [
               ReceiverState( $B.5, ~rst.118 ),
               ReceiverCompromiseToken( $B.5, ~rst.118 )
               ]
              --[ CompromiseReceiverState( $B.5, ~rst.118 ) ]->
               [
               ReceiverState( $B.5, ~rst.118 ),
               !CompromisedReceiverState( $B.5, ~rst.118 ), Out( ~rst.118 )
               ]
    #vr.35: instance (modulo AC) SealBatch:
               [ OpenStage4( $B.5, ~bid.9, ~rst.118 ) ]
              --[ SealBatchEvent( $B.5, ~bid.9, ~rst.118 ) ]->
               [ SealedStage0( $B.5, ~bid.9, ~rst.118 ) ]
    #vr.37: instance (modulo AC) AddSlot1:
               [
               OpenStage0( $B.5, ~bid.9, ~rst.118 ),
               In( <$A.12, $B.5, cts($A.12, $B.5, ~sst.136, ~r.47)> ),
               Fr( ~idx.38 )
               ]
              --[
              SlotAdded( $B.5, ~bid.9, ~idx.38, $A.12,
                         cts($A.12, $B.5, ~sst.136, ~r.47)
              ),
              Slot1Added( $B.5, ~bid.9, ~rst.118, ~idx.38, $A.12,
                          cts($A.12, $B.5, ~sst.136, ~r.47)
              )
              ]->
               [
               OpenStage1( $B.5, ~bid.9, ~rst.118 ),
               AddedSlot1( $B.5, ~bid.9, ~rst.118, ~idx.38, $A.12,
                           cts($A.12, $B.5, ~sst.136, ~r.47)
               )
               ]
    #vf.39: instance (modulo AC) isend:
               [ !KU( <$A.12, $B.5, cts($A.12, $B.5, ~sst.136, ~r.47)> ) ]
              --[ K( <$A.12, $B.5, cts($A.12, $B.5, ~sst.136, ~r.47)> ) ]->
               [ In( <$A.12, $B.5, cts($A.12, $B.5, ~sst.136, ~r.47)> ) ]
    #vf.45: instance (modulo AC) Fresh:
               [ ] --> [ Fr( ~idx.38 ) ]
    #vr.46: instance (modulo AC) SenderCreatesComponent:
               [
               !SenderState( $A.12, ~sst.136 ),
               !ReceiverPublicState( $B.5, ~rst.118 ), Fr( ~r.47 )
               ]
              --[
              SenderComponent( $A.12, $B.5, ~rst.118,
                               cts($A.12, $B.5, ~sst.136, ~r.47), ks($A.12, $B.5, ~sst.136, ~r.47)
              )
              ]->
               [
               Out( <$A.12, $B.5, cts($A.12, $B.5, ~sst.136, ~r.47)> ),
               !ComponentKey( $A.12, $B.5, ~rst.118,
                              cts($A.12, $B.5, ~sst.136, ~r.47), ks($A.12, $B.5, ~sst.136, ~r.47)
               )
               ]
    #vf.48: instance (modulo AC) Fresh:
               [ ] --> [ Fr( ~r.47 ) ]
    #vr.51: instance (modulo AC) AddSlot2:
               [
               OpenStage1( $B.5, ~bid.9, ~rst.118 ),
               In( <$A.14, $B.5, cts($A.14, $B.5, ~sst.165, ~r.61)> ),
               Fr( ~idx.52 )
               ]
              --[
              SlotAdded( $B.5, ~bid.9, ~idx.52, $A.14,
                         cts($A.14, $B.5, ~sst.165, ~r.61)
              ),
              Slot2Added( $B.5, ~bid.9, ~rst.118, ~idx.52, $A.14,
                          cts($A.14, $B.5, ~sst.165, ~r.61)
              )
              ]->
               [
               OpenStage2( $B.5, ~bid.9, ~rst.118 ),
               AddedSlot2( $B.5, ~bid.9, ~rst.118, ~idx.52, $A.14,
                           cts($A.14, $B.5, ~sst.165, ~r.61)
               )
               ]
    #vf.53: instance (modulo AC) isend:
               [ !KU( <$A.14, $B.5, cts($A.14, $B.5, ~sst.165, ~r.61)> ) ]
              --[ K( <$A.14, $B.5, cts($A.14, $B.5, ~sst.165, ~r.61)> ) ]->
               [ In( <$A.14, $B.5, cts($A.14, $B.5, ~sst.165, ~r.61)> ) ]
    #vf.59: instance (modulo AC) Fresh:
               [ ] --> [ Fr( ~idx.52 ) ]
    #vr.60: instance (modulo AC) SenderCreatesComponent:
               [
               !SenderState( $A.14, ~sst.165 ),
               !ReceiverPublicState( $B.5, ~rst.118 ), Fr( ~r.61 )
               ]
              --[
              SenderComponent( $A.14, $B.5, ~rst.118,
                               cts($A.14, $B.5, ~sst.165, ~r.61), ks($A.14, $B.5, ~sst.165, ~r.61)
              )
              ]->
               [
               Out( <$A.14, $B.5, cts($A.14, $B.5, ~sst.165, ~r.61)> ),
               !ComponentKey( $A.14, $B.5, ~rst.118,
                              cts($A.14, $B.5, ~sst.165, ~r.61), ks($A.14, $B.5, ~sst.165, ~r.61)
               )
               ]
    #vf.62: instance (modulo AC) Fresh:
               [ ] --> [ Fr( ~r.61 ) ]
    #vr.65: instance (modulo AC) AddSlot3:
               [
               OpenStage2( $B.5, ~bid.9, ~rst.118 ),
               In( <$A.16, $B.5, cts($A.16, $B.5, ~sst.194, ~r.75)> ),
               Fr( ~idx.66 )
               ]
              --[
              SlotAdded( $B.5, ~bid.9, ~idx.66, $A.16,
                         cts($A.16, $B.5, ~sst.194, ~r.75)
              ),
              Slot3Added( $B.5, ~bid.9, ~rst.118, ~idx.66, $A.16,
                          cts($A.16, $B.5, ~sst.194, ~r.75)
              )
              ]->
               [
               OpenStage3( $B.5, ~bid.9, ~rst.118 ),
               AddedSlot3( $B.5, ~bid.9, ~rst.118, ~idx.66, $A.16,
                           cts($A.16, $B.5, ~sst.194, ~r.75)
               )
               ]
    #vf.67: instance (modulo AC) isend:
               [ !KU( <$A.16, $B.5, cts($A.16, $B.5, ~sst.194, ~r.75)> ) ]
              --[ K( <$A.16, $B.5, cts($A.16, $B.5, ~sst.194, ~r.75)> ) ]->
               [ In( <$A.16, $B.5, cts($A.16, $B.5, ~sst.194, ~r.75)> ) ]
    #vf.73: instance (modulo AC) Fresh:
               [ ] --> [ Fr( ~idx.66 ) ]
    #vr.74: instance (modulo AC) SenderCreatesComponent:
               [
               !SenderState( $A.16, ~sst.194 ),
               !ReceiverPublicState( $B.5, ~rst.118 ), Fr( ~r.75 )
               ]
              --[
              SenderComponent( $A.16, $B.5, ~rst.118,
                               cts($A.16, $B.5, ~sst.194, ~r.75), ks($A.16, $B.5, ~sst.194, ~r.75)
              )
              ]->
               [
               Out( <$A.16, $B.5, cts($A.16, $B.5, ~sst.194, ~r.75)> ),
               !ComponentKey( $A.16, $B.5, ~rst.118,
                              cts($A.16, $B.5, ~sst.194, ~r.75), ks($A.16, $B.5, ~sst.194, ~r.75)
               )
               ]
    #vf.76: instance (modulo AC) Fresh:
               [ ] --> [ Fr( ~r.75 ) ]
    #vr.114: instance (modulo AC) InitSenderState:
                [ Fr( ~sst.115 ) ]
               --[ SenderStateCreated( $A.7, ~sst.115 ) ]->
                [
                !SenderState( $A.7, ~sst.115 ),
                SenderCompromiseToken( $A.7, ~sst.115 )
                ]
    #vf.116: instance (modulo AC) Fresh:
                [ ] --> [ Fr( ~sst.115 ) ]
    #vr.117: instance (modulo AC) InitReceiverState:
                [ Fr( ~rst.118 ) ]
               --[ ReceiverStateCreated( $B.5, ~rst.118 ) ]->
                [
                ReceiverState( $B.5, ~rst.118 ),
                !ReceiverPublicState( $B.5, ~rst.118 ),
                ReceiverCompromiseToken( $B.5, ~rst.118 )
                ]
    #vf.119: instance (modulo AC) Fresh:
                [ ] --> [ Fr( ~rst.118 ) ]
    #vr.123: instance (modulo AC) AddSlot4:
                [
                OpenStage3( $B.5, ~bid.9, ~rst.118 ),
                In( <$A.124, $B.5, cts_in.124> ), Fr( ~idx.124 )
                ]
               --[
               SlotAdded( $B.5, ~bid.9, ~idx.124, $A.124, cts_in.124 ),
               Slot4Added( $B.5, ~bid.9, ~rst.118, ~idx.124, $A.124, cts_in.124 )
               ]->
                [
                OpenStage4( $B.5, ~bid.9, ~rst.118 ),
                AddedSlot4( $B.5, ~bid.9, ~rst.118, ~idx.124, $A.124, cts_in.124 )
                ]
    #vf.125: instance (modulo AC) isend:
                [ !KU( <$A.124, $B.5, cts_in.124> ) ]
               --[ K( <$A.124, $B.5, cts_in.124> ) ]->
                [ In( <$A.124, $B.5, cts_in.124> ) ]
    #vf.131: instance (modulo AC) Fresh:
                [ ] --> [ Fr( ~idx.124 ) ]
    #vr.135: instance (modulo AC) InitSenderState:
                [ Fr( ~sst.136 ) ]
               --[ SenderStateCreated( $A.12, ~sst.136 ) ]->
                [
                !SenderState( $A.12, ~sst.136 ),
                SenderCompromiseToken( $A.12, ~sst.136 )
                ]
    #vf.137: instance (modulo AC) Fresh:
                [ ] --> [ Fr( ~sst.136 ) ]
    #vr.164: instance (modulo AC) InitSenderState:
                [ Fr( ~sst.165 ) ]
               --[ SenderStateCreated( $A.14, ~sst.165 ) ]->
                [
                !SenderState( $A.14, ~sst.165 ),
                SenderCompromiseToken( $A.14, ~sst.165 )
                ]
    #vf.166: instance (modulo AC) Fresh:
                [ ] --> [ Fr( ~sst.165 ) ]
    #vr.193: instance (modulo AC) InitSenderState:
                [ Fr( ~sst.194 ) ]
               --[ SenderStateCreated( $A.16, ~sst.194 ) ]->
                [
                !SenderState( $A.16, ~sst.194 ),
                SenderCompromiseToken( $A.16, ~sst.194 )
                ]
    #vf.195: instance (modulo AC) Fresh:
                [ ] --> [ Fr( ~sst.194 ) ]
    #vr.266: instance (modulo AC) AddSlot3:
                [
                OpenStage2( $B.5, ~bid.9, ~rst.118 ),
                In( <$A.267, $B.5, cts_in.267> ), Fr( ~idx.267 )
                ]
               --[
               SlotAdded( $B.5, ~bid.9, ~idx.267, $A.267, cts_in.267 ),
               Slot3Added( $B.5, ~bid.9, ~rst.118, ~idx.267, $A.267, cts_in.267 )
               ]->
                [
                OpenStage3( $B.5, ~bid.9, ~rst.118 ),
                AddedSlot3( $B.5, ~bid.9, ~rst.118, ~idx.267, $A.267, cts_in.267 )
                ]
    #vf.268: instance (modulo AC) isend:
                [ !KU( <$A.267, $B.5, cts_in.267> ) ]
               --[ K( <$A.267, $B.5, cts_in.267> ) ]->
                [ In( <$A.267, $B.5, cts_in.267> ) ]
    #vf.274: instance (modulo AC) Fresh:
                [ ] --> [ Fr( ~idx.267 ) ]
    #vf.359: instance (modulo AC) isend:
                [ !KU( <$A.14, $B.5, cts($A.14, $B.5, ~sst.165, ~r.61)> ) ]
               --[ K( <$A.14, $B.5, cts($A.14, $B.5, ~sst.165, ~r.61)> ) ]->
                [ In( <$A.14, $B.5, cts($A.14, $B.5, ~sst.165, ~r.61)> ) ]
    #vf.365: instance (modulo AC) Fresh:
                [ ] --> [ Fr( ~idx.52 ) ]
    #vr.413: instance (modulo AC) AddSlot2:
                [
                OpenStage1( $B.5, ~bid.9, ~rst.118 ),
                In( <$A.414, $B.5, cts_in.414> ), Fr( ~idx.414 )
                ]
               --[
               SlotAdded( $B.5, ~bid.9, ~idx.414, $A.414, cts_in.414 ),
               Slot2Added( $B.5, ~bid.9, ~rst.118, ~idx.414, $A.414, cts_in.414 )
               ]->
                [
                OpenStage2( $B.5, ~bid.9, ~rst.118 ),
                AddedSlot2( $B.5, ~bid.9, ~rst.118, ~idx.414, $A.414, cts_in.414 )
                ]
    #vf.415: instance (modulo AC) isend:
                [ !KU( <$A.414, $B.5, cts_in.414> ) ]
               --[ K( <$A.414, $B.5, cts_in.414> ) ]->
                [ In( <$A.414, $B.5, cts_in.414> ) ]
    #vf.421: instance (modulo AC) Fresh:
                [ ] --> [ Fr( ~idx.414 ) ]
    #vr.475: instance (modulo AC) AddSlot1:
                [
                OpenStage0( $B.5, ~bid.9, ~rst.118 ),
                In( <$A.476, $B.5, cts_in.476> ), Fr( ~idx.476 )
                ]
               --[
               SlotAdded( $B.5, ~bid.9, ~idx.476, $A.476, cts_in.476 ),
               Slot1Added( $B.5, ~bid.9, ~rst.118, ~idx.476, $A.476, cts_in.476 )
               ]->
                [
                OpenStage1( $B.5, ~bid.9, ~rst.118 ),
                AddedSlot1( $B.5, ~bid.9, ~rst.118, ~idx.476, $A.476, cts_in.476 )
                ]
    #vf.477: instance (modulo AC) isend:
                [ !KU( <$A.476, $B.5, cts_in.476> ) ]
               --[ K( <$A.476, $B.5, cts_in.476> ) ]->
                [ In( <$A.476, $B.5, cts_in.476> ) ]
    #vf.483: instance (modulo AC) Fresh:
                [ ] --> [ Fr( ~idx.476 ) ]
    #vr.499: instance (modulo AC) AddSlot1:
                [
                OpenStage0( $B.5, ~bid.9, ~rst.118 ),
                In( <$A.500, $B.5, cts_in.500> ), Fr( ~idx.500 )
                ]
               --[
               SlotAdded( $B.5, ~bid.9, ~idx.500, $A.500, cts_in.500 ),
               Slot1Added( $B.5, ~bid.9, ~rst.118, ~idx.500, $A.500, cts_in.500 )
               ]->
                [
                OpenStage1( $B.5, ~bid.9, ~rst.118 ),
                AddedSlot1( $B.5, ~bid.9, ~rst.118, ~idx.500, $A.500, cts_in.500 )
                ]
    #vf.501: instance (modulo AC) isend:
                [ !KU( <$A.500, $B.5, cts_in.500> ) ]
               --[ K( <$A.500, $B.5, cts_in.500> ) ]->
                [ In( <$A.500, $B.5, cts_in.500> ) ]
    #vf.507: instance (modulo AC) Fresh:
                [ ] --> [ Fr( ~idx.500 ) ]
  actions:
    !KU( <$A.7, $B.5, cts($A.7, $B.5, ~sst.115, ~r.31)> ) @ #vk.24,
    !KU( $A.7 ) @ #vk.25,
    !KU( <$B.5, cts($A.7, $B.5, ~sst.115, ~r.31)> ) @ #vk.26,
    !KU( $B.5 ) @ #vk.27,
    !KU( cts($A.7, $B.5, ~sst.115, ~r.31) ) @ #vk.28,
    !KU( <$A.12, $B.5, cts($A.12, $B.5, ~sst.136, ~r.47)> ) @ #vk.40,
    !KU( $A.12 ) @ #vk.41,
    !KU( <$B.5, cts($A.12, $B.5, ~sst.136, ~r.47)> ) @ #vk.42,
    !KU( cts($A.12, $B.5, ~sst.136, ~r.47) ) @ #vk.44,
    !KU( <$A.14, $B.5, cts($A.14, $B.5, ~sst.165, ~r.61)> ) @ #vk.54,
    !KU( $A.14 ) @ #vk.55,
    !KU( <$B.5, cts($A.14, $B.5, ~sst.165, ~r.61)> ) @ #vk.56,
    !KU( cts($A.14, $B.5, ~sst.165, ~r.61) ) @ #vk.58,
    !KU( <$A.16, $B.5, cts($A.16, $B.5, ~sst.194, ~r.75)> ) @ #vk.68,
    !KU( $A.16 ) @ #vk.69,
    !KU( <$B.5, cts($A.16, $B.5, ~sst.194, ~r.75)> ) @ #vk.70,
    !KU( cts($A.16, $B.5, ~sst.194, ~r.75) ) @ #vk.72,
    !KU( <$A.124, $B.5, cts_in.124> ) @ #vk.126,
    !KU( $A.124 ) @ #vk.127, !KU( <$B.5, cts_in.124> ) @ #vk.128,
    !KU( cts_in.124 ) @ #vk.130,
    !KU( <$A.267, $B.5, cts_in.267> ) @ #vk.269,
    !KU( $A.267 ) @ #vk.270, !KU( <$B.5, cts_in.267> ) @ #vk.271,
    !KU( cts_in.267 ) @ #vk.273,
    !KU( <$A.14, $B.5, cts($A.14, $B.5, ~sst.165, ~r.61)> ) @ #vk.360,
    !KU( $A.14 ) @ #vk.361,
    !KU( <$B.5, cts($A.14, $B.5, ~sst.165, ~r.61)> ) @ #vk.362,
    !KU( cts($A.14, $B.5, ~sst.165, ~r.61) ) @ #vk.364,
    !KU( <$A.414, $B.5, cts_in.414> ) @ #vk.416,
    !KU( $A.414 ) @ #vk.417, !KU( <$B.5, cts_in.414> ) @ #vk.418,
    !KU( cts_in.414 ) @ #vk.420,
    !KU( <$A.476, $B.5, cts_in.476> ) @ #vk.478,
    !KU( $A.476 ) @ #vk.479, !KU( <$B.5, cts_in.476> ) @ #vk.480,
    !KU( cts_in.476 ) @ #vk.482,
    !KU( <$A.500, $B.5, cts_in.500> ) @ #vk.502,
    !KU( $A.500 ) @ #vk.503, !KU( <$B.5, cts_in.500> ) @ #vk.504,
    !KU( cts_in.500 ) @ #vk.506
  edges:
    (#vr.4, 0) >--> (#i, 0), (#vr.6, 0) >--> (#vr.4, 0),
    (#vr.6, 1) >--> (#vr.4, 5), (#vr.8, 0) >--> (#vr.37, 0),
    (#vr.8, 1) >--> (#vr.4, 1), (#vf.10, 0) >--> (#vr.8, 1),
    (#vr.11, 0) >--> (#vr.13, 0), (#vr.11, 1) >--> (#vr.4, 2),
    (#vr.13, 0) >--> (#vr.15, 0), (#vr.13, 1) >--> (#vr.4, 3),
    (#vr.15, 0) >--> (#vr.6, 0), (#vr.15, 1) >--> (#vr.4, 4),
    (#vr.21, 1) >--> (#vr.6, 1), (#vf.23, 0) >--> (#vr.21, 1),
    (#vf.29, 0) >--> (#vr.21, 2), (#vr.30, 1) >--> (#vr.6, 2),
    (#vf.32, 0) >--> (#vr.30, 2), (#vr.33, 0) >--> (#vr.8, 0),
    (#vr.35, 0) >--> (#vr.11, 0), (#vr.37, 0) >--> (#vr.51, 0),
    (#vr.37, 1) >--> (#vr.11, 1), (#vf.39, 0) >--> (#vr.37, 1),
    (#vf.45, 0) >--> (#vr.37, 2), (#vr.46, 1) >--> (#vr.11, 2),
    (#vf.48, 0) >--> (#vr.46, 2), (#vr.51, 0) >--> (#vr.65, 0),
    (#vr.51, 1) >--> (#vr.13, 1), (#vf.53, 0) >--> (#vr.51, 1),
    (#vf.59, 0) >--> (#vr.51, 2), (#vr.60, 1) >--> (#vr.13, 2),
    (#vf.62, 0) >--> (#vr.60, 2), (#vr.65, 0) >--> (#vr.21, 0),
    (#vr.65, 1) >--> (#vr.15, 1), (#vf.67, 0) >--> (#vr.65, 1),
    (#vf.73, 0) >--> (#vr.65, 2), (#vr.74, 1) >--> (#vr.15, 2),
    (#vf.76, 0) >--> (#vr.74, 2), (#vr.114, 0) >--> (#vr.30, 0),
    (#vf.116, 0) >--> (#vr.114, 0), (#vr.117, 1) >--> (#vr.30, 1),
    (#vr.117, 1) >--> (#vr.46, 1), (#vr.117, 1) >--> (#vr.60, 1),
    (#vr.117, 1) >--> (#vr.74, 1), (#vr.117, 2) >--> (#vr.33, 1),
    (#vf.119, 0) >--> (#vr.117, 0), (#vr.123, 0) >--> (#vr.35, 0),
    (#vf.125, 0) >--> (#vr.123, 1), (#vf.131, 0) >--> (#vr.123, 2),
    (#vr.135, 0) >--> (#vr.46, 0), (#vf.137, 0) >--> (#vr.135, 0),
    (#vr.164, 0) >--> (#vr.60, 0), (#vf.166, 0) >--> (#vr.164, 0),
    (#vr.193, 0) >--> (#vr.74, 0), (#vf.195, 0) >--> (#vr.193, 0),
    (#vr.266, 0) >--> (#vr.123, 0), (#vf.268, 0) >--> (#vr.266, 1),
    (#vf.274, 0) >--> (#vr.266, 2), (#vf.359, 0) >--> (#vr.51, 1),
    (#vf.365, 0) >--> (#vr.51, 2), (#vr.413, 0) >--> (#vr.266, 0),
    (#vf.415, 0) >--> (#vr.413, 1), (#vf.421, 0) >--> (#vr.413, 2),
    (#vr.475, 0) >--> (#vr.51, 0), (#vf.477, 0) >--> (#vr.475, 1),
    (#vf.483, 0) >--> (#vr.475, 2), (#vr.499, 0) >--> (#vr.413, 0),
    (#vf.501, 0) >--> (#vr.499, 1), (#vf.507, 0) >--> (#vr.499, 2)
  less:
    #vr.8 < #vr.4: induced by fresh value,
    #vr.8 < #vr.6: induced by fresh value,
    #vr.8 < #vr.11: induced by fresh value,
    #vr.8 < #vr.13: induced by fresh value,
    #vr.8 < #vr.15: induced by fresh value,
    #vr.8 < #vr.21: induced by fresh value,
    #vr.8 < #vr.35: induced by fresh value,
    #vr.8 < #vr.37: induced by fresh value,
    #vr.8 < #vr.51: induced by fresh value,
    #vr.8 < #vr.65: induced by fresh value,
    #vr.8 < #vr.123: induced by fresh value,
    #vr.8 < #vr.266: induced by fresh value,
    #vr.8 < #vr.413: induced by fresh value,
    #vr.8 < #vr.475: induced by fresh value,
    #vr.8 < #vr.499: induced by fresh value,
    #vr.21 < #vr.6: induced by fresh value,
    #vk.24 < #vf.23: induced by adversary,
    #vk.25 < #vk.24: induced by adversary,
    #vk.26 < #vk.24: induced by adversary,
    #vk.27 < #vk.26: induced by adversary,
    #vk.27 < #vk.42: induced by adversary,
    #vk.27 < #vk.56: induced by adversary,
    #vk.27 < #vk.70: induced by adversary,
    #vk.27 < #vk.128: induced by adversary,
    #vk.27 < #vk.271: induced by adversary,
    #vk.27 < #vk.362: induced by adversary,
    #vk.27 < #vk.418: induced by adversary,
    #vk.27 < #vk.480: induced by adversary,
    #vk.27 < #vk.504: induced by adversary,
    #vk.28 < #vk.26: induced by adversary,
    #vr.30 < #vr.6: induced by fresh value,
    #vr.30 < #vr.21: induced by fresh value,
    #vr.30 < #vf.23: induced by fresh value,
    #vr.37 < #vr.11: induced by fresh value,
    #vk.40 < #vf.39: induced by adversary,
    #vk.41 < #vk.40: induced by adversary,
    #vk.42 < #vk.40: induced by adversary,
    #vk.44 < #vk.42: induced by adversary,
    #vr.46 < #vr.11: induced by fresh value,
    #vr.46 < #vr.37: induced by fresh value,
    #vr.46 < #vf.39: induced by fresh value,
    #vr.51 < #vr.13: induced by fresh value,
    #vk.54 < #vf.53: induced by adversary,
    #vk.55 < #vk.54: induced by adversary,
    #vk.56 < #vk.54: induced by adversary,
    #vk.58 < #vk.56: induced by adversary,
    #vr.60 < #vr.13: induced by fresh value,
    #vr.60 < #vr.51: induced by fresh value,
    #vr.60 < #vf.53: induced by fresh value,
    #vr.60 < #vf.359: induced by fresh value,
    #vr.65 < #vr.15: induced by fresh value,
    #vk.68 < #vf.67: induced by adversary,
    #vk.69 < #vk.68: induced by adversary,
    #vk.70 < #vk.68: induced by adversary,
    #vk.72 < #vk.70: induced by adversary,
    #vr.74 < #vr.15: induced by fresh value,
    #vr.74 < #vr.65: induced by fresh value,
    #vr.74 < #vf.67: induced by fresh value,
    #vr.114 < #vr.6: induced by fresh value,
    #vr.114 < #vr.21: induced by fresh value,
    #vr.114 < #vf.23: induced by fresh value,
    #vr.114 < #vr.30: induced by fresh value,
    #vr.117 < #vr.4: induced by fresh value,
    #vr.117 < #vr.6: induced by fresh value,
    #vr.117 < #vr.8: induced by fresh value,
    #vr.117 < #vr.11: induced by fresh value,
    #vr.117 < #vr.13: induced by fresh value,
    #vr.117 < #vr.15: induced by fresh value,
    #vr.117 < #vr.21: induced by fresh value,
    #vr.117 < #vr.30: induced by fresh value,
    #vr.117 < #vr.33: induced by fresh value,
    #vr.117 < #vr.35: induced by fresh value,
    #vr.117 < #vr.37: induced by fresh value,
    #vr.117 < #vr.46: induced by fresh value,
    #vr.117 < #vr.51: induced by fresh value,
    #vr.117 < #vr.60: induced by fresh value,
    #vr.117 < #vr.65: induced by fresh value,
    #vr.117 < #vr.74: induced by fresh value,
    #vr.117 < #vr.123: induced by fresh value,
    #vr.117 < #vr.266: induced by fresh value,
    #vr.117 < #vr.413: induced by fresh value,
    #vr.117 < #vr.475: induced by fresh value,
    #vr.117 < #vr.499: induced by fresh value,
    #vk.126 < #vf.125: induced by adversary,
    #vk.127 < #vk.126: induced by adversary,
    #vk.128 < #vk.126: induced by adversary,
    #vk.130 < #vk.128: induced by adversary,
    #vr.135 < #vr.11: induced by fresh value,
    #vr.135 < #vr.37: induced by fresh value,
    #vr.135 < #vf.39: induced by fresh value,
    #vr.135 < #vr.46: induced by fresh value,
    #vr.164 < #vr.13: induced by fresh value,
    #vr.164 < #vr.51: induced by fresh value,
    #vr.164 < #vf.53: induced by fresh value,
    #vr.164 < #vr.60: induced by fresh value,
    #vr.164 < #vf.359: induced by fresh value,
    #vr.193 < #vr.15: induced by fresh value,
    #vr.193 < #vr.65: induced by fresh value,
    #vr.193 < #vf.67: induced by fresh value,
    #vr.193 < #vr.74: induced by fresh value,
    #vk.269 < #vf.268: induced by adversary,
    #vk.270 < #vk.269: induced by adversary,
    #vk.271 < #vk.269: induced by adversary,
    #vk.273 < #vk.271: induced by adversary,
    #vk.360 < #vf.359: induced by adversary,
    #vk.361 < #vk.360: induced by adversary,
    #vk.362 < #vk.360: induced by adversary,
    #vk.364 < #vk.362: induced by adversary,
    #vk.416 < #vf.415: induced by adversary,
    #vk.417 < #vk.416: induced by adversary,
    #vk.418 < #vk.416: induced by adversary,
    #vk.420 < #vk.418: induced by adversary,
    #vk.478 < #vf.477: induced by adversary,
    #vk.479 < #vk.478: induced by adversary,
    #vk.480 < #vk.478: induced by adversary,
    #vk.482 < #vk.480: induced by adversary,
    #vk.502 < #vf.501: induced by adversary,
    #vk.503 < #vk.502: induced by adversary,
    #vk.504 < #vk.502: induced by adversary,
    #vk.506 < #vk.504: induced by adversary
  unsolved constraints:
    !KU( <$A.7, $B.5, cts($A.7, $B.5, ~sst.115, ~r.31)>
    ) @ #vk.24 // nr: 36" (currently deducible)"
    
    !KU( $A.7 ) @ #vk.25 // nr: 37" (currently deducible)"
    
    !KU( <$B.5, cts($A.7, $B.5, ~sst.115, ~r.31)>
    ) @ #vk.26 // nr: 38" (currently deducible)"
    
    !KU( $B.5 ) @ #vk.27 // nr: 39" (currently deducible)"
    
    !KU( cts($A.7, $B.5, ~sst.115, ~r.31)
    ) @ #vk.28 // nr: 45" (currently deducible)"
    
    !KU( <$A.12, $B.5, cts($A.12, $B.5, ~sst.136, ~r.47)>
    ) @ #vk.40 // nr: 53" (currently deducible)"
    
    !KU( $A.12 ) @ #vk.41 // nr: 54" (currently deducible)"
    
    !KU( <$B.5, cts($A.12, $B.5, ~sst.136, ~r.47)>
    ) @ #vk.42 // nr: 55" (currently deducible)"
    
    !KU( cts($A.12, $B.5, ~sst.136, ~r.47)
    ) @ #vk.44 // nr: 62" (currently deducible)"
    
    !KU( <$A.14, $B.5, cts($A.14, $B.5, ~sst.165, ~r.61)>
    ) @ #vk.54 // nr: 69" (currently deducible)"
    
    !KU( $A.14 ) @ #vk.55 // nr: 70" (currently deducible)"
    
    !KU( <$B.5, cts($A.14, $B.5, ~sst.165, ~r.61)>
    ) @ #vk.56 // nr: 71" (currently deducible)"
    
    !KU( cts($A.14, $B.5, ~sst.165, ~r.61)
    ) @ #vk.58 // nr: 78" (currently deducible)"
    
    !KU( <$A.16, $B.5, cts($A.16, $B.5, ~sst.194, ~r.75)>
    ) @ #vk.68 // nr: 85" (currently deducible)"
    
    !KU( $A.16 ) @ #vk.69 // nr: 86" (currently deducible)"
    
    !KU( <$B.5, cts($A.16, $B.5, ~sst.194, ~r.75)>
    ) @ #vk.70 // nr: 87" (currently deducible)"
    
    !KU( cts($A.16, $B.5, ~sst.194, ~r.75)
    ) @ #vk.72 // nr: 94" (currently deducible)"
    
    !KU( <$A.124, $B.5, cts_in.124>
    ) @ #vk.126 // nr: 139" (probably constructible)"
    
    !KU( $A.124 ) @ #vk.127 // nr: 140" (currently deducible)"
    
    !KU( <$B.5, cts_in.124>
    ) @ #vk.128 // nr: 141" (probably constructible)"
    
    !KU( cts_in.124 ) @ #vk.130 // nr: 143" (probably constructible)"
    
    !KU( <$A.267, $B.5, cts_in.267>
    ) @ #vk.269 // nr: 255" (probably constructible)"
    
    !KU( $A.267 ) @ #vk.270 // nr: 256" (currently deducible)"
    
    !KU( <$B.5, cts_in.267>
    ) @ #vk.271 // nr: 257" (probably constructible)"
    
    !KU( cts_in.267 ) @ #vk.273 // nr: 259" (probably constructible)"
    
    !KU( <$A.14, $B.5, cts($A.14, $B.5, ~sst.165, ~r.61)>
    ) @ #vk.360 // nr: 330" (currently deducible)"
    
    !KU( $A.14 ) @ #vk.361 // nr: 331" (currently deducible)"
    
    !KU( <$B.5, cts($A.14, $B.5, ~sst.165, ~r.61)>
    ) @ #vk.362 // nr: 332" (currently deducible)"
    
    !KU( cts($A.14, $B.5, ~sst.165, ~r.61)
    ) @ #vk.364 // nr: 470" (currently deducible)"
    
    !KU( <$A.414, $B.5, cts_in.414>
    ) @ #vk.416 // nr: 374" (probably constructible)"
    
    !KU( $A.414 ) @ #vk.417 // nr: 375" (currently deducible)"
    
    !KU( <$B.5, cts_in.414>
    ) @ #vk.418 // nr: 376" (probably constructible)"
    
    !KU( cts_in.414 ) @ #vk.420 // nr: 378" (probably constructible)"
    
    !KU( <$A.476, $B.5, cts_in.476>
    ) @ #vk.478 // nr: 426" (probably constructible)"
    
    !KU( $A.476 ) @ #vk.479 // nr: 427" (currently deducible)"
    
    !KU( <$B.5, cts_in.476>
    ) @ #vk.480 // nr: 428" (probably constructible)"
    
    !KU( cts_in.476 ) @ #vk.482 // nr: 430" (probably constructible)"
    
    !KU( <$A.500, $B.5, cts_in.500>
    ) @ #vk.502 // nr: 451" (probably constructible)"
    
    !KU( $A.500 ) @ #vk.503 // nr: 452" (currently deducible)"
    
    !KU( <$B.5, cts_in.500>
    ) @ #vk.504 // nr: 453" (probably constructible)"
    
    !KU( cts_in.500 ) @ #vk.506 // nr: 455" (probably constructible)"
    
    ReceiverState( $B.5, ~rst.118
    ) ▶₀ #vr.33 // nr: 47 (from rule CompromiseReceiverState) (loop breaker)" (loop breaker)"
    
    OpenStage0( $B.5, ~bid.9, ~rst.118
    ) ▶₀ #vr.475 // nr: 425 (from rule AddSlot1)" (useful2)"
    
    OpenStage0( $B.5, ~bid.9, ~rst.118
    ) ▶₀ #vr.499 // nr: 450 (from rule AddSlot1)" (useful2)"
    
    splitEqs(102) // nr: 463" (useful2)"
  last: none
  
  formulas:
  
  subterms:
  
  equations:
    subst:
      $B.5  <~ {t.1, $B.7, $B.9, $B.12, $B.14, $B.16, $B.18, $B.20,
                $B.22, $B.31, $B.34, $B.36, $B.38, $B.47, $B.50, $B.52, $B.61,
                $B.64, $B.66, $B.75, $B.78, $B.80, $B.89, $B.92, $B.94, $B.103,
                $B.106, $B.118, $B.121, $B.124, $B.133, $B.139, $B.142, $B.144,
                $B.153, $B.156, $B.168, $B.171, $B.173, $B.182, $B.185, $B.197,
                $B.200, $B.202, $B.211, $B.214, $B.226, $B.229, $B.231, $B.240,
                $B.243, $B.255, $B.258, $B.267, $B.276, $B.285, $B.288, $B.291,
                $B.293, $B.302, $B.305, $B.317, $B.320, $B.329, $B.331, $B.340,
                $B.343, $B.355, $B.358, $B.367, $B.369, $B.378, $B.381, $B.393,
                $B.396, $B.405, $B.414, $B.423, $B.432, $B.435, $B.438, $B.440,
                $B.449, $B.452, $B.464, $B.467, $B.476, $B.485, $B.494, $B.497,
                $B.500, $B.509, $B.518}
      #vr.6  <~ {#vr.17}
      $A.7  <~ {$A.18, $A.22, $A.31, $A.80, $A.89, $A.115, $A.223}
      #vr.8  <~ {#vr.132, #vr.284, #vr.287, #vr.431, #vr.434, #vr.493,
                 #vr.496, #vr.517}
      ~bid.9  <~ {t.2, bid.5, bid.7, bid.12, bid.14, bid.16, bid.18,
                  bid.20, bid.22, bid.36, bid.38, bid.50, bid.52, bid.64, bid.66,
                  bid.78, bid.80, bid.92, bid.94, bid.106, bid.124, ~bid.133,
                  bid.142, bid.144, bid.156, bid.171, bid.173, bid.185, bid.200,
                  bid.202, bid.214, bid.229, bid.231, bid.243, bid.258, bid.267,
                  bid.276, ~bid.285, ~bid.288, bid.291, bid.293, bid.305, bid.320,
                  bid.329, bid.331, bid.343, bid.358, bid.367, bid.369, bid.381,
                  bid.396, bid.405, bid.414, bid.423, ~bid.432, ~bid.435, bid.438,
                  bid.440, bid.452, bid.467, bid.476, bid.485, ~bid.494, ~bid.497,
                  bid.500, bid.509, ~bid.518}
      #vf.10  <~ {#vf.134, #vf.286, #vf.289, #vf.433, #vf.436, #vf.495,
                  #vf.498, #vf.519}
      #vr.11  <~ {#vr.49, #vr.170, #vr.228, #vr.328}
      $A.12  <~ {$A.38, $A.47, $A.50, $A.136, $A.144, $A.153, $A.156,
                 $A.171, $A.229, $A.293, $A.302, $A.305, $A.320, $A.329, $A.369,
                 $A.378, $A.381, $A.396, $A.405, $A.440, $A.449, $A.452, $A.467}
      #vr.13  <~ {#vr.63, #vr.91, #vr.199}
      $A.14  <~ {$A.52, $A.61, $A.64, $A.92, $A.165, $A.173, $A.182,
                 $A.185, $A.200, $A.231, $A.240, $A.243, $A.258, $A.314, $A.331,
                 $A.340, $A.343, $A.358, $A.390, $A.461}
      #vr.15  <~ {#vr.19, #vr.77}
      $A.16  <~ {$A.20, $A.66, $A.75, $A.78, $A.94, $A.103, $A.106,
                 $A.194, $A.202, $A.211, $A.214, $A.252, $A.352}
      #vr.21  <~ {#vr.79}
      ~idx.22  <~ {idx.7, idx.18, ~idx.80}
      #vf.23  <~ {#vf.81}
      #vk.24  <~ {#vk.82}
      #vk.25  <~ {#vk.83}
      #vk.26  <~ {#vk.84}
      #vk.27  <~ {#vk.43, #vk.57, #vk.71, #vk.85, #vk.99, #vk.111,
                  #vk.129, #vk.149, #vk.161, #vk.178, #vk.190, #vk.207, #vk.219,
                  #vk.236, #vk.248, #vk.263, #vk.272, #vk.281, #vk.298, #vk.310,
                  #vk.325, #vk.336, #vk.348, #vk.363, #vk.374, #vk.386, #vk.401,
                  #vk.410, #vk.419, #vk.428, #vk.445, #vk.457, #vk.472, #vk.481,
                  #vk.490, #vk.505, #vk.514}
      #vk.28  <~ {#vk.86}
      #vf.29  <~ {#vf.87}
      #vr.30  <~ {#vr.88}
      ~r.31  <~ {~r.89}
      #vf.32  <~ {#vf.90}
      #vr.35  <~ {#vr.141, #vr.290, #vr.366, #vr.437}
      #vr.37  <~ {#vr.143, #vr.155, #vr.292, #vr.304, #vr.319, #vr.368,
                  #vr.380, #vr.395, #vr.404, #vr.439, #vr.451, #vr.466, #vr.475}
      ~idx.38  <~ {idx.12, idx.50, ~idx.144, ~idx.156, idx.171, idx.229,
                   ~idx.293, ~idx.305, ~idx.320, idx.329, ~idx.369, ~idx.381,
                   ~idx.396, ~idx.405, ~idx.440, ~idx.452, ~idx.467}
      #vf.39  <~ {#vf.145, #vf.157, #vf.294, #vf.306, #vf.321, #vf.370,
                  #vf.382, #vf.397, #vf.406, #vf.441, #vf.453, #vf.468}
      #vk.40  <~ {#vk.146, #vk.158, #vk.295, #vk.307, #vk.322, #vk.371,
                  #vk.383, #vk.398, #vk.407, #vk.442, #vk.454, #vk.469}
      #vk.41  <~ {#vk.147, #vk.159, #vk.296, #vk.308, #vk.323, #vk.372,
                  #vk.384, #vk.399, #vk.408, #vk.443, #vk.455, #vk.470}
      #vk.42  <~ {#vk.148, #vk.160, #vk.297, #vk.309, #vk.324, #vk.373,
                  #vk.385, #vk.400, #vk.409, #vk.444, #vk.456, #vk.471}
      #vk.44  <~ {#vk.150, #vk.162, #vk.299, #vk.311, #vk.326, #vk.375,
                  #vk.387, #vk.402, #vk.411, #vk.446, #vk.458, #vk.473}
      #vf.45  <~ {#vf.151, #vf.163, #vf.300, #vf.312, #vf.327, #vf.376,
                  #vf.388, #vf.403, #vf.412, #vf.447, #vf.459, #vf.474}
      #vr.46  <~ {#vr.152, #vr.301, #vr.377, #vr.448}
      ~r.47  <~ {~r.153, ~r.302, ~r.378, ~r.449}
      #vf.48  <~ {#vf.154, #vf.303, #vf.379, #vf.450}
      #vr.51  <~ {#vr.172, #vr.184, #vr.230, #vr.242, #vr.257, #vr.330,
                  #vr.342, #vr.357}
      ~idx.52  <~ {idx.14, idx.64, idx.92, ~idx.173, ~idx.185, idx.200,
                   ~idx.231, ~idx.243, ~idx.258, ~idx.331, ~idx.343, ~idx.358}
      #vf.53  <~ {#vf.174, #vf.186, #vf.232, #vf.244, #vf.259, #vf.332,
                  #vf.344, #vf.359}
      #vk.54  <~ {#vk.175, #vk.187, #vk.233, #vk.245, #vk.260, #vk.333,
                  #vk.345, #vk.360}
      #vk.55  <~ {#vk.176, #vk.188, #vk.234, #vk.246, #vk.261, #vk.334,
                  #vk.346, #vk.361}
      #vk.56  <~ {#vk.177, #vk.189, #vk.235, #vk.247, #vk.262, #vk.335,
                  #vk.347, #vk.362}
      #vk.58  <~ {#vk.179, #vk.191, #vk.237, #vk.249, #vk.264, #vk.337,
                  #vk.349, #vk.364}
      #vf.59  <~ {#vf.180, #vf.192, #vf.238, #vf.250, #vf.265, #vf.338,
                  #vf.350, #vf.365}
      #vr.60  <~ {#vr.181, #vr.239, #vr.339}
      ~r.61  <~ {~r.182, ~r.240, ~r.340}
      #vf.62  <~ {#vf.183, #vf.241, #vf.341}
      #vr.65  <~ {#vr.93, #vr.105, #vr.201, #vr.213}
      ~idx.66  <~ {idx.16, idx.20, idx.78, ~idx.94, ~idx.106, ~idx.202,
                   ~idx.214}
      #vf.67  <~ {#vf.95, #vf.107, #vf.203, #vf.215}
      #vk.68  <~ {#vk.96, #vk.108, #vk.204, #vk.216}
      #vk.69  <~ {#vk.97, #vk.109, #vk.205, #vk.217}
      #vk.70  <~ {#vk.98, #vk.110, #vk.206, #vk.218}
      #vk.72  <~ {#vk.100, #vk.112, #vk.208, #vk.220}
      #vf.73  <~ {#vf.101, #vf.113, #vf.209, #vf.221}
      #vr.74  <~ {#vr.102, #vr.210}
      ~r.75  <~ {~r.103, ~r.211}
      #vf.76  <~ {#vf.104, #vf.212}
      #vr.114  <~ {#vr.222}
      ~sst.115  <~ {sst.31, sst.89, ~sst.223}
      #vf.116  <~ {#vf.224}
      #vr.117  <~ {#vr.120, #vr.138, #vr.167, #vr.196, #vr.225, #vr.254,
                   #vr.316, #vr.354, #vr.392, #vr.463}
      ~rst.118  <~ {t.3, rst.5, rst.7, rst.9, rst.12, rst.14, rst.16,
                    rst.18, rst.20, rst.22, rst.31, rst.34, rst.36, rst.38, rst.47,
                    rst.50, rst.52, rst.61, rst.64, rst.66, rst.75, rst.78, rst.80,
                    rst.89, rst.92, rst.94, rst.103, rst.106, ~rst.121, rst.124,
                    rst.133, ~rst.139, rst.142, rst.144, rst.153, rst.156, ~rst.168,
                    rst.171, rst.173, rst.182, rst.185, ~rst.197, rst.200, rst.202,
                    rst.211, rst.214, ~rst.226, rst.229, rst.231, rst.240, rst.243,
                    ~rst.255, rst.258, rst.267, rst.276, rst.285, rst.288, rst.291,
                    rst.293, rst.302, rst.305, ~rst.317, rst.320, rst.329, rst.331,
                    rst.340, rst.343, ~rst.355, rst.358, rst.367, rst.369, rst.378,
                    rst.381, ~rst.393, rst.396, rst.405, rst.414, rst.423, rst.432,
                    rst.435, rst.438, rst.440, rst.449, rst.452, ~rst.464, rst.467,
                    rst.476, rst.485, rst.494, rst.497, rst.500, rst.509, rst.518}
      #vf.119  <~ {#vf.122, #vf.140, #vf.169, #vf.198, #vf.227, #vf.256,
                   #vf.318, #vf.356, #vf.394, #vf.465}
      #vr.123  <~ {#vr.275, #vr.422, #vr.484, #vr.508}
      $A.124  <~ {$A.276, $A.423, $A.485, $A.509}
      ~idx.124  <~ {~idx.276, ~idx.423, ~idx.485, ~idx.509}
      cts_in.124  <~ {cts_in.276, cts_in.423, cts_in.485, cts_in.509}
      #vf.125  <~ {#vf.277, #vf.424, #vf.486, #vf.510}
      #vk.126  <~ {#vk.278, #vk.425, #vk.487, #vk.511}
      #vk.127  <~ {#vk.279, #vk.426, #vk.488, #vk.512}
      #vk.128  <~ {#vk.280, #vk.427, #vk.489, #vk.513}
      #vk.130  <~ {#vk.282, #vk.429, #vk.491, #vk.515}
      #vf.131  <~ {#vf.283, #vf.430, #vf.492, #vf.516}
      ~sst.136  <~ {sst.47, sst.153, sst.302, sst.378, sst.449}
      #vr.164  <~ {#vr.313, #vr.389, #vr.460}
      ~sst.165  <~ {sst.61, sst.182, sst.240, ~sst.314, sst.340,
                    ~sst.390, ~sst.461}
      #vf.166  <~ {#vf.315, #vf.391, #vf.462}
      #vr.193  <~ {#vr.251, #vr.351}
      ~sst.194  <~ {sst.75, sst.103, sst.211, ~sst.252, ~sst.352}
      #vf.195  <~ {#vf.253, #vf.353}
      cts($A.7, $B.5, ~sst.115, ~r.31)  <~ {cts_in.7, cts_in.18,
                                            cts_in.22, cts_in.80}
      cts($A.12, $B.5, ~sst.136, ~r.47)  <~ {cts_in.12, cts_in.38,
                                             cts_in.50, cts_in.144, cts_in.156, cts_in.171,
                                             cts_in.229, cts_in.293, cts_in.305, cts_in.320,
                                             cts_in.329, cts_in.369, cts_in.381, cts_in.396,
                                             cts_in.405, cts_in.440, cts_in.452, cts_in.467}
      cts($A.14, $B.5, ~sst.165, ~r.61)  <~ {cts_in.14, cts_in.52,
                                             cts_in.64, cts_in.92, cts_in.173, cts_in.185,
                                             cts_in.200, cts_in.231, cts_in.243, cts_in.258,
                                             cts_in.331, cts_in.343, cts_in.358}
      cts($A.16, $B.5, ~sst.194, ~r.75)  <~ {cts_in.16, cts_in.20,
                                             cts_in.66, cts_in.78, cts_in.94, cts_in.106,
                                             cts_in.202, cts_in.214}
      ks($A.7, $B.5, ~sst.115, ~r.31)  <~ {Ks.7, Ks.18}
      ks($A.12, $B.5, ~sst.136, ~r.47)  <~ {Ks.12, Ks.50, Ks.171, Ks.229,
                                            Ks.329}
      ks($A.14, $B.5, ~sst.165, ~r.61)  <~ {Ks.14, Ks.64, Ks.92, Ks.200}
      ks($A.16, $B.5, ~sst.194, ~r.75)  <~ {Ks.16, Ks.20, Ks.78}
    conj:
  
  lemmas:
  
  allowed cases: raw
  
  solved formulas:
  
  unsolved constraints:
    !KU( <$A.7, $B.5, cts($A.7, $B.5, ~sst.115, ~r.31)>
    ) @ #vk.24 // nr: 36" (currently deducible)"
    
    !KU( $A.7 ) @ #vk.25 // nr: 37" (currently deducible)"
    
    !KU( <$B.5, cts($A.7, $B.5, ~sst.115, ~r.31)>
    ) @ #vk.26 // nr: 38" (currently deducible)"
    
    !KU( $B.5 ) @ #vk.27 // nr: 39" (currently deducible)"
    
    !KU( cts($A.7, $B.5, ~sst.115, ~r.31)
    ) @ #vk.28 // nr: 45" (currently deducible)"
    
    !KU( <$A.12, $B.5, cts($A.12, $B.5, ~sst.136, ~r.47)>
    ) @ #vk.40 // nr: 53" (currently deducible)"
    
    !KU( $A.12 ) @ #vk.41 // nr: 54" (currently deducible)"
    
    !KU( <$B.5, cts($A.12, $B.5, ~sst.136, ~r.47)>
    ) @ #vk.42 // nr: 55" (currently deducible)"
    
    !KU( cts($A.12, $B.5, ~sst.136, ~r.47)
    ) @ #vk.44 // nr: 62" (currently deducible)"
    
    !KU( <$A.14, $B.5, cts($A.14, $B.5, ~sst.165, ~r.61)>
    ) @ #vk.54 // nr: 69" (currently deducible)"
    
    !KU( $A.14 ) @ #vk.55 // nr: 70" (currently deducible)"
    
    !KU( <$B.5, cts($A.14, $B.5, ~sst.165, ~r.61)>
    ) @ #vk.56 // nr: 71" (currently deducible)"
    
    !KU( cts($A.14, $B.5, ~sst.165, ~r.61)
    ) @ #vk.58 // nr: 78" (currently deducible)"
    
    !KU( <$A.16, $B.5, cts($A.16, $B.5, ~sst.194, ~r.75)>
    ) @ #vk.68 // nr: 85" (currently deducible)"
    
    !KU( $A.16 ) @ #vk.69 // nr: 86" (currently deducible)"
    
    !KU( <$B.5, cts($A.16, $B.5, ~sst.194, ~r.75)>
    ) @ #vk.70 // nr: 87" (currently deducible)"
    
    !KU( cts($A.16, $B.5, ~sst.194, ~r.75)
    ) @ #vk.72 // nr: 94" (currently deducible)"
    
    !KU( <$A.124, $B.5, cts_in.124>
    ) @ #vk.126 // nr: 139" (probably constructible)"
    
    !KU( $A.124 ) @ #vk.127 // nr: 140" (currently deducible)"
    
    !KU( <$B.5, cts_in.124>
    ) @ #vk.128 // nr: 141" (probably constructible)"
    
    !KU( cts_in.124 ) @ #vk.130 // nr: 143" (probably constructible)"
    
    !KU( <$A.267, $B.5, cts_in.267>
    ) @ #vk.269 // nr: 255" (probably constructible)"
    
    !KU( $A.267 ) @ #vk.270 // nr: 256" (currently deducible)"
    
    !KU( <$B.5, cts_in.267>
    ) @ #vk.271 // nr: 257" (probably constructible)"
    
    !KU( cts_in.267 ) @ #vk.273 // nr: 259" (probably constructible)"
    
    !KU( <$A.14, $B.5, cts($A.14, $B.5, ~sst.165, ~r.61)>
    ) @ #vk.360 // nr: 330" (currently deducible)"
    
    !KU( $A.14 ) @ #vk.361 // nr: 331" (currently deducible)"
    
    !KU( <$B.5, cts($A.14, $B.5, ~sst.165, ~r.61)>
    ) @ #vk.362 // nr: 332" (currently deducible)"
    
    !KU( cts($A.14, $B.5, ~sst.165, ~r.61)
    ) @ #vk.364 // nr: 470" (currently deducible)"
    
    !KU( <$A.414, $B.5, cts_in.414>
    ) @ #vk.416 // nr: 374" (probably constructible)"
    
    !KU( $A.414 ) @ #vk.417 // nr: 375" (currently deducible)"
    
    !KU( <$B.5, cts_in.414>
    ) @ #vk.418 // nr: 376" (probably constructible)"
    
    !KU( cts_in.414 ) @ #vk.420 // nr: 378" (probably constructible)"
    
    !KU( <$A.476, $B.5, cts_in.476>
    ) @ #vk.478 // nr: 426" (probably constructible)"
    
    !KU( $A.476 ) @ #vk.479 // nr: 427" (currently deducible)"
    
    !KU( <$B.5, cts_in.476>
    ) @ #vk.480 // nr: 428" (probably constructible)"
    
    !KU( cts_in.476 ) @ #vk.482 // nr: 430" (probably constructible)"
    
    !KU( <$A.500, $B.5, cts_in.500>
    ) @ #vk.502 // nr: 451" (probably constructible)"
    
    !KU( $A.500 ) @ #vk.503 // nr: 452" (currently deducible)"
    
    !KU( <$B.5, cts_in.500>
    ) @ #vk.504 // nr: 453" (probably constructible)"
    
    !KU( cts_in.500 ) @ #vk.506 // nr: 455" (probably constructible)"
    
    ReceiverState( $B.5, ~rst.118
    ) ▶₀ #vr.33 // nr: 47 (from rule CompromiseReceiverState) (loop breaker)" (loop breaker)"
    
    OpenStage0( $B.5, ~bid.9, ~rst.118
    ) ▶₀ #vr.475 // nr: 425 (from rule AddSlot1)" (useful2)"
    
    OpenStage0( $B.5, ~bid.9, ~rst.118
    ) ▶₀ #vr.499 // nr: 450 (from rule AddSlot1)" (useful2)"
    
    splitEqs(102) // nr: 463" (useful2)"
  
  solved constraints:
    ClosedBatch( $B.5, ~bid.9, ~rst.118 ) ▶₀ #i // nr: 0" (useful2)"
    
    SealedStage4( $B.5, ~bid.9, ~rst.118
    ) ▶₀ #vr.4 // nr: 2 (from rule CompleteBatch)" (useful2)"
    
    BatchEndToken( $B.5, ~bid.9, ~rst.118
    ) ▶₁ #vr.4 // nr: 3 (from rule CompleteBatch)" (useful2)"
    
    Slot1DoneFact( $B.5, ~bid.9, ~rst.118
    ) ▶₂ #vr.4 // nr: 4 (from rule CompleteBatch)" (useful2)"
    
    Slot2DoneFact( $B.5, ~bid.9, ~rst.118
    ) ▶₃ #vr.4 // nr: 5 (from rule CompleteBatch)" (useful2)"
    
    Slot3DoneFact( $B.5, ~bid.9, ~rst.118
    ) ▶₄ #vr.4 // nr: 6 (from rule CompleteBatch)" (useful2)"
    
    Slot4DoneFact( $B.5, ~bid.9, ~rst.118
    ) ▶₅ #vr.4 // nr: 7 (from rule CompleteBatch)" (useful2)"
    
    SealedStage3( $B.5, ~bid.9, ~rst.118
    ) ▶₀ #vr.6 // nr: 9 (from rule ProcessSlot4)" (useful2)"
    
    AddedSlot4( $B.5, ~bid.9, ~rst.118, ~idx.22, $A.7,
                cts($A.7, $B.5, ~sst.115, ~r.31)
    ) ▶₁ #vr.6 // nr: 10 (from rule ProcessSlot4)" (useful2)"
    
    !ComponentKey( $A.7, $B.5, ~rst.118,
                   cts($A.7, $B.5, ~sst.115, ~r.31), ks($A.7, $B.5, ~sst.115, ~r.31)
    ) ▶₂ #vr.6 // nr: 11 (from rule ProcessSlot4)" (useful2)"
    
    ReceiverState( $B.5, ~rst.118
    ) ▶₀ #vr.8 // nr: 13 (from rule CreateBatch)" (useful2)"
    
    SealedStage0( $B.5, ~bid.9, ~rst.118
    ) ▶₀ #vr.11 // nr: 15 (from rule ProcessSlot1)" (useful2)"
    
    AddedSlot1( $B.5, ~bid.9, ~rst.118, ~idx.38, $A.12,
                cts($A.12, $B.5, ~sst.136, ~r.47)
    ) ▶₁ #vr.11 // nr: 16 (from rule ProcessSlot1)" (useful2)"
    
    !ComponentKey( $A.12, $B.5, ~rst.118,
                   cts($A.12, $B.5, ~sst.136, ~r.47), ks($A.12, $B.5, ~sst.136, ~r.47)
    ) ▶₂ #vr.11 // nr: 17 (from rule ProcessSlot1)" (useful2)"
    
    SealedStage1( $B.5, ~bid.9, ~rst.118
    ) ▶₀ #vr.13 // nr: 19 (from rule ProcessSlot2)" (useful2)"
    
    AddedSlot2( $B.5, ~bid.9, ~rst.118, ~idx.52, $A.14,
                cts($A.14, $B.5, ~sst.165, ~r.61)
    ) ▶₁ #vr.13 // nr: 20 (from rule ProcessSlot2)" (useful2)"
    
    !ComponentKey( $A.14, $B.5, ~rst.118,
                   cts($A.14, $B.5, ~sst.165, ~r.61), ks($A.14, $B.5, ~sst.165, ~r.61)
    ) ▶₂ #vr.13 // nr: 21 (from rule ProcessSlot2)" (useful2)"
    
    SealedStage2( $B.5, ~bid.9, ~rst.118
    ) ▶₀ #vr.15 // nr: 23 (from rule ProcessSlot3)" (useful2)"
    
    AddedSlot3( $B.5, ~bid.9, ~rst.118, ~idx.66, $A.16,
                cts($A.16, $B.5, ~sst.194, ~r.75)
    ) ▶₁ #vr.15 // nr: 24 (from rule ProcessSlot3)" (useful2)"
    
    !ComponentKey( $A.16, $B.5, ~rst.118,
                   cts($A.16, $B.5, ~sst.194, ~r.75), ks($A.16, $B.5, ~sst.194, ~r.75)
    ) ▶₂ #vr.15 // nr: 25 (from rule ProcessSlot3)" (useful2)"
    
    OpenStage3( $B.5, ~bid.9, ~rst.118
    ) ▶₀ #vr.21 // nr: 35 (from rule AddSlot4)" (useful2)"
    
    !SenderState( $A.7, ~sst.115
    ) ▶₀ #vr.30 // nr: 43 (from rule SenderCreatesComponent)" (useful2)"
    
    !ReceiverPublicState( $B.5, ~rst.118
    ) ▶₁ #vr.30 // nr: 44 (from rule SenderCreatesComponent)" (useful2)"
    
    ReceiverCompromiseToken( $B.5, ~rst.118
    ) ▶₁ #vr.33 // nr: 48 (from rule CompromiseReceiverState)" (useful2)"
    
    OpenStage4( $B.5, ~bid.9, ~rst.118
    ) ▶₀ #vr.35 // nr: 50 (from rule SealBatch)" (useful2)"
    
    OpenStage0( $B.5, ~bid.9, ~rst.118
    ) ▶₀ #vr.37 // nr: 52 (from rule AddSlot1)" (useful2)"
    
    !SenderState( $A.12, ~sst.136
    ) ▶₀ #vr.46 // nr: 60 (from rule SenderCreatesComponent)" (useful2)"
    
    !ReceiverPublicState( $B.5, ~rst.118
    ) ▶₁ #vr.46 // nr: 61 (from rule SenderCreatesComponent)" (useful2)"
    
    OpenStage1( $B.5, ~bid.9, ~rst.118
    ) ▶₀ #vr.51 // nr: 68 (from rule AddSlot2)" (useful2)"
    
    !SenderState( $A.14, ~sst.165
    ) ▶₀ #vr.60 // nr: 76 (from rule SenderCreatesComponent)" (useful2)"
    
    !ReceiverPublicState( $B.5, ~rst.118
    ) ▶₁ #vr.60 // nr: 77 (from rule SenderCreatesComponent)" (useful2)"
    
    OpenStage2( $B.5, ~bid.9, ~rst.118
    ) ▶₀ #vr.65 // nr: 84 (from rule AddSlot3)" (useful2)"
    
    !SenderState( $A.16, ~sst.194
    ) ▶₀ #vr.74 // nr: 92 (from rule SenderCreatesComponent)" (useful2)"
    
    !ReceiverPublicState( $B.5, ~rst.118
    ) ▶₁ #vr.74 // nr: 93 (from rule SenderCreatesComponent)" (useful2)"
    
    OpenStage3( $B.5, ~bid.9, ~rst.118
    ) ▶₀ #vr.123 // nr: 138 (from rule AddSlot4)" (useful2)"
    
    OpenStage2( $B.5, ~bid.9, ~rst.118
    ) ▶₀ #vr.266 // nr: 254 (from rule AddSlot3)" (useful2)"
    
    OpenStage1( $B.5, ~bid.9, ~rst.118
    ) ▶₀ #vr.413 // nr: 373 (from rule AddSlot2)" (useful2)"
Simplifier iteration 12:

The reduction-rules for
were applied to the following constraint system.

  nodes:
    #vr.4: instance (modulo AC) CompleteBatch:
              [
              SealedStage4( $B.5, ~bid.9, ~rst.118 ),
              BatchEndToken( $B.5, ~bid.9, ~rst.118 ),
              Slot1DoneFact( $B.5, ~bid.9, ~rst.118 ),
              Slot2DoneFact( $B.5, ~bid.9, ~rst.118 ),
              Slot3DoneFact( $B.5, ~bid.9, ~rst.118 ),
              Slot4DoneFact( $B.5, ~bid.9, ~rst.118 )
              ]
             --[
             UseBatchEndToken( $B.5, ~bid.9, ~rst.118 ),
             BatchComplete( $B.5, ~bid.9, ~rst.118 ),
             BatchClosed( $B.5, ~bid.9, ~rst.118 ),
             ConsumeReceiverState( $B.5, ~rst.118 )
             ]->
              [
              ClosedBatch( $B.5, ~bid.9, ~rst.118 ),
              UsedReceiverState( $B.5, ~rst.118 )
              ]
    #vr.6: instance (modulo AC) ProcessSlot4:
              [
              SealedStage3( $B.5, ~bid.9, ~rst.118 ),
              AddedSlot4( $B.5, ~bid.9, ~rst.118, ~idx.22, $A.7,
                          cts($A.7, $B.5, ~sst.115, ~r.31)
              ),
              !ComponentKey( $A.7, $B.5, ~rst.118,
                             cts($A.7, $B.5, ~sst.115, ~r.31), ks($A.7, $B.5, ~sst.115, ~r.31)
              )
              ]
             --[
             BatchSlot( $B.5, ~bid.9, ~idx.22, $A.7,
                        cts($A.7, $B.5, ~sst.115, ~r.31)
             ),
             BatchSlotAccept( $B.5, ~bid.9, ~idx.22, $A.7, ~rst.118,
                              cts($A.7, $B.5, ~sst.115, ~r.31), ks($A.7, $B.5, ~sst.115, ~r.31)
             ),
             ReceiverAcceptsComponent( $B.5, $A.7, ~rst.118,
                                       cts($A.7, $B.5, ~sst.115, ~r.31),
                                       ks($A.7, $B.5, ~sst.115, ~r.31)
             ),
             ReceiverKey( $B.5, $A.7, ~bid.9, ~idx.22, ~rst.118,
                          cts($A.7, $B.5, ~sst.115, ~r.31), ks($A.7, $B.5, ~sst.115, ~r.31),
                          rkey($B.5, $A.7, ~rst.118, cts($A.7, $B.5, ~sst.115, ~r.31),
                               ks($A.7, $B.5, ~sst.115, ~r.31))
             ),
             PartneredSlot( $A.7, $B.5, ~bid.9, ~idx.22, ~rst.118,
                            cts($A.7, $B.5, ~sst.115, ~r.31), ks($A.7, $B.5, ~sst.115, ~r.31)
             ),
             SlotProcessed( $B.5, ~bid.9, ~idx.22, $A.7,
                            cts($A.7, $B.5, ~sst.115, ~r.31)
             ),
             Slot4Done( $B.5, ~bid.9, ~rst.118 )
             ]->
              [
              SealedStage4( $B.5, ~bid.9, ~rst.118 ),
              Slot4DoneFact( $B.5, ~bid.9, ~rst.118 )
              ]
    #vr.8: instance (modulo AC) CreateBatch:
              [ ReceiverState( $B.5, ~rst.118 ), Fr( ~bid.9 ) ]
             --[ BatchCreated( $B.5, ~bid.9, ~rst.118 ) ]->
              [
              OpenStage0( $B.5, ~bid.9, ~rst.118 ),
              BatchEndToken( $B.5, ~bid.9, ~rst.118 ),
              BatchCompromiseToken( $B.5, ~bid.9, ~rst.118 )
              ]
    #vf.10: instance (modulo AC) Fresh:
               [ ] --> [ Fr( ~bid.9 ) ]
    #vr.11: instance (modulo AC) ProcessSlot1:
               [
               SealedStage0( $B.5, ~bid.9, ~rst.118 ),
               AddedSlot1( $B.5, ~bid.9, ~rst.118, ~idx.38, $A.12,
                           cts($A.12, $B.5, ~sst.136, ~r.47)
               ),
               !ComponentKey( $A.12, $B.5, ~rst.118,
                              cts($A.12, $B.5, ~sst.136, ~r.47), ks($A.12, $B.5, ~sst.136, ~r.47)
               )
               ]
              --[
              BatchSlot( $B.5, ~bid.9, ~idx.38, $A.12,
                         cts($A.12, $B.5, ~sst.136, ~r.47)
              ),
              BatchSlotAccept( $B.5, ~bid.9, ~idx.38, $A.12, ~rst.118,
                               cts($A.12, $B.5, ~sst.136, ~r.47), ks($A.12, $B.5, ~sst.136, ~r.47)
              ),
              ReceiverAcceptsComponent( $B.5, $A.12, ~rst.118,
                                        cts($A.12, $B.5, ~sst.136, ~r.47),
                                        ks($A.12, $B.5, ~sst.136, ~r.47)
              ),
              ReceiverKey( $B.5, $A.12, ~bid.9, ~idx.38, ~rst.118,
                           cts($A.12, $B.5, ~sst.136, ~r.47),
                           ks($A.12, $B.5, ~sst.136, ~r.47),
                           rkey($B.5, $A.12, ~rst.118, cts($A.12, $B.5, ~sst.136, ~r.47),
                                ks($A.12, $B.5, ~sst.136, ~r.47))
              ),
              PartneredSlot( $A.12, $B.5, ~bid.9, ~idx.38, ~rst.118,
                             cts($A.12, $B.5, ~sst.136, ~r.47), ks($A.12, $B.5, ~sst.136, ~r.47)
              ),
              SlotProcessed( $B.5, ~bid.9, ~idx.38, $A.12,
                             cts($A.12, $B.5, ~sst.136, ~r.47)
              ),
              Slot1Done( $B.5, ~bid.9, ~rst.118 )
              ]->
               [
               SealedStage1( $B.5, ~bid.9, ~rst.118 ),
               Slot1DoneFact( $B.5, ~bid.9, ~rst.118 )
               ]
    #vr.13: instance (modulo AC) ProcessSlot2:
               [
               SealedStage1( $B.5, ~bid.9, ~rst.118 ),
               AddedSlot2( $B.5, ~bid.9, ~rst.118, ~idx.52, $A.14,
                           cts($A.14, $B.5, ~sst.165, ~r.61)
               ),
               !ComponentKey( $A.14, $B.5, ~rst.118,
                              cts($A.14, $B.5, ~sst.165, ~r.61), ks($A.14, $B.5, ~sst.165, ~r.61)
               )
               ]
              --[
              BatchSlot( $B.5, ~bid.9, ~idx.52, $A.14,
                         cts($A.14, $B.5, ~sst.165, ~r.61)
              ),
              BatchSlotAccept( $B.5, ~bid.9, ~idx.52, $A.14, ~rst.118,
                               cts($A.14, $B.5, ~sst.165, ~r.61), ks($A.14, $B.5, ~sst.165, ~r.61)
              ),
              ReceiverAcceptsComponent( $B.5, $A.14, ~rst.118,
                                        cts($A.14, $B.5, ~sst.165, ~r.61),
                                        ks($A.14, $B.5, ~sst.165, ~r.61)
              ),
              ReceiverKey( $B.5, $A.14, ~bid.9, ~idx.52, ~rst.118,
                           cts($A.14, $B.5, ~sst.165, ~r.61),
                           ks($A.14, $B.5, ~sst.165, ~r.61),
                           rkey($B.5, $A.14, ~rst.118, cts($A.14, $B.5, ~sst.165, ~r.61),
                                ks($A.14, $B.5, ~sst.165, ~r.61))
              ),
              PartneredSlot( $A.14, $B.5, ~bid.9, ~idx.52, ~rst.118,
                             cts($A.14, $B.5, ~sst.165, ~r.61), ks($A.14, $B.5, ~sst.165, ~r.61)
              ),
              SlotProcessed( $B.5, ~bid.9, ~idx.52, $A.14,
                             cts($A.14, $B.5, ~sst.165, ~r.61)
              ),
              Slot2Done( $B.5, ~bid.9, ~rst.118 )
              ]->
               [
               SealedStage2( $B.5, ~bid.9, ~rst.118 ),
               Slot2DoneFact( $B.5, ~bid.9, ~rst.118 )
               ]
    #vr.15: instance (modulo AC) ProcessSlot3:
               [
               SealedStage2( $B.5, ~bid.9, ~rst.118 ),
               AddedSlot3( $B.5, ~bid.9, ~rst.118, ~idx.66, $A.16,
                           cts($A.16, $B.5, ~sst.194, ~r.75)
               ),
               !ComponentKey( $A.16, $B.5, ~rst.118,
                              cts($A.16, $B.5, ~sst.194, ~r.75), ks($A.16, $B.5, ~sst.194, ~r.75)
               )
               ]
              --[
              BatchSlot( $B.5, ~bid.9, ~idx.66, $A.16,
                         cts($A.16, $B.5, ~sst.194, ~r.75)
              ),
              BatchSlotAccept( $B.5, ~bid.9, ~idx.66, $A.16, ~rst.118,
                               cts($A.16, $B.5, ~sst.194, ~r.75), ks($A.16, $B.5, ~sst.194, ~r.75)
              ),
              ReceiverAcceptsComponent( $B.5, $A.16, ~rst.118,
                                        cts($A.16, $B.5, ~sst.194, ~r.75),
                                        ks($A.16, $B.5, ~sst.194, ~r.75)
              ),
              ReceiverKey( $B.5, $A.16, ~bid.9, ~idx.66, ~rst.118,
                           cts($A.16, $B.5, ~sst.194, ~r.75),
                           ks($A.16, $B.5, ~sst.194, ~r.75),
                           rkey($B.5, $A.16, ~rst.118, cts($A.16, $B.5, ~sst.194, ~r.75),
                                ks($A.16, $B.5, ~sst.194, ~r.75))
              ),
              PartneredSlot( $A.16, $B.5, ~bid.9, ~idx.66, ~rst.118,
                             cts($A.16, $B.5, ~sst.194, ~r.75), ks($A.16, $B.5, ~sst.194, ~r.75)
              ),
              SlotProcessed( $B.5, ~bid.9, ~idx.66, $A.16,
                             cts($A.16, $B.5, ~sst.194, ~r.75)
              ),
              Slot3Done( $B.5, ~bid.9, ~rst.118 )
              ]->
               [
               SealedStage3( $B.5, ~bid.9, ~rst.118 ),
               Slot3DoneFact( $B.5, ~bid.9, ~rst.118 )
               ]
    #vr.21: instance (modulo AC) AddSlot4:
               [
               OpenStage3( $B.5, ~bid.9, ~rst.118 ),
               In( <$A.7, $B.5, cts($A.7, $B.5, ~sst.115, ~r.31)> ), Fr( ~idx.22 )
               ]
              --[
              SlotAdded( $B.5, ~bid.9, ~idx.22, $A.7,
                         cts($A.7, $B.5, ~sst.115, ~r.31)
              ),
              Slot4Added( $B.5, ~bid.9, ~rst.118, ~idx.22, $A.7,
                          cts($A.7, $B.5, ~sst.115, ~r.31)
              )
              ]->
               [
               OpenStage4( $B.5, ~bid.9, ~rst.118 ),
               AddedSlot4( $B.5, ~bid.9, ~rst.118, ~idx.22, $A.7,
                           cts($A.7, $B.5, ~sst.115, ~r.31)
               )
               ]
    #vf.23: instance (modulo AC) isend:
               [ !KU( <$A.7, $B.5, cts($A.7, $B.5, ~sst.115, ~r.31)> ) ]
              --[ K( <$A.7, $B.5, cts($A.7, $B.5, ~sst.115, ~r.31)> ) ]->
               [ In( <$A.7, $B.5, cts($A.7, $B.5, ~sst.115, ~r.31)> ) ]
    #vf.29: instance (modulo AC) Fresh:
               [ ] --> [ Fr( ~idx.22 ) ]
    #vr.30: instance (modulo AC) SenderCreatesComponent:
               [
               !SenderState( $A.7, ~sst.115 ),
               !ReceiverPublicState( $B.5, ~rst.118 ), Fr( ~r.31 )
               ]
              --[
              SenderComponent( $A.7, $B.5, ~rst.118,
                               cts($A.7, $B.5, ~sst.115, ~r.31), ks($A.7, $B.5, ~sst.115, ~r.31)
              )
              ]->
               [
               Out( <$A.7, $B.5, cts($A.7, $B.5, ~sst.115, ~r.31)> ),
               !ComponentKey( $A.7, $B.5, ~rst.118,
                              cts($A.7, $B.5, ~sst.115, ~r.31), ks($A.7, $B.5, ~sst.115, ~r.31)
               )
               ]
    #vf.32: instance (modulo AC) Fresh:
               [ ] --> [ Fr( ~r.31 ) ]
    #vr.33: instance (modulo AC) CompromiseReceiverState:
               [
               ReceiverState( $B.5, ~rst.118 ),
               ReceiverCompromiseToken( $B.5, ~rst.118 )
               ]
              --[ CompromiseReceiverState( $B.5, ~rst.118 ) ]->
               [
               ReceiverState( $B.5, ~rst.118 ),
               !CompromisedReceiverState( $B.5, ~rst.118 ), Out( ~rst.118 )
               ]
    #vr.35: instance (modulo AC) SealBatch:
               [ OpenStage4( $B.5, ~bid.9, ~rst.118 ) ]
              --[ SealBatchEvent( $B.5, ~bid.9, ~rst.118 ) ]->
               [ SealedStage0( $B.5, ~bid.9, ~rst.118 ) ]
    #vr.37: instance (modulo AC) AddSlot1:
               [
               OpenStage0( $B.5, ~bid.9, ~rst.118 ),
               In( <$A.12, $B.5, cts($A.12, $B.5, ~sst.136, ~r.47)> ),
               Fr( ~idx.38 )
               ]
              --[
              SlotAdded( $B.5, ~bid.9, ~idx.38, $A.12,
                         cts($A.12, $B.5, ~sst.136, ~r.47)
              ),
              Slot1Added( $B.5, ~bid.9, ~rst.118, ~idx.38, $A.12,
                          cts($A.12, $B.5, ~sst.136, ~r.47)
              )
              ]->
               [
               OpenStage1( $B.5, ~bid.9, ~rst.118 ),
               AddedSlot1( $B.5, ~bid.9, ~rst.118, ~idx.38, $A.12,
                           cts($A.12, $B.5, ~sst.136, ~r.47)
               )
               ]
    #vf.39: instance (modulo AC) isend:
               [ !KU( <$A.12, $B.5, cts($A.12, $B.5, ~sst.136, ~r.47)> ) ]
              --[ K( <$A.12, $B.5, cts($A.12, $B.5, ~sst.136, ~r.47)> ) ]->
               [ In( <$A.12, $B.5, cts($A.12, $B.5, ~sst.136, ~r.47)> ) ]
    #vf.45: instance (modulo AC) Fresh:
               [ ] --> [ Fr( ~idx.38 ) ]
    #vr.46: instance (modulo AC) SenderCreatesComponent:
               [
               !SenderState( $A.12, ~sst.136 ),
               !ReceiverPublicState( $B.5, ~rst.118 ), Fr( ~r.47 )
               ]
              --[
              SenderComponent( $A.12, $B.5, ~rst.118,
                               cts($A.12, $B.5, ~sst.136, ~r.47), ks($A.12, $B.5, ~sst.136, ~r.47)
              )
              ]->
               [
               Out( <$A.12, $B.5, cts($A.12, $B.5, ~sst.136, ~r.47)> ),
               !ComponentKey( $A.12, $B.5, ~rst.118,
                              cts($A.12, $B.5, ~sst.136, ~r.47), ks($A.12, $B.5, ~sst.136, ~r.47)
               )
               ]
    #vf.48: instance (modulo AC) Fresh:
               [ ] --> [ Fr( ~r.47 ) ]
    #vr.51: instance (modulo AC) AddSlot2:
               [
               OpenStage1( $B.5, ~bid.9, ~rst.118 ),
               In( <$A.14, $B.5, cts($A.14, $B.5, ~sst.165, ~r.61)> ),
               Fr( ~idx.52 )
               ]
              --[
              SlotAdded( $B.5, ~bid.9, ~idx.52, $A.14,
                         cts($A.14, $B.5, ~sst.165, ~r.61)
              ),
              Slot2Added( $B.5, ~bid.9, ~rst.118, ~idx.52, $A.14,
                          cts($A.14, $B.5, ~sst.165, ~r.61)
              )
              ]->
               [
               OpenStage2( $B.5, ~bid.9, ~rst.118 ),
               AddedSlot2( $B.5, ~bid.9, ~rst.118, ~idx.52, $A.14,
                           cts($A.14, $B.5, ~sst.165, ~r.61)
               )
               ]
    #vf.53: instance (modulo AC) isend:
               [ !KU( <$A.14, $B.5, cts($A.14, $B.5, ~sst.165, ~r.61)> ) ]
              --[ K( <$A.14, $B.5, cts($A.14, $B.5, ~sst.165, ~r.61)> ) ]->
               [ In( <$A.14, $B.5, cts($A.14, $B.5, ~sst.165, ~r.61)> ) ]
    #vf.59: instance (modulo AC) Fresh:
               [ ] --> [ Fr( ~idx.52 ) ]
    #vr.60: instance (modulo AC) SenderCreatesComponent:
               [
               !SenderState( $A.14, ~sst.165 ),
               !ReceiverPublicState( $B.5, ~rst.118 ), Fr( ~r.61 )
               ]
              --[
              SenderComponent( $A.14, $B.5, ~rst.118,
                               cts($A.14, $B.5, ~sst.165, ~r.61), ks($A.14, $B.5, ~sst.165, ~r.61)
              )
              ]->
               [
               Out( <$A.14, $B.5, cts($A.14, $B.5, ~sst.165, ~r.61)> ),
               !ComponentKey( $A.14, $B.5, ~rst.118,
                              cts($A.14, $B.5, ~sst.165, ~r.61), ks($A.14, $B.5, ~sst.165, ~r.61)
               )
               ]
    #vf.62: instance (modulo AC) Fresh:
               [ ] --> [ Fr( ~r.61 ) ]
    #vr.65: instance (modulo AC) AddSlot3:
               [
               OpenStage2( $B.5, ~bid.9, ~rst.118 ),
               In( <$A.16, $B.5, cts($A.16, $B.5, ~sst.194, ~r.75)> ),
               Fr( ~idx.66 )
               ]
              --[
              SlotAdded( $B.5, ~bid.9, ~idx.66, $A.16,
                         cts($A.16, $B.5, ~sst.194, ~r.75)
              ),
              Slot3Added( $B.5, ~bid.9, ~rst.118, ~idx.66, $A.16,
                          cts($A.16, $B.5, ~sst.194, ~r.75)
              )
              ]->
               [
               OpenStage3( $B.5, ~bid.9, ~rst.118 ),
               AddedSlot3( $B.5, ~bid.9, ~rst.118, ~idx.66, $A.16,
                           cts($A.16, $B.5, ~sst.194, ~r.75)
               )
               ]
    #vf.67: instance (modulo AC) isend:
               [ !KU( <$A.16, $B.5, cts($A.16, $B.5, ~sst.194, ~r.75)> ) ]
              --[ K( <$A.16, $B.5, cts($A.16, $B.5, ~sst.194, ~r.75)> ) ]->
               [ In( <$A.16, $B.5, cts($A.16, $B.5, ~sst.194, ~r.75)> ) ]
    #vf.73: instance (modulo AC) Fresh:
               [ ] --> [ Fr( ~idx.66 ) ]
    #vr.74: instance (modulo AC) SenderCreatesComponent:
               [
               !SenderState( $A.16, ~sst.194 ),
               !ReceiverPublicState( $B.5, ~rst.118 ), Fr( ~r.75 )
               ]
              --[
              SenderComponent( $A.16, $B.5, ~rst.118,
                               cts($A.16, $B.5, ~sst.194, ~r.75), ks($A.16, $B.5, ~sst.194, ~r.75)
              )
              ]->
               [
               Out( <$A.16, $B.5, cts($A.16, $B.5, ~sst.194, ~r.75)> ),
               !ComponentKey( $A.16, $B.5, ~rst.118,
                              cts($A.16, $B.5, ~sst.194, ~r.75), ks($A.16, $B.5, ~sst.194, ~r.75)
               )
               ]
    #vf.76: instance (modulo AC) Fresh:
               [ ] --> [ Fr( ~r.75 ) ]
    #vr.114: instance (modulo AC) InitSenderState:
                [ Fr( ~sst.115 ) ]
               --[ SenderStateCreated( $A.7, ~sst.115 ) ]->
                [
                !SenderState( $A.7, ~sst.115 ),
                SenderCompromiseToken( $A.7, ~sst.115 )
                ]
    #vf.116: instance (modulo AC) Fresh:
                [ ] --> [ Fr( ~sst.115 ) ]
    #vr.117: instance (modulo AC) InitReceiverState:
                [ Fr( ~rst.118 ) ]
               --[ ReceiverStateCreated( $B.5, ~rst.118 ) ]->
                [
                ReceiverState( $B.5, ~rst.118 ),
                !ReceiverPublicState( $B.5, ~rst.118 ),
                ReceiverCompromiseToken( $B.5, ~rst.118 )
                ]
    #vf.119: instance (modulo AC) Fresh:
                [ ] --> [ Fr( ~rst.118 ) ]
    #vr.123: instance (modulo AC) AddSlot4:
                [
                OpenStage3( $B.5, ~bid.9, ~rst.118 ),
                In( <$A.124, $B.5, cts_in.124> ), Fr( ~idx.124 )
                ]
               --[
               SlotAdded( $B.5, ~bid.9, ~idx.124, $A.124, cts_in.124 ),
               Slot4Added( $B.5, ~bid.9, ~rst.118, ~idx.124, $A.124, cts_in.124 )
               ]->
                [
                OpenStage4( $B.5, ~bid.9, ~rst.118 ),
                AddedSlot4( $B.5, ~bid.9, ~rst.118, ~idx.124, $A.124, cts_in.124 )
                ]
    #vf.125: instance (modulo AC) isend:
                [ !KU( <$A.124, $B.5, cts_in.124> ) ]
               --[ K( <$A.124, $B.5, cts_in.124> ) ]->
                [ In( <$A.124, $B.5, cts_in.124> ) ]
    #vf.131: instance (modulo AC) Fresh:
                [ ] --> [ Fr( ~idx.124 ) ]
    #vr.135: instance (modulo AC) InitSenderState:
                [ Fr( ~sst.136 ) ]
               --[ SenderStateCreated( $A.12, ~sst.136 ) ]->
                [
                !SenderState( $A.12, ~sst.136 ),
                SenderCompromiseToken( $A.12, ~sst.136 )
                ]
    #vf.137: instance (modulo AC) Fresh:
                [ ] --> [ Fr( ~sst.136 ) ]
    #vr.164: instance (modulo AC) InitSenderState:
                [ Fr( ~sst.165 ) ]
               --[ SenderStateCreated( $A.14, ~sst.165 ) ]->
                [
                !SenderState( $A.14, ~sst.165 ),
                SenderCompromiseToken( $A.14, ~sst.165 )
                ]
    #vf.166: instance (modulo AC) Fresh:
                [ ] --> [ Fr( ~sst.165 ) ]
    #vr.193: instance (modulo AC) InitSenderState:
                [ Fr( ~sst.194 ) ]
               --[ SenderStateCreated( $A.16, ~sst.194 ) ]->
                [
                !SenderState( $A.16, ~sst.194 ),
                SenderCompromiseToken( $A.16, ~sst.194 )
                ]
    #vf.195: instance (modulo AC) Fresh:
                [ ] --> [ Fr( ~sst.194 ) ]
    #vr.266: instance (modulo AC) AddSlot3:
                [
                OpenStage2( $B.5, ~bid.9, ~rst.118 ),
                In( <$A.267, $B.5, cts_in.267> ), Fr( ~idx.267 )
                ]
               --[
               SlotAdded( $B.5, ~bid.9, ~idx.267, $A.267, cts_in.267 ),
               Slot3Added( $B.5, ~bid.9, ~rst.118, ~idx.267, $A.267, cts_in.267 )
               ]->
                [
                OpenStage3( $B.5, ~bid.9, ~rst.118 ),
                AddedSlot3( $B.5, ~bid.9, ~rst.118, ~idx.267, $A.267, cts_in.267 )
                ]
    #vf.268: instance (modulo AC) isend:
                [ !KU( <$A.267, $B.5, cts_in.267> ) ]
               --[ K( <$A.267, $B.5, cts_in.267> ) ]->
                [ In( <$A.267, $B.5, cts_in.267> ) ]
    #vf.274: instance (modulo AC) Fresh:
                [ ] --> [ Fr( ~idx.267 ) ]
    #vr.413: instance (modulo AC) AddSlot2:
                [
                OpenStage1( $B.5, ~bid.9, ~rst.118 ),
                In( <$A.414, $B.5, cts_in.414> ), Fr( ~idx.414 )
                ]
               --[
               SlotAdded( $B.5, ~bid.9, ~idx.414, $A.414, cts_in.414 ),
               Slot2Added( $B.5, ~bid.9, ~rst.118, ~idx.414, $A.414, cts_in.414 )
               ]->
                [
                OpenStage2( $B.5, ~bid.9, ~rst.118 ),
                AddedSlot2( $B.5, ~bid.9, ~rst.118, ~idx.414, $A.414, cts_in.414 )
                ]
    #vf.415: instance (modulo AC) isend:
                [ !KU( <$A.414, $B.5, cts_in.414> ) ]
               --[ K( <$A.414, $B.5, cts_in.414> ) ]->
                [ In( <$A.414, $B.5, cts_in.414> ) ]
    #vf.421: instance (modulo AC) Fresh:
                [ ] --> [ Fr( ~idx.414 ) ]
    #vf.477: instance (modulo AC) isend:
                [ !KU( <$A.12, $B.5, cts($A.12, $B.5, ~sst.136, ~r.47)> ) ]
               --[ K( <$A.12, $B.5, cts($A.12, $B.5, ~sst.136, ~r.47)> ) ]->
                [ In( <$A.12, $B.5, cts($A.12, $B.5, ~sst.136, ~r.47)> ) ]
    #vf.483: instance (modulo AC) Fresh:
                [ ] --> [ Fr( ~idx.38 ) ]
    #vr.499: instance (modulo AC) AddSlot1:
                [
                OpenStage0( $B.5, ~bid.9, ~rst.118 ),
                In( <$A.500, $B.5, cts_in.500> ), Fr( ~idx.500 )
                ]
               --[
               SlotAdded( $B.5, ~bid.9, ~idx.500, $A.500, cts_in.500 ),
               Slot1Added( $B.5, ~bid.9, ~rst.118, ~idx.500, $A.500, cts_in.500 )
               ]->
                [
                OpenStage1( $B.5, ~bid.9, ~rst.118 ),
                AddedSlot1( $B.5, ~bid.9, ~rst.118, ~idx.500, $A.500, cts_in.500 )
                ]
    #vf.501: instance (modulo AC) isend:
                [ !KU( <$A.500, $B.5, cts_in.500> ) ]
               --[ K( <$A.500, $B.5, cts_in.500> ) ]->
                [ In( <$A.500, $B.5, cts_in.500> ) ]
    #vf.507: instance (modulo AC) Fresh:
                [ ] --> [ Fr( ~idx.500 ) ]
  actions:
    !KU( <$A.7, $B.5, cts($A.7, $B.5, ~sst.115, ~r.31)> ) @ #vk.24,
    !KU( $A.7 ) @ #vk.25,
    !KU( <$B.5, cts($A.7, $B.5, ~sst.115, ~r.31)> ) @ #vk.26,
    !KU( $B.5 ) @ #vk.27,
    !KU( cts($A.7, $B.5, ~sst.115, ~r.31) ) @ #vk.28,
    !KU( <$A.12, $B.5, cts($A.12, $B.5, ~sst.136, ~r.47)> ) @ #vk.40,
    !KU( $A.12 ) @ #vk.41,
    !KU( <$B.5, cts($A.12, $B.5, ~sst.136, ~r.47)> ) @ #vk.42,
    !KU( cts($A.12, $B.5, ~sst.136, ~r.47) ) @ #vk.44,
    !KU( <$A.14, $B.5, cts($A.14, $B.5, ~sst.165, ~r.61)> ) @ #vk.54,
    !KU( $A.14 ) @ #vk.55,
    !KU( <$B.5, cts($A.14, $B.5, ~sst.165, ~r.61)> ) @ #vk.56,
    !KU( cts($A.14, $B.5, ~sst.165, ~r.61) ) @ #vk.58,
    !KU( <$A.16, $B.5, cts($A.16, $B.5, ~sst.194, ~r.75)> ) @ #vk.68,
    !KU( $A.16 ) @ #vk.69,
    !KU( <$B.5, cts($A.16, $B.5, ~sst.194, ~r.75)> ) @ #vk.70,
    !KU( cts($A.16, $B.5, ~sst.194, ~r.75) ) @ #vk.72,
    !KU( <$A.124, $B.5, cts_in.124> ) @ #vk.126,
    !KU( $A.124 ) @ #vk.127, !KU( <$B.5, cts_in.124> ) @ #vk.128,
    !KU( cts_in.124 ) @ #vk.130,
    !KU( <$A.267, $B.5, cts_in.267> ) @ #vk.269,
    !KU( $A.267 ) @ #vk.270, !KU( <$B.5, cts_in.267> ) @ #vk.271,
    !KU( cts_in.267 ) @ #vk.273,
    !KU( <$A.414, $B.5, cts_in.414> ) @ #vk.416,
    !KU( $A.414 ) @ #vk.417, !KU( <$B.5, cts_in.414> ) @ #vk.418,
    !KU( cts_in.414 ) @ #vk.420,
    !KU( <$A.12, $B.5, cts($A.12, $B.5, ~sst.136, ~r.47)> ) @ #vk.478,
    !KU( $A.12 ) @ #vk.479,
    !KU( <$B.5, cts($A.12, $B.5, ~sst.136, ~r.47)> ) @ #vk.480,
    !KU( cts($A.12, $B.5, ~sst.136, ~r.47) ) @ #vk.482,
    !KU( <$A.500, $B.5, cts_in.500> ) @ #vk.502,
    !KU( $A.500 ) @ #vk.503, !KU( <$B.5, cts_in.500> ) @ #vk.504,
    !KU( cts_in.500 ) @ #vk.506
  edges:
    (#vr.4, 0) >--> (#i, 0), (#vr.6, 0) >--> (#vr.4, 0),
    (#vr.6, 1) >--> (#vr.4, 5), (#vr.8, 0) >--> (#vr.37, 0),
    (#vr.8, 1) >--> (#vr.4, 1), (#vf.10, 0) >--> (#vr.8, 1),
    (#vr.11, 0) >--> (#vr.13, 0), (#vr.11, 1) >--> (#vr.4, 2),
    (#vr.13, 0) >--> (#vr.15, 0), (#vr.13, 1) >--> (#vr.4, 3),
    (#vr.15, 0) >--> (#vr.6, 0), (#vr.15, 1) >--> (#vr.4, 4),
    (#vr.21, 1) >--> (#vr.6, 1), (#vf.23, 0) >--> (#vr.21, 1),
    (#vf.29, 0) >--> (#vr.21, 2), (#vr.30, 1) >--> (#vr.6, 2),
    (#vf.32, 0) >--> (#vr.30, 2), (#vr.33, 0) >--> (#vr.8, 0),
    (#vr.35, 0) >--> (#vr.11, 0), (#vr.37, 0) >--> (#vr.51, 0),
    (#vr.37, 1) >--> (#vr.11, 1), (#vf.39, 0) >--> (#vr.37, 1),
    (#vf.45, 0) >--> (#vr.37, 2), (#vr.46, 1) >--> (#vr.11, 2),
    (#vf.48, 0) >--> (#vr.46, 2), (#vr.51, 0) >--> (#vr.65, 0),
    (#vr.51, 1) >--> (#vr.13, 1), (#vf.53, 0) >--> (#vr.51, 1),
    (#vf.59, 0) >--> (#vr.51, 2), (#vr.60, 1) >--> (#vr.13, 2),
    (#vf.62, 0) >--> (#vr.60, 2), (#vr.65, 0) >--> (#vr.21, 0),
    (#vr.65, 1) >--> (#vr.15, 1), (#vf.67, 0) >--> (#vr.65, 1),
    (#vf.73, 0) >--> (#vr.65, 2), (#vr.74, 1) >--> (#vr.15, 2),
    (#vf.76, 0) >--> (#vr.74, 2), (#vr.114, 0) >--> (#vr.30, 0),
    (#vf.116, 0) >--> (#vr.114, 0), (#vr.117, 1) >--> (#vr.30, 1),
    (#vr.117, 1) >--> (#vr.46, 1), (#vr.117, 1) >--> (#vr.60, 1),
    (#vr.117, 1) >--> (#vr.74, 1), (#vr.117, 2) >--> (#vr.33, 1),
    (#vf.119, 0) >--> (#vr.117, 0), (#vr.123, 0) >--> (#vr.35, 0),
    (#vf.125, 0) >--> (#vr.123, 1), (#vf.131, 0) >--> (#vr.123, 2),
    (#vr.135, 0) >--> (#vr.46, 0), (#vf.137, 0) >--> (#vr.135, 0),
    (#vr.164, 0) >--> (#vr.60, 0), (#vf.166, 0) >--> (#vr.164, 0),
    (#vr.193, 0) >--> (#vr.74, 0), (#vf.195, 0) >--> (#vr.193, 0),
    (#vr.266, 0) >--> (#vr.123, 0), (#vf.268, 0) >--> (#vr.266, 1),
    (#vf.274, 0) >--> (#vr.266, 2), (#vr.413, 0) >--> (#vr.266, 0),
    (#vf.415, 0) >--> (#vr.413, 1), (#vf.421, 0) >--> (#vr.413, 2),
    (#vf.477, 0) >--> (#vr.37, 1), (#vf.483, 0) >--> (#vr.37, 2),
    (#vr.499, 0) >--> (#vr.413, 0), (#vf.501, 0) >--> (#vr.499, 1),
    (#vf.507, 0) >--> (#vr.499, 2)
  less:
    #vr.8 < #vr.4: induced by fresh value,
    #vr.8 < #vr.6: induced by fresh value,
    #vr.8 < #vr.11: induced by fresh value,
    #vr.8 < #vr.13: induced by fresh value,
    #vr.8 < #vr.15: induced by fresh value,
    #vr.8 < #vr.21: induced by fresh value,
    #vr.8 < #vr.35: induced by fresh value,
    #vr.8 < #vr.37: induced by fresh value,
    #vr.8 < #vr.51: induced by fresh value,
    #vr.8 < #vr.65: induced by fresh value,
    #vr.8 < #vr.123: induced by fresh value,
    #vr.8 < #vr.266: induced by fresh value,
    #vr.8 < #vr.413: induced by fresh value,
    #vr.8 < #vr.499: induced by fresh value,
    #vr.21 < #vr.6: induced by fresh value,
    #vk.24 < #vf.23: induced by adversary,
    #vk.25 < #vk.24: induced by adversary,
    #vk.26 < #vk.24: induced by adversary,
    #vk.27 < #vk.26: induced by adversary,
    #vk.27 < #vk.42: induced by adversary,
    #vk.27 < #vk.56: induced by adversary,
    #vk.27 < #vk.70: induced by adversary,
    #vk.27 < #vk.128: induced by adversary,
    #vk.27 < #vk.271: induced by adversary,
    #vk.27 < #vk.418: induced by adversary,
    #vk.27 < #vk.480: induced by adversary,
    #vk.27 < #vk.504: induced by adversary,
    #vk.28 < #vk.26: induced by adversary,
    #vr.30 < #vr.6: induced by fresh value,
    #vr.30 < #vr.21: induced by fresh value,
    #vr.30 < #vf.23: induced by fresh value,
    #vr.37 < #vr.11: induced by fresh value,
    #vk.40 < #vf.39: induced by adversary,
    #vk.41 < #vk.40: induced by adversary,
    #vk.42 < #vk.40: induced by adversary,
    #vk.44 < #vk.42: induced by adversary,
    #vr.46 < #vr.11: induced by fresh value,
    #vr.46 < #vr.37: induced by fresh value,
    #vr.46 < #vf.39: induced by fresh value,
    #vr.46 < #vf.477: induced by fresh value,
    #vr.51 < #vr.13: induced by fresh value,
    #vk.54 < #vf.53: induced by adversary,
    #vk.55 < #vk.54: induced by adversary,
    #vk.56 < #vk.54: induced by adversary,
    #vk.58 < #vk.56: induced by adversary,
    #vr.60 < #vr.13: induced by fresh value,
    #vr.60 < #vr.51: induced by fresh value,
    #vr.60 < #vf.53: induced by fresh value,
    #vr.65 < #vr.15: induced by fresh value,
    #vk.68 < #vf.67: induced by adversary,
    #vk.69 < #vk.68: induced by adversary,
    #vk.70 < #vk.68: induced by adversary,
    #vk.72 < #vk.70: induced by adversary,
    #vr.74 < #vr.15: induced by fresh value,
    #vr.74 < #vr.65: induced by fresh value,
    #vr.74 < #vf.67: induced by fresh value,
    #vr.114 < #vr.6: induced by fresh value,
    #vr.114 < #vr.21: induced by fresh value,
    #vr.114 < #vf.23: induced by fresh value,
    #vr.114 < #vr.30: induced by fresh value,
    #vr.117 < #vr.4: induced by fresh value,
    #vr.117 < #vr.6: induced by fresh value,
    #vr.117 < #vr.8: induced by fresh value,
    #vr.117 < #vr.11: induced by fresh value,
    #vr.117 < #vr.13: induced by fresh value,
    #vr.117 < #vr.15: induced by fresh value,
    #vr.117 < #vr.21: induced by fresh value,
    #vr.117 < #vr.30: induced by fresh value,
    #vr.117 < #vr.33: induced by fresh value,
    #vr.117 < #vr.35: induced by fresh value,
    #vr.117 < #vr.37: induced by fresh value,
    #vr.117 < #vr.46: induced by fresh value,
    #vr.117 < #vr.51: induced by fresh value,
    #vr.117 < #vr.60: induced by fresh value,
    #vr.117 < #vr.65: induced by fresh value,
    #vr.117 < #vr.74: induced by fresh value,
    #vr.117 < #vr.123: induced by fresh value,
    #vr.117 < #vr.266: induced by fresh value,
    #vr.117 < #vr.413: induced by fresh value,
    #vr.117 < #vr.499: induced by fresh value,
    #vk.126 < #vf.125: induced by adversary,
    #vk.127 < #vk.126: induced by adversary,
    #vk.128 < #vk.126: induced by adversary,
    #vk.130 < #vk.128: induced by adversary,
    #vr.135 < #vr.11: induced by fresh value,
    #vr.135 < #vr.37: induced by fresh value,
    #vr.135 < #vf.39: induced by fresh value,
    #vr.135 < #vr.46: induced by fresh value,
    #vr.135 < #vf.477: induced by fresh value,
    #vr.164 < #vr.13: induced by fresh value,
    #vr.164 < #vr.51: induced by fresh value,
    #vr.164 < #vf.53: induced by fresh value,
    #vr.164 < #vr.60: induced by fresh value,
    #vr.193 < #vr.15: induced by fresh value,
    #vr.193 < #vr.65: induced by fresh value,
    #vr.193 < #vf.67: induced by fresh value,
    #vr.193 < #vr.74: induced by fresh value,
    #vk.269 < #vf.268: induced by adversary,
    #vk.270 < #vk.269: induced by adversary,
    #vk.271 < #vk.269: induced by adversary,
    #vk.273 < #vk.271: induced by adversary,
    #vk.416 < #vf.415: induced by adversary,
    #vk.417 < #vk.416: induced by adversary,
    #vk.418 < #vk.416: induced by adversary,
    #vk.420 < #vk.418: induced by adversary,
    #vk.478 < #vf.477: induced by adversary,
    #vk.479 < #vk.478: induced by adversary,
    #vk.480 < #vk.478: induced by adversary,
    #vk.482 < #vk.480: induced by adversary,
    #vk.502 < #vf.501: induced by adversary,
    #vk.503 < #vk.502: induced by adversary,
    #vk.504 < #vk.502: induced by adversary,
    #vk.506 < #vk.504: induced by adversary
  unsolved constraints:
    !KU( <$A.7, $B.5, cts($A.7, $B.5, ~sst.115, ~r.31)>
    ) @ #vk.24 // nr: 36" (currently deducible)"
    
    !KU( $A.7 ) @ #vk.25 // nr: 37" (currently deducible)"
    
    !KU( <$B.5, cts($A.7, $B.5, ~sst.115, ~r.31)>
    ) @ #vk.26 // nr: 38" (currently deducible)"
    
    !KU( $B.5 ) @ #vk.27 // nr: 39" (currently deducible)"
    
    !KU( cts($A.7, $B.5, ~sst.115, ~r.31)
    ) @ #vk.28 // nr: 45" (currently deducible)"
    
    !KU( <$A.12, $B.5, cts($A.12, $B.5, ~sst.136, ~r.47)>
    ) @ #vk.40 // nr: 53" (currently deducible)"
    
    !KU( $A.12 ) @ #vk.41 // nr: 54" (currently deducible)"
    
    !KU( <$B.5, cts($A.12, $B.5, ~sst.136, ~r.47)>
    ) @ #vk.42 // nr: 55" (currently deducible)"
    
    !KU( cts($A.12, $B.5, ~sst.136, ~r.47)
    ) @ #vk.44 // nr: 62" (currently deducible)"
    
    !KU( <$A.14, $B.5, cts($A.14, $B.5, ~sst.165, ~r.61)>
    ) @ #vk.54 // nr: 69" (currently deducible)"
    
    !KU( $A.14 ) @ #vk.55 // nr: 70" (currently deducible)"
    
    !KU( <$B.5, cts($A.14, $B.5, ~sst.165, ~r.61)>
    ) @ #vk.56 // nr: 71" (currently deducible)"
    
    !KU( cts($A.14, $B.5, ~sst.165, ~r.61)
    ) @ #vk.58 // nr: 78" (currently deducible)"
    
    !KU( <$A.16, $B.5, cts($A.16, $B.5, ~sst.194, ~r.75)>
    ) @ #vk.68 // nr: 85" (currently deducible)"
    
    !KU( $A.16 ) @ #vk.69 // nr: 86" (currently deducible)"
    
    !KU( <$B.5, cts($A.16, $B.5, ~sst.194, ~r.75)>
    ) @ #vk.70 // nr: 87" (currently deducible)"
    
    !KU( cts($A.16, $B.5, ~sst.194, ~r.75)
    ) @ #vk.72 // nr: 94" (currently deducible)"
    
    !KU( <$A.124, $B.5, cts_in.124>
    ) @ #vk.126 // nr: 139" (probably constructible)"
    
    !KU( $A.124 ) @ #vk.127 // nr: 140" (currently deducible)"
    
    !KU( <$B.5, cts_in.124>
    ) @ #vk.128 // nr: 141" (probably constructible)"
    
    !KU( cts_in.124 ) @ #vk.130 // nr: 143" (probably constructible)"
    
    !KU( <$A.267, $B.5, cts_in.267>
    ) @ #vk.269 // nr: 255" (probably constructible)"
    
    !KU( $A.267 ) @ #vk.270 // nr: 256" (currently deducible)"
    
    !KU( <$B.5, cts_in.267>
    ) @ #vk.271 // nr: 257" (probably constructible)"
    
    !KU( cts_in.267 ) @ #vk.273 // nr: 259" (probably constructible)"
    
    !KU( <$A.414, $B.5, cts_in.414>
    ) @ #vk.416 // nr: 374" (probably constructible)"
    
    !KU( $A.414 ) @ #vk.417 // nr: 375" (currently deducible)"
    
    !KU( <$B.5, cts_in.414>
    ) @ #vk.418 // nr: 376" (probably constructible)"
    
    !KU( cts_in.414 ) @ #vk.420 // nr: 378" (probably constructible)"
    
    !KU( <$A.12, $B.5, cts($A.12, $B.5, ~sst.136, ~r.47)>
    ) @ #vk.478 // nr: 426" (currently deducible)"
    
    !KU( $A.12 ) @ #vk.479 // nr: 427" (currently deducible)"
    
    !KU( <$B.5, cts($A.12, $B.5, ~sst.136, ~r.47)>
    ) @ #vk.480 // nr: 428" (currently deducible)"
    
    !KU( cts($A.12, $B.5, ~sst.136, ~r.47)
    ) @ #vk.482 // nr: 471" (currently deducible)"
    
    !KU( <$A.500, $B.5, cts_in.500>
    ) @ #vk.502 // nr: 451" (probably constructible)"
    
    !KU( $A.500 ) @ #vk.503 // nr: 452" (currently deducible)"
    
    !KU( <$B.5, cts_in.500>
    ) @ #vk.504 // nr: 453" (probably constructible)"
    
    !KU( cts_in.500 ) @ #vk.506 // nr: 455" (probably constructible)"
    
    ReceiverState( $B.5, ~rst.118
    ) ▶₀ #vr.33 // nr: 47 (from rule CompromiseReceiverState) (loop breaker)" (loop breaker)"
    
    OpenStage0( $B.5, ~bid.9, ~rst.118
    ) ▶₀ #vr.499 // nr: 450 (from rule AddSlot1)" (useful2)"
    
    splitEqs(102) // nr: 463" (useful2)"
  last: none
  
  formulas:
  
  subterms:
  
  equations:
    subst:
      $B.5  <~ {t.1, $B.7, $B.9, $B.12, $B.14, $B.16, $B.18, $B.20,
                $B.22, $B.31, $B.34, $B.36, $B.38, $B.47, $B.50, $B.52, $B.61,
                $B.64, $B.66, $B.75, $B.78, $B.80, $B.89, $B.92, $B.94, $B.103,
                $B.106, $B.118, $B.121, $B.124, $B.133, $B.139, $B.142, $B.144,
                $B.153, $B.156, $B.168, $B.171, $B.173, $B.182, $B.185, $B.197,
                $B.200, $B.202, $B.211, $B.214, $B.226, $B.229, $B.231, $B.240,
                $B.243, $B.255, $B.258, $B.267, $B.276, $B.285, $B.288, $B.291,
                $B.293, $B.302, $B.305, $B.317, $B.320, $B.329, $B.331, $B.340,
                $B.343, $B.355, $B.358, $B.367, $B.369, $B.378, $B.381, $B.393,
                $B.396, $B.405, $B.414, $B.423, $B.432, $B.435, $B.438, $B.440,
                $B.449, $B.452, $B.464, $B.467, $B.476, $B.485, $B.494, $B.497,
                $B.500, $B.509, $B.518}
      #vr.6  <~ {#vr.17}
      $A.7  <~ {$A.18, $A.22, $A.31, $A.80, $A.89, $A.115, $A.223}
      #vr.8  <~ {#vr.132, #vr.284, #vr.287, #vr.431, #vr.434, #vr.493,
                 #vr.496, #vr.517}
      ~bid.9  <~ {t.2, bid.5, bid.7, bid.12, bid.14, bid.16, bid.18,
                  bid.20, bid.22, bid.36, bid.38, bid.50, bid.52, bid.64, bid.66,
                  bid.78, bid.80, bid.92, bid.94, bid.106, bid.124, ~bid.133,
                  bid.142, bid.144, bid.156, bid.171, bid.173, bid.185, bid.200,
                  bid.202, bid.214, bid.229, bid.231, bid.243, bid.258, bid.267,
                  bid.276, ~bid.285, ~bid.288, bid.291, bid.293, bid.305, bid.320,
                  bid.329, bid.331, bid.343, bid.358, bid.367, bid.369, bid.381,
                  bid.396, bid.405, bid.414, bid.423, ~bid.432, ~bid.435, bid.438,
                  bid.440, bid.452, bid.467, bid.476, bid.485, ~bid.494, ~bid.497,
                  bid.500, bid.509, ~bid.518}
      #vf.10  <~ {#vf.134, #vf.286, #vf.289, #vf.433, #vf.436, #vf.495,
                  #vf.498, #vf.519}
      #vr.11  <~ {#vr.49, #vr.170, #vr.228, #vr.328}
      $A.12  <~ {$A.38, $A.47, $A.50, $A.136, $A.144, $A.153, $A.156,
                 $A.171, $A.229, $A.293, $A.302, $A.305, $A.320, $A.329, $A.369,
                 $A.378, $A.381, $A.396, $A.405, $A.440, $A.449, $A.452, $A.467,
                 $A.476}
      #vr.13  <~ {#vr.63, #vr.91, #vr.199}
      $A.14  <~ {$A.52, $A.61, $A.64, $A.92, $A.165, $A.173, $A.182,
                 $A.185, $A.200, $A.231, $A.240, $A.243, $A.258, $A.314, $A.331,
                 $A.340, $A.343, $A.358, $A.390, $A.461}
      #vr.15  <~ {#vr.19, #vr.77}
      $A.16  <~ {$A.20, $A.66, $A.75, $A.78, $A.94, $A.103, $A.106,
                 $A.194, $A.202, $A.211, $A.214, $A.252, $A.352}
      #vr.21  <~ {#vr.79}
      ~idx.22  <~ {idx.7, idx.18, ~idx.80}
      #vf.23  <~ {#vf.81}
      #vk.24  <~ {#vk.82}
      #vk.25  <~ {#vk.83}
      #vk.26  <~ {#vk.84}
      #vk.27  <~ {#vk.43, #vk.57, #vk.71, #vk.85, #vk.99, #vk.111,
                  #vk.129, #vk.149, #vk.161, #vk.178, #vk.190, #vk.207, #vk.219,
                  #vk.236, #vk.248, #vk.263, #vk.272, #vk.281, #vk.298, #vk.310,
                  #vk.325, #vk.336, #vk.348, #vk.363, #vk.374, #vk.386, #vk.401,
                  #vk.410, #vk.419, #vk.428, #vk.445, #vk.457, #vk.472, #vk.481,
                  #vk.490, #vk.505, #vk.514}
      #vk.28  <~ {#vk.86}
      #vf.29  <~ {#vf.87}
      #vr.30  <~ {#vr.88}
      ~r.31  <~ {~r.89}
      #vf.32  <~ {#vf.90}
      #vr.35  <~ {#vr.141, #vr.290, #vr.366, #vr.437}
      #vr.37  <~ {#vr.143, #vr.155, #vr.292, #vr.304, #vr.319, #vr.368,
                  #vr.380, #vr.395, #vr.404, #vr.439, #vr.451, #vr.466, #vr.475}
      ~idx.38  <~ {idx.12, idx.50, ~idx.144, ~idx.156, idx.171, idx.229,
                   ~idx.293, ~idx.305, ~idx.320, idx.329, ~idx.369, ~idx.381,
                   ~idx.396, ~idx.405, ~idx.440, ~idx.452, ~idx.467, ~idx.476}
      #vf.39  <~ {#vf.145, #vf.157, #vf.294, #vf.306, #vf.321, #vf.370,
                  #vf.382, #vf.397, #vf.406, #vf.441, #vf.453, #vf.468, #vf.477}
      #vk.40  <~ {#vk.146, #vk.158, #vk.295, #vk.307, #vk.322, #vk.371,
                  #vk.383, #vk.398, #vk.407, #vk.442, #vk.454, #vk.469, #vk.478}
      #vk.41  <~ {#vk.147, #vk.159, #vk.296, #vk.308, #vk.323, #vk.372,
                  #vk.384, #vk.399, #vk.408, #vk.443, #vk.455, #vk.470, #vk.479}
      #vk.42  <~ {#vk.148, #vk.160, #vk.297, #vk.309, #vk.324, #vk.373,
                  #vk.385, #vk.400, #vk.409, #vk.444, #vk.456, #vk.471, #vk.480}
      #vk.44  <~ {#vk.150, #vk.162, #vk.299, #vk.311, #vk.326, #vk.375,
                  #vk.387, #vk.402, #vk.411, #vk.446, #vk.458, #vk.473, #vk.482}
      #vf.45  <~ {#vf.151, #vf.163, #vf.300, #vf.312, #vf.327, #vf.376,
                  #vf.388, #vf.403, #vf.412, #vf.447, #vf.459, #vf.474, #vf.483}
      #vr.46  <~ {#vr.152, #vr.301, #vr.377, #vr.448}
      ~r.47  <~ {~r.153, ~r.302, ~r.378, ~r.449}
      #vf.48  <~ {#vf.154, #vf.303, #vf.379, #vf.450}
      #vr.51  <~ {#vr.172, #vr.184, #vr.230, #vr.242, #vr.257, #vr.330,
                  #vr.342, #vr.357}
      ~idx.52  <~ {idx.14, idx.64, idx.92, ~idx.173, ~idx.185, idx.200,
                   ~idx.231, ~idx.243, ~idx.258, ~idx.331, ~idx.343, ~idx.358}
      #vf.53  <~ {#vf.174, #vf.186, #vf.232, #vf.244, #vf.259, #vf.332,
                  #vf.344, #vf.359}
      #vk.54  <~ {#vk.175, #vk.187, #vk.233, #vk.245, #vk.260, #vk.333,
                  #vk.345, #vk.360}
      #vk.55  <~ {#vk.176, #vk.188, #vk.234, #vk.246, #vk.261, #vk.334,
                  #vk.346, #vk.361}
      #vk.56  <~ {#vk.177, #vk.189, #vk.235, #vk.247, #vk.262, #vk.335,
                  #vk.347, #vk.362}
      #vk.58  <~ {#vk.179, #vk.191, #vk.237, #vk.249, #vk.264, #vk.337,
                  #vk.349, #vk.364}
      #vf.59  <~ {#vf.180, #vf.192, #vf.238, #vf.250, #vf.265, #vf.338,
                  #vf.350, #vf.365}
      #vr.60  <~ {#vr.181, #vr.239, #vr.339}
      ~r.61  <~ {~r.182, ~r.240, ~r.340}
      #vf.62  <~ {#vf.183, #vf.241, #vf.341}
      #vr.65  <~ {#vr.93, #vr.105, #vr.201, #vr.213}
      ~idx.66  <~ {idx.16, idx.20, idx.78, ~idx.94, ~idx.106, ~idx.202,
                   ~idx.214}
      #vf.67  <~ {#vf.95, #vf.107, #vf.203, #vf.215}
      #vk.68  <~ {#vk.96, #vk.108, #vk.204, #vk.216}
      #vk.69  <~ {#vk.97, #vk.109, #vk.205, #vk.217}
      #vk.70  <~ {#vk.98, #vk.110, #vk.206, #vk.218}
      #vk.72  <~ {#vk.100, #vk.112, #vk.208, #vk.220}
      #vf.73  <~ {#vf.101, #vf.113, #vf.209, #vf.221}
      #vr.74  <~ {#vr.102, #vr.210}
      ~r.75  <~ {~r.103, ~r.211}
      #vf.76  <~ {#vf.104, #vf.212}
      #vr.114  <~ {#vr.222}
      ~sst.115  <~ {sst.31, sst.89, ~sst.223}
      #vf.116  <~ {#vf.224}
      #vr.117  <~ {#vr.120, #vr.138, #vr.167, #vr.196, #vr.225, #vr.254,
                   #vr.316, #vr.354, #vr.392, #vr.463}
      ~rst.118  <~ {t.3, rst.5, rst.7, rst.9, rst.12, rst.14, rst.16,
                    rst.18, rst.20, rst.22, rst.31, rst.34, rst.36, rst.38, rst.47,
                    rst.50, rst.52, rst.61, rst.64, rst.66, rst.75, rst.78, rst.80,
                    rst.89, rst.92, rst.94, rst.103, rst.106, ~rst.121, rst.124,
                    rst.133, ~rst.139, rst.142, rst.144, rst.153, rst.156, ~rst.168,
                    rst.171, rst.173, rst.182, rst.185, ~rst.197, rst.200, rst.202,
                    rst.211, rst.214, ~rst.226, rst.229, rst.231, rst.240, rst.243,
                    ~rst.255, rst.258, rst.267, rst.276, rst.285, rst.288, rst.291,
                    rst.293, rst.302, rst.305, ~rst.317, rst.320, rst.329, rst.331,
                    rst.340, rst.343, ~rst.355, rst.358, rst.367, rst.369, rst.378,
                    rst.381, ~rst.393, rst.396, rst.405, rst.414, rst.423, rst.432,
                    rst.435, rst.438, rst.440, rst.449, rst.452, ~rst.464, rst.467,
                    rst.476, rst.485, rst.494, rst.497, rst.500, rst.509, rst.518}
      #vf.119  <~ {#vf.122, #vf.140, #vf.169, #vf.198, #vf.227, #vf.256,
                   #vf.318, #vf.356, #vf.394, #vf.465}
      #vr.123  <~ {#vr.275, #vr.422, #vr.484, #vr.508}
      $A.124  <~ {$A.276, $A.423, $A.485, $A.509}
      ~idx.124  <~ {~idx.276, ~idx.423, ~idx.485, ~idx.509}
      cts_in.124  <~ {cts_in.276, cts_in.423, cts_in.485, cts_in.509}
      #vf.125  <~ {#vf.277, #vf.424, #vf.486, #vf.510}
      #vk.126  <~ {#vk.278, #vk.425, #vk.487, #vk.511}
      #vk.127  <~ {#vk.279, #vk.426, #vk.488, #vk.512}
      #vk.128  <~ {#vk.280, #vk.427, #vk.489, #vk.513}
      #vk.130  <~ {#vk.282, #vk.429, #vk.491, #vk.515}
      #vf.131  <~ {#vf.283, #vf.430, #vf.492, #vf.516}
      ~sst.136  <~ {sst.47, sst.153, sst.302, sst.378, sst.449}
      #vr.164  <~ {#vr.313, #vr.389, #vr.460}
      ~sst.165  <~ {sst.61, sst.182, sst.240, ~sst.314, sst.340,
                    ~sst.390, ~sst.461}
      #vf.166  <~ {#vf.315, #vf.391, #vf.462}
      #vr.193  <~ {#vr.251, #vr.351}
      ~sst.194  <~ {sst.75, sst.103, sst.211, ~sst.252, ~sst.352}
      #vf.195  <~ {#vf.253, #vf.353}
      cts($A.7, $B.5, ~sst.115, ~r.31)  <~ {cts_in.7, cts_in.18,
                                            cts_in.22, cts_in.80}
      cts($A.12, $B.5, ~sst.136, ~r.47)  <~ {cts_in.12, cts_in.38,
                                             cts_in.50, cts_in.144, cts_in.156, cts_in.171,
                                             cts_in.229, cts_in.293, cts_in.305, cts_in.320,
                                             cts_in.329, cts_in.369, cts_in.381, cts_in.396,
                                             cts_in.405, cts_in.440, cts_in.452, cts_in.467,
                                             cts_in.476}
      cts($A.14, $B.5, ~sst.165, ~r.61)  <~ {cts_in.14, cts_in.52,
                                             cts_in.64, cts_in.92, cts_in.173, cts_in.185,
                                             cts_in.200, cts_in.231, cts_in.243, cts_in.258,
                                             cts_in.331, cts_in.343, cts_in.358}
      cts($A.16, $B.5, ~sst.194, ~r.75)  <~ {cts_in.16, cts_in.20,
                                             cts_in.66, cts_in.78, cts_in.94, cts_in.106,
                                             cts_in.202, cts_in.214}
      ks($A.7, $B.5, ~sst.115, ~r.31)  <~ {Ks.7, Ks.18}
      ks($A.12, $B.5, ~sst.136, ~r.47)  <~ {Ks.12, Ks.50, Ks.171, Ks.229,
                                            Ks.329}
      ks($A.14, $B.5, ~sst.165, ~r.61)  <~ {Ks.14, Ks.64, Ks.92, Ks.200}
      ks($A.16, $B.5, ~sst.194, ~r.75)  <~ {Ks.16, Ks.20, Ks.78}
    conj:
  
  lemmas:
  
  allowed cases: raw
  
  solved formulas:
  
  unsolved constraints:
    !KU( <$A.7, $B.5, cts($A.7, $B.5, ~sst.115, ~r.31)>
    ) @ #vk.24 // nr: 36" (currently deducible)"
    
    !KU( $A.7 ) @ #vk.25 // nr: 37" (currently deducible)"
    
    !KU( <$B.5, cts($A.7, $B.5, ~sst.115, ~r.31)>
    ) @ #vk.26 // nr: 38" (currently deducible)"
    
    !KU( $B.5 ) @ #vk.27 // nr: 39" (currently deducible)"
    
    !KU( cts($A.7, $B.5, ~sst.115, ~r.31)
    ) @ #vk.28 // nr: 45" (currently deducible)"
    
    !KU( <$A.12, $B.5, cts($A.12, $B.5, ~sst.136, ~r.47)>
    ) @ #vk.40 // nr: 53" (currently deducible)"
    
    !KU( $A.12 ) @ #vk.41 // nr: 54" (currently deducible)"
    
    !KU( <$B.5, cts($A.12, $B.5, ~sst.136, ~r.47)>
    ) @ #vk.42 // nr: 55" (currently deducible)"
    
    !KU( cts($A.12, $B.5, ~sst.136, ~r.47)
    ) @ #vk.44 // nr: 62" (currently deducible)"
    
    !KU( <$A.14, $B.5, cts($A.14, $B.5, ~sst.165, ~r.61)>
    ) @ #vk.54 // nr: 69" (currently deducible)"
    
    !KU( $A.14 ) @ #vk.55 // nr: 70" (currently deducible)"
    
    !KU( <$B.5, cts($A.14, $B.5, ~sst.165, ~r.61)>
    ) @ #vk.56 // nr: 71" (currently deducible)"
    
    !KU( cts($A.14, $B.5, ~sst.165, ~r.61)
    ) @ #vk.58 // nr: 78" (currently deducible)"
    
    !KU( <$A.16, $B.5, cts($A.16, $B.5, ~sst.194, ~r.75)>
    ) @ #vk.68 // nr: 85" (currently deducible)"
    
    !KU( $A.16 ) @ #vk.69 // nr: 86" (currently deducible)"
    
    !KU( <$B.5, cts($A.16, $B.5, ~sst.194, ~r.75)>
    ) @ #vk.70 // nr: 87" (currently deducible)"
    
    !KU( cts($A.16, $B.5, ~sst.194, ~r.75)
    ) @ #vk.72 // nr: 94" (currently deducible)"
    
    !KU( <$A.124, $B.5, cts_in.124>
    ) @ #vk.126 // nr: 139" (probably constructible)"
    
    !KU( $A.124 ) @ #vk.127 // nr: 140" (currently deducible)"
    
    !KU( <$B.5, cts_in.124>
    ) @ #vk.128 // nr: 141" (probably constructible)"
    
    !KU( cts_in.124 ) @ #vk.130 // nr: 143" (probably constructible)"
    
    !KU( <$A.267, $B.5, cts_in.267>
    ) @ #vk.269 // nr: 255" (probably constructible)"
    
    !KU( $A.267 ) @ #vk.270 // nr: 256" (currently deducible)"
    
    !KU( <$B.5, cts_in.267>
    ) @ #vk.271 // nr: 257" (probably constructible)"
    
    !KU( cts_in.267 ) @ #vk.273 // nr: 259" (probably constructible)"
    
    !KU( <$A.414, $B.5, cts_in.414>
    ) @ #vk.416 // nr: 374" (probably constructible)"
    
    !KU( $A.414 ) @ #vk.417 // nr: 375" (currently deducible)"
    
    !KU( <$B.5, cts_in.414>
    ) @ #vk.418 // nr: 376" (probably constructible)"
    
    !KU( cts_in.414 ) @ #vk.420 // nr: 378" (probably constructible)"
    
    !KU( <$A.12, $B.5, cts($A.12, $B.5, ~sst.136, ~r.47)>
    ) @ #vk.478 // nr: 426" (currently deducible)"
    
    !KU( $A.12 ) @ #vk.479 // nr: 427" (currently deducible)"
    
    !KU( <$B.5, cts($A.12, $B.5, ~sst.136, ~r.47)>
    ) @ #vk.480 // nr: 428" (currently deducible)"
    
    !KU( cts($A.12, $B.5, ~sst.136, ~r.47)
    ) @ #vk.482 // nr: 471" (currently deducible)"
    
    !KU( <$A.500, $B.5, cts_in.500>
    ) @ #vk.502 // nr: 451" (probably constructible)"
    
    !KU( $A.500 ) @ #vk.503 // nr: 452" (currently deducible)"
    
    !KU( <$B.5, cts_in.500>
    ) @ #vk.504 // nr: 453" (probably constructible)"
    
    !KU( cts_in.500 ) @ #vk.506 // nr: 455" (probably constructible)"
    
    ReceiverState( $B.5, ~rst.118
    ) ▶₀ #vr.33 // nr: 47 (from rule CompromiseReceiverState) (loop breaker)" (loop breaker)"
    
    OpenStage0( $B.5, ~bid.9, ~rst.118
    ) ▶₀ #vr.499 // nr: 450 (from rule AddSlot1)" (useful2)"
    
    splitEqs(102) // nr: 463" (useful2)"
  
  solved constraints:
    ClosedBatch( $B.5, ~bid.9, ~rst.118 ) ▶₀ #i // nr: 0" (useful2)"
    
    SealedStage4( $B.5, ~bid.9, ~rst.118
    ) ▶₀ #vr.4 // nr: 2 (from rule CompleteBatch)" (useful2)"
    
    BatchEndToken( $B.5, ~bid.9, ~rst.118
    ) ▶₁ #vr.4 // nr: 3 (from rule CompleteBatch)" (useful2)"
    
    Slot1DoneFact( $B.5, ~bid.9, ~rst.118
    ) ▶₂ #vr.4 // nr: 4 (from rule CompleteBatch)" (useful2)"
    
    Slot2DoneFact( $B.5, ~bid.9, ~rst.118
    ) ▶₃ #vr.4 // nr: 5 (from rule CompleteBatch)" (useful2)"
    
    Slot3DoneFact( $B.5, ~bid.9, ~rst.118
    ) ▶₄ #vr.4 // nr: 6 (from rule CompleteBatch)" (useful2)"
    
    Slot4DoneFact( $B.5, ~bid.9, ~rst.118
    ) ▶₅ #vr.4 // nr: 7 (from rule CompleteBatch)" (useful2)"
    
    SealedStage3( $B.5, ~bid.9, ~rst.118
    ) ▶₀ #vr.6 // nr: 9 (from rule ProcessSlot4)" (useful2)"
    
    AddedSlot4( $B.5, ~bid.9, ~rst.118, ~idx.22, $A.7,
                cts($A.7, $B.5, ~sst.115, ~r.31)
    ) ▶₁ #vr.6 // nr: 10 (from rule ProcessSlot4)" (useful2)"
    
    !ComponentKey( $A.7, $B.5, ~rst.118,
                   cts($A.7, $B.5, ~sst.115, ~r.31), ks($A.7, $B.5, ~sst.115, ~r.31)
    ) ▶₂ #vr.6 // nr: 11 (from rule ProcessSlot4)" (useful2)"
    
    ReceiverState( $B.5, ~rst.118
    ) ▶₀ #vr.8 // nr: 13 (from rule CreateBatch)" (useful2)"
    
    SealedStage0( $B.5, ~bid.9, ~rst.118
    ) ▶₀ #vr.11 // nr: 15 (from rule ProcessSlot1)" (useful2)"
    
    AddedSlot1( $B.5, ~bid.9, ~rst.118, ~idx.38, $A.12,
                cts($A.12, $B.5, ~sst.136, ~r.47)
    ) ▶₁ #vr.11 // nr: 16 (from rule ProcessSlot1)" (useful2)"
    
    !ComponentKey( $A.12, $B.5, ~rst.118,
                   cts($A.12, $B.5, ~sst.136, ~r.47), ks($A.12, $B.5, ~sst.136, ~r.47)
    ) ▶₂ #vr.11 // nr: 17 (from rule ProcessSlot1)" (useful2)"
    
    SealedStage1( $B.5, ~bid.9, ~rst.118
    ) ▶₀ #vr.13 // nr: 19 (from rule ProcessSlot2)" (useful2)"
    
    AddedSlot2( $B.5, ~bid.9, ~rst.118, ~idx.52, $A.14,
                cts($A.14, $B.5, ~sst.165, ~r.61)
    ) ▶₁ #vr.13 // nr: 20 (from rule ProcessSlot2)" (useful2)"
    
    !ComponentKey( $A.14, $B.5, ~rst.118,
                   cts($A.14, $B.5, ~sst.165, ~r.61), ks($A.14, $B.5, ~sst.165, ~r.61)
    ) ▶₂ #vr.13 // nr: 21 (from rule ProcessSlot2)" (useful2)"
    
    SealedStage2( $B.5, ~bid.9, ~rst.118
    ) ▶₀ #vr.15 // nr: 23 (from rule ProcessSlot3)" (useful2)"
    
    AddedSlot3( $B.5, ~bid.9, ~rst.118, ~idx.66, $A.16,
                cts($A.16, $B.5, ~sst.194, ~r.75)
    ) ▶₁ #vr.15 // nr: 24 (from rule ProcessSlot3)" (useful2)"
    
    !ComponentKey( $A.16, $B.5, ~rst.118,
                   cts($A.16, $B.5, ~sst.194, ~r.75), ks($A.16, $B.5, ~sst.194, ~r.75)
    ) ▶₂ #vr.15 // nr: 25 (from rule ProcessSlot3)" (useful2)"
    
    OpenStage3( $B.5, ~bid.9, ~rst.118
    ) ▶₀ #vr.21 // nr: 35 (from rule AddSlot4)" (useful2)"
    
    !SenderState( $A.7, ~sst.115
    ) ▶₀ #vr.30 // nr: 43 (from rule SenderCreatesComponent)" (useful2)"
    
    !ReceiverPublicState( $B.5, ~rst.118
    ) ▶₁ #vr.30 // nr: 44 (from rule SenderCreatesComponent)" (useful2)"
    
    ReceiverCompromiseToken( $B.5, ~rst.118
    ) ▶₁ #vr.33 // nr: 48 (from rule CompromiseReceiverState)" (useful2)"
    
    OpenStage4( $B.5, ~bid.9, ~rst.118
    ) ▶₀ #vr.35 // nr: 50 (from rule SealBatch)" (useful2)"
    
    OpenStage0( $B.5, ~bid.9, ~rst.118
    ) ▶₀ #vr.37 // nr: 52 (from rule AddSlot1)" (useful2)"
    
    !SenderState( $A.12, ~sst.136
    ) ▶₀ #vr.46 // nr: 60 (from rule SenderCreatesComponent)" (useful2)"
    
    !ReceiverPublicState( $B.5, ~rst.118
    ) ▶₁ #vr.46 // nr: 61 (from rule SenderCreatesComponent)" (useful2)"
    
    OpenStage1( $B.5, ~bid.9, ~rst.118
    ) ▶₀ #vr.51 // nr: 68 (from rule AddSlot2)" (useful2)"
    
    !SenderState( $A.14, ~sst.165
    ) ▶₀ #vr.60 // nr: 76 (from rule SenderCreatesComponent)" (useful2)"
    
    !ReceiverPublicState( $B.5, ~rst.118
    ) ▶₁ #vr.60 // nr: 77 (from rule SenderCreatesComponent)" (useful2)"
    
    OpenStage2( $B.5, ~bid.9, ~rst.118
    ) ▶₀ #vr.65 // nr: 84 (from rule AddSlot3)" (useful2)"
    
    !SenderState( $A.16, ~sst.194
    ) ▶₀ #vr.74 // nr: 92 (from rule SenderCreatesComponent)" (useful2)"
    
    !ReceiverPublicState( $B.5, ~rst.118
    ) ▶₁ #vr.74 // nr: 93 (from rule SenderCreatesComponent)" (useful2)"
    
    OpenStage3( $B.5, ~bid.9, ~rst.118
    ) ▶₀ #vr.123 // nr: 138 (from rule AddSlot4)" (useful2)"
    
    OpenStage2( $B.5, ~bid.9, ~rst.118
    ) ▶₀ #vr.266 // nr: 254 (from rule AddSlot3)" (useful2)"
    
    OpenStage1( $B.5, ~bid.9, ~rst.118
    ) ▶₀ #vr.413 // nr: 373 (from rule AddSlot2)" (useful2)"
Simplifier iteration 11:

The reduction-rules for unique fresh instances (DG4),
unique K↑-facts (N5↑), unique (linear) edges (DG2 and DG3),
orderings for ~vars (S_fresh-order)
were applied to the following constraint system.

  nodes:
    #vr.3: instance (modulo AC) CompleteBatch:
              [
              SealedStage4( $B.4, ~bid.8, ~rst.117 ),
              BatchEndToken( $B.4, ~bid.8, ~rst.117 ),
              Slot1DoneFact( $B.4, ~bid.8, ~rst.117 ),
              Slot2DoneFact( $B.4, ~bid.8, ~rst.117 ),
              Slot3DoneFact( $B.4, ~bid.8, ~rst.117 ),
              Slot4DoneFact( $B.4, ~bid.8, ~rst.117 )
              ]
             --[
             UseBatchEndToken( $B.4, ~bid.8, ~rst.117 ),
             BatchComplete( $B.4, ~bid.8, ~rst.117 ),
             BatchClosed( $B.4, ~bid.8, ~rst.117 ),
             ConsumeReceiverState( $B.4, ~rst.117 )
             ]->
              [
              ClosedBatch( $B.4, ~bid.8, ~rst.117 ),
              UsedReceiverState( $B.4, ~rst.117 )
              ]
    #vr.5: instance (modulo AC) ProcessSlot4:
              [
              SealedStage3( $B.4, ~bid.8, ~rst.117 ),
              AddedSlot4( $B.4, ~bid.8, ~rst.117, ~idx.21, $A.6,
                          cts($A.6, $B.4, ~sst.114, ~r.30)
              ),
              !ComponentKey( $A.6, $B.4, ~rst.117,
                             cts($A.6, $B.4, ~sst.114, ~r.30), ks($A.6, $B.4, ~sst.114, ~r.30)
              )
              ]
             --[
             BatchSlot( $B.4, ~bid.8, ~idx.21, $A.6,
                        cts($A.6, $B.4, ~sst.114, ~r.30)
             ),
             BatchSlotAccept( $B.4, ~bid.8, ~idx.21, $A.6, ~rst.117,
                              cts($A.6, $B.4, ~sst.114, ~r.30), ks($A.6, $B.4, ~sst.114, ~r.30)
             ),
             ReceiverAcceptsComponent( $B.4, $A.6, ~rst.117,
                                       cts($A.6, $B.4, ~sst.114, ~r.30),
                                       ks($A.6, $B.4, ~sst.114, ~r.30)
             ),
             ReceiverKey( $B.4, $A.6, ~bid.8, ~idx.21, ~rst.117,
                          cts($A.6, $B.4, ~sst.114, ~r.30), ks($A.6, $B.4, ~sst.114, ~r.30),
                          rkey($B.4, $A.6, ~rst.117, cts($A.6, $B.4, ~sst.114, ~r.30),
                               ks($A.6, $B.4, ~sst.114, ~r.30))
             ),
             PartneredSlot( $A.6, $B.4, ~bid.8, ~idx.21, ~rst.117,
                            cts($A.6, $B.4, ~sst.114, ~r.30), ks($A.6, $B.4, ~sst.114, ~r.30)
             ),
             SlotProcessed( $B.4, ~bid.8, ~idx.21, $A.6,
                            cts($A.6, $B.4, ~sst.114, ~r.30)
             ),
             Slot4Done( $B.4, ~bid.8, ~rst.117 )
             ]->
              [
              SealedStage4( $B.4, ~bid.8, ~rst.117 ),
              Slot4DoneFact( $B.4, ~bid.8, ~rst.117 )
              ]
    #vr.7: instance (modulo AC) CreateBatch:
              [ ReceiverState( $B.4, ~rst.117 ), Fr( ~bid.8 ) ]
             --[ BatchCreated( $B.4, ~bid.8, ~rst.117 ) ]->
              [
              OpenStage0( $B.4, ~bid.8, ~rst.117 ),
              BatchEndToken( $B.4, ~bid.8, ~rst.117 ),
              BatchCompromiseToken( $B.4, ~bid.8, ~rst.117 )
              ]
    #vf.9: instance (modulo AC) Fresh:
              [ ] --> [ Fr( ~bid.8 ) ]
    #vr.10: instance (modulo AC) ProcessSlot1:
               [
               SealedStage0( $B.4, ~bid.8, ~rst.117 ),
               AddedSlot1( $B.4, ~bid.8, ~rst.117, ~idx.37, $A.11,
                           cts($A.11, $B.4, ~sst.135, ~r.46)
               ),
               !ComponentKey( $A.11, $B.4, ~rst.117,
                              cts($A.11, $B.4, ~sst.135, ~r.46), ks($A.11, $B.4, ~sst.135, ~r.46)
               )
               ]
              --[
              BatchSlot( $B.4, ~bid.8, ~idx.37, $A.11,
                         cts($A.11, $B.4, ~sst.135, ~r.46)
              ),
              BatchSlotAccept( $B.4, ~bid.8, ~idx.37, $A.11, ~rst.117,
                               cts($A.11, $B.4, ~sst.135, ~r.46), ks($A.11, $B.4, ~sst.135, ~r.46)
              ),
              ReceiverAcceptsComponent( $B.4, $A.11, ~rst.117,
                                        cts($A.11, $B.4, ~sst.135, ~r.46),
                                        ks($A.11, $B.4, ~sst.135, ~r.46)
              ),
              ReceiverKey( $B.4, $A.11, ~bid.8, ~idx.37, ~rst.117,
                           cts($A.11, $B.4, ~sst.135, ~r.46),
                           ks($A.11, $B.4, ~sst.135, ~r.46),
                           rkey($B.4, $A.11, ~rst.117, cts($A.11, $B.4, ~sst.135, ~r.46),
                                ks($A.11, $B.4, ~sst.135, ~r.46))
              ),
              PartneredSlot( $A.11, $B.4, ~bid.8, ~idx.37, ~rst.117,
                             cts($A.11, $B.4, ~sst.135, ~r.46), ks($A.11, $B.4, ~sst.135, ~r.46)
              ),
              SlotProcessed( $B.4, ~bid.8, ~idx.37, $A.11,
                             cts($A.11, $B.4, ~sst.135, ~r.46)
              ),
              Slot1Done( $B.4, ~bid.8, ~rst.117 )
              ]->
               [
               SealedStage1( $B.4, ~bid.8, ~rst.117 ),
               Slot1DoneFact( $B.4, ~bid.8, ~rst.117 )
               ]
    #vr.12: instance (modulo AC) ProcessSlot2:
               [
               SealedStage1( $B.4, ~bid.8, ~rst.117 ),
               AddedSlot2( $B.4, ~bid.8, ~rst.117, ~idx.51, $A.13,
                           cts($A.13, $B.4, ~sst.164, ~r.60)
               ),
               !ComponentKey( $A.13, $B.4, ~rst.117,
                              cts($A.13, $B.4, ~sst.164, ~r.60), ks($A.13, $B.4, ~sst.164, ~r.60)
               )
               ]
              --[
              BatchSlot( $B.4, ~bid.8, ~idx.51, $A.13,
                         cts($A.13, $B.4, ~sst.164, ~r.60)
              ),
              BatchSlotAccept( $B.4, ~bid.8, ~idx.51, $A.13, ~rst.117,
                               cts($A.13, $B.4, ~sst.164, ~r.60), ks($A.13, $B.4, ~sst.164, ~r.60)
              ),
              ReceiverAcceptsComponent( $B.4, $A.13, ~rst.117,
                                        cts($A.13, $B.4, ~sst.164, ~r.60),
                                        ks($A.13, $B.4, ~sst.164, ~r.60)
              ),
              ReceiverKey( $B.4, $A.13, ~bid.8, ~idx.51, ~rst.117,
                           cts($A.13, $B.4, ~sst.164, ~r.60),
                           ks($A.13, $B.4, ~sst.164, ~r.60),
                           rkey($B.4, $A.13, ~rst.117, cts($A.13, $B.4, ~sst.164, ~r.60),
                                ks($A.13, $B.4, ~sst.164, ~r.60))
              ),
              PartneredSlot( $A.13, $B.4, ~bid.8, ~idx.51, ~rst.117,
                             cts($A.13, $B.4, ~sst.164, ~r.60), ks($A.13, $B.4, ~sst.164, ~r.60)
              ),
              SlotProcessed( $B.4, ~bid.8, ~idx.51, $A.13,
                             cts($A.13, $B.4, ~sst.164, ~r.60)
              ),
              Slot2Done( $B.4, ~bid.8, ~rst.117 )
              ]->
               [
               SealedStage2( $B.4, ~bid.8, ~rst.117 ),
               Slot2DoneFact( $B.4, ~bid.8, ~rst.117 )
               ]
    #vr.14: instance (modulo AC) ProcessSlot3:
               [
               SealedStage2( $B.4, ~bid.8, ~rst.117 ),
               AddedSlot3( $B.4, ~bid.8, ~rst.117, ~idx.65, $A.15,
                           cts($A.15, $B.4, ~sst.193, ~r.74)
               ),
               !ComponentKey( $A.15, $B.4, ~rst.117,
                              cts($A.15, $B.4, ~sst.193, ~r.74), ks($A.15, $B.4, ~sst.193, ~r.74)
               )
               ]
              --[
              BatchSlot( $B.4, ~bid.8, ~idx.65, $A.15,
                         cts($A.15, $B.4, ~sst.193, ~r.74)
              ),
              BatchSlotAccept( $B.4, ~bid.8, ~idx.65, $A.15, ~rst.117,
                               cts($A.15, $B.4, ~sst.193, ~r.74), ks($A.15, $B.4, ~sst.193, ~r.74)
              ),
              ReceiverAcceptsComponent( $B.4, $A.15, ~rst.117,
                                        cts($A.15, $B.4, ~sst.193, ~r.74),
                                        ks($A.15, $B.4, ~sst.193, ~r.74)
              ),
              ReceiverKey( $B.4, $A.15, ~bid.8, ~idx.65, ~rst.117,
                           cts($A.15, $B.4, ~sst.193, ~r.74),
                           ks($A.15, $B.4, ~sst.193, ~r.74),
                           rkey($B.4, $A.15, ~rst.117, cts($A.15, $B.4, ~sst.193, ~r.74),
                                ks($A.15, $B.4, ~sst.193, ~r.74))
              ),
              PartneredSlot( $A.15, $B.4, ~bid.8, ~idx.65, ~rst.117,
                             cts($A.15, $B.4, ~sst.193, ~r.74), ks($A.15, $B.4, ~sst.193, ~r.74)
              ),
              SlotProcessed( $B.4, ~bid.8, ~idx.65, $A.15,
                             cts($A.15, $B.4, ~sst.193, ~r.74)
              ),
              Slot3Done( $B.4, ~bid.8, ~rst.117 )
              ]->
               [
               SealedStage3( $B.4, ~bid.8, ~rst.117 ),
               Slot3DoneFact( $B.4, ~bid.8, ~rst.117 )
               ]
    #vr.20: instance (modulo AC) AddSlot4:
               [
               OpenStage3( $B.4, ~bid.8, ~rst.117 ),
               In( <$A.6, $B.4, cts($A.6, $B.4, ~sst.114, ~r.30)> ), Fr( ~idx.21 )
               ]
              --[
              SlotAdded( $B.4, ~bid.8, ~idx.21, $A.6,
                         cts($A.6, $B.4, ~sst.114, ~r.30)
              ),
              Slot4Added( $B.4, ~bid.8, ~rst.117, ~idx.21, $A.6,
                          cts($A.6, $B.4, ~sst.114, ~r.30)
              )
              ]->
               [
               OpenStage4( $B.4, ~bid.8, ~rst.117 ),
               AddedSlot4( $B.4, ~bid.8, ~rst.117, ~idx.21, $A.6,
                           cts($A.6, $B.4, ~sst.114, ~r.30)
               )
               ]
    #vf.22: instance (modulo AC) isend:
               [ !KU( <$A.6, $B.4, cts($A.6, $B.4, ~sst.114, ~r.30)> ) ]
              --[ K( <$A.6, $B.4, cts($A.6, $B.4, ~sst.114, ~r.30)> ) ]->
               [ In( <$A.6, $B.4, cts($A.6, $B.4, ~sst.114, ~r.30)> ) ]
    #vf.28: instance (modulo AC) Fresh:
               [ ] --> [ Fr( ~idx.21 ) ]
    #vr.29: instance (modulo AC) SenderCreatesComponent:
               [
               !SenderState( $A.6, ~sst.114 ),
               !ReceiverPublicState( $B.4, ~rst.117 ), Fr( ~r.30 )
               ]
              --[
              SenderComponent( $A.6, $B.4, ~rst.117,
                               cts($A.6, $B.4, ~sst.114, ~r.30), ks($A.6, $B.4, ~sst.114, ~r.30)
              )
              ]->
               [
               Out( <$A.6, $B.4, cts($A.6, $B.4, ~sst.114, ~r.30)> ),
               !ComponentKey( $A.6, $B.4, ~rst.117,
                              cts($A.6, $B.4, ~sst.114, ~r.30), ks($A.6, $B.4, ~sst.114, ~r.30)
               )
               ]
    #vf.31: instance (modulo AC) Fresh:
               [ ] --> [ Fr( ~r.30 ) ]
    #vr.32: instance (modulo AC) CompromiseReceiverState:
               [
               ReceiverState( $B.4, ~rst.117 ),
               ReceiverCompromiseToken( $B.4, ~rst.117 )
               ]
              --[ CompromiseReceiverState( $B.4, ~rst.117 ) ]->
               [
               ReceiverState( $B.4, ~rst.117 ),
               !CompromisedReceiverState( $B.4, ~rst.117 ), Out( ~rst.117 )
               ]
    #vr.34: instance (modulo AC) SealBatch:
               [ OpenStage4( $B.4, ~bid.8, ~rst.117 ) ]
              --[ SealBatchEvent( $B.4, ~bid.8, ~rst.117 ) ]->
               [ SealedStage0( $B.4, ~bid.8, ~rst.117 ) ]
    #vr.36: instance (modulo AC) AddSlot1:
               [
               OpenStage0( $B.4, ~bid.8, ~rst.117 ),
               In( <$A.11, $B.4, cts($A.11, $B.4, ~sst.135, ~r.46)> ),
               Fr( ~idx.37 )
               ]
              --[
              SlotAdded( $B.4, ~bid.8, ~idx.37, $A.11,
                         cts($A.11, $B.4, ~sst.135, ~r.46)
              ),
              Slot1Added( $B.4, ~bid.8, ~rst.117, ~idx.37, $A.11,
                          cts($A.11, $B.4, ~sst.135, ~r.46)
              )
              ]->
               [
               OpenStage1( $B.4, ~bid.8, ~rst.117 ),
               AddedSlot1( $B.4, ~bid.8, ~rst.117, ~idx.37, $A.11,
                           cts($A.11, $B.4, ~sst.135, ~r.46)
               )
               ]
    #vf.38: instance (modulo AC) isend:
               [ !KU( <$A.11, $B.4, cts($A.11, $B.4, ~sst.135, ~r.46)> ) ]
              --[ K( <$A.11, $B.4, cts($A.11, $B.4, ~sst.135, ~r.46)> ) ]->
               [ In( <$A.11, $B.4, cts($A.11, $B.4, ~sst.135, ~r.46)> ) ]
    #vf.44: instance (modulo AC) Fresh:
               [ ] --> [ Fr( ~idx.37 ) ]
    #vr.45: instance (modulo AC) SenderCreatesComponent:
               [
               !SenderState( $A.11, ~sst.135 ),
               !ReceiverPublicState( $B.4, ~rst.117 ), Fr( ~r.46 )
               ]
              --[
              SenderComponent( $A.11, $B.4, ~rst.117,
                               cts($A.11, $B.4, ~sst.135, ~r.46), ks($A.11, $B.4, ~sst.135, ~r.46)
              )
              ]->
               [
               Out( <$A.11, $B.4, cts($A.11, $B.4, ~sst.135, ~r.46)> ),
               !ComponentKey( $A.11, $B.4, ~rst.117,
                              cts($A.11, $B.4, ~sst.135, ~r.46), ks($A.11, $B.4, ~sst.135, ~r.46)
               )
               ]
    #vf.47: instance (modulo AC) Fresh:
               [ ] --> [ Fr( ~r.46 ) ]
    #vr.50: instance (modulo AC) AddSlot2:
               [
               OpenStage1( $B.4, ~bid.8, ~rst.117 ),
               In( <$A.13, $B.4, cts($A.13, $B.4, ~sst.164, ~r.60)> ),
               Fr( ~idx.51 )
               ]
              --[
              SlotAdded( $B.4, ~bid.8, ~idx.51, $A.13,
                         cts($A.13, $B.4, ~sst.164, ~r.60)
              ),
              Slot2Added( $B.4, ~bid.8, ~rst.117, ~idx.51, $A.13,
                          cts($A.13, $B.4, ~sst.164, ~r.60)
              )
              ]->
               [
               OpenStage2( $B.4, ~bid.8, ~rst.117 ),
               AddedSlot2( $B.4, ~bid.8, ~rst.117, ~idx.51, $A.13,
                           cts($A.13, $B.4, ~sst.164, ~r.60)
               )
               ]
    #vf.52: instance (modulo AC) isend:
               [ !KU( <$A.13, $B.4, cts($A.13, $B.4, ~sst.164, ~r.60)> ) ]
              --[ K( <$A.13, $B.4, cts($A.13, $B.4, ~sst.164, ~r.60)> ) ]->
               [ In( <$A.13, $B.4, cts($A.13, $B.4, ~sst.164, ~r.60)> ) ]
    #vf.58: instance (modulo AC) Fresh:
               [ ] --> [ Fr( ~idx.51 ) ]
    #vr.59: instance (modulo AC) SenderCreatesComponent:
               [
               !SenderState( $A.13, ~sst.164 ),
               !ReceiverPublicState( $B.4, ~rst.117 ), Fr( ~r.60 )
               ]
              --[
              SenderComponent( $A.13, $B.4, ~rst.117,
                               cts($A.13, $B.4, ~sst.164, ~r.60), ks($A.13, $B.4, ~sst.164, ~r.60)
              )
              ]->
               [
               Out( <$A.13, $B.4, cts($A.13, $B.4, ~sst.164, ~r.60)> ),
               !ComponentKey( $A.13, $B.4, ~rst.117,
                              cts($A.13, $B.4, ~sst.164, ~r.60), ks($A.13, $B.4, ~sst.164, ~r.60)
               )
               ]
    #vf.61: instance (modulo AC) Fresh:
               [ ] --> [ Fr( ~r.60 ) ]
    #vr.64: instance (modulo AC) AddSlot3:
               [
               OpenStage2( $B.4, ~bid.8, ~rst.117 ),
               In( <$A.15, $B.4, cts($A.15, $B.4, ~sst.193, ~r.74)> ),
               Fr( ~idx.65 )
               ]
              --[
              SlotAdded( $B.4, ~bid.8, ~idx.65, $A.15,
                         cts($A.15, $B.4, ~sst.193, ~r.74)
              ),
              Slot3Added( $B.4, ~bid.8, ~rst.117, ~idx.65, $A.15,
                          cts($A.15, $B.4, ~sst.193, ~r.74)
              )
              ]->
               [
               OpenStage3( $B.4, ~bid.8, ~rst.117 ),
               AddedSlot3( $B.4, ~bid.8, ~rst.117, ~idx.65, $A.15,
                           cts($A.15, $B.4, ~sst.193, ~r.74)
               )
               ]
    #vf.66: instance (modulo AC) isend:
               [ !KU( <$A.15, $B.4, cts($A.15, $B.4, ~sst.193, ~r.74)> ) ]
              --[ K( <$A.15, $B.4, cts($A.15, $B.4, ~sst.193, ~r.74)> ) ]->
               [ In( <$A.15, $B.4, cts($A.15, $B.4, ~sst.193, ~r.74)> ) ]
    #vf.72: instance (modulo AC) Fresh:
               [ ] --> [ Fr( ~idx.65 ) ]
    #vr.73: instance (modulo AC) SenderCreatesComponent:
               [
               !SenderState( $A.15, ~sst.193 ),
               !ReceiverPublicState( $B.4, ~rst.117 ), Fr( ~r.74 )
               ]
              --[
              SenderComponent( $A.15, $B.4, ~rst.117,
                               cts($A.15, $B.4, ~sst.193, ~r.74), ks($A.15, $B.4, ~sst.193, ~r.74)
              )
              ]->
               [
               Out( <$A.15, $B.4, cts($A.15, $B.4, ~sst.193, ~r.74)> ),
               !ComponentKey( $A.15, $B.4, ~rst.117,
                              cts($A.15, $B.4, ~sst.193, ~r.74), ks($A.15, $B.4, ~sst.193, ~r.74)
               )
               ]
    #vf.75: instance (modulo AC) Fresh:
               [ ] --> [ Fr( ~r.74 ) ]
    #vr.113: instance (modulo AC) InitSenderState:
                [ Fr( ~sst.114 ) ]
               --[ SenderStateCreated( $A.6, ~sst.114 ) ]->
                [
                !SenderState( $A.6, ~sst.114 ),
                SenderCompromiseToken( $A.6, ~sst.114 )
                ]
    #vf.115: instance (modulo AC) Fresh:
                [ ] --> [ Fr( ~sst.114 ) ]
    #vr.116: instance (modulo AC) InitReceiverState:
                [ Fr( ~rst.117 ) ]
               --[ ReceiverStateCreated( $B.4, ~rst.117 ) ]->
                [
                ReceiverState( $B.4, ~rst.117 ),
                !ReceiverPublicState( $B.4, ~rst.117 ),
                ReceiverCompromiseToken( $B.4, ~rst.117 )
                ]
    #vf.118: instance (modulo AC) Fresh:
                [ ] --> [ Fr( ~rst.117 ) ]
    #vr.122: instance (modulo AC) AddSlot4:
                [
                OpenStage3( $B.4, ~bid.8, ~rst.117 ),
                In( <$A.123, $B.4, cts_in.123> ), Fr( ~idx.123 )
                ]
               --[
               SlotAdded( $B.4, ~bid.8, ~idx.123, $A.123, cts_in.123 ),
               Slot4Added( $B.4, ~bid.8, ~rst.117, ~idx.123, $A.123, cts_in.123 )
               ]->
                [
                OpenStage4( $B.4, ~bid.8, ~rst.117 ),
                AddedSlot4( $B.4, ~bid.8, ~rst.117, ~idx.123, $A.123, cts_in.123 )
                ]
    #vf.124: instance (modulo AC) isend:
                [ !KU( <$A.123, $B.4, cts_in.123> ) ]
               --[ K( <$A.123, $B.4, cts_in.123> ) ]->
                [ In( <$A.123, $B.4, cts_in.123> ) ]
    #vf.130: instance (modulo AC) Fresh:
                [ ] --> [ Fr( ~idx.123 ) ]
    #vr.134: instance (modulo AC) InitSenderState:
                [ Fr( ~sst.135 ) ]
               --[ SenderStateCreated( $A.11, ~sst.135 ) ]->
                [
                !SenderState( $A.11, ~sst.135 ),
                SenderCompromiseToken( $A.11, ~sst.135 )
                ]
    #vf.136: instance (modulo AC) Fresh:
                [ ] --> [ Fr( ~sst.135 ) ]
    #vr.163: instance (modulo AC) InitSenderState:
                [ Fr( ~sst.164 ) ]
               --[ SenderStateCreated( $A.13, ~sst.164 ) ]->
                [
                !SenderState( $A.13, ~sst.164 ),
                SenderCompromiseToken( $A.13, ~sst.164 )
                ]
    #vf.165: instance (modulo AC) Fresh:
                [ ] --> [ Fr( ~sst.164 ) ]
    #vr.192: instance (modulo AC) InitSenderState:
                [ Fr( ~sst.193 ) ]
               --[ SenderStateCreated( $A.15, ~sst.193 ) ]->
                [
                !SenderState( $A.15, ~sst.193 ),
                SenderCompromiseToken( $A.15, ~sst.193 )
                ]
    #vf.194: instance (modulo AC) Fresh:
                [ ] --> [ Fr( ~sst.193 ) ]
    #vr.265: instance (modulo AC) AddSlot3:
                [
                OpenStage2( $B.4, ~bid.8, ~rst.117 ),
                In( <$A.266, $B.4, cts_in.266> ), Fr( ~idx.266 )
                ]
               --[
               SlotAdded( $B.4, ~bid.8, ~idx.266, $A.266, cts_in.266 ),
               Slot3Added( $B.4, ~bid.8, ~rst.117, ~idx.266, $A.266, cts_in.266 )
               ]->
                [
                OpenStage3( $B.4, ~bid.8, ~rst.117 ),
                AddedSlot3( $B.4, ~bid.8, ~rst.117, ~idx.266, $A.266, cts_in.266 )
                ]
    #vf.267: instance (modulo AC) isend:
                [ !KU( <$A.266, $B.4, cts_in.266> ) ]
               --[ K( <$A.266, $B.4, cts_in.266> ) ]->
                [ In( <$A.266, $B.4, cts_in.266> ) ]
    #vf.273: instance (modulo AC) Fresh:
                [ ] --> [ Fr( ~idx.266 ) ]
    #vf.358: instance (modulo AC) isend:
                [ !KU( <$A.13, $B.4, cts($A.13, $B.4, ~sst.164, ~r.60)> ) ]
               --[ K( <$A.13, $B.4, cts($A.13, $B.4, ~sst.164, ~r.60)> ) ]->
                [ In( <$A.13, $B.4, cts($A.13, $B.4, ~sst.164, ~r.60)> ) ]
    #vf.364: instance (modulo AC) Fresh:
                [ ] --> [ Fr( ~idx.51 ) ]
    #vr.412: instance (modulo AC) AddSlot2:
                [
                OpenStage1( $B.4, ~bid.8, ~rst.117 ),
                In( <$A.413, $B.4, cts_in.413> ), Fr( ~idx.413 )
                ]
               --[
               SlotAdded( $B.4, ~bid.8, ~idx.413, $A.413, cts_in.413 ),
               Slot2Added( $B.4, ~bid.8, ~rst.117, ~idx.413, $A.413, cts_in.413 )
               ]->
                [
                OpenStage2( $B.4, ~bid.8, ~rst.117 ),
                AddedSlot2( $B.4, ~bid.8, ~rst.117, ~idx.413, $A.413, cts_in.413 )
                ]
    #vf.414: instance (modulo AC) isend:
                [ !KU( <$A.413, $B.4, cts_in.413> ) ]
               --[ K( <$A.413, $B.4, cts_in.413> ) ]->
                [ In( <$A.413, $B.4, cts_in.413> ) ]
    #vf.420: instance (modulo AC) Fresh:
                [ ] --> [ Fr( ~idx.413 ) ]
    #vr.474: instance (modulo AC) AddSlot1:
                [
                OpenStage0( $B.4, ~bid.8, ~rst.117 ),
                In( <$A.475, $B.4, cts_in.475> ), Fr( ~idx.475 )
                ]
               --[
               SlotAdded( $B.4, ~bid.8, ~idx.475, $A.475, cts_in.475 ),
               Slot1Added( $B.4, ~bid.8, ~rst.117, ~idx.475, $A.475, cts_in.475 )
               ]->
                [
                OpenStage1( $B.4, ~bid.8, ~rst.117 ),
                AddedSlot1( $B.4, ~bid.8, ~rst.117, ~idx.475, $A.475, cts_in.475 )
                ]
    #vf.476: instance (modulo AC) isend:
                [ !KU( <$A.475, $B.4, cts_in.475> ) ]
               --[ K( <$A.475, $B.4, cts_in.475> ) ]->
                [ In( <$A.475, $B.4, cts_in.475> ) ]
    #vf.482: instance (modulo AC) Fresh:
                [ ] --> [ Fr( ~idx.475 ) ]
    #vr.498: instance (modulo AC) AddSlot1:
                [
                OpenStage0( $B.4, ~bid.8, ~rst.117 ),
                In( <$A.499, $B.4, cts_in.499> ), Fr( ~idx.499 )
                ]
               --[
               SlotAdded( $B.4, ~bid.8, ~idx.499, $A.499, cts_in.499 ),
               Slot1Added( $B.4, ~bid.8, ~rst.117, ~idx.499, $A.499, cts_in.499 )
               ]->
                [
                OpenStage1( $B.4, ~bid.8, ~rst.117 ),
                AddedSlot1( $B.4, ~bid.8, ~rst.117, ~idx.499, $A.499, cts_in.499 )
                ]
    #vf.500: instance (modulo AC) isend:
                [ !KU( <$A.499, $B.4, cts_in.499> ) ]
               --[ K( <$A.499, $B.4, cts_in.499> ) ]->
                [ In( <$A.499, $B.4, cts_in.499> ) ]
    #vf.506: instance (modulo AC) Fresh:
                [ ] --> [ Fr( ~idx.499 ) ]
  actions:
    !KU( <$A.6, $B.4, cts($A.6, $B.4, ~sst.114, ~r.30)> ) @ #vk.23,
    !KU( $A.6 ) @ #vk.24,
    !KU( <$B.4, cts($A.6, $B.4, ~sst.114, ~r.30)> ) @ #vk.25,
    !KU( $B.4 ) @ #vk.26,
    !KU( cts($A.6, $B.4, ~sst.114, ~r.30) ) @ #vk.27,
    !KU( <$A.11, $B.4, cts($A.11, $B.4, ~sst.135, ~r.46)> ) @ #vk.39,
    !KU( $A.11 ) @ #vk.40,
    !KU( <$B.4, cts($A.11, $B.4, ~sst.135, ~r.46)> ) @ #vk.41,
    !KU( cts($A.11, $B.4, ~sst.135, ~r.46) ) @ #vk.43,
    !KU( <$A.13, $B.4, cts($A.13, $B.4, ~sst.164, ~r.60)> ) @ #vk.53,
    !KU( $A.13 ) @ #vk.54,
    !KU( <$B.4, cts($A.13, $B.4, ~sst.164, ~r.60)> ) @ #vk.55,
    !KU( cts($A.13, $B.4, ~sst.164, ~r.60) ) @ #vk.57,
    !KU( <$A.15, $B.4, cts($A.15, $B.4, ~sst.193, ~r.74)> ) @ #vk.67,
    !KU( $A.15 ) @ #vk.68,
    !KU( <$B.4, cts($A.15, $B.4, ~sst.193, ~r.74)> ) @ #vk.69,
    !KU( cts($A.15, $B.4, ~sst.193, ~r.74) ) @ #vk.71,
    !KU( <$A.123, $B.4, cts_in.123> ) @ #vk.125,
    !KU( $A.123 ) @ #vk.126, !KU( <$B.4, cts_in.123> ) @ #vk.127,
    !KU( cts_in.123 ) @ #vk.129,
    !KU( <$A.266, $B.4, cts_in.266> ) @ #vk.268,
    !KU( $A.266 ) @ #vk.269, !KU( <$B.4, cts_in.266> ) @ #vk.270,
    !KU( cts_in.266 ) @ #vk.272,
    !KU( <$A.13, $B.4, cts($A.13, $B.4, ~sst.164, ~r.60)> ) @ #vk.359,
    !KU( $A.13 ) @ #vk.360,
    !KU( <$B.4, cts($A.13, $B.4, ~sst.164, ~r.60)> ) @ #vk.361,
    !KU( cts($A.13, $B.4, ~sst.164, ~r.60) ) @ #vk.363,
    !KU( <$A.413, $B.4, cts_in.413> ) @ #vk.415,
    !KU( $A.413 ) @ #vk.416, !KU( <$B.4, cts_in.413> ) @ #vk.417,
    !KU( cts_in.413 ) @ #vk.419,
    !KU( <$A.475, $B.4, cts_in.475> ) @ #vk.477,
    !KU( $A.475 ) @ #vk.478, !KU( <$B.4, cts_in.475> ) @ #vk.479,
    !KU( cts_in.475 ) @ #vk.481,
    !KU( <$A.499, $B.4, cts_in.499> ) @ #vk.501,
    !KU( $A.499 ) @ #vk.502, !KU( <$B.4, cts_in.499> ) @ #vk.503,
    !KU( cts_in.499 ) @ #vk.505
  edges:
    (#vr.3, 1) >--> (#i, 0), (#vr.5, 0) >--> (#vr.3, 0),
    (#vr.5, 1) >--> (#vr.3, 5), (#vr.7, 0) >--> (#vr.36, 0),
    (#vr.7, 1) >--> (#vr.3, 1), (#vf.9, 0) >--> (#vr.7, 1),
    (#vr.10, 0) >--> (#vr.12, 0), (#vr.10, 1) >--> (#vr.3, 2),
    (#vr.12, 0) >--> (#vr.14, 0), (#vr.12, 1) >--> (#vr.3, 3),
    (#vr.14, 0) >--> (#vr.5, 0), (#vr.14, 1) >--> (#vr.3, 4),
    (#vr.20, 1) >--> (#vr.5, 1), (#vf.22, 0) >--> (#vr.20, 1),
    (#vf.28, 0) >--> (#vr.20, 2), (#vr.29, 1) >--> (#vr.5, 2),
    (#vf.31, 0) >--> (#vr.29, 2), (#vr.32, 0) >--> (#vr.7, 0),
    (#vr.34, 0) >--> (#vr.10, 0), (#vr.36, 0) >--> (#vr.50, 0),
    (#vr.36, 1) >--> (#vr.10, 1), (#vf.38, 0) >--> (#vr.36, 1),
    (#vf.44, 0) >--> (#vr.36, 2), (#vr.45, 1) >--> (#vr.10, 2),
    (#vf.47, 0) >--> (#vr.45, 2), (#vr.50, 0) >--> (#vr.64, 0),
    (#vr.50, 1) >--> (#vr.12, 1), (#vf.52, 0) >--> (#vr.50, 1),
    (#vf.58, 0) >--> (#vr.50, 2), (#vr.59, 1) >--> (#vr.12, 2),
    (#vf.61, 0) >--> (#vr.59, 2), (#vr.64, 0) >--> (#vr.20, 0),
    (#vr.64, 1) >--> (#vr.14, 1), (#vf.66, 0) >--> (#vr.64, 1),
    (#vf.72, 0) >--> (#vr.64, 2), (#vr.73, 1) >--> (#vr.14, 2),
    (#vf.75, 0) >--> (#vr.73, 2), (#vr.113, 0) >--> (#vr.29, 0),
    (#vf.115, 0) >--> (#vr.113, 0), (#vr.116, 1) >--> (#vr.29, 1),
    (#vr.116, 1) >--> (#vr.45, 1), (#vr.116, 1) >--> (#vr.59, 1),
    (#vr.116, 1) >--> (#vr.73, 1), (#vr.116, 2) >--> (#vr.32, 1),
    (#vf.118, 0) >--> (#vr.116, 0), (#vr.122, 0) >--> (#vr.34, 0),
    (#vf.124, 0) >--> (#vr.122, 1), (#vf.130, 0) >--> (#vr.122, 2),
    (#vr.134, 0) >--> (#vr.45, 0), (#vf.136, 0) >--> (#vr.134, 0),
    (#vr.163, 0) >--> (#vr.59, 0), (#vf.165, 0) >--> (#vr.163, 0),
    (#vr.192, 0) >--> (#vr.73, 0), (#vf.194, 0) >--> (#vr.192, 0),
    (#vr.265, 0) >--> (#vr.122, 0), (#vf.267, 0) >--> (#vr.265, 1),
    (#vf.273, 0) >--> (#vr.265, 2), (#vf.358, 0) >--> (#vr.50, 1),
    (#vf.364, 0) >--> (#vr.50, 2), (#vr.412, 0) >--> (#vr.265, 0),
    (#vf.414, 0) >--> (#vr.412, 1), (#vf.420, 0) >--> (#vr.412, 2),
    (#vr.474, 0) >--> (#vr.50, 0), (#vf.476, 0) >--> (#vr.474, 1),
    (#vf.482, 0) >--> (#vr.474, 2), (#vr.498, 0) >--> (#vr.412, 0),
    (#vf.500, 0) >--> (#vr.498, 1), (#vf.506, 0) >--> (#vr.498, 2)
  less:
    #vr.7 < #vr.3: induced by fresh value,
    #vr.7 < #vr.5: induced by fresh value,
    #vr.7 < #vr.10: induced by fresh value,
    #vr.7 < #vr.12: induced by fresh value,
    #vr.7 < #vr.14: induced by fresh value,
    #vr.7 < #vr.20: induced by fresh value,
    #vr.7 < #vr.34: induced by fresh value,
    #vr.7 < #vr.36: induced by fresh value,
    #vr.7 < #vr.50: induced by fresh value,
    #vr.7 < #vr.64: induced by fresh value,
    #vr.7 < #vr.122: induced by fresh value,
    #vr.7 < #vr.265: induced by fresh value,
    #vr.7 < #vr.412: induced by fresh value,
    #vr.7 < #vr.474: induced by fresh value,
    #vr.7 < #vr.498: induced by fresh value,
    #vr.20 < #vr.5: induced by fresh value,
    #vk.23 < #vf.22: induced by adversary,
    #vk.24 < #vk.23: induced by adversary,
    #vk.25 < #vk.23: induced by adversary,
    #vk.26 < #vk.25: induced by adversary,
    #vk.26 < #vk.41: induced by adversary,
    #vk.26 < #vk.55: induced by adversary,
    #vk.26 < #vk.69: induced by adversary,
    #vk.26 < #vk.127: induced by adversary,
    #vk.26 < #vk.270: induced by adversary,
    #vk.26 < #vk.361: induced by adversary,
    #vk.26 < #vk.417: induced by adversary,
    #vk.26 < #vk.479: induced by adversary,
    #vk.26 < #vk.503: induced by adversary,
    #vk.27 < #vk.25: induced by adversary,
    #vr.29 < #vr.5: induced by fresh value,
    #vr.29 < #vr.20: induced by fresh value,
    #vr.29 < #vf.22: induced by fresh value,
    #vr.36 < #vr.10: induced by fresh value,
    #vk.39 < #vf.38: induced by adversary,
    #vk.40 < #vk.39: induced by adversary,
    #vk.41 < #vk.39: induced by adversary,
    #vk.43 < #vk.41: induced by adversary,
    #vr.45 < #vr.10: induced by fresh value,
    #vr.45 < #vr.36: induced by fresh value,
    #vr.45 < #vf.38: induced by fresh value,
    #vr.50 < #vr.12: induced by fresh value,
    #vk.53 < #vf.52: induced by adversary,
    #vk.54 < #vk.53: induced by adversary,
    #vk.55 < #vk.53: induced by adversary,
    #vk.57 < #vk.55: induced by adversary,
    #vr.59 < #vr.12: induced by fresh value,
    #vr.59 < #vr.50: induced by fresh value,
    #vr.59 < #vf.52: induced by fresh value,
    #vr.59 < #vf.358: induced by fresh value,
    #vr.64 < #vr.14: induced by fresh value,
    #vk.67 < #vf.66: induced by adversary,
    #vk.68 < #vk.67: induced by adversary,
    #vk.69 < #vk.67: induced by adversary,
    #vk.71 < #vk.69: induced by adversary,
    #vr.73 < #vr.14: induced by fresh value,
    #vr.73 < #vr.64: induced by fresh value,
    #vr.73 < #vf.66: induced by fresh value,
    #vr.113 < #vr.5: induced by fresh value,
    #vr.113 < #vr.20: induced by fresh value,
    #vr.113 < #vf.22: induced by fresh value,
    #vr.113 < #vr.29: induced by fresh value,
    #vr.116 < #vr.3: induced by fresh value,
    #vr.116 < #vr.5: induced by fresh value,
    #vr.116 < #vr.7: induced by fresh value,
    #vr.116 < #vr.10: induced by fresh value,
    #vr.116 < #vr.12: induced by fresh value,
    #vr.116 < #vr.14: induced by fresh value,
    #vr.116 < #vr.20: induced by fresh value,
    #vr.116 < #vr.29: induced by fresh value,
    #vr.116 < #vr.32: induced by fresh value,
    #vr.116 < #vr.34: induced by fresh value,
    #vr.116 < #vr.36: induced by fresh value,
    #vr.116 < #vr.45: induced by fresh value,
    #vr.116 < #vr.50: induced by fresh value,
    #vr.116 < #vr.59: induced by fresh value,
    #vr.116 < #vr.64: induced by fresh value,
    #vr.116 < #vr.73: induced by fresh value,
    #vr.116 < #vr.122: induced by fresh value,
    #vr.116 < #vr.265: induced by fresh value,
    #vr.116 < #vr.412: induced by fresh value,
    #vr.116 < #vr.474: induced by fresh value,
    #vr.116 < #vr.498: induced by fresh value,
    #vk.125 < #vf.124: induced by adversary,
    #vk.126 < #vk.125: induced by adversary,
    #vk.127 < #vk.125: induced by adversary,
    #vk.129 < #vk.127: induced by adversary,
    #vr.134 < #vr.10: induced by fresh value,
    #vr.134 < #vr.36: induced by fresh value,
    #vr.134 < #vf.38: induced by fresh value,
    #vr.134 < #vr.45: induced by fresh value,
    #vr.163 < #vr.12: induced by fresh value,
    #vr.163 < #vr.50: induced by fresh value,
    #vr.163 < #vf.52: induced by fresh value,
    #vr.163 < #vr.59: induced by fresh value,
    #vr.163 < #vf.358: induced by fresh value,
    #vr.192 < #vr.14: induced by fresh value,
    #vr.192 < #vr.64: induced by fresh value,
    #vr.192 < #vf.66: induced by fresh value,
    #vr.192 < #vr.73: induced by fresh value,
    #vk.268 < #vf.267: induced by adversary,
    #vk.269 < #vk.268: induced by adversary,
    #vk.270 < #vk.268: induced by adversary,
    #vk.272 < #vk.270: induced by adversary,
    #vk.359 < #vf.358: induced by adversary,
    #vk.360 < #vk.359: induced by adversary,
    #vk.361 < #vk.359: induced by adversary,
    #vk.363 < #vk.361: induced by adversary,
    #vk.415 < #vf.414: induced by adversary,
    #vk.416 < #vk.415: induced by adversary,
    #vk.417 < #vk.415: induced by adversary,
    #vk.419 < #vk.417: induced by adversary,
    #vk.477 < #vf.476: induced by adversary,
    #vk.478 < #vk.477: induced by adversary,
    #vk.479 < #vk.477: induced by adversary,
    #vk.481 < #vk.479: induced by adversary,
    #vk.501 < #vf.500: induced by adversary,
    #vk.502 < #vk.501: induced by adversary,
    #vk.503 < #vk.501: induced by adversary,
    #vk.505 < #vk.503: induced by adversary
  unsolved constraints:
    !KU( <$A.6, $B.4, cts($A.6, $B.4, ~sst.114, ~r.30)>
    ) @ #vk.23 // nr: 36" (currently deducible)"
    
    !KU( $A.6 ) @ #vk.24 // nr: 37" (currently deducible)"
    
    !KU( <$B.4, cts($A.6, $B.4, ~sst.114, ~r.30)>
    ) @ #vk.25 // nr: 38" (currently deducible)"
    
    !KU( $B.4 ) @ #vk.26 // nr: 39" (currently deducible)"
    
    !KU( cts($A.6, $B.4, ~sst.114, ~r.30)
    ) @ #vk.27 // nr: 45" (currently deducible)"
    
    !KU( <$A.11, $B.4, cts($A.11, $B.4, ~sst.135, ~r.46)>
    ) @ #vk.39 // nr: 53" (currently deducible)"
    
    !KU( $A.11 ) @ #vk.40 // nr: 54" (currently deducible)"
    
    !KU( <$B.4, cts($A.11, $B.4, ~sst.135, ~r.46)>
    ) @ #vk.41 // nr: 55" (currently deducible)"
    
    !KU( cts($A.11, $B.4, ~sst.135, ~r.46)
    ) @ #vk.43 // nr: 62" (currently deducible)"
    
    !KU( <$A.13, $B.4, cts($A.13, $B.4, ~sst.164, ~r.60)>
    ) @ #vk.53 // nr: 69" (currently deducible)"
    
    !KU( $A.13 ) @ #vk.54 // nr: 70" (currently deducible)"
    
    !KU( <$B.4, cts($A.13, $B.4, ~sst.164, ~r.60)>
    ) @ #vk.55 // nr: 71" (currently deducible)"
    
    !KU( cts($A.13, $B.4, ~sst.164, ~r.60)
    ) @ #vk.57 // nr: 78" (currently deducible)"
    
    !KU( <$A.15, $B.4, cts($A.15, $B.4, ~sst.193, ~r.74)>
    ) @ #vk.67 // nr: 85" (currently deducible)"
    
    !KU( $A.15 ) @ #vk.68 // nr: 86" (currently deducible)"
    
    !KU( <$B.4, cts($A.15, $B.4, ~sst.193, ~r.74)>
    ) @ #vk.69 // nr: 87" (currently deducible)"
    
    !KU( cts($A.15, $B.4, ~sst.193, ~r.74)
    ) @ #vk.71 // nr: 94" (currently deducible)"
    
    !KU( <$A.123, $B.4, cts_in.123>
    ) @ #vk.125 // nr: 139" (probably constructible)"
    
    !KU( $A.123 ) @ #vk.126 // nr: 140" (currently deducible)"
    
    !KU( <$B.4, cts_in.123>
    ) @ #vk.127 // nr: 141" (probably constructible)"
    
    !KU( cts_in.123 ) @ #vk.129 // nr: 143" (probably constructible)"
    
    !KU( <$A.266, $B.4, cts_in.266>
    ) @ #vk.268 // nr: 255" (probably constructible)"
    
    !KU( $A.266 ) @ #vk.269 // nr: 256" (currently deducible)"
    
    !KU( <$B.4, cts_in.266>
    ) @ #vk.270 // nr: 257" (probably constructible)"
    
    !KU( cts_in.266 ) @ #vk.272 // nr: 259" (probably constructible)"
    
    !KU( <$A.13, $B.4, cts($A.13, $B.4, ~sst.164, ~r.60)>
    ) @ #vk.359 // nr: 330" (currently deducible)"
    
    !KU( $A.13 ) @ #vk.360 // nr: 331" (currently deducible)"
    
    !KU( <$B.4, cts($A.13, $B.4, ~sst.164, ~r.60)>
    ) @ #vk.361 // nr: 332" (currently deducible)"
    
    !KU( cts($A.13, $B.4, ~sst.164, ~r.60)
    ) @ #vk.363 // nr: 470" (currently deducible)"
    
    !KU( <$A.413, $B.4, cts_in.413>
    ) @ #vk.415 // nr: 374" (probably constructible)"
    
    !KU( $A.413 ) @ #vk.416 // nr: 375" (currently deducible)"
    
    !KU( <$B.4, cts_in.413>
    ) @ #vk.417 // nr: 376" (probably constructible)"
    
    !KU( cts_in.413 ) @ #vk.419 // nr: 378" (probably constructible)"
    
    !KU( <$A.475, $B.4, cts_in.475>
    ) @ #vk.477 // nr: 426" (probably constructible)"
    
    !KU( $A.475 ) @ #vk.478 // nr: 427" (currently deducible)"
    
    !KU( <$B.4, cts_in.475>
    ) @ #vk.479 // nr: 428" (probably constructible)"
    
    !KU( cts_in.475 ) @ #vk.481 // nr: 430" (probably constructible)"
    
    !KU( <$A.499, $B.4, cts_in.499>
    ) @ #vk.501 // nr: 451" (probably constructible)"
    
    !KU( $A.499 ) @ #vk.502 // nr: 452" (currently deducible)"
    
    !KU( <$B.4, cts_in.499>
    ) @ #vk.503 // nr: 453" (probably constructible)"
    
    !KU( cts_in.499 ) @ #vk.505 // nr: 455" (probably constructible)"
    
    ReceiverState( $B.4, ~rst.117
    ) ▶₀ #vr.32 // nr: 47 (from rule CompromiseReceiverState) (loop breaker)" (loop breaker)"
    
    OpenStage0( $B.4, ~bid.8, ~rst.117
    ) ▶₀ #vr.474 // nr: 425 (from rule AddSlot1)" (useful2)"
    
    OpenStage0( $B.4, ~bid.8, ~rst.117
    ) ▶₀ #vr.498 // nr: 450 (from rule AddSlot1)" (useful2)"
    
    splitEqs(102) // nr: 463" (useful2)"
  last: none
  
  formulas:
  
  subterms:
  
  equations:
    subst:
      $B.4  <~ {t.1, $B.6, $B.8, $B.11, $B.13, $B.15, $B.17, $B.19,
                $B.21, $B.30, $B.33, $B.35, $B.37, $B.46, $B.49, $B.51, $B.60,
                $B.63, $B.65, $B.74, $B.77, $B.79, $B.88, $B.91, $B.93, $B.102,
                $B.105, $B.117, $B.120, $B.123, $B.132, $B.138, $B.141, $B.143,
                $B.152, $B.155, $B.167, $B.170, $B.172, $B.181, $B.184, $B.196,
                $B.199, $B.201, $B.210, $B.213, $B.225, $B.228, $B.230, $B.239,
                $B.242, $B.254, $B.257, $B.266, $B.275, $B.284, $B.287, $B.290,
                $B.292, $B.301, $B.304, $B.316, $B.319, $B.328, $B.330, $B.339,
                $B.342, $B.354, $B.357, $B.366, $B.368, $B.377, $B.380, $B.392,
                $B.395, $B.404, $B.413, $B.422, $B.431, $B.434, $B.437, $B.439,
                $B.448, $B.451, $B.463, $B.466, $B.475, $B.484, $B.493, $B.496,
                $B.499, $B.508, $B.517}
      #vr.5  <~ {#vr.16}
      $A.6  <~ {$A.17, $A.21, $A.30, $A.79, $A.88, $A.114, $A.222}
      #vr.7  <~ {#vr.131, #vr.283, #vr.286, #vr.430, #vr.433, #vr.492,
                 #vr.495, #vr.516}
      ~bid.8  <~ {bid.4, bid.6, bid.11, bid.13, bid.15, bid.17, bid.19,
                  bid.21, bid.35, bid.37, bid.49, bid.51, bid.63, bid.65, bid.77,
                  bid.79, bid.91, bid.93, bid.105, bid.123, ~bid.132, bid.141,
                  bid.143, bid.155, bid.170, bid.172, bid.184, bid.199, bid.201,
                  bid.213, bid.228, bid.230, bid.242, bid.257, bid.266, bid.275,
                  ~bid.284, ~bid.287, bid.290, bid.292, bid.304, bid.319, bid.328,
                  bid.330, bid.342, bid.357, bid.366, bid.368, bid.380, bid.395,
                  bid.404, bid.413, bid.422, ~bid.431, ~bid.434, bid.437, bid.439,
                  bid.451, bid.466, bid.475, bid.484, ~bid.493, ~bid.496, bid.499,
                  bid.508, ~bid.517}
      #vf.9  <~ {#vf.133, #vf.285, #vf.288, #vf.432, #vf.435, #vf.494,
                 #vf.497, #vf.518}
      #vr.10  <~ {#vr.48, #vr.169, #vr.227, #vr.327}
      $A.11  <~ {$A.37, $A.46, $A.49, $A.135, $A.143, $A.152, $A.155,
                 $A.170, $A.228, $A.292, $A.301, $A.304, $A.319, $A.328, $A.368,
                 $A.377, $A.380, $A.395, $A.404, $A.439, $A.448, $A.451, $A.466}
      #vr.12  <~ {#vr.62, #vr.90, #vr.198}
      $A.13  <~ {$A.51, $A.60, $A.63, $A.91, $A.164, $A.172, $A.181,
                 $A.184, $A.199, $A.230, $A.239, $A.242, $A.257, $A.313, $A.330,
                 $A.339, $A.342, $A.357, $A.389, $A.460}
      #vr.14  <~ {#vr.18, #vr.76}
      $A.15  <~ {$A.19, $A.65, $A.74, $A.77, $A.93, $A.102, $A.105,
                 $A.193, $A.201, $A.210, $A.213, $A.251, $A.351}
      #vr.20  <~ {#vr.78}
      ~idx.21  <~ {idx.6, idx.17, ~idx.79}
      #vf.22  <~ {#vf.80}
      #vk.23  <~ {#vk.81}
      #vk.24  <~ {#vk.82}
      #vk.25  <~ {#vk.83}
      #vk.26  <~ {#vk.42, #vk.56, #vk.70, #vk.84, #vk.98, #vk.110,
                  #vk.128, #vk.148, #vk.160, #vk.177, #vk.189, #vk.206, #vk.218,
                  #vk.235, #vk.247, #vk.262, #vk.271, #vk.280, #vk.297, #vk.309,
                  #vk.324, #vk.335, #vk.347, #vk.362, #vk.373, #vk.385, #vk.400,
                  #vk.409, #vk.418, #vk.427, #vk.444, #vk.456, #vk.471, #vk.480,
                  #vk.489, #vk.504, #vk.513}
      #vk.27  <~ {#vk.85}
      #vf.28  <~ {#vf.86}
      #vr.29  <~ {#vr.87}
      ~r.30  <~ {~r.88}
      #vf.31  <~ {#vf.89}
      #vr.34  <~ {#vr.140, #vr.289, #vr.365, #vr.436}
      #vr.36  <~ {#vr.142, #vr.154, #vr.291, #vr.303, #vr.318, #vr.367,
                  #vr.379, #vr.394, #vr.403, #vr.438, #vr.450, #vr.465, #vr.474}
      ~idx.37  <~ {idx.11, idx.49, ~idx.143, ~idx.155, idx.170, idx.228,
                   ~idx.292, ~idx.304, ~idx.319, idx.328, ~idx.368, ~idx.380,
                   ~idx.395, ~idx.404, ~idx.439, ~idx.451, ~idx.466}
      #vf.38  <~ {#vf.144, #vf.156, #vf.293, #vf.305, #vf.320, #vf.369,
                  #vf.381, #vf.396, #vf.405, #vf.440, #vf.452, #vf.467}
      #vk.39  <~ {#vk.145, #vk.157, #vk.294, #vk.306, #vk.321, #vk.370,
                  #vk.382, #vk.397, #vk.406, #vk.441, #vk.453, #vk.468}
      #vk.40  <~ {#vk.146, #vk.158, #vk.295, #vk.307, #vk.322, #vk.371,
                  #vk.383, #vk.398, #vk.407, #vk.442, #vk.454, #vk.469}
      #vk.41  <~ {#vk.147, #vk.159, #vk.296, #vk.308, #vk.323, #vk.372,
                  #vk.384, #vk.399, #vk.408, #vk.443, #vk.455, #vk.470}
      #vk.43  <~ {#vk.149, #vk.161, #vk.298, #vk.310, #vk.325, #vk.374,
                  #vk.386, #vk.401, #vk.410, #vk.445, #vk.457, #vk.472}
      #vf.44  <~ {#vf.150, #vf.162, #vf.299, #vf.311, #vf.326, #vf.375,
                  #vf.387, #vf.402, #vf.411, #vf.446, #vf.458, #vf.473}
      #vr.45  <~ {#vr.151, #vr.300, #vr.376, #vr.447}
      ~r.46  <~ {~r.152, ~r.301, ~r.377, ~r.448}
      #vf.47  <~ {#vf.153, #vf.302, #vf.378, #vf.449}
      #vr.50  <~ {#vr.171, #vr.183, #vr.229, #vr.241, #vr.256, #vr.329,
                  #vr.341, #vr.356}
      ~idx.51  <~ {idx.13, idx.63, idx.91, ~idx.172, ~idx.184, idx.199,
                   ~idx.230, ~idx.242, ~idx.257, ~idx.330, ~idx.342, ~idx.357}
      #vf.52  <~ {#vf.173, #vf.185, #vf.231, #vf.243, #vf.258, #vf.331,
                  #vf.343, #vf.358}
      #vk.53  <~ {#vk.174, #vk.186, #vk.232, #vk.244, #vk.259, #vk.332,
                  #vk.344, #vk.359}
      #vk.54  <~ {#vk.175, #vk.187, #vk.233, #vk.245, #vk.260, #vk.333,
                  #vk.345, #vk.360}
      #vk.55  <~ {#vk.176, #vk.188, #vk.234, #vk.246, #vk.261, #vk.334,
                  #vk.346, #vk.361}
      #vk.57  <~ {#vk.178, #vk.190, #vk.236, #vk.248, #vk.263, #vk.336,
                  #vk.348, #vk.363}
      #vf.58  <~ {#vf.179, #vf.191, #vf.237, #vf.249, #vf.264, #vf.337,
                  #vf.349, #vf.364}
      #vr.59  <~ {#vr.180, #vr.238, #vr.338}
      ~r.60  <~ {~r.181, ~r.239, ~r.339}
      #vf.61  <~ {#vf.182, #vf.240, #vf.340}
      #vr.64  <~ {#vr.92, #vr.104, #vr.200, #vr.212}
      ~idx.65  <~ {idx.15, idx.19, idx.77, ~idx.93, ~idx.105, ~idx.201,
                   ~idx.213}
      #vf.66  <~ {#vf.94, #vf.106, #vf.202, #vf.214}
      #vk.67  <~ {#vk.95, #vk.107, #vk.203, #vk.215}
      #vk.68  <~ {#vk.96, #vk.108, #vk.204, #vk.216}
      #vk.69  <~ {#vk.97, #vk.109, #vk.205, #vk.217}
      #vk.71  <~ {#vk.99, #vk.111, #vk.207, #vk.219}
      #vf.72  <~ {#vf.100, #vf.112, #vf.208, #vf.220}
      #vr.73  <~ {#vr.101, #vr.209}
      ~r.74  <~ {~r.102, ~r.210}
      #vf.75  <~ {#vf.103, #vf.211}
      #vr.113  <~ {#vr.221}
      ~sst.114  <~ {sst.30, sst.88, ~sst.222}
      #vf.115  <~ {#vf.223}
      #vr.116  <~ {#vr.119, #vr.137, #vr.166, #vr.195, #vr.224, #vr.253,
                   #vr.315, #vr.353, #vr.391, #vr.462}
      ~rst.117  <~ {t.2, rst.4, rst.6, rst.8, rst.11, rst.13, rst.15,
                    rst.17, rst.19, rst.21, rst.30, rst.33, rst.35, rst.37, rst.46,
                    rst.49, rst.51, rst.60, rst.63, rst.65, rst.74, rst.77, rst.79,
                    rst.88, rst.91, rst.93, rst.102, rst.105, ~rst.120, rst.123,
                    rst.132, ~rst.138, rst.141, rst.143, rst.152, rst.155, ~rst.167,
                    rst.170, rst.172, rst.181, rst.184, ~rst.196, rst.199, rst.201,
                    rst.210, rst.213, ~rst.225, rst.228, rst.230, rst.239, rst.242,
                    ~rst.254, rst.257, rst.266, rst.275, rst.284, rst.287, rst.290,
                    rst.292, rst.301, rst.304, ~rst.316, rst.319, rst.328, rst.330,
                    rst.339, rst.342, ~rst.354, rst.357, rst.366, rst.368, rst.377,
                    rst.380, ~rst.392, rst.395, rst.404, rst.413, rst.422, rst.431,
                    rst.434, rst.437, rst.439, rst.448, rst.451, ~rst.463, rst.466,
                    rst.475, rst.484, rst.493, rst.496, rst.499, rst.508, rst.517}
      #vf.118  <~ {#vf.121, #vf.139, #vf.168, #vf.197, #vf.226, #vf.255,
                   #vf.317, #vf.355, #vf.393, #vf.464}
      #vr.122  <~ {#vr.274, #vr.421, #vr.483, #vr.507}
      $A.123  <~ {$A.275, $A.422, $A.484, $A.508}
      ~idx.123  <~ {~idx.275, ~idx.422, ~idx.484, ~idx.508}
      cts_in.123  <~ {cts_in.275, cts_in.422, cts_in.484, cts_in.508}
      #vf.124  <~ {#vf.276, #vf.423, #vf.485, #vf.509}
      #vk.125  <~ {#vk.277, #vk.424, #vk.486, #vk.510}
      #vk.126  <~ {#vk.278, #vk.425, #vk.487, #vk.511}
      #vk.127  <~ {#vk.279, #vk.426, #vk.488, #vk.512}
      #vk.129  <~ {#vk.281, #vk.428, #vk.490, #vk.514}
      #vf.130  <~ {#vf.282, #vf.429, #vf.491, #vf.515}
      ~sst.135  <~ {sst.46, sst.152, sst.301, sst.377, sst.448}
      #vr.163  <~ {#vr.312, #vr.388, #vr.459}
      ~sst.164  <~ {sst.60, sst.181, sst.239, ~sst.313, sst.339,
                    ~sst.389, ~sst.460}
      #vf.165  <~ {#vf.314, #vf.390, #vf.461}
      #vr.192  <~ {#vr.250, #vr.350}
      ~sst.193  <~ {sst.74, sst.102, sst.210, ~sst.251, ~sst.351}
      #vf.194  <~ {#vf.252, #vf.352}
      cts($A.6, $B.4, ~sst.114, ~r.30)  <~ {cts_in.6, cts_in.17,
                                            cts_in.21, cts_in.79}
      cts($A.11, $B.4, ~sst.135, ~r.46)  <~ {cts_in.11, cts_in.37,
                                             cts_in.49, cts_in.143, cts_in.155, cts_in.170,
                                             cts_in.228, cts_in.292, cts_in.304, cts_in.319,
                                             cts_in.328, cts_in.368, cts_in.380, cts_in.395,
                                             cts_in.404, cts_in.439, cts_in.451, cts_in.466}
      cts($A.13, $B.4, ~sst.164, ~r.60)  <~ {cts_in.13, cts_in.51,
                                             cts_in.63, cts_in.91, cts_in.172, cts_in.184,
                                             cts_in.199, cts_in.230, cts_in.242, cts_in.257,
                                             cts_in.330, cts_in.342, cts_in.357}
      cts($A.15, $B.4, ~sst.193, ~r.74)  <~ {cts_in.15, cts_in.19,
                                             cts_in.65, cts_in.77, cts_in.93, cts_in.105,
                                             cts_in.201, cts_in.213}
      ks($A.6, $B.4, ~sst.114, ~r.30)  <~ {Ks.6, Ks.17}
      ks($A.11, $B.4, ~sst.135, ~r.46)  <~ {Ks.11, Ks.49, Ks.170, Ks.228,
                                            Ks.328}
      ks($A.13, $B.4, ~sst.164, ~r.60)  <~ {Ks.13, Ks.63, Ks.91, Ks.199}
      ks($A.15, $B.4, ~sst.193, ~r.74)  <~ {Ks.15, Ks.19, Ks.77}
    conj:
  
  lemmas:
  
  allowed cases: raw
  
  solved formulas:
  
  unsolved constraints:
    !KU( <$A.6, $B.4, cts($A.6, $B.4, ~sst.114, ~r.30)>
    ) @ #vk.23 // nr: 36" (currently deducible)"
    
    !KU( $A.6 ) @ #vk.24 // nr: 37" (currently deducible)"
    
    !KU( <$B.4, cts($A.6, $B.4, ~sst.114, ~r.30)>
    ) @ #vk.25 // nr: 38" (currently deducible)"
    
    !KU( $B.4 ) @ #vk.26 // nr: 39" (currently deducible)"
    
    !KU( cts($A.6, $B.4, ~sst.114, ~r.30)
    ) @ #vk.27 // nr: 45" (currently deducible)"
    
    !KU( <$A.11, $B.4, cts($A.11, $B.4, ~sst.135, ~r.46)>
    ) @ #vk.39 // nr: 53" (currently deducible)"
    
    !KU( $A.11 ) @ #vk.40 // nr: 54" (currently deducible)"
    
    !KU( <$B.4, cts($A.11, $B.4, ~sst.135, ~r.46)>
    ) @ #vk.41 // nr: 55" (currently deducible)"
    
    !KU( cts($A.11, $B.4, ~sst.135, ~r.46)
    ) @ #vk.43 // nr: 62" (currently deducible)"
    
    !KU( <$A.13, $B.4, cts($A.13, $B.4, ~sst.164, ~r.60)>
    ) @ #vk.53 // nr: 69" (currently deducible)"
    
    !KU( $A.13 ) @ #vk.54 // nr: 70" (currently deducible)"
    
    !KU( <$B.4, cts($A.13, $B.4, ~sst.164, ~r.60)>
    ) @ #vk.55 // nr: 71" (currently deducible)"
    
    !KU( cts($A.13, $B.4, ~sst.164, ~r.60)
    ) @ #vk.57 // nr: 78" (currently deducible)"
    
    !KU( <$A.15, $B.4, cts($A.15, $B.4, ~sst.193, ~r.74)>
    ) @ #vk.67 // nr: 85" (currently deducible)"
    
    !KU( $A.15 ) @ #vk.68 // nr: 86" (currently deducible)"
    
    !KU( <$B.4, cts($A.15, $B.4, ~sst.193, ~r.74)>
    ) @ #vk.69 // nr: 87" (currently deducible)"
    
    !KU( cts($A.15, $B.4, ~sst.193, ~r.74)
    ) @ #vk.71 // nr: 94" (currently deducible)"
    
    !KU( <$A.123, $B.4, cts_in.123>
    ) @ #vk.125 // nr: 139" (probably constructible)"
    
    !KU( $A.123 ) @ #vk.126 // nr: 140" (currently deducible)"
    
    !KU( <$B.4, cts_in.123>
    ) @ #vk.127 // nr: 141" (probably constructible)"
    
    !KU( cts_in.123 ) @ #vk.129 // nr: 143" (probably constructible)"
    
    !KU( <$A.266, $B.4, cts_in.266>
    ) @ #vk.268 // nr: 255" (probably constructible)"
    
    !KU( $A.266 ) @ #vk.269 // nr: 256" (currently deducible)"
    
    !KU( <$B.4, cts_in.266>
    ) @ #vk.270 // nr: 257" (probably constructible)"
    
    !KU( cts_in.266 ) @ #vk.272 // nr: 259" (probably constructible)"
    
    !KU( <$A.13, $B.4, cts($A.13, $B.4, ~sst.164, ~r.60)>
    ) @ #vk.359 // nr: 330" (currently deducible)"
    
    !KU( $A.13 ) @ #vk.360 // nr: 331" (currently deducible)"
    
    !KU( <$B.4, cts($A.13, $B.4, ~sst.164, ~r.60)>
    ) @ #vk.361 // nr: 332" (currently deducible)"
    
    !KU( cts($A.13, $B.4, ~sst.164, ~r.60)
    ) @ #vk.363 // nr: 470" (currently deducible)"
    
    !KU( <$A.413, $B.4, cts_in.413>
    ) @ #vk.415 // nr: 374" (probably constructible)"
    
    !KU( $A.413 ) @ #vk.416 // nr: 375" (currently deducible)"
    
    !KU( <$B.4, cts_in.413>
    ) @ #vk.417 // nr: 376" (probably constructible)"
    
    !KU( cts_in.413 ) @ #vk.419 // nr: 378" (probably constructible)"
    
    !KU( <$A.475, $B.4, cts_in.475>
    ) @ #vk.477 // nr: 426" (probably constructible)"
    
    !KU( $A.475 ) @ #vk.478 // nr: 427" (currently deducible)"
    
    !KU( <$B.4, cts_in.475>
    ) @ #vk.479 // nr: 428" (probably constructible)"
    
    !KU( cts_in.475 ) @ #vk.481 // nr: 430" (probably constructible)"
    
    !KU( <$A.499, $B.4, cts_in.499>
    ) @ #vk.501 // nr: 451" (probably constructible)"
    
    !KU( $A.499 ) @ #vk.502 // nr: 452" (currently deducible)"
    
    !KU( <$B.4, cts_in.499>
    ) @ #vk.503 // nr: 453" (probably constructible)"
    
    !KU( cts_in.499 ) @ #vk.505 // nr: 455" (probably constructible)"
    
    ReceiverState( $B.4, ~rst.117
    ) ▶₀ #vr.32 // nr: 47 (from rule CompromiseReceiverState) (loop breaker)" (loop breaker)"
    
    OpenStage0( $B.4, ~bid.8, ~rst.117
    ) ▶₀ #vr.474 // nr: 425 (from rule AddSlot1)" (useful2)"
    
    OpenStage0( $B.4, ~bid.8, ~rst.117
    ) ▶₀ #vr.498 // nr: 450 (from rule AddSlot1)" (useful2)"
    
    splitEqs(102) // nr: 463" (useful2)"
  
  solved constraints:
    UsedReceiverState( $B.4, ~rst.117 ) ▶₀ #i // nr: 0" (useful2)"
    
    SealedStage4( $B.4, ~bid.8, ~rst.117
    ) ▶₀ #vr.3 // nr: 2 (from rule CompleteBatch)" (useful2)"
    
    BatchEndToken( $B.4, ~bid.8, ~rst.117
    ) ▶₁ #vr.3 // nr: 3 (from rule CompleteBatch)" (useful2)"
    
    Slot1DoneFact( $B.4, ~bid.8, ~rst.117
    ) ▶₂ #vr.3 // nr: 4 (from rule CompleteBatch)" (useful2)"
    
    Slot2DoneFact( $B.4, ~bid.8, ~rst.117
    ) ▶₃ #vr.3 // nr: 5 (from rule CompleteBatch)" (useful2)"
    
    Slot3DoneFact( $B.4, ~bid.8, ~rst.117
    ) ▶₄ #vr.3 // nr: 6 (from rule CompleteBatch)" (useful2)"
    
    Slot4DoneFact( $B.4, ~bid.8, ~rst.117
    ) ▶₅ #vr.3 // nr: 7 (from rule CompleteBatch)" (useful2)"
    
    SealedStage3( $B.4, ~bid.8, ~rst.117
    ) ▶₀ #vr.5 // nr: 9 (from rule ProcessSlot4)" (useful2)"
    
    AddedSlot4( $B.4, ~bid.8, ~rst.117, ~idx.21, $A.6,
                cts($A.6, $B.4, ~sst.114, ~r.30)
    ) ▶₁ #vr.5 // nr: 10 (from rule ProcessSlot4)" (useful2)"
    
    !ComponentKey( $A.6, $B.4, ~rst.117,
                   cts($A.6, $B.4, ~sst.114, ~r.30), ks($A.6, $B.4, ~sst.114, ~r.30)
    ) ▶₂ #vr.5 // nr: 11 (from rule ProcessSlot4)" (useful2)"
    
    ReceiverState( $B.4, ~rst.117
    ) ▶₀ #vr.7 // nr: 13 (from rule CreateBatch)" (useful2)"
    
    SealedStage0( $B.4, ~bid.8, ~rst.117
    ) ▶₀ #vr.10 // nr: 15 (from rule ProcessSlot1)" (useful2)"
    
    AddedSlot1( $B.4, ~bid.8, ~rst.117, ~idx.37, $A.11,
                cts($A.11, $B.4, ~sst.135, ~r.46)
    ) ▶₁ #vr.10 // nr: 16 (from rule ProcessSlot1)" (useful2)"
    
    !ComponentKey( $A.11, $B.4, ~rst.117,
                   cts($A.11, $B.4, ~sst.135, ~r.46), ks($A.11, $B.4, ~sst.135, ~r.46)
    ) ▶₂ #vr.10 // nr: 17 (from rule ProcessSlot1)" (useful2)"
    
    SealedStage1( $B.4, ~bid.8, ~rst.117
    ) ▶₀ #vr.12 // nr: 19 (from rule ProcessSlot2)" (useful2)"
    
    AddedSlot2( $B.4, ~bid.8, ~rst.117, ~idx.51, $A.13,
                cts($A.13, $B.4, ~sst.164, ~r.60)
    ) ▶₁ #vr.12 // nr: 20 (from rule ProcessSlot2)" (useful2)"
    
    !ComponentKey( $A.13, $B.4, ~rst.117,
                   cts($A.13, $B.4, ~sst.164, ~r.60), ks($A.13, $B.4, ~sst.164, ~r.60)
    ) ▶₂ #vr.12 // nr: 21 (from rule ProcessSlot2)" (useful2)"
    
    SealedStage2( $B.4, ~bid.8, ~rst.117
    ) ▶₀ #vr.14 // nr: 23 (from rule ProcessSlot3)" (useful2)"
    
    AddedSlot3( $B.4, ~bid.8, ~rst.117, ~idx.65, $A.15,
                cts($A.15, $B.4, ~sst.193, ~r.74)
    ) ▶₁ #vr.14 // nr: 24 (from rule ProcessSlot3)" (useful2)"
    
    !ComponentKey( $A.15, $B.4, ~rst.117,
                   cts($A.15, $B.4, ~sst.193, ~r.74), ks($A.15, $B.4, ~sst.193, ~r.74)
    ) ▶₂ #vr.14 // nr: 25 (from rule ProcessSlot3)" (useful2)"
    
    OpenStage3( $B.4, ~bid.8, ~rst.117
    ) ▶₀ #vr.20 // nr: 35 (from rule AddSlot4)" (useful2)"
    
    !SenderState( $A.6, ~sst.114
    ) ▶₀ #vr.29 // nr: 43 (from rule SenderCreatesComponent)" (useful2)"
    
    !ReceiverPublicState( $B.4, ~rst.117
    ) ▶₁ #vr.29 // nr: 44 (from rule SenderCreatesComponent)" (useful2)"
    
    ReceiverCompromiseToken( $B.4, ~rst.117
    ) ▶₁ #vr.32 // nr: 48 (from rule CompromiseReceiverState)" (useful2)"
    
    OpenStage4( $B.4, ~bid.8, ~rst.117
    ) ▶₀ #vr.34 // nr: 50 (from rule SealBatch)" (useful2)"
    
    OpenStage0( $B.4, ~bid.8, ~rst.117
    ) ▶₀ #vr.36 // nr: 52 (from rule AddSlot1)" (useful2)"
    
    !SenderState( $A.11, ~sst.135
    ) ▶₀ #vr.45 // nr: 60 (from rule SenderCreatesComponent)" (useful2)"
    
    !ReceiverPublicState( $B.4, ~rst.117
    ) ▶₁ #vr.45 // nr: 61 (from rule SenderCreatesComponent)" (useful2)"
    
    OpenStage1( $B.4, ~bid.8, ~rst.117
    ) ▶₀ #vr.50 // nr: 68 (from rule AddSlot2)" (useful2)"
    
    !SenderState( $A.13, ~sst.164
    ) ▶₀ #vr.59 // nr: 76 (from rule SenderCreatesComponent)" (useful2)"
    
    !ReceiverPublicState( $B.4, ~rst.117
    ) ▶₁ #vr.59 // nr: 77 (from rule SenderCreatesComponent)" (useful2)"
    
    OpenStage2( $B.4, ~bid.8, ~rst.117
    ) ▶₀ #vr.64 // nr: 84 (from rule AddSlot3)" (useful2)"
    
    !SenderState( $A.15, ~sst.193
    ) ▶₀ #vr.73 // nr: 92 (from rule SenderCreatesComponent)" (useful2)"
    
    !ReceiverPublicState( $B.4, ~rst.117
    ) ▶₁ #vr.73 // nr: 93 (from rule SenderCreatesComponent)" (useful2)"
    
    OpenStage3( $B.4, ~bid.8, ~rst.117
    ) ▶₀ #vr.122 // nr: 138 (from rule AddSlot4)" (useful2)"
    
    OpenStage2( $B.4, ~bid.8, ~rst.117
    ) ▶₀ #vr.265 // nr: 254 (from rule AddSlot3)" (useful2)"
    
    OpenStage1( $B.4, ~bid.8, ~rst.117
    ) ▶₀ #vr.412 // nr: 373 (from rule AddSlot2)" (useful2)"
Simplifier iteration 12:

The reduction-rules for
were applied to the following constraint system.

  nodes:
    #vr.3: instance (modulo AC) CompleteBatch:
              [
              SealedStage4( $B.4, ~bid.8, ~rst.117 ),
              BatchEndToken( $B.4, ~bid.8, ~rst.117 ),
              Slot1DoneFact( $B.4, ~bid.8, ~rst.117 ),
              Slot2DoneFact( $B.4, ~bid.8, ~rst.117 ),
              Slot3DoneFact( $B.4, ~bid.8, ~rst.117 ),
              Slot4DoneFact( $B.4, ~bid.8, ~rst.117 )
              ]
             --[
             UseBatchEndToken( $B.4, ~bid.8, ~rst.117 ),
             BatchComplete( $B.4, ~bid.8, ~rst.117 ),
             BatchClosed( $B.4, ~bid.8, ~rst.117 ),
             ConsumeReceiverState( $B.4, ~rst.117 )
             ]->
              [
              ClosedBatch( $B.4, ~bid.8, ~rst.117 ),
              UsedReceiverState( $B.4, ~rst.117 )
              ]
    #vr.5: instance (modulo AC) ProcessSlot4:
              [
              SealedStage3( $B.4, ~bid.8, ~rst.117 ),
              AddedSlot4( $B.4, ~bid.8, ~rst.117, ~idx.21, $A.6,
                          cts($A.6, $B.4, ~sst.114, ~r.30)
              ),
              !ComponentKey( $A.6, $B.4, ~rst.117,
                             cts($A.6, $B.4, ~sst.114, ~r.30), ks($A.6, $B.4, ~sst.114, ~r.30)
              )
              ]
             --[
             BatchSlot( $B.4, ~bid.8, ~idx.21, $A.6,
                        cts($A.6, $B.4, ~sst.114, ~r.30)
             ),
             BatchSlotAccept( $B.4, ~bid.8, ~idx.21, $A.6, ~rst.117,
                              cts($A.6, $B.4, ~sst.114, ~r.30), ks($A.6, $B.4, ~sst.114, ~r.30)
             ),
             ReceiverAcceptsComponent( $B.4, $A.6, ~rst.117,
                                       cts($A.6, $B.4, ~sst.114, ~r.30),
                                       ks($A.6, $B.4, ~sst.114, ~r.30)
             ),
             ReceiverKey( $B.4, $A.6, ~bid.8, ~idx.21, ~rst.117,
                          cts($A.6, $B.4, ~sst.114, ~r.30), ks($A.6, $B.4, ~sst.114, ~r.30),
                          rkey($B.4, $A.6, ~rst.117, cts($A.6, $B.4, ~sst.114, ~r.30),
                               ks($A.6, $B.4, ~sst.114, ~r.30))
             ),
             PartneredSlot( $A.6, $B.4, ~bid.8, ~idx.21, ~rst.117,
                            cts($A.6, $B.4, ~sst.114, ~r.30), ks($A.6, $B.4, ~sst.114, ~r.30)
             ),
             SlotProcessed( $B.4, ~bid.8, ~idx.21, $A.6,
                            cts($A.6, $B.4, ~sst.114, ~r.30)
             ),
             Slot4Done( $B.4, ~bid.8, ~rst.117 )
             ]->
              [
              SealedStage4( $B.4, ~bid.8, ~rst.117 ),
              Slot4DoneFact( $B.4, ~bid.8, ~rst.117 )
              ]
    #vr.7: instance (modulo AC) CreateBatch:
              [ ReceiverState( $B.4, ~rst.117 ), Fr( ~bid.8 ) ]
             --[ BatchCreated( $B.4, ~bid.8, ~rst.117 ) ]->
              [
              OpenStage0( $B.4, ~bid.8, ~rst.117 ),
              BatchEndToken( $B.4, ~bid.8, ~rst.117 ),
              BatchCompromiseToken( $B.4, ~bid.8, ~rst.117 )
              ]
    #vf.9: instance (modulo AC) Fresh:
              [ ] --> [ Fr( ~bid.8 ) ]
    #vr.10: instance (modulo AC) ProcessSlot1:
               [
               SealedStage0( $B.4, ~bid.8, ~rst.117 ),
               AddedSlot1( $B.4, ~bid.8, ~rst.117, ~idx.37, $A.11,
                           cts($A.11, $B.4, ~sst.135, ~r.46)
               ),
               !ComponentKey( $A.11, $B.4, ~rst.117,
                              cts($A.11, $B.4, ~sst.135, ~r.46), ks($A.11, $B.4, ~sst.135, ~r.46)
               )
               ]
              --[
              BatchSlot( $B.4, ~bid.8, ~idx.37, $A.11,
                         cts($A.11, $B.4, ~sst.135, ~r.46)
              ),
              BatchSlotAccept( $B.4, ~bid.8, ~idx.37, $A.11, ~rst.117,
                               cts($A.11, $B.4, ~sst.135, ~r.46), ks($A.11, $B.4, ~sst.135, ~r.46)
              ),
              ReceiverAcceptsComponent( $B.4, $A.11, ~rst.117,
                                        cts($A.11, $B.4, ~sst.135, ~r.46),
                                        ks($A.11, $B.4, ~sst.135, ~r.46)
              ),
              ReceiverKey( $B.4, $A.11, ~bid.8, ~idx.37, ~rst.117,
                           cts($A.11, $B.4, ~sst.135, ~r.46),
                           ks($A.11, $B.4, ~sst.135, ~r.46),
                           rkey($B.4, $A.11, ~rst.117, cts($A.11, $B.4, ~sst.135, ~r.46),
                                ks($A.11, $B.4, ~sst.135, ~r.46))
              ),
              PartneredSlot( $A.11, $B.4, ~bid.8, ~idx.37, ~rst.117,
                             cts($A.11, $B.4, ~sst.135, ~r.46), ks($A.11, $B.4, ~sst.135, ~r.46)
              ),
              SlotProcessed( $B.4, ~bid.8, ~idx.37, $A.11,
                             cts($A.11, $B.4, ~sst.135, ~r.46)
              ),
              Slot1Done( $B.4, ~bid.8, ~rst.117 )
              ]->
               [
               SealedStage1( $B.4, ~bid.8, ~rst.117 ),
               Slot1DoneFact( $B.4, ~bid.8, ~rst.117 )
               ]
    #vr.12: instance (modulo AC) ProcessSlot2:
               [
               SealedStage1( $B.4, ~bid.8, ~rst.117 ),
               AddedSlot2( $B.4, ~bid.8, ~rst.117, ~idx.51, $A.13,
                           cts($A.13, $B.4, ~sst.164, ~r.60)
               ),
               !ComponentKey( $A.13, $B.4, ~rst.117,
                              cts($A.13, $B.4, ~sst.164, ~r.60), ks($A.13, $B.4, ~sst.164, ~r.60)
               )
               ]
              --[
              BatchSlot( $B.4, ~bid.8, ~idx.51, $A.13,
                         cts($A.13, $B.4, ~sst.164, ~r.60)
              ),
              BatchSlotAccept( $B.4, ~bid.8, ~idx.51, $A.13, ~rst.117,
                               cts($A.13, $B.4, ~sst.164, ~r.60), ks($A.13, $B.4, ~sst.164, ~r.60)
              ),
              ReceiverAcceptsComponent( $B.4, $A.13, ~rst.117,
                                        cts($A.13, $B.4, ~sst.164, ~r.60),
                                        ks($A.13, $B.4, ~sst.164, ~r.60)
              ),
              ReceiverKey( $B.4, $A.13, ~bid.8, ~idx.51, ~rst.117,
                           cts($A.13, $B.4, ~sst.164, ~r.60),
                           ks($A.13, $B.4, ~sst.164, ~r.60),
                           rkey($B.4, $A.13, ~rst.117, cts($A.13, $B.4, ~sst.164, ~r.60),
                                ks($A.13, $B.4, ~sst.164, ~r.60))
              ),
              PartneredSlot( $A.13, $B.4, ~bid.8, ~idx.51, ~rst.117,
                             cts($A.13, $B.4, ~sst.164, ~r.60), ks($A.13, $B.4, ~sst.164, ~r.60)
              ),
              SlotProcessed( $B.4, ~bid.8, ~idx.51, $A.13,
                             cts($A.13, $B.4, ~sst.164, ~r.60)
              ),
              Slot2Done( $B.4, ~bid.8, ~rst.117 )
              ]->
               [
               SealedStage2( $B.4, ~bid.8, ~rst.117 ),
               Slot2DoneFact( $B.4, ~bid.8, ~rst.117 )
               ]
    #vr.14: instance (modulo AC) ProcessSlot3:
               [
               SealedStage2( $B.4, ~bid.8, ~rst.117 ),
               AddedSlot3( $B.4, ~bid.8, ~rst.117, ~idx.65, $A.15,
                           cts($A.15, $B.4, ~sst.193, ~r.74)
               ),
               !ComponentKey( $A.15, $B.4, ~rst.117,
                              cts($A.15, $B.4, ~sst.193, ~r.74), ks($A.15, $B.4, ~sst.193, ~r.74)
               )
               ]
              --[
              BatchSlot( $B.4, ~bid.8, ~idx.65, $A.15,
                         cts($A.15, $B.4, ~sst.193, ~r.74)
              ),
              BatchSlotAccept( $B.4, ~bid.8, ~idx.65, $A.15, ~rst.117,
                               cts($A.15, $B.4, ~sst.193, ~r.74), ks($A.15, $B.4, ~sst.193, ~r.74)
              ),
              ReceiverAcceptsComponent( $B.4, $A.15, ~rst.117,
                                        cts($A.15, $B.4, ~sst.193, ~r.74),
                                        ks($A.15, $B.4, ~sst.193, ~r.74)
              ),
              ReceiverKey( $B.4, $A.15, ~bid.8, ~idx.65, ~rst.117,
                           cts($A.15, $B.4, ~sst.193, ~r.74),
                           ks($A.15, $B.4, ~sst.193, ~r.74),
                           rkey($B.4, $A.15, ~rst.117, cts($A.15, $B.4, ~sst.193, ~r.74),
                                ks($A.15, $B.4, ~sst.193, ~r.74))
              ),
              PartneredSlot( $A.15, $B.4, ~bid.8, ~idx.65, ~rst.117,
                             cts($A.15, $B.4, ~sst.193, ~r.74), ks($A.15, $B.4, ~sst.193, ~r.74)
              ),
              SlotProcessed( $B.4, ~bid.8, ~idx.65, $A.15,
                             cts($A.15, $B.4, ~sst.193, ~r.74)
              ),
              Slot3Done( $B.4, ~bid.8, ~rst.117 )
              ]->
               [
               SealedStage3( $B.4, ~bid.8, ~rst.117 ),
               Slot3DoneFact( $B.4, ~bid.8, ~rst.117 )
               ]
    #vr.20: instance (modulo AC) AddSlot4:
               [
               OpenStage3( $B.4, ~bid.8, ~rst.117 ),
               In( <$A.6, $B.4, cts($A.6, $B.4, ~sst.114, ~r.30)> ), Fr( ~idx.21 )
               ]
              --[
              SlotAdded( $B.4, ~bid.8, ~idx.21, $A.6,
                         cts($A.6, $B.4, ~sst.114, ~r.30)
              ),
              Slot4Added( $B.4, ~bid.8, ~rst.117, ~idx.21, $A.6,
                          cts($A.6, $B.4, ~sst.114, ~r.30)
              )
              ]->
               [
               OpenStage4( $B.4, ~bid.8, ~rst.117 ),
               AddedSlot4( $B.4, ~bid.8, ~rst.117, ~idx.21, $A.6,
                           cts($A.6, $B.4, ~sst.114, ~r.30)
               )
               ]
    #vf.22: instance (modulo AC) isend:
               [ !KU( <$A.6, $B.4, cts($A.6, $B.4, ~sst.114, ~r.30)> ) ]
              --[ K( <$A.6, $B.4, cts($A.6, $B.4, ~sst.114, ~r.30)> ) ]->
               [ In( <$A.6, $B.4, cts($A.6, $B.4, ~sst.114, ~r.30)> ) ]
    #vf.28: instance (modulo AC) Fresh:
               [ ] --> [ Fr( ~idx.21 ) ]
    #vr.29: instance (modulo AC) SenderCreatesComponent:
               [
               !SenderState( $A.6, ~sst.114 ),
               !ReceiverPublicState( $B.4, ~rst.117 ), Fr( ~r.30 )
               ]
              --[
              SenderComponent( $A.6, $B.4, ~rst.117,
                               cts($A.6, $B.4, ~sst.114, ~r.30), ks($A.6, $B.4, ~sst.114, ~r.30)
              )
              ]->
               [
               Out( <$A.6, $B.4, cts($A.6, $B.4, ~sst.114, ~r.30)> ),
               !ComponentKey( $A.6, $B.4, ~rst.117,
                              cts($A.6, $B.4, ~sst.114, ~r.30), ks($A.6, $B.4, ~sst.114, ~r.30)
               )
               ]
    #vf.31: instance (modulo AC) Fresh:
               [ ] --> [ Fr( ~r.30 ) ]
    #vr.32: instance (modulo AC) CompromiseReceiverState:
               [
               ReceiverState( $B.4, ~rst.117 ),
               ReceiverCompromiseToken( $B.4, ~rst.117 )
               ]
              --[ CompromiseReceiverState( $B.4, ~rst.117 ) ]->
               [
               ReceiverState( $B.4, ~rst.117 ),
               !CompromisedReceiverState( $B.4, ~rst.117 ), Out( ~rst.117 )
               ]
    #vr.34: instance (modulo AC) SealBatch:
               [ OpenStage4( $B.4, ~bid.8, ~rst.117 ) ]
              --[ SealBatchEvent( $B.4, ~bid.8, ~rst.117 ) ]->
               [ SealedStage0( $B.4, ~bid.8, ~rst.117 ) ]
    #vr.36: instance (modulo AC) AddSlot1:
               [
               OpenStage0( $B.4, ~bid.8, ~rst.117 ),
               In( <$A.11, $B.4, cts($A.11, $B.4, ~sst.135, ~r.46)> ),
               Fr( ~idx.37 )
               ]
              --[
              SlotAdded( $B.4, ~bid.8, ~idx.37, $A.11,
                         cts($A.11, $B.4, ~sst.135, ~r.46)
              ),
              Slot1Added( $B.4, ~bid.8, ~rst.117, ~idx.37, $A.11,
                          cts($A.11, $B.4, ~sst.135, ~r.46)
              )
              ]->
               [
               OpenStage1( $B.4, ~bid.8, ~rst.117 ),
               AddedSlot1( $B.4, ~bid.8, ~rst.117, ~idx.37, $A.11,
                           cts($A.11, $B.4, ~sst.135, ~r.46)
               )
               ]
    #vf.38: instance (modulo AC) isend:
               [ !KU( <$A.11, $B.4, cts($A.11, $B.4, ~sst.135, ~r.46)> ) ]
              --[ K( <$A.11, $B.4, cts($A.11, $B.4, ~sst.135, ~r.46)> ) ]->
               [ In( <$A.11, $B.4, cts($A.11, $B.4, ~sst.135, ~r.46)> ) ]
    #vf.44: instance (modulo AC) Fresh:
               [ ] --> [ Fr( ~idx.37 ) ]
    #vr.45: instance (modulo AC) SenderCreatesComponent:
               [
               !SenderState( $A.11, ~sst.135 ),
               !ReceiverPublicState( $B.4, ~rst.117 ), Fr( ~r.46 )
               ]
              --[
              SenderComponent( $A.11, $B.4, ~rst.117,
                               cts($A.11, $B.4, ~sst.135, ~r.46), ks($A.11, $B.4, ~sst.135, ~r.46)
              )
              ]->
               [
               Out( <$A.11, $B.4, cts($A.11, $B.4, ~sst.135, ~r.46)> ),
               !ComponentKey( $A.11, $B.4, ~rst.117,
                              cts($A.11, $B.4, ~sst.135, ~r.46), ks($A.11, $B.4, ~sst.135, ~r.46)
               )
               ]
    #vf.47: instance (modulo AC) Fresh:
               [ ] --> [ Fr( ~r.46 ) ]
    #vr.50: instance (modulo AC) AddSlot2:
               [
               OpenStage1( $B.4, ~bid.8, ~rst.117 ),
               In( <$A.13, $B.4, cts($A.13, $B.4, ~sst.164, ~r.60)> ),
               Fr( ~idx.51 )
               ]
              --[
              SlotAdded( $B.4, ~bid.8, ~idx.51, $A.13,
                         cts($A.13, $B.4, ~sst.164, ~r.60)
              ),
              Slot2Added( $B.4, ~bid.8, ~rst.117, ~idx.51, $A.13,
                          cts($A.13, $B.4, ~sst.164, ~r.60)
              )
              ]->
               [
               OpenStage2( $B.4, ~bid.8, ~rst.117 ),
               AddedSlot2( $B.4, ~bid.8, ~rst.117, ~idx.51, $A.13,
                           cts($A.13, $B.4, ~sst.164, ~r.60)
               )
               ]
    #vf.52: instance (modulo AC) isend:
               [ !KU( <$A.13, $B.4, cts($A.13, $B.4, ~sst.164, ~r.60)> ) ]
              --[ K( <$A.13, $B.4, cts($A.13, $B.4, ~sst.164, ~r.60)> ) ]->
               [ In( <$A.13, $B.4, cts($A.13, $B.4, ~sst.164, ~r.60)> ) ]
    #vf.58: instance (modulo AC) Fresh:
               [ ] --> [ Fr( ~idx.51 ) ]
    #vr.59: instance (modulo AC) SenderCreatesComponent:
               [
               !SenderState( $A.13, ~sst.164 ),
               !ReceiverPublicState( $B.4, ~rst.117 ), Fr( ~r.60 )
               ]
              --[
              SenderComponent( $A.13, $B.4, ~rst.117,
                               cts($A.13, $B.4, ~sst.164, ~r.60), ks($A.13, $B.4, ~sst.164, ~r.60)
              )
              ]->
               [
               Out( <$A.13, $B.4, cts($A.13, $B.4, ~sst.164, ~r.60)> ),
               !ComponentKey( $A.13, $B.4, ~rst.117,
                              cts($A.13, $B.4, ~sst.164, ~r.60), ks($A.13, $B.4, ~sst.164, ~r.60)
               )
               ]
    #vf.61: instance (modulo AC) Fresh:
               [ ] --> [ Fr( ~r.60 ) ]
    #vr.64: instance (modulo AC) AddSlot3:
               [
               OpenStage2( $B.4, ~bid.8, ~rst.117 ),
               In( <$A.15, $B.4, cts($A.15, $B.4, ~sst.193, ~r.74)> ),
               Fr( ~idx.65 )
               ]
              --[
              SlotAdded( $B.4, ~bid.8, ~idx.65, $A.15,
                         cts($A.15, $B.4, ~sst.193, ~r.74)
              ),
              Slot3Added( $B.4, ~bid.8, ~rst.117, ~idx.65, $A.15,
                          cts($A.15, $B.4, ~sst.193, ~r.74)
              )
              ]->
               [
               OpenStage3( $B.4, ~bid.8, ~rst.117 ),
               AddedSlot3( $B.4, ~bid.8, ~rst.117, ~idx.65, $A.15,
                           cts($A.15, $B.4, ~sst.193, ~r.74)
               )
               ]
    #vf.66: instance (modulo AC) isend:
               [ !KU( <$A.15, $B.4, cts($A.15, $B.4, ~sst.193, ~r.74)> ) ]
              --[ K( <$A.15, $B.4, cts($A.15, $B.4, ~sst.193, ~r.74)> ) ]->
               [ In( <$A.15, $B.4, cts($A.15, $B.4, ~sst.193, ~r.74)> ) ]
    #vf.72: instance (modulo AC) Fresh:
               [ ] --> [ Fr( ~idx.65 ) ]
    #vr.73: instance (modulo AC) SenderCreatesComponent:
               [
               !SenderState( $A.15, ~sst.193 ),
               !ReceiverPublicState( $B.4, ~rst.117 ), Fr( ~r.74 )
               ]
              --[
              SenderComponent( $A.15, $B.4, ~rst.117,
                               cts($A.15, $B.4, ~sst.193, ~r.74), ks($A.15, $B.4, ~sst.193, ~r.74)
              )
              ]->
               [
               Out( <$A.15, $B.4, cts($A.15, $B.4, ~sst.193, ~r.74)> ),
               !ComponentKey( $A.15, $B.4, ~rst.117,
                              cts($A.15, $B.4, ~sst.193, ~r.74), ks($A.15, $B.4, ~sst.193, ~r.74)
               )
               ]
    #vf.75: instance (modulo AC) Fresh:
               [ ] --> [ Fr( ~r.74 ) ]
    #vr.113: instance (modulo AC) InitSenderState:
                [ Fr( ~sst.114 ) ]
               --[ SenderStateCreated( $A.6, ~sst.114 ) ]->
                [
                !SenderState( $A.6, ~sst.114 ),
                SenderCompromiseToken( $A.6, ~sst.114 )
                ]
    #vf.115: instance (modulo AC) Fresh:
                [ ] --> [ Fr( ~sst.114 ) ]
    #vr.116: instance (modulo AC) InitReceiverState:
                [ Fr( ~rst.117 ) ]
               --[ ReceiverStateCreated( $B.4, ~rst.117 ) ]->
                [
                ReceiverState( $B.4, ~rst.117 ),
                !ReceiverPublicState( $B.4, ~rst.117 ),
                ReceiverCompromiseToken( $B.4, ~rst.117 )
                ]
    #vf.118: instance (modulo AC) Fresh:
                [ ] --> [ Fr( ~rst.117 ) ]
    #vr.122: instance (modulo AC) AddSlot4:
                [
                OpenStage3( $B.4, ~bid.8, ~rst.117 ),
                In( <$A.123, $B.4, cts_in.123> ), Fr( ~idx.123 )
                ]
               --[
               SlotAdded( $B.4, ~bid.8, ~idx.123, $A.123, cts_in.123 ),
               Slot4Added( $B.4, ~bid.8, ~rst.117, ~idx.123, $A.123, cts_in.123 )
               ]->
                [
                OpenStage4( $B.4, ~bid.8, ~rst.117 ),
                AddedSlot4( $B.4, ~bid.8, ~rst.117, ~idx.123, $A.123, cts_in.123 )
                ]
    #vf.124: instance (modulo AC) isend:
                [ !KU( <$A.123, $B.4, cts_in.123> ) ]
               --[ K( <$A.123, $B.4, cts_in.123> ) ]->
                [ In( <$A.123, $B.4, cts_in.123> ) ]
    #vf.130: instance (modulo AC) Fresh:
                [ ] --> [ Fr( ~idx.123 ) ]
    #vr.134: instance (modulo AC) InitSenderState:
                [ Fr( ~sst.135 ) ]
               --[ SenderStateCreated( $A.11, ~sst.135 ) ]->
                [
                !SenderState( $A.11, ~sst.135 ),
                SenderCompromiseToken( $A.11, ~sst.135 )
                ]
    #vf.136: instance (modulo AC) Fresh:
                [ ] --> [ Fr( ~sst.135 ) ]
    #vr.163: instance (modulo AC) InitSenderState:
                [ Fr( ~sst.164 ) ]
               --[ SenderStateCreated( $A.13, ~sst.164 ) ]->
                [
                !SenderState( $A.13, ~sst.164 ),
                SenderCompromiseToken( $A.13, ~sst.164 )
                ]
    #vf.165: instance (modulo AC) Fresh:
                [ ] --> [ Fr( ~sst.164 ) ]
    #vr.192: instance (modulo AC) InitSenderState:
                [ Fr( ~sst.193 ) ]
               --[ SenderStateCreated( $A.15, ~sst.193 ) ]->
                [
                !SenderState( $A.15, ~sst.193 ),
                SenderCompromiseToken( $A.15, ~sst.193 )
                ]
    #vf.194: instance (modulo AC) Fresh:
                [ ] --> [ Fr( ~sst.193 ) ]
    #vr.265: instance (modulo AC) AddSlot3:
                [
                OpenStage2( $B.4, ~bid.8, ~rst.117 ),
                In( <$A.266, $B.4, cts_in.266> ), Fr( ~idx.266 )
                ]
               --[
               SlotAdded( $B.4, ~bid.8, ~idx.266, $A.266, cts_in.266 ),
               Slot3Added( $B.4, ~bid.8, ~rst.117, ~idx.266, $A.266, cts_in.266 )
               ]->
                [
                OpenStage3( $B.4, ~bid.8, ~rst.117 ),
                AddedSlot3( $B.4, ~bid.8, ~rst.117, ~idx.266, $A.266, cts_in.266 )
                ]
    #vf.267: instance (modulo AC) isend:
                [ !KU( <$A.266, $B.4, cts_in.266> ) ]
               --[ K( <$A.266, $B.4, cts_in.266> ) ]->
                [ In( <$A.266, $B.4, cts_in.266> ) ]
    #vf.273: instance (modulo AC) Fresh:
                [ ] --> [ Fr( ~idx.266 ) ]
    #vr.412: instance (modulo AC) AddSlot2:
                [
                OpenStage1( $B.4, ~bid.8, ~rst.117 ),
                In( <$A.413, $B.4, cts_in.413> ), Fr( ~idx.413 )
                ]
               --[
               SlotAdded( $B.4, ~bid.8, ~idx.413, $A.413, cts_in.413 ),
               Slot2Added( $B.4, ~bid.8, ~rst.117, ~idx.413, $A.413, cts_in.413 )
               ]->
                [
                OpenStage2( $B.4, ~bid.8, ~rst.117 ),
                AddedSlot2( $B.4, ~bid.8, ~rst.117, ~idx.413, $A.413, cts_in.413 )
                ]
    #vf.414: instance (modulo AC) isend:
                [ !KU( <$A.413, $B.4, cts_in.413> ) ]
               --[ K( <$A.413, $B.4, cts_in.413> ) ]->
                [ In( <$A.413, $B.4, cts_in.413> ) ]
    #vf.420: instance (modulo AC) Fresh:
                [ ] --> [ Fr( ~idx.413 ) ]
    #vf.476: instance (modulo AC) isend:
                [ !KU( <$A.11, $B.4, cts($A.11, $B.4, ~sst.135, ~r.46)> ) ]
               --[ K( <$A.11, $B.4, cts($A.11, $B.4, ~sst.135, ~r.46)> ) ]->
                [ In( <$A.11, $B.4, cts($A.11, $B.4, ~sst.135, ~r.46)> ) ]
    #vf.482: instance (modulo AC) Fresh:
                [ ] --> [ Fr( ~idx.37 ) ]
    #vr.498: instance (modulo AC) AddSlot1:
                [
                OpenStage0( $B.4, ~bid.8, ~rst.117 ),
                In( <$A.499, $B.4, cts_in.499> ), Fr( ~idx.499 )
                ]
               --[
               SlotAdded( $B.4, ~bid.8, ~idx.499, $A.499, cts_in.499 ),
               Slot1Added( $B.4, ~bid.8, ~rst.117, ~idx.499, $A.499, cts_in.499 )
               ]->
                [
                OpenStage1( $B.4, ~bid.8, ~rst.117 ),
                AddedSlot1( $B.4, ~bid.8, ~rst.117, ~idx.499, $A.499, cts_in.499 )
                ]
    #vf.500: instance (modulo AC) isend:
                [ !KU( <$A.499, $B.4, cts_in.499> ) ]
               --[ K( <$A.499, $B.4, cts_in.499> ) ]->
                [ In( <$A.499, $B.4, cts_in.499> ) ]
    #vf.506: instance (modulo AC) Fresh:
                [ ] --> [ Fr( ~idx.499 ) ]
  actions:
    !KU( <$A.6, $B.4, cts($A.6, $B.4, ~sst.114, ~r.30)> ) @ #vk.23,
    !KU( $A.6 ) @ #vk.24,
    !KU( <$B.4, cts($A.6, $B.4, ~sst.114, ~r.30)> ) @ #vk.25,
    !KU( $B.4 ) @ #vk.26,
    !KU( cts($A.6, $B.4, ~sst.114, ~r.30) ) @ #vk.27,
    !KU( <$A.11, $B.4, cts($A.11, $B.4, ~sst.135, ~r.46)> ) @ #vk.39,
    !KU( $A.11 ) @ #vk.40,
    !KU( <$B.4, cts($A.11, $B.4, ~sst.135, ~r.46)> ) @ #vk.41,
    !KU( cts($A.11, $B.4, ~sst.135, ~r.46) ) @ #vk.43,
    !KU( <$A.13, $B.4, cts($A.13, $B.4, ~sst.164, ~r.60)> ) @ #vk.53,
    !KU( $A.13 ) @ #vk.54,
    !KU( <$B.4, cts($A.13, $B.4, ~sst.164, ~r.60)> ) @ #vk.55,
    !KU( cts($A.13, $B.4, ~sst.164, ~r.60) ) @ #vk.57,
    !KU( <$A.15, $B.4, cts($A.15, $B.4, ~sst.193, ~r.74)> ) @ #vk.67,
    !KU( $A.15 ) @ #vk.68,
    !KU( <$B.4, cts($A.15, $B.4, ~sst.193, ~r.74)> ) @ #vk.69,
    !KU( cts($A.15, $B.4, ~sst.193, ~r.74) ) @ #vk.71,
    !KU( <$A.123, $B.4, cts_in.123> ) @ #vk.125,
    !KU( $A.123 ) @ #vk.126, !KU( <$B.4, cts_in.123> ) @ #vk.127,
    !KU( cts_in.123 ) @ #vk.129,
    !KU( <$A.266, $B.4, cts_in.266> ) @ #vk.268,
    !KU( $A.266 ) @ #vk.269, !KU( <$B.4, cts_in.266> ) @ #vk.270,
    !KU( cts_in.266 ) @ #vk.272,
    !KU( <$A.413, $B.4, cts_in.413> ) @ #vk.415,
    !KU( $A.413 ) @ #vk.416, !KU( <$B.4, cts_in.413> ) @ #vk.417,
    !KU( cts_in.413 ) @ #vk.419,
    !KU( <$A.11, $B.4, cts($A.11, $B.4, ~sst.135, ~r.46)> ) @ #vk.477,
    !KU( $A.11 ) @ #vk.478,
    !KU( <$B.4, cts($A.11, $B.4, ~sst.135, ~r.46)> ) @ #vk.479,
    !KU( cts($A.11, $B.4, ~sst.135, ~r.46) ) @ #vk.481,
    !KU( <$A.499, $B.4, cts_in.499> ) @ #vk.501,
    !KU( $A.499 ) @ #vk.502, !KU( <$B.4, cts_in.499> ) @ #vk.503,
    !KU( cts_in.499 ) @ #vk.505
  edges:
    (#vr.3, 1) >--> (#i, 0), (#vr.5, 0) >--> (#vr.3, 0),
    (#vr.5, 1) >--> (#vr.3, 5), (#vr.7, 0) >--> (#vr.36, 0),
    (#vr.7, 1) >--> (#vr.3, 1), (#vf.9, 0) >--> (#vr.7, 1),
    (#vr.10, 0) >--> (#vr.12, 0), (#vr.10, 1) >--> (#vr.3, 2),
    (#vr.12, 0) >--> (#vr.14, 0), (#vr.12, 1) >--> (#vr.3, 3),
    (#vr.14, 0) >--> (#vr.5, 0), (#vr.14, 1) >--> (#vr.3, 4),
    (#vr.20, 1) >--> (#vr.5, 1), (#vf.22, 0) >--> (#vr.20, 1),
    (#vf.28, 0) >--> (#vr.20, 2), (#vr.29, 1) >--> (#vr.5, 2),
    (#vf.31, 0) >--> (#vr.29, 2), (#vr.32, 0) >--> (#vr.7, 0),
    (#vr.34, 0) >--> (#vr.10, 0), (#vr.36, 0) >--> (#vr.50, 0),
    (#vr.36, 1) >--> (#vr.10, 1), (#vf.38, 0) >--> (#vr.36, 1),
    (#vf.44, 0) >--> (#vr.36, 2), (#vr.45, 1) >--> (#vr.10, 2),
    (#vf.47, 0) >--> (#vr.45, 2), (#vr.50, 0) >--> (#vr.64, 0),
    (#vr.50, 1) >--> (#vr.12, 1), (#vf.52, 0) >--> (#vr.50, 1),
    (#vf.58, 0) >--> (#vr.50, 2), (#vr.59, 1) >--> (#vr.12, 2),
    (#vf.61, 0) >--> (#vr.59, 2), (#vr.64, 0) >--> (#vr.20, 0),
    (#vr.64, 1) >--> (#vr.14, 1), (#vf.66, 0) >--> (#vr.64, 1),
    (#vf.72, 0) >--> (#vr.64, 2), (#vr.73, 1) >--> (#vr.14, 2),
    (#vf.75, 0) >--> (#vr.73, 2), (#vr.113, 0) >--> (#vr.29, 0),
    (#vf.115, 0) >--> (#vr.113, 0), (#vr.116, 1) >--> (#vr.29, 1),
    (#vr.116, 1) >--> (#vr.45, 1), (#vr.116, 1) >--> (#vr.59, 1),
    (#vr.116, 1) >--> (#vr.73, 1), (#vr.116, 2) >--> (#vr.32, 1),
    (#vf.118, 0) >--> (#vr.116, 0), (#vr.122, 0) >--> (#vr.34, 0),
    (#vf.124, 0) >--> (#vr.122, 1), (#vf.130, 0) >--> (#vr.122, 2),
    (#vr.134, 0) >--> (#vr.45, 0), (#vf.136, 0) >--> (#vr.134, 0),
    (#vr.163, 0) >--> (#vr.59, 0), (#vf.165, 0) >--> (#vr.163, 0),
    (#vr.192, 0) >--> (#vr.73, 0), (#vf.194, 0) >--> (#vr.192, 0),
    (#vr.265, 0) >--> (#vr.122, 0), (#vf.267, 0) >--> (#vr.265, 1),
    (#vf.273, 0) >--> (#vr.265, 2), (#vr.412, 0) >--> (#vr.265, 0),
    (#vf.414, 0) >--> (#vr.412, 1), (#vf.420, 0) >--> (#vr.412, 2),
    (#vf.476, 0) >--> (#vr.36, 1), (#vf.482, 0) >--> (#vr.36, 2),
    (#vr.498, 0) >--> (#vr.412, 0), (#vf.500, 0) >--> (#vr.498, 1),
    (#vf.506, 0) >--> (#vr.498, 2)
  less:
    #vr.7 < #vr.3: induced by fresh value,
    #vr.7 < #vr.5: induced by fresh value,
    #vr.7 < #vr.10: induced by fresh value,
    #vr.7 < #vr.12: induced by fresh value,
    #vr.7 < #vr.14: induced by fresh value,
    #vr.7 < #vr.20: induced by fresh value,
    #vr.7 < #vr.34: induced by fresh value,
    #vr.7 < #vr.36: induced by fresh value,
    #vr.7 < #vr.50: induced by fresh value,
    #vr.7 < #vr.64: induced by fresh value,
    #vr.7 < #vr.122: induced by fresh value,
    #vr.7 < #vr.265: induced by fresh value,
    #vr.7 < #vr.412: induced by fresh value,
    #vr.7 < #vr.498: induced by fresh value,
    #vr.20 < #vr.5: induced by fresh value,
    #vk.23 < #vf.22: induced by adversary,
    #vk.24 < #vk.23: induced by adversary,
    #vk.25 < #vk.23: induced by adversary,
    #vk.26 < #vk.25: induced by adversary,
    #vk.26 < #vk.41: induced by adversary,
    #vk.26 < #vk.55: induced by adversary,
    #vk.26 < #vk.69: induced by adversary,
    #vk.26 < #vk.127: induced by adversary,
    #vk.26 < #vk.270: induced by adversary,
    #vk.26 < #vk.417: induced by adversary,
    #vk.26 < #vk.479: induced by adversary,
    #vk.26 < #vk.503: induced by adversary,
    #vk.27 < #vk.25: induced by adversary,
    #vr.29 < #vr.5: induced by fresh value,
    #vr.29 < #vr.20: induced by fresh value,
    #vr.29 < #vf.22: induced by fresh value,
    #vr.36 < #vr.10: induced by fresh value,
    #vk.39 < #vf.38: induced by adversary,
    #vk.40 < #vk.39: induced by adversary,
    #vk.41 < #vk.39: induced by adversary,
    #vk.43 < #vk.41: induced by adversary,
    #vr.45 < #vr.10: induced by fresh value,
    #vr.45 < #vr.36: induced by fresh value,
    #vr.45 < #vf.38: induced by fresh value,
    #vr.45 < #vf.476: induced by fresh value,
    #vr.50 < #vr.12: induced by fresh value,
    #vk.53 < #vf.52: induced by adversary,
    #vk.54 < #vk.53: induced by adversary,
    #vk.55 < #vk.53: induced by adversary,
    #vk.57 < #vk.55: induced by adversary,
    #vr.59 < #vr.12: induced by fresh value,
    #vr.59 < #vr.50: induced by fresh value,
    #vr.59 < #vf.52: induced by fresh value,
    #vr.64 < #vr.14: induced by fresh value,
    #vk.67 < #vf.66: induced by adversary,
    #vk.68 < #vk.67: induced by adversary,
    #vk.69 < #vk.67: induced by adversary,
    #vk.71 < #vk.69: induced by adversary,
    #vr.73 < #vr.14: induced by fresh value,
    #vr.73 < #vr.64: induced by fresh value,
    #vr.73 < #vf.66: induced by fresh value,
    #vr.113 < #vr.5: induced by fresh value,
    #vr.113 < #vr.20: induced by fresh value,
    #vr.113 < #vf.22: induced by fresh value,
    #vr.113 < #vr.29: induced by fresh value,
    #vr.116 < #vr.3: induced by fresh value,
    #vr.116 < #vr.5: induced by fresh value,
    #vr.116 < #vr.7: induced by fresh value,
    #vr.116 < #vr.10: induced by fresh value,
    #vr.116 < #vr.12: induced by fresh value,
    #vr.116 < #vr.14: induced by fresh value,
    #vr.116 < #vr.20: induced by fresh value,
    #vr.116 < #vr.29: induced by fresh value,
    #vr.116 < #vr.32: induced by fresh value,
    #vr.116 < #vr.34: induced by fresh value,
    #vr.116 < #vr.36: induced by fresh value,
    #vr.116 < #vr.45: induced by fresh value,
    #vr.116 < #vr.50: induced by fresh value,
    #vr.116 < #vr.59: induced by fresh value,
    #vr.116 < #vr.64: induced by fresh value,
    #vr.116 < #vr.73: induced by fresh value,
    #vr.116 < #vr.122: induced by fresh value,
    #vr.116 < #vr.265: induced by fresh value,
    #vr.116 < #vr.412: induced by fresh value,
    #vr.116 < #vr.498: induced by fresh value,
    #vk.125 < #vf.124: induced by adversary,
    #vk.126 < #vk.125: induced by adversary,
    #vk.127 < #vk.125: induced by adversary,
    #vk.129 < #vk.127: induced by adversary,
    #vr.134 < #vr.10: induced by fresh value,
    #vr.134 < #vr.36: induced by fresh value,
    #vr.134 < #vf.38: induced by fresh value,
    #vr.134 < #vr.45: induced by fresh value,
    #vr.134 < #vf.476: induced by fresh value,
    #vr.163 < #vr.12: induced by fresh value,
    #vr.163 < #vr.50: induced by fresh value,
    #vr.163 < #vf.52: induced by fresh value,
    #vr.163 < #vr.59: induced by fresh value,
    #vr.192 < #vr.14: induced by fresh value,
    #vr.192 < #vr.64: induced by fresh value,
    #vr.192 < #vf.66: induced by fresh value,
    #vr.192 < #vr.73: induced by fresh value,
    #vk.268 < #vf.267: induced by adversary,
    #vk.269 < #vk.268: induced by adversary,
    #vk.270 < #vk.268: induced by adversary,
    #vk.272 < #vk.270: induced by adversary,
    #vk.415 < #vf.414: induced by adversary,
    #vk.416 < #vk.415: induced by adversary,
    #vk.417 < #vk.415: induced by adversary,
    #vk.419 < #vk.417: induced by adversary,
    #vk.477 < #vf.476: induced by adversary,
    #vk.478 < #vk.477: induced by adversary,
    #vk.479 < #vk.477: induced by adversary,
    #vk.481 < #vk.479: induced by adversary,
    #vk.501 < #vf.500: induced by adversary,
    #vk.502 < #vk.501: induced by adversary,
    #vk.503 < #vk.501: induced by adversary,
    #vk.505 < #vk.503: induced by adversary
  unsolved constraints:
    !KU( <$A.6, $B.4, cts($A.6, $B.4, ~sst.114, ~r.30)>
    ) @ #vk.23 // nr: 36" (currently deducible)"
    
    !KU( $A.6 ) @ #vk.24 // nr: 37" (currently deducible)"
    
    !KU( <$B.4, cts($A.6, $B.4, ~sst.114, ~r.30)>
    ) @ #vk.25 // nr: 38" (currently deducible)"
    
    !KU( $B.4 ) @ #vk.26 // nr: 39" (currently deducible)"
    
    !KU( cts($A.6, $B.4, ~sst.114, ~r.30)
    ) @ #vk.27 // nr: 45" (currently deducible)"
    
    !KU( <$A.11, $B.4, cts($A.11, $B.4, ~sst.135, ~r.46)>
    ) @ #vk.39 // nr: 53" (currently deducible)"
    
    !KU( $A.11 ) @ #vk.40 // nr: 54" (currently deducible)"
    
    !KU( <$B.4, cts($A.11, $B.4, ~sst.135, ~r.46)>
    ) @ #vk.41 // nr: 55" (currently deducible)"
    
    !KU( cts($A.11, $B.4, ~sst.135, ~r.46)
    ) @ #vk.43 // nr: 62" (currently deducible)"
    
    !KU( <$A.13, $B.4, cts($A.13, $B.4, ~sst.164, ~r.60)>
    ) @ #vk.53 // nr: 69" (currently deducible)"
    
    !KU( $A.13 ) @ #vk.54 // nr: 70" (currently deducible)"
    
    !KU( <$B.4, cts($A.13, $B.4, ~sst.164, ~r.60)>
    ) @ #vk.55 // nr: 71" (currently deducible)"
    
    !KU( cts($A.13, $B.4, ~sst.164, ~r.60)
    ) @ #vk.57 // nr: 78" (currently deducible)"
    
    !KU( <$A.15, $B.4, cts($A.15, $B.4, ~sst.193, ~r.74)>
    ) @ #vk.67 // nr: 85" (currently deducible)"
    
    !KU( $A.15 ) @ #vk.68 // nr: 86" (currently deducible)"
    
    !KU( <$B.4, cts($A.15, $B.4, ~sst.193, ~r.74)>
    ) @ #vk.69 // nr: 87" (currently deducible)"
    
    !KU( cts($A.15, $B.4, ~sst.193, ~r.74)
    ) @ #vk.71 // nr: 94" (currently deducible)"
    
    !KU( <$A.123, $B.4, cts_in.123>
    ) @ #vk.125 // nr: 139" (probably constructible)"
    
    !KU( $A.123 ) @ #vk.126 // nr: 140" (currently deducible)"
    
    !KU( <$B.4, cts_in.123>
    ) @ #vk.127 // nr: 141" (probably constructible)"
    
    !KU( cts_in.123 ) @ #vk.129 // nr: 143" (probably constructible)"
    
    !KU( <$A.266, $B.4, cts_in.266>
    ) @ #vk.268 // nr: 255" (probably constructible)"
    
    !KU( $A.266 ) @ #vk.269 // nr: 256" (currently deducible)"
    
    !KU( <$B.4, cts_in.266>
    ) @ #vk.270 // nr: 257" (probably constructible)"
    
    !KU( cts_in.266 ) @ #vk.272 // nr: 259" (probably constructible)"
    
    !KU( <$A.413, $B.4, cts_in.413>
    ) @ #vk.415 // nr: 374" (probably constructible)"
    
    !KU( $A.413 ) @ #vk.416 // nr: 375" (currently deducible)"
    
    !KU( <$B.4, cts_in.413>
    ) @ #vk.417 // nr: 376" (probably constructible)"
    
    !KU( cts_in.413 ) @ #vk.419 // nr: 378" (probably constructible)"
    
    !KU( <$A.11, $B.4, cts($A.11, $B.4, ~sst.135, ~r.46)>
    ) @ #vk.477 // nr: 426" (currently deducible)"
    
    !KU( $A.11 ) @ #vk.478 // nr: 427" (currently deducible)"
    
    !KU( <$B.4, cts($A.11, $B.4, ~sst.135, ~r.46)>
    ) @ #vk.479 // nr: 428" (currently deducible)"
    
    !KU( cts($A.11, $B.4, ~sst.135, ~r.46)
    ) @ #vk.481 // nr: 471" (currently deducible)"
    
    !KU( <$A.499, $B.4, cts_in.499>
    ) @ #vk.501 // nr: 451" (probably constructible)"
    
    !KU( $A.499 ) @ #vk.502 // nr: 452" (currently deducible)"
    
    !KU( <$B.4, cts_in.499>
    ) @ #vk.503 // nr: 453" (probably constructible)"
    
    !KU( cts_in.499 ) @ #vk.505 // nr: 455" (probably constructible)"
    
    ReceiverState( $B.4, ~rst.117
    ) ▶₀ #vr.32 // nr: 47 (from rule CompromiseReceiverState) (loop breaker)" (loop breaker)"
    
    OpenStage0( $B.4, ~bid.8, ~rst.117
    ) ▶₀ #vr.498 // nr: 450 (from rule AddSlot1)" (useful2)"
    
    splitEqs(102) // nr: 463" (useful2)"
  last: none
  
  formulas:
  
  subterms:
  
  equations:
    subst:
      $B.4  <~ {t.1, $B.6, $B.8, $B.11, $B.13, $B.15, $B.17, $B.19,
                $B.21, $B.30, $B.33, $B.35, $B.37, $B.46, $B.49, $B.51, $B.60,
                $B.63, $B.65, $B.74, $B.77, $B.79, $B.88, $B.91, $B.93, $B.102,
                $B.105, $B.117, $B.120, $B.123, $B.132, $B.138, $B.141, $B.143,
                $B.152, $B.155, $B.167, $B.170, $B.172, $B.181, $B.184, $B.196,
                $B.199, $B.201, $B.210, $B.213, $B.225, $B.228, $B.230, $B.239,
                $B.242, $B.254, $B.257, $B.266, $B.275, $B.284, $B.287, $B.290,
                $B.292, $B.301, $B.304, $B.316, $B.319, $B.328, $B.330, $B.339,
                $B.342, $B.354, $B.357, $B.366, $B.368, $B.377, $B.380, $B.392,
                $B.395, $B.404, $B.413, $B.422, $B.431, $B.434, $B.437, $B.439,
                $B.448, $B.451, $B.463, $B.466, $B.475, $B.484, $B.493, $B.496,
                $B.499, $B.508, $B.517}
      #vr.5  <~ {#vr.16}
      $A.6  <~ {$A.17, $A.21, $A.30, $A.79, $A.88, $A.114, $A.222}
      #vr.7  <~ {#vr.131, #vr.283, #vr.286, #vr.430, #vr.433, #vr.492,
                 #vr.495, #vr.516}
      ~bid.8  <~ {bid.4, bid.6, bid.11, bid.13, bid.15, bid.17, bid.19,
                  bid.21, bid.35, bid.37, bid.49, bid.51, bid.63, bid.65, bid.77,
                  bid.79, bid.91, bid.93, bid.105, bid.123, ~bid.132, bid.141,
                  bid.143, bid.155, bid.170, bid.172, bid.184, bid.199, bid.201,
                  bid.213, bid.228, bid.230, bid.242, bid.257, bid.266, bid.275,
                  ~bid.284, ~bid.287, bid.290, bid.292, bid.304, bid.319, bid.328,
                  bid.330, bid.342, bid.357, bid.366, bid.368, bid.380, bid.395,
                  bid.404, bid.413, bid.422, ~bid.431, ~bid.434, bid.437, bid.439,
                  bid.451, bid.466, bid.475, bid.484, ~bid.493, ~bid.496, bid.499,
                  bid.508, ~bid.517}
      #vf.9  <~ {#vf.133, #vf.285, #vf.288, #vf.432, #vf.435, #vf.494,
                 #vf.497, #vf.518}
      #vr.10  <~ {#vr.48, #vr.169, #vr.227, #vr.327}
      $A.11  <~ {$A.37, $A.46, $A.49, $A.135, $A.143, $A.152, $A.155,
                 $A.170, $A.228, $A.292, $A.301, $A.304, $A.319, $A.328, $A.368,
                 $A.377, $A.380, $A.395, $A.404, $A.439, $A.448, $A.451, $A.466,
                 $A.475}
      #vr.12  <~ {#vr.62, #vr.90, #vr.198}
      $A.13  <~ {$A.51, $A.60, $A.63, $A.91, $A.164, $A.172, $A.181,
                 $A.184, $A.199, $A.230, $A.239, $A.242, $A.257, $A.313, $A.330,
                 $A.339, $A.342, $A.357, $A.389, $A.460}
      #vr.14  <~ {#vr.18, #vr.76}
      $A.15  <~ {$A.19, $A.65, $A.74, $A.77, $A.93, $A.102, $A.105,
                 $A.193, $A.201, $A.210, $A.213, $A.251, $A.351}
      #vr.20  <~ {#vr.78}
      ~idx.21  <~ {idx.6, idx.17, ~idx.79}
      #vf.22  <~ {#vf.80}
      #vk.23  <~ {#vk.81}
      #vk.24  <~ {#vk.82}
      #vk.25  <~ {#vk.83}
      #vk.26  <~ {#vk.42, #vk.56, #vk.70, #vk.84, #vk.98, #vk.110,
                  #vk.128, #vk.148, #vk.160, #vk.177, #vk.189, #vk.206, #vk.218,
                  #vk.235, #vk.247, #vk.262, #vk.271, #vk.280, #vk.297, #vk.309,
                  #vk.324, #vk.335, #vk.347, #vk.362, #vk.373, #vk.385, #vk.400,
                  #vk.409, #vk.418, #vk.427, #vk.444, #vk.456, #vk.471, #vk.480,
                  #vk.489, #vk.504, #vk.513}
      #vk.27  <~ {#vk.85}
      #vf.28  <~ {#vf.86}
      #vr.29  <~ {#vr.87}
      ~r.30  <~ {~r.88}
      #vf.31  <~ {#vf.89}
      #vr.34  <~ {#vr.140, #vr.289, #vr.365, #vr.436}
      #vr.36  <~ {#vr.142, #vr.154, #vr.291, #vr.303, #vr.318, #vr.367,
                  #vr.379, #vr.394, #vr.403, #vr.438, #vr.450, #vr.465, #vr.474}
      ~idx.37  <~ {idx.11, idx.49, ~idx.143, ~idx.155, idx.170, idx.228,
                   ~idx.292, ~idx.304, ~idx.319, idx.328, ~idx.368, ~idx.380,
                   ~idx.395, ~idx.404, ~idx.439, ~idx.451, ~idx.466, ~idx.475}
      #vf.38  <~ {#vf.144, #vf.156, #vf.293, #vf.305, #vf.320, #vf.369,
                  #vf.381, #vf.396, #vf.405, #vf.440, #vf.452, #vf.467, #vf.476}
      #vk.39  <~ {#vk.145, #vk.157, #vk.294, #vk.306, #vk.321, #vk.370,
                  #vk.382, #vk.397, #vk.406, #vk.441, #vk.453, #vk.468, #vk.477}
      #vk.40  <~ {#vk.146, #vk.158, #vk.295, #vk.307, #vk.322, #vk.371,
                  #vk.383, #vk.398, #vk.407, #vk.442, #vk.454, #vk.469, #vk.478}
      #vk.41  <~ {#vk.147, #vk.159, #vk.296, #vk.308, #vk.323, #vk.372,
                  #vk.384, #vk.399, #vk.408, #vk.443, #vk.455, #vk.470, #vk.479}
      #vk.43  <~ {#vk.149, #vk.161, #vk.298, #vk.310, #vk.325, #vk.374,
                  #vk.386, #vk.401, #vk.410, #vk.445, #vk.457, #vk.472, #vk.481}
      #vf.44  <~ {#vf.150, #vf.162, #vf.299, #vf.311, #vf.326, #vf.375,
                  #vf.387, #vf.402, #vf.411, #vf.446, #vf.458, #vf.473, #vf.482}
      #vr.45  <~ {#vr.151, #vr.300, #vr.376, #vr.447}
      ~r.46  <~ {~r.152, ~r.301, ~r.377, ~r.448}
      #vf.47  <~ {#vf.153, #vf.302, #vf.378, #vf.449}
      #vr.50  <~ {#vr.171, #vr.183, #vr.229, #vr.241, #vr.256, #vr.329,
                  #vr.341, #vr.356}
      ~idx.51  <~ {idx.13, idx.63, idx.91, ~idx.172, ~idx.184, idx.199,
                   ~idx.230, ~idx.242, ~idx.257, ~idx.330, ~idx.342, ~idx.357}
      #vf.52  <~ {#vf.173, #vf.185, #vf.231, #vf.243, #vf.258, #vf.331,
                  #vf.343, #vf.358}
      #vk.53  <~ {#vk.174, #vk.186, #vk.232, #vk.244, #vk.259, #vk.332,
                  #vk.344, #vk.359}
      #vk.54  <~ {#vk.175, #vk.187, #vk.233, #vk.245, #vk.260, #vk.333,
                  #vk.345, #vk.360}
      #vk.55  <~ {#vk.176, #vk.188, #vk.234, #vk.246, #vk.261, #vk.334,
                  #vk.346, #vk.361}
      #vk.57  <~ {#vk.178, #vk.190, #vk.236, #vk.248, #vk.263, #vk.336,
                  #vk.348, #vk.363}
      #vf.58  <~ {#vf.179, #vf.191, #vf.237, #vf.249, #vf.264, #vf.337,
                  #vf.349, #vf.364}
      #vr.59  <~ {#vr.180, #vr.238, #vr.338}
      ~r.60  <~ {~r.181, ~r.239, ~r.339}
      #vf.61  <~ {#vf.182, #vf.240, #vf.340}
      #vr.64  <~ {#vr.92, #vr.104, #vr.200, #vr.212}
      ~idx.65  <~ {idx.15, idx.19, idx.77, ~idx.93, ~idx.105, ~idx.201,
                   ~idx.213}
      #vf.66  <~ {#vf.94, #vf.106, #vf.202, #vf.214}
      #vk.67  <~ {#vk.95, #vk.107, #vk.203, #vk.215}
      #vk.68  <~ {#vk.96, #vk.108, #vk.204, #vk.216}
      #vk.69  <~ {#vk.97, #vk.109, #vk.205, #vk.217}
      #vk.71  <~ {#vk.99, #vk.111, #vk.207, #vk.219}
      #vf.72  <~ {#vf.100, #vf.112, #vf.208, #vf.220}
      #vr.73  <~ {#vr.101, #vr.209}
      ~r.74  <~ {~r.102, ~r.210}
      #vf.75  <~ {#vf.103, #vf.211}
      #vr.113  <~ {#vr.221}
      ~sst.114  <~ {sst.30, sst.88, ~sst.222}
      #vf.115  <~ {#vf.223}
      #vr.116  <~ {#vr.119, #vr.137, #vr.166, #vr.195, #vr.224, #vr.253,
                   #vr.315, #vr.353, #vr.391, #vr.462}
      ~rst.117  <~ {t.2, rst.4, rst.6, rst.8, rst.11, rst.13, rst.15,
                    rst.17, rst.19, rst.21, rst.30, rst.33, rst.35, rst.37, rst.46,
                    rst.49, rst.51, rst.60, rst.63, rst.65, rst.74, rst.77, rst.79,
                    rst.88, rst.91, rst.93, rst.102, rst.105, ~rst.120, rst.123,
                    rst.132, ~rst.138, rst.141, rst.143, rst.152, rst.155, ~rst.167,
                    rst.170, rst.172, rst.181, rst.184, ~rst.196, rst.199, rst.201,
                    rst.210, rst.213, ~rst.225, rst.228, rst.230, rst.239, rst.242,
                    ~rst.254, rst.257, rst.266, rst.275, rst.284, rst.287, rst.290,
                    rst.292, rst.301, rst.304, ~rst.316, rst.319, rst.328, rst.330,
                    rst.339, rst.342, ~rst.354, rst.357, rst.366, rst.368, rst.377,
                    rst.380, ~rst.392, rst.395, rst.404, rst.413, rst.422, rst.431,
                    rst.434, rst.437, rst.439, rst.448, rst.451, ~rst.463, rst.466,
                    rst.475, rst.484, rst.493, rst.496, rst.499, rst.508, rst.517}
      #vf.118  <~ {#vf.121, #vf.139, #vf.168, #vf.197, #vf.226, #vf.255,
                   #vf.317, #vf.355, #vf.393, #vf.464}
      #vr.122  <~ {#vr.274, #vr.421, #vr.483, #vr.507}
      $A.123  <~ {$A.275, $A.422, $A.484, $A.508}
      ~idx.123  <~ {~idx.275, ~idx.422, ~idx.484, ~idx.508}
      cts_in.123  <~ {cts_in.275, cts_in.422, cts_in.484, cts_in.508}
      #vf.124  <~ {#vf.276, #vf.423, #vf.485, #vf.509}
      #vk.125  <~ {#vk.277, #vk.424, #vk.486, #vk.510}
      #vk.126  <~ {#vk.278, #vk.425, #vk.487, #vk.511}
      #vk.127  <~ {#vk.279, #vk.426, #vk.488, #vk.512}
      #vk.129  <~ {#vk.281, #vk.428, #vk.490, #vk.514}
      #vf.130  <~ {#vf.282, #vf.429, #vf.491, #vf.515}
      ~sst.135  <~ {sst.46, sst.152, sst.301, sst.377, sst.448}
      #vr.163  <~ {#vr.312, #vr.388, #vr.459}
      ~sst.164  <~ {sst.60, sst.181, sst.239, ~sst.313, sst.339,
                    ~sst.389, ~sst.460}
      #vf.165  <~ {#vf.314, #vf.390, #vf.461}
      #vr.192  <~ {#vr.250, #vr.350}
      ~sst.193  <~ {sst.74, sst.102, sst.210, ~sst.251, ~sst.351}
      #vf.194  <~ {#vf.252, #vf.352}
      cts($A.6, $B.4, ~sst.114, ~r.30)  <~ {cts_in.6, cts_in.17,
                                            cts_in.21, cts_in.79}
      cts($A.11, $B.4, ~sst.135, ~r.46)  <~ {cts_in.11, cts_in.37,
                                             cts_in.49, cts_in.143, cts_in.155, cts_in.170,
                                             cts_in.228, cts_in.292, cts_in.304, cts_in.319,
                                             cts_in.328, cts_in.368, cts_in.380, cts_in.395,
                                             cts_in.404, cts_in.439, cts_in.451, cts_in.466,
                                             cts_in.475}
      cts($A.13, $B.4, ~sst.164, ~r.60)  <~ {cts_in.13, cts_in.51,
                                             cts_in.63, cts_in.91, cts_in.172, cts_in.184,
                                             cts_in.199, cts_in.230, cts_in.242, cts_in.257,
                                             cts_in.330, cts_in.342, cts_in.357}
      cts($A.15, $B.4, ~sst.193, ~r.74)  <~ {cts_in.15, cts_in.19,
                                             cts_in.65, cts_in.77, cts_in.93, cts_in.105,
                                             cts_in.201, cts_in.213}
      ks($A.6, $B.4, ~sst.114, ~r.30)  <~ {Ks.6, Ks.17}
      ks($A.11, $B.4, ~sst.135, ~r.46)  <~ {Ks.11, Ks.49, Ks.170, Ks.228,
                                            Ks.328}
      ks($A.13, $B.4, ~sst.164, ~r.60)  <~ {Ks.13, Ks.63, Ks.91, Ks.199}
      ks($A.15, $B.4, ~sst.193, ~r.74)  <~ {Ks.15, Ks.19, Ks.77}
    conj:
  
  lemmas:
  
  allowed cases: raw
  
  solved formulas:
  
  unsolved constraints:
    !KU( <$A.6, $B.4, cts($A.6, $B.4, ~sst.114, ~r.30)>
    ) @ #vk.23 // nr: 36" (currently deducible)"
    
    !KU( $A.6 ) @ #vk.24 // nr: 37" (currently deducible)"
    
    !KU( <$B.4, cts($A.6, $B.4, ~sst.114, ~r.30)>
    ) @ #vk.25 // nr: 38" (currently deducible)"
    
    !KU( $B.4 ) @ #vk.26 // nr: 39" (currently deducible)"
    
    !KU( cts($A.6, $B.4, ~sst.114, ~r.30)
    ) @ #vk.27 // nr: 45" (currently deducible)"
    
    !KU( <$A.11, $B.4, cts($A.11, $B.4, ~sst.135, ~r.46)>
    ) @ #vk.39 // nr: 53" (currently deducible)"
    
    !KU( $A.11 ) @ #vk.40 // nr: 54" (currently deducible)"
    
    !KU( <$B.4, cts($A.11, $B.4, ~sst.135, ~r.46)>
    ) @ #vk.41 // nr: 55" (currently deducible)"
    
    !KU( cts($A.11, $B.4, ~sst.135, ~r.46)
    ) @ #vk.43 // nr: 62" (currently deducible)"
    
    !KU( <$A.13, $B.4, cts($A.13, $B.4, ~sst.164, ~r.60)>
    ) @ #vk.53 // nr: 69" (currently deducible)"
    
    !KU( $A.13 ) @ #vk.54 // nr: 70" (currently deducible)"
    
    !KU( <$B.4, cts($A.13, $B.4, ~sst.164, ~r.60)>
    ) @ #vk.55 // nr: 71" (currently deducible)"
    
    !KU( cts($A.13, $B.4, ~sst.164, ~r.60)
    ) @ #vk.57 // nr: 78" (currently deducible)"
    
    !KU( <$A.15, $B.4, cts($A.15, $B.4, ~sst.193, ~r.74)>
    ) @ #vk.67 // nr: 85" (currently deducible)"
    
    !KU( $A.15 ) @ #vk.68 // nr: 86" (currently deducible)"
    
    !KU( <$B.4, cts($A.15, $B.4, ~sst.193, ~r.74)>
    ) @ #vk.69 // nr: 87" (currently deducible)"
    
    !KU( cts($A.15, $B.4, ~sst.193, ~r.74)
    ) @ #vk.71 // nr: 94" (currently deducible)"
    
    !KU( <$A.123, $B.4, cts_in.123>
    ) @ #vk.125 // nr: 139" (probably constructible)"
    
    !KU( $A.123 ) @ #vk.126 // nr: 140" (currently deducible)"
    
    !KU( <$B.4, cts_in.123>
    ) @ #vk.127 // nr: 141" (probably constructible)"
    
    !KU( cts_in.123 ) @ #vk.129 // nr: 143" (probably constructible)"
    
    !KU( <$A.266, $B.4, cts_in.266>
    ) @ #vk.268 // nr: 255" (probably constructible)"
    
    !KU( $A.266 ) @ #vk.269 // nr: 256" (currently deducible)"
    
    !KU( <$B.4, cts_in.266>
    ) @ #vk.270 // nr: 257" (probably constructible)"
    
    !KU( cts_in.266 ) @ #vk.272 // nr: 259" (probably constructible)"
    
    !KU( <$A.413, $B.4, cts_in.413>
    ) @ #vk.415 // nr: 374" (probably constructible)"
    
    !KU( $A.413 ) @ #vk.416 // nr: 375" (currently deducible)"
    
    !KU( <$B.4, cts_in.413>
    ) @ #vk.417 // nr: 376" (probably constructible)"
    
    !KU( cts_in.413 ) @ #vk.419 // nr: 378" (probably constructible)"
    
    !KU( <$A.11, $B.4, cts($A.11, $B.4, ~sst.135, ~r.46)>
    ) @ #vk.477 // nr: 426" (currently deducible)"
    
    !KU( $A.11 ) @ #vk.478 // nr: 427" (currently deducible)"
    
    !KU( <$B.4, cts($A.11, $B.4, ~sst.135, ~r.46)>
    ) @ #vk.479 // nr: 428" (currently deducible)"
    
    !KU( cts($A.11, $B.4, ~sst.135, ~r.46)
    ) @ #vk.481 // nr: 471" (currently deducible)"
    
    !KU( <$A.499, $B.4, cts_in.499>
    ) @ #vk.501 // nr: 451" (probably constructible)"
    
    !KU( $A.499 ) @ #vk.502 // nr: 452" (currently deducible)"
    
    !KU( <$B.4, cts_in.499>
    ) @ #vk.503 // nr: 453" (probably constructible)"
    
    !KU( cts_in.499 ) @ #vk.505 // nr: 455" (probably constructible)"
    
    ReceiverState( $B.4, ~rst.117
    ) ▶₀ #vr.32 // nr: 47 (from rule CompromiseReceiverState) (loop breaker)" (loop breaker)"
    
    OpenStage0( $B.4, ~bid.8, ~rst.117
    ) ▶₀ #vr.498 // nr: 450 (from rule AddSlot1)" (useful2)"
    
    splitEqs(102) // nr: 463" (useful2)"
  
  solved constraints:
    UsedReceiverState( $B.4, ~rst.117 ) ▶₀ #i // nr: 0" (useful2)"
    
    SealedStage4( $B.4, ~bid.8, ~rst.117
    ) ▶₀ #vr.3 // nr: 2 (from rule CompleteBatch)" (useful2)"
    
    BatchEndToken( $B.4, ~bid.8, ~rst.117
    ) ▶₁ #vr.3 // nr: 3 (from rule CompleteBatch)" (useful2)"
    
    Slot1DoneFact( $B.4, ~bid.8, ~rst.117
    ) ▶₂ #vr.3 // nr: 4 (from rule CompleteBatch)" (useful2)"
    
    Slot2DoneFact( $B.4, ~bid.8, ~rst.117
    ) ▶₃ #vr.3 // nr: 5 (from rule CompleteBatch)" (useful2)"
    
    Slot3DoneFact( $B.4, ~bid.8, ~rst.117
    ) ▶₄ #vr.3 // nr: 6 (from rule CompleteBatch)" (useful2)"
    
    Slot4DoneFact( $B.4, ~bid.8, ~rst.117
    ) ▶₅ #vr.3 // nr: 7 (from rule CompleteBatch)" (useful2)"
    
    SealedStage3( $B.4, ~bid.8, ~rst.117
    ) ▶₀ #vr.5 // nr: 9 (from rule ProcessSlot4)" (useful2)"
    
    AddedSlot4( $B.4, ~bid.8, ~rst.117, ~idx.21, $A.6,
                cts($A.6, $B.4, ~sst.114, ~r.30)
    ) ▶₁ #vr.5 // nr: 10 (from rule ProcessSlot4)" (useful2)"
    
    !ComponentKey( $A.6, $B.4, ~rst.117,
                   cts($A.6, $B.4, ~sst.114, ~r.30), ks($A.6, $B.4, ~sst.114, ~r.30)
    ) ▶₂ #vr.5 // nr: 11 (from rule ProcessSlot4)" (useful2)"
    
    ReceiverState( $B.4, ~rst.117
    ) ▶₀ #vr.7 // nr: 13 (from rule CreateBatch)" (useful2)"
    
    SealedStage0( $B.4, ~bid.8, ~rst.117
    ) ▶₀ #vr.10 // nr: 15 (from rule ProcessSlot1)" (useful2)"
    
    AddedSlot1( $B.4, ~bid.8, ~rst.117, ~idx.37, $A.11,
                cts($A.11, $B.4, ~sst.135, ~r.46)
    ) ▶₁ #vr.10 // nr: 16 (from rule ProcessSlot1)" (useful2)"
    
    !ComponentKey( $A.11, $B.4, ~rst.117,
                   cts($A.11, $B.4, ~sst.135, ~r.46), ks($A.11, $B.4, ~sst.135, ~r.46)
    ) ▶₂ #vr.10 // nr: 17 (from rule ProcessSlot1)" (useful2)"
    
    SealedStage1( $B.4, ~bid.8, ~rst.117
    ) ▶₀ #vr.12 // nr: 19 (from rule ProcessSlot2)" (useful2)"
    
    AddedSlot2( $B.4, ~bid.8, ~rst.117, ~idx.51, $A.13,
                cts($A.13, $B.4, ~sst.164, ~r.60)
    ) ▶₁ #vr.12 // nr: 20 (from rule ProcessSlot2)" (useful2)"
    
    !ComponentKey( $A.13, $B.4, ~rst.117,
                   cts($A.13, $B.4, ~sst.164, ~r.60), ks($A.13, $B.4, ~sst.164, ~r.60)
    ) ▶₂ #vr.12 // nr: 21 (from rule ProcessSlot2)" (useful2)"
    
    SealedStage2( $B.4, ~bid.8, ~rst.117
    ) ▶₀ #vr.14 // nr: 23 (from rule ProcessSlot3)" (useful2)"
    
    AddedSlot3( $B.4, ~bid.8, ~rst.117, ~idx.65, $A.15,
                cts($A.15, $B.4, ~sst.193, ~r.74)
    ) ▶₁ #vr.14 // nr: 24 (from rule ProcessSlot3)" (useful2)"
    
    !ComponentKey( $A.15, $B.4, ~rst.117,
                   cts($A.15, $B.4, ~sst.193, ~r.74), ks($A.15, $B.4, ~sst.193, ~r.74)
    ) ▶₂ #vr.14 // nr: 25 (from rule ProcessSlot3)" (useful2)"
    
    OpenStage3( $B.4, ~bid.8, ~rst.117
    ) ▶₀ #vr.20 // nr: 35 (from rule AddSlot4)" (useful2)"
    
    !SenderState( $A.6, ~sst.114
    ) ▶₀ #vr.29 // nr: 43 (from rule SenderCreatesComponent)" (useful2)"
    
    !ReceiverPublicState( $B.4, ~rst.117
    ) ▶₁ #vr.29 // nr: 44 (from rule SenderCreatesComponent)" (useful2)"
    
    ReceiverCompromiseToken( $B.4, ~rst.117
    ) ▶₁ #vr.32 // nr: 48 (from rule CompromiseReceiverState)" (useful2)"
    
    OpenStage4( $B.4, ~bid.8, ~rst.117
    ) ▶₀ #vr.34 // nr: 50 (from rule SealBatch)" (useful2)"
    
    OpenStage0( $B.4, ~bid.8, ~rst.117
    ) ▶₀ #vr.36 // nr: 52 (from rule AddSlot1)" (useful2)"
    
    !SenderState( $A.11, ~sst.135
    ) ▶₀ #vr.45 // nr: 60 (from rule SenderCreatesComponent)" (useful2)"
    
    !ReceiverPublicState( $B.4, ~rst.117
    ) ▶₁ #vr.45 // nr: 61 (from rule SenderCreatesComponent)" (useful2)"
    
    OpenStage1( $B.4, ~bid.8, ~rst.117
    ) ▶₀ #vr.50 // nr: 68 (from rule AddSlot2)" (useful2)"
    
    !SenderState( $A.13, ~sst.164
    ) ▶₀ #vr.59 // nr: 76 (from rule SenderCreatesComponent)" (useful2)"
    
    !ReceiverPublicState( $B.4, ~rst.117
    ) ▶₁ #vr.59 // nr: 77 (from rule SenderCreatesComponent)" (useful2)"
    
    OpenStage2( $B.4, ~bid.8, ~rst.117
    ) ▶₀ #vr.64 // nr: 84 (from rule AddSlot3)" (useful2)"
    
    !SenderState( $A.15, ~sst.193
    ) ▶₀ #vr.73 // nr: 92 (from rule SenderCreatesComponent)" (useful2)"
    
    !ReceiverPublicState( $B.4, ~rst.117
    ) ▶₁ #vr.73 // nr: 93 (from rule SenderCreatesComponent)" (useful2)"
    
    OpenStage3( $B.4, ~bid.8, ~rst.117
    ) ▶₀ #vr.122 // nr: 138 (from rule AddSlot4)" (useful2)"
    
    OpenStage2( $B.4, ~bid.8, ~rst.117
    ) ▶₀ #vr.265 // nr: 254 (from rule AddSlot3)" (useful2)"
    
    OpenStage1( $B.4, ~bid.8, ~rst.117
    ) ▶₀ #vr.412 // nr: 373 (from rule AddSlot2)" (useful2)"
[Saturating Sources] Done
theory Kwaay_SplitKem_Batch_Dynamic_V7

begin

// Function signature and definition of the equational theory E

functions: cts/4[private,constructor], fst/1, ks/4[private,constructor],
           pair/2, rkey/5[private,constructor], snd/1
equations: fst(<x.1, x.2>) = x.1, snd(<x.1, x.2>) = x.2

rule (modulo E) InitReceiverState:
   [ Fr( ~rst ) ]
  --[ ReceiverStateCreated( $B, ~rst ) ]->
   [
   ReceiverState( $B, ~rst ), !ReceiverPublicState( $B, ~rst ),
   ReceiverCompromiseToken( $B, ~rst )
   ]

  /* has exactly the trivial AC variant */

rule (modulo E) InitSenderState:
   [ Fr( ~sst ) ]
  --[ SenderStateCreated( $A, ~sst ) ]->
   [ !SenderState( $A, ~sst ), SenderCompromiseToken( $A, ~sst ) ]

  /* has exactly the trivial AC variant */

rule (modulo E) SenderCreatesComponent:
   [ !SenderState( $A, sst ), !ReceiverPublicState( $B, rst ), Fr( ~r ) ]
  --[
  SenderComponent( $A, $B, rst, cts($A, $B, sst, ~r), ks($A, $B, sst, ~r) )
  ]->
   [
   Out( <$A, $B, cts($A, $B, sst, ~r)> ),
   !ComponentKey( $A, $B, rst, cts($A, $B, sst, ~r), ks($A, $B, sst, ~r) )
   ]

  /* has exactly the trivial AC variant */

rule (modulo E) CreateBatch:
   [ ReceiverState( $B, rst ), Fr( ~bid ) ]
  --[ BatchCreated( $B, ~bid, rst ) ]->
   [
   OpenStage0( $B, ~bid, rst ), BatchEndToken( $B, ~bid, rst ),
   BatchCompromiseToken( $B, ~bid, rst )
   ]

  /* has exactly the trivial AC variant */

rule (modulo E) AddSlot1:
   [ OpenStage0( $B, bid, rst ), In( <$A, $B, cts_in> ), Fr( ~idx ) ]
  --[
  SlotAdded( $B, bid, ~idx, $A, cts_in ),
  Slot1Added( $B, bid, rst, ~idx, $A, cts_in )
  ]->
   [
   OpenStage1( $B, bid, rst ), AddedSlot1( $B, bid, rst, ~idx, $A, cts_in )
   ]

  /* has exactly the trivial AC variant */

rule (modulo E) AddSlot2:
   [ OpenStage1( $B, bid, rst ), In( <$A, $B, cts_in> ), Fr( ~idx ) ]
  --[
  SlotAdded( $B, bid, ~idx, $A, cts_in ),
  Slot2Added( $B, bid, rst, ~idx, $A, cts_in )
  ]->
   [
   OpenStage2( $B, bid, rst ), AddedSlot2( $B, bid, rst, ~idx, $A, cts_in )
   ]

  /* has exactly the trivial AC variant */

rule (modulo E) AddSlot3:
   [ OpenStage2( $B, bid, rst ), In( <$A, $B, cts_in> ), Fr( ~idx ) ]
  --[
  SlotAdded( $B, bid, ~idx, $A, cts_in ),
  Slot3Added( $B, bid, rst, ~idx, $A, cts_in )
  ]->
   [
   OpenStage3( $B, bid, rst ), AddedSlot3( $B, bid, rst, ~idx, $A, cts_in )
   ]

  /* has exactly the trivial AC variant */

rule (modulo E) AddSlot4:
   [ OpenStage3( $B, bid, rst ), In( <$A, $B, cts_in> ), Fr( ~idx ) ]
  --[
  SlotAdded( $B, bid, ~idx, $A, cts_in ),
  Slot4Added( $B, bid, rst, ~idx, $A, cts_in )
  ]->
   [
   OpenStage4( $B, bid, rst ), AddedSlot4( $B, bid, rst, ~idx, $A, cts_in )
   ]

  /* has exactly the trivial AC variant */

rule (modulo E) SealBatch:
   [ OpenStage4( $B, bid, rst ) ]
  --[ SealBatchEvent( $B, bid, rst ) ]->
   [ SealedStage0( $B, bid, rst ) ]

  /* has exactly the trivial AC variant */

rule (modulo E) ProcessSlot1:
   [
   SealedStage0( $B, bid, rst ),
   AddedSlot1( $B, bid, rst, idx, $A, cts_in ),
   !ComponentKey( $A, $B, rst, cts_in, Ks )
   ]
  --[
  BatchSlot( $B, bid, idx, $A, cts_in ),
  BatchSlotAccept( $B, bid, idx, $A, rst, cts_in, Ks ),
  ReceiverAcceptsComponent( $B, $A, rst, cts_in, Ks ),
  ReceiverKey( $B, $A, bid, idx, rst, cts_in, Ks,
               rkey($B, $A, rst, cts_in, Ks)
  ),
  PartneredSlot( $A, $B, bid, idx, rst, cts_in, Ks ),
  SlotProcessed( $B, bid, idx, $A, cts_in ), Slot1Done( $B, bid, rst )
  ]->
   [ SealedStage1( $B, bid, rst ), Slot1DoneFact( $B, bid, rst ) ]

  /* has exactly the trivial AC variant */

rule (modulo E) ProcessSlot2:
   [
   SealedStage1( $B, bid, rst ),
   AddedSlot2( $B, bid, rst, idx, $A, cts_in ),
   !ComponentKey( $A, $B, rst, cts_in, Ks )
   ]
  --[
  BatchSlot( $B, bid, idx, $A, cts_in ),
  BatchSlotAccept( $B, bid, idx, $A, rst, cts_in, Ks ),
  ReceiverAcceptsComponent( $B, $A, rst, cts_in, Ks ),
  ReceiverKey( $B, $A, bid, idx, rst, cts_in, Ks,
               rkey($B, $A, rst, cts_in, Ks)
  ),
  PartneredSlot( $A, $B, bid, idx, rst, cts_in, Ks ),
  SlotProcessed( $B, bid, idx, $A, cts_in ), Slot2Done( $B, bid, rst )
  ]->
   [ SealedStage2( $B, bid, rst ), Slot2DoneFact( $B, bid, rst ) ]

  /* has exactly the trivial AC variant */

rule (modulo E) ProcessSlot3:
   [
   SealedStage2( $B, bid, rst ),
   AddedSlot3( $B, bid, rst, idx, $A, cts_in ),
   !ComponentKey( $A, $B, rst, cts_in, Ks )
   ]
  --[
  BatchSlot( $B, bid, idx, $A, cts_in ),
  BatchSlotAccept( $B, bid, idx, $A, rst, cts_in, Ks ),
  ReceiverAcceptsComponent( $B, $A, rst, cts_in, Ks ),
  ReceiverKey( $B, $A, bid, idx, rst, cts_in, Ks,
               rkey($B, $A, rst, cts_in, Ks)
  ),
  PartneredSlot( $A, $B, bid, idx, rst, cts_in, Ks ),
  SlotProcessed( $B, bid, idx, $A, cts_in ), Slot3Done( $B, bid, rst )
  ]->
   [ SealedStage3( $B, bid, rst ), Slot3DoneFact( $B, bid, rst ) ]

  /* has exactly the trivial AC variant */

rule (modulo E) ProcessSlot4:
   [
   SealedStage3( $B, bid, rst ),
   AddedSlot4( $B, bid, rst, idx, $A, cts_in ),
   !ComponentKey( $A, $B, rst, cts_in, Ks )
   ]
  --[
  BatchSlot( $B, bid, idx, $A, cts_in ),
  BatchSlotAccept( $B, bid, idx, $A, rst, cts_in, Ks ),
  ReceiverAcceptsComponent( $B, $A, rst, cts_in, Ks ),
  ReceiverKey( $B, $A, bid, idx, rst, cts_in, Ks,
               rkey($B, $A, rst, cts_in, Ks)
  ),
  PartneredSlot( $A, $B, bid, idx, rst, cts_in, Ks ),
  SlotProcessed( $B, bid, idx, $A, cts_in ), Slot4Done( $B, bid, rst )
  ]->
   [ SealedStage4( $B, bid, rst ), Slot4DoneFact( $B, bid, rst ) ]

  /* has exactly the trivial AC variant */

rule (modulo E) CompleteBatch:
   [
   SealedStage4( $B, bid, rst ), BatchEndToken( $B, bid, rst ),
   Slot1DoneFact( $B, bid, rst ), Slot2DoneFact( $B, bid, rst ),
   Slot3DoneFact( $B, bid, rst ), Slot4DoneFact( $B, bid, rst )
   ]
  --[
  UseBatchEndToken( $B, bid, rst ), BatchComplete( $B, bid, rst ),
  BatchClosed( $B, bid, rst ), ConsumeReceiverState( $B, rst )
  ]->
   [ ClosedBatch( $B, bid, rst ), UsedReceiverState( $B, rst ) ]

  /* has exactly the trivial AC variant */

rule (modulo E) FailSlot1:
   [
   SealedStage0( $B, bid, rst ), BatchEndToken( $B, bid, rst ),
   AddedSlot1( $B, bid, rst, idx, $A, cts_in )
   ]
  --[
  UseBatchEndToken( $B, bid, rst ), BatchSlot( $B, bid, idx, $A, cts_in ),
  BatchSlotFail( $B, bid, idx, $A, rst, cts_in ),
  BatchFail( $B, bid, rst ), BatchClosed( $B, bid, rst ),
  ConsumeReceiverState( $B, rst )
  ]->
   [ ClosedBatch( $B, bid, rst ), UsedReceiverState( $B, rst ) ]

  /* has exactly the trivial AC variant */

rule (modulo E) FailSlot2:
   [
   SealedStage1( $B, bid, rst ), BatchEndToken( $B, bid, rst ),
   AddedSlot2( $B, bid, rst, idx, $A, cts_in )
   ]
  --[
  UseBatchEndToken( $B, bid, rst ), BatchSlot( $B, bid, idx, $A, cts_in ),
  BatchSlotFail( $B, bid, idx, $A, rst, cts_in ),
  BatchFail( $B, bid, rst ), BatchClosed( $B, bid, rst ),
  ConsumeReceiverState( $B, rst )
  ]->
   [ ClosedBatch( $B, bid, rst ), UsedReceiverState( $B, rst ) ]

  /* has exactly the trivial AC variant */

rule (modulo E) FailSlot3:
   [
   SealedStage2( $B, bid, rst ), BatchEndToken( $B, bid, rst ),
   AddedSlot3( $B, bid, rst, idx, $A, cts_in )
   ]
  --[
  UseBatchEndToken( $B, bid, rst ), BatchSlot( $B, bid, idx, $A, cts_in ),
  BatchSlotFail( $B, bid, idx, $A, rst, cts_in ),
  BatchFail( $B, bid, rst ), BatchClosed( $B, bid, rst ),
  ConsumeReceiverState( $B, rst )
  ]->
   [ ClosedBatch( $B, bid, rst ), UsedReceiverState( $B, rst ) ]

  /* has exactly the trivial AC variant */

rule (modulo E) FailSlot4:
   [
   SealedStage3( $B, bid, rst ), BatchEndToken( $B, bid, rst ),
   AddedSlot4( $B, bid, rst, idx, $A, cts_in )
   ]
  --[
  UseBatchEndToken( $B, bid, rst ), BatchSlot( $B, bid, idx, $A, cts_in ),
  BatchSlotFail( $B, bid, idx, $A, rst, cts_in ),
  BatchFail( $B, bid, rst ), BatchClosed( $B, bid, rst ),
  ConsumeReceiverState( $B, rst )
  ]->
   [ ClosedBatch( $B, bid, rst ), UsedReceiverState( $B, rst ) ]

  /* has exactly the trivial AC variant */

rule (modulo E) CompromiseReceiverState:
   [ ReceiverState( $B, rst ), ReceiverCompromiseToken( $B, rst ) ]
  --[ CompromiseReceiverState( $B, rst ) ]->
   [
   ReceiverState( $B, rst ), !CompromisedReceiverState( $B, rst ),
   Out( rst )
   ]

  // loop breaker: [0]
  /* has exactly the trivial AC variant */

rule (modulo E) CompromiseActiveReceiverState:
   [ BatchCompromiseToken( $B, bid, rst ) ]
  --[ CompromiseReceiverState( $B, rst ) ]->
   [ !CompromisedReceiverState( $B, rst ), Out( rst ) ]

  /* has exactly the trivial AC variant */

rule (modulo E) CompromiseSenderState:
   [ !SenderState( $A, sst ), SenderCompromiseToken( $A, sst ) ]
  --[ CompromiseSenderState( $A, sst ) ]->
   [ !CompromisedSenderState( $A, sst ), Out( sst ) ]

  /* has exactly the trivial AC variant */

lemma executable_four_slots_added:
  exists-trace
  "∃ B A1 A2 A3 A4 bid i1 i2 i3 i4 c1 c2 c3 c4 #j1 #j2 #j3 #j4.
    (((SlotAdded( B, bid, i1, A1, c1 ) @ #j1) ∧
      (SlotAdded( B, bid, i2, A2, c2 ) @ #j2)) ∧
     (SlotAdded( B, bid, i3, A3, c3 ) @ #j3)) ∧
    (SlotAdded( B, bid, i4, A4, c4 ) @ #j4)"
/*
guarded formula characterizing all satisfying traces:
"∃ B A1 A2 A3 A4 bid i1 i2 i3 i4 c1 c2 c3 c4 #j1 #j2 #j3 #j4.
  (SlotAdded( B, bid, i1, A1, c1 ) @ #j1) ∧
  (SlotAdded( B, bid, i2, A2, c2 ) @ #j2) ∧
  (SlotAdded( B, bid, i3, A3, c3 ) @ #j3) ∧
  (SlotAdded( B, bid, i4, A4, c4 ) @ #j4)"
*/
by sorry

lemma executable_seal_batch:
  exists-trace "∃ B bid rst #i. SealBatchEvent( B, bid, rst ) @ #i"
/*
guarded formula characterizing all satisfying traces:
"∃ B bid rst #i. (SealBatchEvent( B, bid, rst ) @ #i)"
*/
by sorry

lemma executable_four_slots_processed:
  exists-trace
  "∃ B bid rst A1 A2 A3 A4 i1 i2 i3 i4 c1 c2 c3 c4 K1 K2 K3 K4 #j1 #j2 #j3
     #j4.
    (((BatchSlotAccept( B, bid, i1, A1, rst, c1, K1 ) @ #j1) ∧
      (BatchSlotAccept( B, bid, i2, A2, rst, c2, K2 ) @ #j2)) ∧
     (BatchSlotAccept( B, bid, i3, A3, rst, c3, K3 ) @ #j3)) ∧
    (BatchSlotAccept( B, bid, i4, A4, rst, c4, K4 ) @ #j4)"
/*
guarded formula characterizing all satisfying traces:
"∃ B bid rst A1 A2 A3 A4 i1 i2 i3 i4 c1 c2 c3 c4 K1 K2 K3 K4 #j1 #j2 #j3
   #j4.
  (BatchSlotAccept( B, bid, i1, A1, rst, c1, K1 ) @ #j1) ∧
  (BatchSlotAccept( B, bid, i2, A2, rst, c2, K2 ) @ #j2) ∧
  (BatchSlotAccept( B, bid, i3, A3, rst, c3, K3 ) @ #j3) ∧
  (BatchSlotAccept( B, bid, i4, A4, rst, c4, K4 ) @ #j4)"
*/
by sorry

lemma executable_batch_complete:
  exists-trace "∃ B bid rst #i. BatchComplete( B, bid, rst ) @ #i"
/*
guarded formula characterizing all satisfying traces:
"∃ B bid rst #i. (BatchComplete( B, bid, rst ) @ #i)"
*/
by sorry

lemma executable_batch_fail:
  exists-trace
  "∃ B A bid idx rst cts #i.
    (BatchSlotFail( B, bid, idx, A, rst, cts ) @ #i) ∧
    (BatchFail( B, bid, rst ) @ #i)"
/*
guarded formula characterizing all satisfying traces:
"∃ B A bid idx rst cts #i.
  (BatchSlotFail( B, bid, idx, A, rst, cts ) @ #i) ∧
  (BatchFail( B, bid, rst ) @ #i)"
*/
by sorry

lemma seal_requires_all_slots_added:
  all-traces
  "∀ B bid rst #i.
    (SealBatchEvent( B, bid, rst ) @ #i) ⇒
    ((((∃ idx A c #j.
         (Slot1Added( B, bid, rst, idx, A, c ) @ #j) ∧ (#j < #i)) ∧
       (∃ idx A c #j.
         (Slot2Added( B, bid, rst, idx, A, c ) @ #j) ∧ (#j < #i))) ∧
      (∃ idx A c #j.
        (Slot3Added( B, bid, rst, idx, A, c ) @ #j) ∧ (#j < #i))) ∧
     (∃ idx A c #j. (Slot4Added( B, bid, rst, idx, A, c ) @ #j) ∧ (#j < #i)))"
/*
guarded formula characterizing all counter-examples:
"∃ B bid rst #i.
  (SealBatchEvent( B, bid, rst ) @ #i)
 ∧
  ((∀ idx A c #j.
     (Slot1Added( B, bid, rst, idx, A, c ) @ #j) ⇒ ¬(#j < #i)) ∨
   (∀ idx A c #j.
     (Slot2Added( B, bid, rst, idx, A, c ) @ #j) ⇒ ¬(#j < #i)) ∨
   (∀ idx A c #j.
     (Slot3Added( B, bid, rst, idx, A, c ) @ #j) ⇒ ¬(#j < #i)) ∨
   (∀ idx A c #j.
     (Slot4Added( B, bid, rst, idx, A, c ) @ #j) ⇒ ¬(#j < #i)))"
*/
by sorry

lemma process_requires_slot_added:
  all-traces
  "∀ B A bid idx rst cts Ks #i.
    (BatchSlotAccept( B, bid, idx, A, rst, cts, Ks ) @ #i) ⇒
    (∃ #j. (SlotAdded( B, bid, idx, A, cts ) @ #j) ∧ (#j < #i))"
/*
guarded formula characterizing all counter-examples:
"∃ B A bid idx rst cts Ks #i.
  (BatchSlotAccept( B, bid, idx, A, rst, cts, Ks ) @ #i)
 ∧
  ∀ #j. (SlotAdded( B, bid, idx, A, cts ) @ #j) ⇒ ¬(#j < #i)"
*/
by sorry

lemma process_requires_seal:
  all-traces
  "∀ B A bid idx rst cts Ks #i.
    (BatchSlotAccept( B, bid, idx, A, rst, cts, Ks ) @ #i) ⇒
    (∃ #j. (SealBatchEvent( B, bid, rst ) @ #j) ∧ (#j < #i))"
/*
guarded formula characterizing all counter-examples:
"∃ B A bid idx rst cts Ks #i.
  (BatchSlotAccept( B, bid, idx, A, rst, cts, Ks ) @ #i)
 ∧
  ∀ #j. (SealBatchEvent( B, bid, rst ) @ #j) ⇒ ¬(#j < #i)"
*/
by sorry

lemma complete_requires_seal:
  all-traces
  "∀ B bid rst #i.
    (BatchComplete( B, bid, rst ) @ #i) ⇒
    (∃ #j. (SealBatchEvent( B, bid, rst ) @ #j) ∧ (#j < #i))"
/*
guarded formula characterizing all counter-examples:
"∃ B bid rst #i.
  (BatchComplete( B, bid, rst ) @ #i)
 ∧
  ∀ #j. (SealBatchEvent( B, bid, rst ) @ #j) ⇒ ¬(#j < #i)"
*/
by sorry

lemma fail_requires_seal:
  all-traces
  "∀ B bid rst #i.
    (BatchFail( B, bid, rst ) @ #i) ⇒
    (∃ #j. (SealBatchEvent( B, bid, rst ) @ #j) ∧ (#j < #i))"
/*
guarded formula characterizing all counter-examples:
"∃ B bid rst #i.
  (BatchFail( B, bid, rst ) @ #i)
 ∧
  ∀ #j. (SealBatchEvent( B, bid, rst ) @ #j) ⇒ ¬(#j < #i)"
*/
simplify
solve( BatchFail( B, bid, rst ) @ #i )
  case FailSlot1
  solve( SealedStage0( $B, bid, rst ) ▶₀ #i )
    case SealBatch_case_1
    by contradiction /* from formulas */
  next
    case SealBatch_case_2
    by contradiction /* from formulas */
  qed
next
  case FailSlot2
  solve( SealedStage1( $B, bid, rst ) ▶₀ #i )
    case ProcessSlot1_case_1
    by contradiction /* from formulas */
  next
    case ProcessSlot1_case_2
    by contradiction /* from formulas */
  qed
next
  case FailSlot3
  solve( SealedStage2( $B, bid, rst ) ▶₀ #i )
    case ProcessSlot2_case_1
    by contradiction /* from formulas */
  next
    case ProcessSlot2_case_2
    by contradiction /* from formulas */
  qed
next
  case FailSlot4
  solve( SealedStage3( $B, bid, rst ) ▶₀ #i )
    case ProcessSlot3_case_1
    by contradiction /* from formulas */
  next
    case ProcessSlot3_case_2
    by contradiction /* from formulas */
  qed
qed

lemma complete_requires_all_slots_done:
  all-traces
  "∀ B bid rst #i.
    (BatchComplete( B, bid, rst ) @ #i) ⇒
    ((((∃ #j. (Slot1Done( B, bid, rst ) @ #j) ∧ (#j < #i)) ∧
       (∃ #j. (Slot2Done( B, bid, rst ) @ #j) ∧ (#j < #i))) ∧
      (∃ #j. (Slot3Done( B, bid, rst ) @ #j) ∧ (#j < #i))) ∧
     (∃ #j. (Slot4Done( B, bid, rst ) @ #j) ∧ (#j < #i)))"
/*
guarded formula characterizing all counter-examples:
"∃ B bid rst #i.
  (BatchComplete( B, bid, rst ) @ #i)
 ∧
  ((∀ #j. (Slot1Done( B, bid, rst ) @ #j) ⇒ ¬(#j < #i)) ∨
   (∀ #j. (Slot2Done( B, bid, rst ) @ #j) ⇒ ¬(#j < #i)) ∨
   (∀ #j. (Slot3Done( B, bid, rst ) @ #j) ⇒ ¬(#j < #i)) ∨
   (∀ #j. (Slot4Done( B, bid, rst ) @ #j) ⇒ ¬(#j < #i)))"
*/
by sorry

lemma complete_requires_all_added_slots_processed:
  all-traces
  "∀ B bid rst idx A cts #i #j.
    ((BatchComplete( B, bid, rst ) @ #i) ∧
     (SlotAdded( B, bid, idx, A, cts ) @ #j)) ⇒
    (∃ #k.
      ((SlotProcessed( B, bid, idx, A, cts ) @ #k) ∧ (#j < #k)) ∧ (#k < #i))"
/*
guarded formula characterizing all counter-examples:
"∃ B bid rst idx A cts #i #j.
  (BatchComplete( B, bid, rst ) @ #i) ∧
  (SlotAdded( B, bid, idx, A, cts ) @ #j)
 ∧
  ∀ #k.
   (SlotProcessed( B, bid, idx, A, cts ) @ #k)
  ⇒
   ((¬(#j < #k)) ∨ (¬(#k < #i)))"
*/
by sorry

lemma no_add_after_seal:
  all-traces
  "∀ B bid rst idx A cts #i #j.
    ((SealBatchEvent( B, bid, rst ) @ #i) ∧
     (SlotAdded( B, bid, idx, A, cts ) @ #j)) ⇒
    (#j < #i)"
/*
guarded formula characterizing all counter-examples:
"∃ B bid rst idx A cts #i #j.
  (SealBatchEvent( B, bid, rst ) @ #i) ∧
  (SlotAdded( B, bid, idx, A, cts ) @ #j)
 ∧
  ¬(#j < #i)"
*/
by sorry

lemma no_add_after_complete:
  all-traces
  "∀ B bid rst idx A cts #i #j.
    ((BatchComplete( B, bid, rst ) @ #i) ∧
     (SlotAdded( B, bid, idx, A, cts ) @ #j)) ⇒
    (#j < #i)"
/*
guarded formula characterizing all counter-examples:
"∃ B bid rst idx A cts #i #j.
  (BatchComplete( B, bid, rst ) @ #i) ∧
  (SlotAdded( B, bid, idx, A, cts ) @ #j)
 ∧
  ¬(#j < #i)"
*/
by sorry

lemma no_add_after_fail:
  all-traces
  "∀ B bid rst idx A cts #i #j.
    ((BatchFail( B, bid, rst ) @ #i) ∧
     (SlotAdded( B, bid, idx, A, cts ) @ #j)) ⇒
    (#j < #i)"
/*
guarded formula characterizing all counter-examples:
"∃ B bid rst idx A cts #i #j.
  (BatchFail( B, bid, rst ) @ #i) ∧ (SlotAdded( B, bid, idx, A, cts ) @ #j)
 ∧
  ¬(#j < #i)"
*/
by sorry

lemma no_slot_accept_after_complete:
  all-traces
  "∀ B bid rst A idx cts Ks #i #j.
    ((BatchComplete( B, bid, rst ) @ #i) ∧
     (BatchSlotAccept( B, bid, idx, A, rst, cts, Ks ) @ #j)) ⇒
    (#j < #i)"
/*
guarded formula characterizing all counter-examples:
"∃ B bid rst A idx cts Ks #i #j.
  (BatchComplete( B, bid, rst ) @ #i) ∧
  (BatchSlotAccept( B, bid, idx, A, rst, cts, Ks ) @ #j)
 ∧
  ¬(#j < #i)"
*/
by sorry

lemma no_slot_accept_after_fail:
  all-traces
  "∀ B bid rst A idx cts Ks #i #j.
    ((BatchFail( B, bid, rst ) @ #i) ∧
     (BatchSlotAccept( B, bid, idx, A, rst, cts, Ks ) @ #j)) ⇒
    (#j < #i)"
/*
guarded formula characterizing all counter-examples:
"∃ B bid rst A idx cts Ks #i #j.
  (BatchFail( B, bid, rst ) @ #i) ∧
  (BatchSlotAccept( B, bid, idx, A, rst, cts, Ks ) @ #j)
 ∧
  ¬(#j < #i)"
*/
by sorry

lemma no_slot_accept_after_close:
  all-traces
  "∀ B bid rst A idx cts Ks #i #j.
    ((BatchClosed( B, bid, rst ) @ #i) ∧
     (BatchSlotAccept( B, bid, idx, A, rst, cts, Ks ) @ #j)) ⇒
    (#j < #i)"
/*
guarded formula characterizing all counter-examples:
"∃ B bid rst A idx cts Ks #i #j.
  (BatchClosed( B, bid, rst ) @ #i) ∧
  (BatchSlotAccept( B, bid, idx, A, rst, cts, Ks ) @ #j)
 ∧
  ¬(#j < #i)"
*/
by sorry

lemma batch_complete_consumes_state:
  all-traces
  "∀ B bid rst #i.
    (BatchComplete( B, bid, rst ) @ #i) ⇒
    (ConsumeReceiverState( B, rst ) @ #i)"
/*
guarded formula characterizing all counter-examples:
"∃ B bid rst #i.
  (BatchComplete( B, bid, rst ) @ #i)
 ∧
  ¬(ConsumeReceiverState( B, rst ) @ #i)"
*/
by sorry

lemma batch_fail_consumes_state:
  all-traces
  "∀ B bid rst #i.
    (BatchFail( B, bid, rst ) @ #i) ⇒ (ConsumeReceiverState( B, rst ) @ #i)"
/*
guarded formula characterizing all counter-examples:
"∃ B bid rst #i.
  (BatchFail( B, bid, rst ) @ #i) ∧ ¬(ConsumeReceiverState( B, rst ) @ #i)"
*/
by sorry

lemma batch_end_token_single_use:
  all-traces
  "∀ B bid rst #i #j.
    ((UseBatchEndToken( B, bid, rst ) @ #i) ∧
     (UseBatchEndToken( B, bid, rst ) @ #j)) ⇒
    (#i = #j)"
/*
guarded formula characterizing all counter-examples:
"∃ B bid rst #i #j.
  (UseBatchEndToken( B, bid, rst ) @ #i) ∧
  (UseBatchEndToken( B, bid, rst ) @ #j)
 ∧
  ¬(#i = #j)"
*/
by sorry

lemma batch_fail_complete_exclusive:
  all-traces
  "∀ B bid rst #i #j.
    ((BatchFail( B, bid, rst ) @ #i) ∧ (BatchComplete( B, bid, rst ) @ #j)) ⇒
    (⊥)"
/*
guarded formula characterizing all counter-examples:
"∃ B bid rst #i #j.
  (BatchFail( B, bid, rst ) @ #i) ∧ (BatchComplete( B, bid, rst ) @ #j)"
*/
by sorry

lemma receiver_state_single_batch_end:
  all-traces
  "∀ B rst #i #j.
    ((ConsumeReceiverState( B, rst ) @ #i) ∧
     (ConsumeReceiverState( B, rst ) @ #j)) ⇒
    (#i = #j)"
/*
guarded formula characterizing all counter-examples:
"∃ B rst #i #j.
  (ConsumeReceiverState( B, rst ) @ #i) ∧
  (ConsumeReceiverState( B, rst ) @ #j)
 ∧
  ¬(#i = #j)"
*/
by sorry

lemma slot_origin:
  all-traces
  "∀ B A bid idx rst cts Ks #i.
    (BatchSlotAccept( B, bid, idx, A, rst, cts, Ks ) @ #i) ⇒
    (∃ #j. (SenderComponent( A, B, rst, cts, Ks ) @ #j) ∧ (#j < #i))"
/*
guarded formula characterizing all counter-examples:
"∃ B A bid idx rst cts Ks #i.
  (BatchSlotAccept( B, bid, idx, A, rst, cts, Ks ) @ #i)
 ∧
  ∀ #j. (SenderComponent( A, B, rst, cts, Ks ) @ #j) ⇒ ¬(#j < #i)"
*/
by sorry

/* All wellformedness checks were successful. */

/*
Generated from:
Tamarin version 1.12.0
Maude version 3.5.1
Git revision: UNKNOWN, branch: UNKNOWN
Compiled at: 2026-03-08 10:05:47.616272992 UTC
*/

end

==============================================================================
summary of summaries:

analyzed: tamarin/kwaay_splitkem_batch_dynamic_v7.spthy

  processing time: 9.34s
  
  executable_four_slots_added (exists-trace): analysis incomplete (1 steps)
  executable_seal_batch (exists-trace): analysis incomplete (1 steps)
  executable_four_slots_processed (exists-trace): analysis incomplete (1 steps)
  executable_batch_complete (exists-trace): analysis incomplete (1 steps)
  executable_batch_fail (exists-trace): analysis incomplete (1 steps)
  seal_requires_all_slots_added (all-traces): analysis incomplete (1 steps)
  process_requires_slot_added (all-traces): analysis incomplete (1 steps)
  process_requires_seal (all-traces): analysis incomplete (1 steps)
  complete_requires_seal (all-traces): analysis incomplete (1 steps)
  fail_requires_seal (all-traces): verified (14 steps)
  complete_requires_all_slots_done (all-traces): analysis incomplete (1 steps)
  complete_requires_all_added_slots_processed (all-traces): analysis incomplete (1 steps)
  no_add_after_seal (all-traces): analysis incomplete (1 steps)
  no_add_after_complete (all-traces): analysis incomplete (1 steps)
  no_add_after_fail (all-traces): analysis incomplete (1 steps)
  no_slot_accept_after_complete (all-traces): analysis incomplete (1 steps)
  no_slot_accept_after_fail (all-traces): analysis incomplete (1 steps)
  no_slot_accept_after_close (all-traces): analysis incomplete (1 steps)
  batch_complete_consumes_state (all-traces): analysis incomplete (1 steps)
  batch_fail_consumes_state (all-traces): analysis incomplete (1 steps)
  batch_end_token_single_use (all-traces): analysis incomplete (1 steps)
  batch_fail_complete_exclusive (all-traces): analysis incomplete (1 steps)
  receiver_state_single_batch_end (all-traces): analysis incomplete (1 steps)
  slot_origin (all-traces): analysis incomplete (1 steps)

==============================================================================
