maude tool: 'maude'
 checking version: 3.5.1. OK.
 checking installation: OK.
[Theory Kwaay_Replay_Fixed] Theory loaded
[Theory Kwaay_Replay_Fixed] Theory translated
[Theory Kwaay_Replay_Fixed] Theory closed
[Saturating Sources] Step 1 (Max 5)
Simplifier iteration 11:

The reduction-rules for
were applied to the following constraint system.

  nodes:
    #vr.4: instance (modulo AC) CompleteBatch:
              [
              SealedStage2( $B.5, ~bid.9, ~rst.25 ),
              BatchEndToken( $B.5, ~bid.9, ~rst.25 ),
              Slot1DoneFact( $B.5, ~bid.9, ~rst.25 ),
              Slot2DoneFact( $B.5, ~bid.9, ~rst.25 )
              ]
             --[
             UseBatchEndToken( $B.5, ~bid.9, ~rst.25 ),
             BatchComplete( $B.5, ~bid.9, ~rst.25 ),
             BatchClosed( $B.5, ~bid.9, ~rst.25 ),
             ConsumeReceiverState( $B.5, ~rst.25 )
             ]->
              [
              ClosedBatch( $B.5, ~bid.9, ~rst.25 ),
              UsedReceiverState( $B.5, ~rst.25 )
              ]
    #vr.6: instance (modulo AC) ProcessSlot2:
              [
              SealedStage1( $B.5, ~bid.9, ~rst.25 ),
              CheckedSlot2( $B.5, ~bid.9, ~rst.25, ~idx.130, $A.7,
                            <ct_l($A.7, $B.5, ~rst.25, ~rl.20), 
                             ct_k($A.7, $B.5, ~rst.25, ~rk.20), 
                             ct_s($A.7, $B.5, ~sst.59, ~rst.25, ~rs.20)>
              ),
              !HonestSession( $A.7, $B.5, ~rst.25,
                              <ct_l($A.7, $B.5, ~rst.25, ~rl.20), 
                               ct_k($A.7, $B.5, ~rst.25, ~rk.20), 
                               ct_s($A.7, $B.5, ~sst.59, ~rst.25, ~rs.20)>,
                              session_id($A.7, $B.5, sender_pk($A.7, ~sst.59),
                                         receiver_pk($B.5, ~rst.25), sender_prekey($A.7, ~sst.59),
                                         receiver_prekey($B.5, ~rst.25),
                                         <ct_l($A.7, $B.5, ~rst.25, ~rl.20), 
                                          ct_k($A.7, $B.5, ~rst.25, ~rk.20), 
                                          ct_s($A.7, $B.5, ~sst.59, ~rst.25, ~rs.20)>),
                              session_key(secret_l($A.7, $B.5, ~rst.25, ~rl.20),
                                          secret_k($A.7, $B.5, ~rst.25, ~rk.20),
                                          secret_s($A.7, $B.5, ~sst.59, ~rst.25, ~rs.20),
                                          session_id($A.7, $B.5, sender_pk($A.7, ~sst.59),
                                                     receiver_pk($B.5, ~rst.25),
                                                     sender_prekey($A.7, ~sst.59),
                                                     receiver_prekey($B.5, ~rst.25),
                                                     <ct_l($A.7, $B.5, ~rst.25, ~rl.20), 
                                                      ct_k($A.7, $B.5, ~rst.25, ~rk.20), 
                                                      ct_s($A.7, $B.5, ~sst.59, ~rst.25, ~rs.20)>))
              )
              ]
             --[
             BatchSlot( $B.5, ~bid.9, ~idx.130, $A.7,
                        <ct_l($A.7, $B.5, ~rst.25, ~rl.20), 
                         ct_k($A.7, $B.5, ~rst.25, ~rk.20), 
                         ct_s($A.7, $B.5, ~sst.59, ~rst.25, ~rs.20)>
             ),
             ReceiverAccept( $B.5, $A.7, ~bid.9, ~idx.130, ~rst.25,
                             <ct_l($A.7, $B.5, ~rst.25, ~rl.20), 
                              ct_k($A.7, $B.5, ~rst.25, ~rk.20), 
                              ct_s($A.7, $B.5, ~sst.59, ~rst.25, ~rs.20)>,
                             session_id($A.7, $B.5, sender_pk($A.7, ~sst.59),
                                        receiver_pk($B.5, ~rst.25), sender_prekey($A.7, ~sst.59),
                                        receiver_prekey($B.5, ~rst.25),
                                        <ct_l($A.7, $B.5, ~rst.25, ~rl.20), 
                                         ct_k($A.7, $B.5, ~rst.25, ~rk.20), 
                                         ct_s($A.7, $B.5, ~sst.59, ~rst.25, ~rs.20)>),
                             session_key(secret_l($A.7, $B.5, ~rst.25, ~rl.20),
                                         secret_k($A.7, $B.5, ~rst.25, ~rk.20),
                                         secret_s($A.7, $B.5, ~sst.59, ~rst.25, ~rs.20),
                                         session_id($A.7, $B.5, sender_pk($A.7, ~sst.59),
                                                    receiver_pk($B.5, ~rst.25),
                                                    sender_prekey($A.7, ~sst.59),
                                                    receiver_prekey($B.5, ~rst.25),
                                                    <ct_l($A.7, $B.5, ~rst.25, ~rl.20), 
                                                     ct_k($A.7, $B.5, ~rst.25, ~rk.20), 
                                                     ct_s($A.7, $B.5, ~sst.59, ~rst.25, ~rs.20)>))
             ),
             SlotProcessed( $B.5, ~bid.9, ~idx.130, $A.7,
                            <ct_l($A.7, $B.5, ~rst.25, ~rl.20), 
                             ct_k($A.7, $B.5, ~rst.25, ~rk.20), 
                             ct_s($A.7, $B.5, ~sst.59, ~rst.25, ~rs.20)>
             ),
             Slot2Done( $B.5, ~bid.9, ~rst.25 )
             ]->
              [
              SealedStage2( $B.5, ~bid.9, ~rst.25 ),
              Slot2DoneFact( $B.5, ~bid.9, ~rst.25 )
              ]
    #vr.8: instance (modulo AC) CreateBatch:
              [ ReceiverState( $B.5, ~rst.25 ), Fr( ~bid.9 ) ]
             --[ BatchCreated( $B.5, ~bid.9, ~rst.25 ) ]->
              [
              OpenStage0( $B.5, ~bid.9, ~rst.25 ),
              BatchEndToken( $B.5, ~bid.9, ~rst.25 ),
              BatchCompromiseToken( $B.5, ~bid.9, ~rst.25 )
              ]
    #vf.10: instance (modulo AC) Fresh:
               [ ] --> [ Fr( ~bid.9 ) ]
    #vr.11: instance (modulo AC) ProcessSlot1:
               [
               SealedStage0( $B.5, ~bid.9, ~rst.25 ),
               CheckedSlot1( $B.5, ~bid.9, ~rst.25, ~idx.121, $A.12,
                             <ct_l($A.12, $B.5, ~rst.25, ~rl.32), 
                              ct_k($A.12, $B.5, ~rst.25, ~rk.32), 
                              ct_s($A.12, $B.5, ~sst.73, ~rst.25, ~rs.32)>
               ),
               !HonestSession( $A.12, $B.5, ~rst.25,
                               <ct_l($A.12, $B.5, ~rst.25, ~rl.32), 
                                ct_k($A.12, $B.5, ~rst.25, ~rk.32), 
                                ct_s($A.12, $B.5, ~sst.73, ~rst.25, ~rs.32)>,
                               session_id($A.12, $B.5, sender_pk($A.12, ~sst.73),
                                          receiver_pk($B.5, ~rst.25), sender_prekey($A.12, ~sst.73),
                                          receiver_prekey($B.5, ~rst.25),
                                          <ct_l($A.12, $B.5, ~rst.25, ~rl.32), 
                                           ct_k($A.12, $B.5, ~rst.25, ~rk.32), 
                                           ct_s($A.12, $B.5, ~sst.73, ~rst.25, ~rs.32)>),
                               session_key(secret_l($A.12, $B.5, ~rst.25, ~rl.32),
                                           secret_k($A.12, $B.5, ~rst.25, ~rk.32),
                                           secret_s($A.12, $B.5, ~sst.73, ~rst.25, ~rs.32),
                                           session_id($A.12, $B.5, sender_pk($A.12, ~sst.73),
                                                      receiver_pk($B.5, ~rst.25),
                                                      sender_prekey($A.12, ~sst.73),
                                                      receiver_prekey($B.5, ~rst.25),
                                                      <ct_l($A.12, $B.5, ~rst.25, ~rl.32), 
                                                       ct_k($A.12, $B.5, ~rst.25, ~rk.32), 
                                                       ct_s($A.12, $B.5, ~sst.73, ~rst.25, ~rs.32)
                                                      >))
               )
               ]
              --[
              BatchSlot( $B.5, ~bid.9, ~idx.121, $A.12,
                         <ct_l($A.12, $B.5, ~rst.25, ~rl.32), 
                          ct_k($A.12, $B.5, ~rst.25, ~rk.32), 
                          ct_s($A.12, $B.5, ~sst.73, ~rst.25, ~rs.32)>
              ),
              ReceiverAccept( $B.5, $A.12, ~bid.9, ~idx.121, ~rst.25,
                              <ct_l($A.12, $B.5, ~rst.25, ~rl.32), 
                               ct_k($A.12, $B.5, ~rst.25, ~rk.32), 
                               ct_s($A.12, $B.5, ~sst.73, ~rst.25, ~rs.32)>,
                              session_id($A.12, $B.5, sender_pk($A.12, ~sst.73),
                                         receiver_pk($B.5, ~rst.25), sender_prekey($A.12, ~sst.73),
                                         receiver_prekey($B.5, ~rst.25),
                                         <ct_l($A.12, $B.5, ~rst.25, ~rl.32), 
                                          ct_k($A.12, $B.5, ~rst.25, ~rk.32), 
                                          ct_s($A.12, $B.5, ~sst.73, ~rst.25, ~rs.32)>),
                              session_key(secret_l($A.12, $B.5, ~rst.25, ~rl.32),
                                          secret_k($A.12, $B.5, ~rst.25, ~rk.32),
                                          secret_s($A.12, $B.5, ~sst.73, ~rst.25, ~rs.32),
                                          session_id($A.12, $B.5, sender_pk($A.12, ~sst.73),
                                                     receiver_pk($B.5, ~rst.25),
                                                     sender_prekey($A.12, ~sst.73),
                                                     receiver_prekey($B.5, ~rst.25),
                                                     <ct_l($A.12, $B.5, ~rst.25, ~rl.32), 
                                                      ct_k($A.12, $B.5, ~rst.25, ~rk.32), 
                                                      ct_s($A.12, $B.5, ~sst.73, ~rst.25, ~rs.32)>))
              ),
              SlotProcessed( $B.5, ~bid.9, ~idx.121, $A.12,
                             <ct_l($A.12, $B.5, ~rst.25, ~rl.32), 
                              ct_k($A.12, $B.5, ~rst.25, ~rk.32), 
                              ct_s($A.12, $B.5, ~sst.73, ~rst.25, ~rs.32)>
              ),
              Slot1Done( $B.5, ~bid.9, ~rst.25 )
              ]->
               [
               SealedStage1( $B.5, ~bid.9, ~rst.25 ),
               Slot1DoneFact( $B.5, ~bid.9, ~rst.25 )
               ]
    #vr.15: instance (modulo AC) ProcessSlot1:
               [
               SealedStage0( $B.5, ~bid.9, ~rst.25 ),
               CheckedSlot1( $B.5, ~bid.9, ~rst.25, ~idx.417, $A.16,
                             <ct_l($A.16, $B.5, ~rst.25, ~rl.50), 
                              ct_k($A.16, $B.5, ~rst.25, ~rk.50), 
                              ct_s($A.16, $B.5, ~sst.106, ~rst.25, ~rs.50)>
               ),
               !HonestSession( $A.16, $B.5, ~rst.25,
                               <ct_l($A.16, $B.5, ~rst.25, ~rl.50), 
                                ct_k($A.16, $B.5, ~rst.25, ~rk.50), 
                                ct_s($A.16, $B.5, ~sst.106, ~rst.25, ~rs.50)>,
                               session_id($A.16, $B.5, sender_pk($A.16, ~sst.106),
                                          receiver_pk($B.5, ~rst.25),
                                          sender_prekey($A.16, ~sst.106),
                                          receiver_prekey($B.5, ~rst.25),
                                          <ct_l($A.16, $B.5, ~rst.25, ~rl.50), 
                                           ct_k($A.16, $B.5, ~rst.25, ~rk.50), 
                                           ct_s($A.16, $B.5, ~sst.106, ~rst.25, ~rs.50)>),
                               session_key(secret_l($A.16, $B.5, ~rst.25, ~rl.50),
                                           secret_k($A.16, $B.5, ~rst.25, ~rk.50),
                                           secret_s($A.16, $B.5, ~sst.106, ~rst.25, ~rs.50),
                                           session_id($A.16, $B.5, sender_pk($A.16, ~sst.106),
                                                      receiver_pk($B.5, ~rst.25),
                                                      sender_prekey($A.16, ~sst.106),
                                                      receiver_prekey($B.5, ~rst.25),
                                                      <ct_l($A.16, $B.5, ~rst.25, ~rl.50), 
                                                       ct_k($A.16, $B.5, ~rst.25, ~rk.50), 
                                                       ct_s($A.16, $B.5, ~sst.106, ~rst.25, ~rs.50)
                                                      >))
               )
               ]
              --[
              BatchSlot( $B.5, ~bid.9, ~idx.417, $A.16,
                         <ct_l($A.16, $B.5, ~rst.25, ~rl.50), 
                          ct_k($A.16, $B.5, ~rst.25, ~rk.50), 
                          ct_s($A.16, $B.5, ~sst.106, ~rst.25, ~rs.50)>
              ),
              ReceiverAccept( $B.5, $A.16, ~bid.9, ~idx.417, ~rst.25,
                              <ct_l($A.16, $B.5, ~rst.25, ~rl.50), 
                               ct_k($A.16, $B.5, ~rst.25, ~rk.50), 
                               ct_s($A.16, $B.5, ~sst.106, ~rst.25, ~rs.50)>,
                              session_id($A.16, $B.5, sender_pk($A.16, ~sst.106),
                                         receiver_pk($B.5, ~rst.25), sender_prekey($A.16, ~sst.106),
                                         receiver_prekey($B.5, ~rst.25),
                                         <ct_l($A.16, $B.5, ~rst.25, ~rl.50), 
                                          ct_k($A.16, $B.5, ~rst.25, ~rk.50), 
                                          ct_s($A.16, $B.5, ~sst.106, ~rst.25, ~rs.50)>),
                              session_key(secret_l($A.16, $B.5, ~rst.25, ~rl.50),
                                          secret_k($A.16, $B.5, ~rst.25, ~rk.50),
                                          secret_s($A.16, $B.5, ~sst.106, ~rst.25, ~rs.50),
                                          session_id($A.16, $B.5, sender_pk($A.16, ~sst.106),
                                                     receiver_pk($B.5, ~rst.25),
                                                     sender_prekey($A.16, ~sst.106),
                                                     receiver_prekey($B.5, ~rst.25),
                                                     <ct_l($A.16, $B.5, ~rst.25, ~rl.50), 
                                                      ct_k($A.16, $B.5, ~rst.25, ~rk.50), 
                                                      ct_s($A.16, $B.5, ~sst.106, ~rst.25, ~rs.50)
                                                     >))
              ),
              SlotProcessed( $B.5, ~bid.9, ~idx.417, $A.16,
                             <ct_l($A.16, $B.5, ~rst.25, ~rl.50), 
                              ct_k($A.16, $B.5, ~rst.25, ~rk.50), 
                              ct_s($A.16, $B.5, ~sst.106, ~rst.25, ~rs.50)>
              ),
              Slot1Done( $B.5, ~bid.9, ~rst.25 )
              ]->
               [
               SealedStage1( $B.5, ~bid.9, ~rst.25 ),
               Slot1DoneFact( $B.5, ~bid.9, ~rst.25 )
               ]
    #vr.17: instance (modulo AC) PassDistinctBatch:
               [
               DedupPending( $B.5, ~bid.9, ~rst.25, ~idx.121, $A.12,
                             <ct_l($A.12, $B.5, ~rst.25, ~rl.32), 
                              ct_k($A.12, $B.5, ~rst.25, ~rk.32), 
                              ct_s($A.12, $B.5, ~sst.73, ~rst.25, ~rs.32)>,
                             ~idx.130, $A.7,
                             <ct_l($A.7, $B.5, ~rst.25, ~rl.20), 
                              ct_k($A.7, $B.5, ~rst.25, ~rk.20), 
                              ct_s($A.7, $B.5, ~sst.59, ~rst.25, ~rs.20)>
               ),
               DedupDecisionToken( $B.5, ~bid.9, ~rst.25 )
               ]
              --[
              Neq( <ct_l($A.12, $B.5, ~rst.25, ~rl.32), 
                    ct_k($A.12, $B.5, ~rst.25, ~rk.32), 
                    ct_s($A.12, $B.5, ~sst.73, ~rst.25, ~rs.32)>,
                   <ct_l($A.7, $B.5, ~rst.25, ~rl.20), 
                    ct_k($A.7, $B.5, ~rst.25, ~rk.20), 
                    ct_s($A.7, $B.5, ~sst.59, ~rst.25, ~rs.20)>
              ),
              DedupPassed( $B.5, ~bid.9, ~rst.25, ~idx.121, $A.12,
                           <ct_l($A.12, $B.5, ~rst.25, ~rl.32), 
                            ct_k($A.12, $B.5, ~rst.25, ~rk.32), 
                            ct_s($A.12, $B.5, ~sst.73, ~rst.25, ~rs.32)>,
                           ~idx.130, $A.7,
                           <ct_l($A.7, $B.5, ~rst.25, ~rl.20), 
                            ct_k($A.7, $B.5, ~rst.25, ~rk.20), 
                            ct_s($A.7, $B.5, ~sst.59, ~rst.25, ~rs.20)>
              ),
              UseDedupDecisionToken( $B.5, ~bid.9, ~rst.25 )
              ]->
               [
               CheckedSlot1( $B.5, ~bid.9, ~rst.25, ~idx.121, $A.12,
                             <ct_l($A.12, $B.5, ~rst.25, ~rl.32), 
                              ct_k($A.12, $B.5, ~rst.25, ~rk.32), 
                              ct_s($A.12, $B.5, ~sst.73, ~rst.25, ~rs.32)>
               ),
               CheckedSlot2( $B.5, ~bid.9, ~rst.25, ~idx.130, $A.7,
                             <ct_l($A.7, $B.5, ~rst.25, ~rl.20), 
                              ct_k($A.7, $B.5, ~rst.25, ~rk.20), 
                              ct_s($A.7, $B.5, ~sst.59, ~rst.25, ~rs.20)>
               ),
               SealedStage0( $B.5, ~bid.9, ~rst.25 )
               ]
    #vr.19: instance (modulo AC) SenderCreatesMessage:
               [
               !SenderState( $A.7, ~sst.59 ),
               !ReceiverPublicState( $B.5, ~rst.25 ), Fr( ~rl.20 ), Fr( ~rk.20 ),
               Fr( ~rs.20 )
               ]
              --[
              SenderSession( $A.7, $B.5,
                             <ct_l($A.7, $B.5, ~rst.25, ~rl.20), 
                              ct_k($A.7, $B.5, ~rst.25, ~rk.20), 
                              ct_s($A.7, $B.5, ~sst.59, ~rst.25, ~rs.20)>,
                             session_id($A.7, $B.5, sender_pk($A.7, ~sst.59),
                                        receiver_pk($B.5, ~rst.25), sender_prekey($A.7, ~sst.59),
                                        receiver_prekey($B.5, ~rst.25),
                                        <ct_l($A.7, $B.5, ~rst.25, ~rl.20), 
                                         ct_k($A.7, $B.5, ~rst.25, ~rk.20), 
                                         ct_s($A.7, $B.5, ~sst.59, ~rst.25, ~rs.20)>),
                             session_key(secret_l($A.7, $B.5, ~rst.25, ~rl.20),
                                         secret_k($A.7, $B.5, ~rst.25, ~rk.20),
                                         secret_s($A.7, $B.5, ~sst.59, ~rst.25, ~rs.20),
                                         session_id($A.7, $B.5, sender_pk($A.7, ~sst.59),
                                                    receiver_pk($B.5, ~rst.25),
                                                    sender_prekey($A.7, ~sst.59),
                                                    receiver_prekey($B.5, ~rst.25),
                                                    <ct_l($A.7, $B.5, ~rst.25, ~rl.20), 
                                                     ct_k($A.7, $B.5, ~rst.25, ~rk.20), 
                                                     ct_s($A.7, $B.5, ~sst.59, ~rst.25, ~rs.20)>))
              )
              ]->
               [
               Out( <$A.7, $B.5, ct_l($A.7, $B.5, ~rst.25, ~rl.20), 
                     ct_k($A.7, $B.5, ~rst.25, ~rk.20), 
                     ct_s($A.7, $B.5, ~sst.59, ~rst.25, ~rs.20)>
               ),
               !HonestSession( $A.7, $B.5, ~rst.25,
                               <ct_l($A.7, $B.5, ~rst.25, ~rl.20), 
                                ct_k($A.7, $B.5, ~rst.25, ~rk.20), 
                                ct_s($A.7, $B.5, ~sst.59, ~rst.25, ~rs.20)>,
                               session_id($A.7, $B.5, sender_pk($A.7, ~sst.59),
                                          receiver_pk($B.5, ~rst.25), sender_prekey($A.7, ~sst.59),
                                          receiver_prekey($B.5, ~rst.25),
                                          <ct_l($A.7, $B.5, ~rst.25, ~rl.20), 
                                           ct_k($A.7, $B.5, ~rst.25, ~rk.20), 
                                           ct_s($A.7, $B.5, ~sst.59, ~rst.25, ~rs.20)>),
                               session_key(secret_l($A.7, $B.5, ~rst.25, ~rl.20),
                                           secret_k($A.7, $B.5, ~rst.25, ~rk.20),
                                           secret_s($A.7, $B.5, ~sst.59, ~rst.25, ~rs.20),
                                           session_id($A.7, $B.5, sender_pk($A.7, ~sst.59),
                                                      receiver_pk($B.5, ~rst.25),
                                                      sender_prekey($A.7, ~sst.59),
                                                      receiver_prekey($B.5, ~rst.25),
                                                      <ct_l($A.7, $B.5, ~rst.25, ~rl.20), 
                                                       ct_k($A.7, $B.5, ~rst.25, ~rk.20), 
                                                       ct_s($A.7, $B.5, ~sst.59, ~rst.25, ~rs.20)>))
               )
               ]
    #vf.21: instance (modulo AC) Fresh:
               [ ] --> [ Fr( ~rl.20 ) ]
    #vf.22: instance (modulo AC) Fresh:
               [ ] --> [ Fr( ~rk.20 ) ]
    #vf.23: instance (modulo AC) Fresh:
               [ ] --> [ Fr( ~rs.20 ) ]
    #vr.24: instance (modulo AC) InitReceiverState:
               [ Fr( ~rst.25 ) ]
              --[ ReceiverStateCreated( $B.5, ~rst.25 ) ]->
               [
               ReceiverState( $B.5, ~rst.25 ),
               !ReceiverPublicState( $B.5, ~rst.25 ),
               ReceiverCompromiseToken( $B.5, ~rst.25 )
               ]
    #vf.26: instance (modulo AC) Fresh:
               [ ] --> [ Fr( ~rst.25 ) ]
    #vr.31: instance (modulo AC) SenderCreatesMessage:
               [
               !SenderState( $A.12, ~sst.73 ),
               !ReceiverPublicState( $B.5, ~rst.25 ), Fr( ~rl.32 ), Fr( ~rk.32 ),
               Fr( ~rs.32 )
               ]
              --[
              SenderSession( $A.12, $B.5,
                             <ct_l($A.12, $B.5, ~rst.25, ~rl.32), 
                              ct_k($A.12, $B.5, ~rst.25, ~rk.32), 
                              ct_s($A.12, $B.5, ~sst.73, ~rst.25, ~rs.32)>,
                             session_id($A.12, $B.5, sender_pk($A.12, ~sst.73),
                                        receiver_pk($B.5, ~rst.25), sender_prekey($A.12, ~sst.73),
                                        receiver_prekey($B.5, ~rst.25),
                                        <ct_l($A.12, $B.5, ~rst.25, ~rl.32), 
                                         ct_k($A.12, $B.5, ~rst.25, ~rk.32), 
                                         ct_s($A.12, $B.5, ~sst.73, ~rst.25, ~rs.32)>),
                             session_key(secret_l($A.12, $B.5, ~rst.25, ~rl.32),
                                         secret_k($A.12, $B.5, ~rst.25, ~rk.32),
                                         secret_s($A.12, $B.5, ~sst.73, ~rst.25, ~rs.32),
                                         session_id($A.12, $B.5, sender_pk($A.12, ~sst.73),
                                                    receiver_pk($B.5, ~rst.25),
                                                    sender_prekey($A.12, ~sst.73),
                                                    receiver_prekey($B.5, ~rst.25),
                                                    <ct_l($A.12, $B.5, ~rst.25, ~rl.32), 
                                                     ct_k($A.12, $B.5, ~rst.25, ~rk.32), 
                                                     ct_s($A.12, $B.5, ~sst.73, ~rst.25, ~rs.32)>))
              )
              ]->
               [
               Out( <$A.12, $B.5, ct_l($A.12, $B.5, ~rst.25, ~rl.32), 
                     ct_k($A.12, $B.5, ~rst.25, ~rk.32), 
                     ct_s($A.12, $B.5, ~sst.73, ~rst.25, ~rs.32)>
               ),
               !HonestSession( $A.12, $B.5, ~rst.25,
                               <ct_l($A.12, $B.5, ~rst.25, ~rl.32), 
                                ct_k($A.12, $B.5, ~rst.25, ~rk.32), 
                                ct_s($A.12, $B.5, ~sst.73, ~rst.25, ~rs.32)>,
                               session_id($A.12, $B.5, sender_pk($A.12, ~sst.73),
                                          receiver_pk($B.5, ~rst.25), sender_prekey($A.12, ~sst.73),
                                          receiver_prekey($B.5, ~rst.25),
                                          <ct_l($A.12, $B.5, ~rst.25, ~rl.32), 
                                           ct_k($A.12, $B.5, ~rst.25, ~rk.32), 
                                           ct_s($A.12, $B.5, ~sst.73, ~rst.25, ~rs.32)>),
                               session_key(secret_l($A.12, $B.5, ~rst.25, ~rl.32),
                                           secret_k($A.12, $B.5, ~rst.25, ~rk.32),
                                           secret_s($A.12, $B.5, ~sst.73, ~rst.25, ~rs.32),
                                           session_id($A.12, $B.5, sender_pk($A.12, ~sst.73),
                                                      receiver_pk($B.5, ~rst.25),
                                                      sender_prekey($A.12, ~sst.73),
                                                      receiver_prekey($B.5, ~rst.25),
                                                      <ct_l($A.12, $B.5, ~rst.25, ~rl.32), 
                                                       ct_k($A.12, $B.5, ~rst.25, ~rk.32), 
                                                       ct_s($A.12, $B.5, ~sst.73, ~rst.25, ~rs.32)
                                                      >))
               )
               ]
    #vf.33: instance (modulo AC) Fresh:
               [ ] --> [ Fr( ~rl.32 ) ]
    #vf.34: instance (modulo AC) Fresh:
               [ ] --> [ Fr( ~rk.32 ) ]
    #vf.35: instance (modulo AC) Fresh:
               [ ] --> [ Fr( ~rs.32 ) ]
    #vr.45: instance (modulo AC) PassDistinctBatch:
               [
               DedupPending( $B.5, ~bid.9, ~rst.25, ~idx.363, $A1.46, m1.46,
                             ~idx.372, $A2.46, m2.46
               ),
               DedupDecisionToken( $B.5, ~bid.9, ~rst.25 )
               ]
              --[
              Neq( m1.46, m2.46 ),
              DedupPassed( $B.5, ~bid.9, ~rst.25, ~idx.363, $A1.46, m1.46,
                           ~idx.372, $A2.46, m2.46
              ),
              UseDedupDecisionToken( $B.5, ~bid.9, ~rst.25 )
              ]->
               [
               CheckedSlot1( $B.5, ~bid.9, ~rst.25, ~idx.363, $A1.46, m1.46 ),
               CheckedSlot2( $B.5, ~bid.9, ~rst.25, ~idx.372, $A2.46, m2.46 ),
               SealedStage0( $B.5, ~bid.9, ~rst.25 )
               ]
    #vr.47: instance (modulo AC) PassDistinctBatch:
               [
               DedupPending( $B.5, ~bid.9, ~rst.25, ~idx.417, $A.16,
                             <ct_l($A.16, $B.5, ~rst.25, ~rl.50), 
                              ct_k($A.16, $B.5, ~rst.25, ~rk.50), 
                              ct_s($A.16, $B.5, ~sst.106, ~rst.25, ~rs.50)>,
                             ~idx.430, $A2.48, m2.48
               ),
               DedupDecisionToken( $B.5, ~bid.9, ~rst.25 )
               ]
              --[
              Neq( <ct_l($A.16, $B.5, ~rst.25, ~rl.50), 
                    ct_k($A.16, $B.5, ~rst.25, ~rk.50), 
                    ct_s($A.16, $B.5, ~sst.106, ~rst.25, ~rs.50)>,
                   m2.48
              ),
              DedupPassed( $B.5, ~bid.9, ~rst.25, ~idx.417, $A.16,
                           <ct_l($A.16, $B.5, ~rst.25, ~rl.50), 
                            ct_k($A.16, $B.5, ~rst.25, ~rk.50), 
                            ct_s($A.16, $B.5, ~sst.106, ~rst.25, ~rs.50)>,
                           ~idx.430, $A2.48, m2.48
              ),
              UseDedupDecisionToken( $B.5, ~bid.9, ~rst.25 )
              ]->
               [
               CheckedSlot1( $B.5, ~bid.9, ~rst.25, ~idx.417, $A.16,
                             <ct_l($A.16, $B.5, ~rst.25, ~rl.50), 
                              ct_k($A.16, $B.5, ~rst.25, ~rk.50), 
                              ct_s($A.16, $B.5, ~sst.106, ~rst.25, ~rs.50)>
               ),
               CheckedSlot2( $B.5, ~bid.9, ~rst.25, ~idx.430, $A2.48, m2.48 ),
               SealedStage0( $B.5, ~bid.9, ~rst.25 )
               ]
    #vr.49: instance (modulo AC) SenderCreatesMessage:
               [
               !SenderState( $A.16, ~sst.106 ),
               !ReceiverPublicState( $B.5, ~rst.25 ), Fr( ~rl.50 ), Fr( ~rk.50 ),
               Fr( ~rs.50 )
               ]
              --[
              SenderSession( $A.16, $B.5,
                             <ct_l($A.16, $B.5, ~rst.25, ~rl.50), 
                              ct_k($A.16, $B.5, ~rst.25, ~rk.50), 
                              ct_s($A.16, $B.5, ~sst.106, ~rst.25, ~rs.50)>,
                             session_id($A.16, $B.5, sender_pk($A.16, ~sst.106),
                                        receiver_pk($B.5, ~rst.25), sender_prekey($A.16, ~sst.106),
                                        receiver_prekey($B.5, ~rst.25),
                                        <ct_l($A.16, $B.5, ~rst.25, ~rl.50), 
                                         ct_k($A.16, $B.5, ~rst.25, ~rk.50), 
                                         ct_s($A.16, $B.5, ~sst.106, ~rst.25, ~rs.50)>),
                             session_key(secret_l($A.16, $B.5, ~rst.25, ~rl.50),
                                         secret_k($A.16, $B.5, ~rst.25, ~rk.50),
                                         secret_s($A.16, $B.5, ~sst.106, ~rst.25, ~rs.50),
                                         session_id($A.16, $B.5, sender_pk($A.16, ~sst.106),
                                                    receiver_pk($B.5, ~rst.25),
                                                    sender_prekey($A.16, ~sst.106),
                                                    receiver_prekey($B.5, ~rst.25),
                                                    <ct_l($A.16, $B.5, ~rst.25, ~rl.50), 
                                                     ct_k($A.16, $B.5, ~rst.25, ~rk.50), 
                                                     ct_s($A.16, $B.5, ~sst.106, ~rst.25, ~rs.50)>))
              )
              ]->
               [
               Out( <$A.16, $B.5, ct_l($A.16, $B.5, ~rst.25, ~rl.50), 
                     ct_k($A.16, $B.5, ~rst.25, ~rk.50), 
                     ct_s($A.16, $B.5, ~sst.106, ~rst.25, ~rs.50)>
               ),
               !HonestSession( $A.16, $B.5, ~rst.25,
                               <ct_l($A.16, $B.5, ~rst.25, ~rl.50), 
                                ct_k($A.16, $B.5, ~rst.25, ~rk.50), 
                                ct_s($A.16, $B.5, ~sst.106, ~rst.25, ~rs.50)>,
                               session_id($A.16, $B.5, sender_pk($A.16, ~sst.106),
                                          receiver_pk($B.5, ~rst.25),
                                          sender_prekey($A.16, ~sst.106),
                                          receiver_prekey($B.5, ~rst.25),
                                          <ct_l($A.16, $B.5, ~rst.25, ~rl.50), 
                                           ct_k($A.16, $B.5, ~rst.25, ~rk.50), 
                                           ct_s($A.16, $B.5, ~sst.106, ~rst.25, ~rs.50)>),
                               session_key(secret_l($A.16, $B.5, ~rst.25, ~rl.50),
                                           secret_k($A.16, $B.5, ~rst.25, ~rk.50),
                                           secret_s($A.16, $B.5, ~sst.106, ~rst.25, ~rs.50),
                                           session_id($A.16, $B.5, sender_pk($A.16, ~sst.106),
                                                      receiver_pk($B.5, ~rst.25),
                                                      sender_prekey($A.16, ~sst.106),
                                                      receiver_prekey($B.5, ~rst.25),
                                                      <ct_l($A.16, $B.5, ~rst.25, ~rl.50), 
                                                       ct_k($A.16, $B.5, ~rst.25, ~rk.50), 
                                                       ct_s($A.16, $B.5, ~sst.106, ~rst.25, ~rs.50)
                                                      >))
               )
               ]
    #vf.51: instance (modulo AC) Fresh:
               [ ] --> [ Fr( ~rl.50 ) ]
    #vf.52: instance (modulo AC) Fresh:
               [ ] --> [ Fr( ~rk.50 ) ]
    #vf.53: instance (modulo AC) Fresh:
               [ ] --> [ Fr( ~rs.50 ) ]
    #vr.54: instance (modulo AC) SealBatch:
               [
               OpenStage2( $B.5, ~bid.9, ~rst.25 ),
               AddedSlot1( $B.5, ~bid.9, ~rst.25, ~idx.121, $A.12,
                           <ct_l($A.12, $B.5, ~rst.25, ~rl.32), 
                            ct_k($A.12, $B.5, ~rst.25, ~rk.32), 
                            ct_s($A.12, $B.5, ~sst.73, ~rst.25, ~rs.32)>
               ),
               AddedSlot2( $B.5, ~bid.9, ~rst.25, ~idx.130, $A.7,
                           <ct_l($A.7, $B.5, ~rst.25, ~rl.20), 
                            ct_k($A.7, $B.5, ~rst.25, ~rk.20), 
                            ct_s($A.7, $B.5, ~sst.59, ~rst.25, ~rs.20)>
               )
               ]
              --[ SealBatchEvent( $B.5, ~bid.9, ~rst.25 ) ]->
               [
               DedupPending( $B.5, ~bid.9, ~rst.25, ~idx.121, $A.12,
                             <ct_l($A.12, $B.5, ~rst.25, ~rl.32), 
                              ct_k($A.12, $B.5, ~rst.25, ~rk.32), 
                              ct_s($A.12, $B.5, ~sst.73, ~rst.25, ~rs.32)>,
                             ~idx.130, $A.7,
                             <ct_l($A.7, $B.5, ~rst.25, ~rl.20), 
                              ct_k($A.7, $B.5, ~rst.25, ~rk.20), 
                              ct_s($A.7, $B.5, ~sst.59, ~rst.25, ~rs.20)>
               ),
               DedupDecisionToken( $B.5, ~bid.9, ~rst.25 )
               ]
    #vr.58: instance (modulo AC) InitSenderState:
               [ Fr( ~sst.59 ) ]
              --[ SenderStateCreated( $A.7, ~sst.59 ) ]->
               [
               !SenderState( $A.7, ~sst.59 ),
               SenderCompromiseToken( $A.7, ~sst.59 )
               ]
    #vf.60: instance (modulo AC) Fresh:
               [ ] --> [ Fr( ~sst.59 ) ]
    #vr.72: instance (modulo AC) InitSenderState:
               [ Fr( ~sst.73 ) ]
              --[ SenderStateCreated( $A.12, ~sst.73 ) ]->
               [
               !SenderState( $A.12, ~sst.73 ),
               SenderCompromiseToken( $A.12, ~sst.73 )
               ]
    #vf.74: instance (modulo AC) Fresh:
               [ ] --> [ Fr( ~sst.73 ) ]
    #vr.97: instance (modulo AC) SealBatch:
               [
               OpenStage2( $B.5, ~bid.9, ~rst.25 ),
               AddedSlot1( $B.5, ~bid.9, ~rst.25, ~idx.363, $A1.46, m1.46 ),
               AddedSlot2( $B.5, ~bid.9, ~rst.25, ~idx.372, $A2.46, m2.46 )
               ]
              --[ SealBatchEvent( $B.5, ~bid.9, ~rst.25 ) ]->
               [
               DedupPending( $B.5, ~bid.9, ~rst.25, ~idx.363, $A1.46, m1.46,
                             ~idx.372, $A2.46, m2.46
               ),
               DedupDecisionToken( $B.5, ~bid.9, ~rst.25 )
               ]
    #vr.99: instance (modulo AC) SealBatch:
               [
               OpenStage2( $B.5, ~bid.9, ~rst.25 ),
               AddedSlot1( $B.5, ~bid.9, ~rst.25, ~idx.390, $A1.100, m1.100 ),
               AddedSlot2( $B.5, ~bid.9, ~rst.25, ~idx.399, $A2.100, m2.100 )
               ]
              --[ SealBatchEvent( $B.5, ~bid.9, ~rst.25 ) ]->
               [
               DedupPending( $B.5, ~bid.9, ~rst.25, ~idx.390, $A1.100, m1.100,
                             ~idx.399, $A2.100, m2.100
               ),
               DedupDecisionToken( $B.5, ~bid.9, ~rst.25 )
               ]
    #vr.101: instance (modulo AC) SealBatch:
                [
                OpenStage2( $B.5, ~bid.9, ~rst.25 ),
                AddedSlot1( $B.5, ~bid.9, ~rst.25, ~idx.417, $A.16,
                            <ct_l($A.16, $B.5, ~rst.25, ~rl.50), 
                             ct_k($A.16, $B.5, ~rst.25, ~rk.50), 
                             ct_s($A.16, $B.5, ~sst.106, ~rst.25, ~rs.50)>
                ),
                AddedSlot2( $B.5, ~bid.9, ~rst.25, ~idx.430, $A2.48, m2.48 )
                ]
               --[ SealBatchEvent( $B.5, ~bid.9, ~rst.25 ) ]->
                [
                DedupPending( $B.5, ~bid.9, ~rst.25, ~idx.417, $A.16,
                              <ct_l($A.16, $B.5, ~rst.25, ~rl.50), 
                               ct_k($A.16, $B.5, ~rst.25, ~rk.50), 
                               ct_s($A.16, $B.5, ~sst.106, ~rst.25, ~rs.50)>,
                              ~idx.430, $A2.48, m2.48
                ),
                DedupDecisionToken( $B.5, ~bid.9, ~rst.25 )
                ]
    #vr.103: instance (modulo AC) SealBatch:
                [
                OpenStage2( $B.5, ~bid.9, ~rst.25 ),
                AddedSlot1( $B.5, ~bid.9, ~rst.25, ~idx.448, $A1.104, m1.104 ),
                AddedSlot2( $B.5, ~bid.9, ~rst.25, ~idx.457, $A2.104, m2.104 )
                ]
               --[ SealBatchEvent( $B.5, ~bid.9, ~rst.25 ) ]->
                [
                DedupPending( $B.5, ~bid.9, ~rst.25, ~idx.448, $A1.104, m1.104,
                              ~idx.457, $A2.104, m2.104
                ),
                DedupDecisionToken( $B.5, ~bid.9, ~rst.25 )
                ]
    #vr.105: instance (modulo AC) InitSenderState:
                [ Fr( ~sst.106 ) ]
               --[ SenderStateCreated( $A.16, ~sst.106 ) ]->
                [
                !SenderState( $A.16, ~sst.106 ),
                SenderCompromiseToken( $A.16, ~sst.106 )
                ]
    #vf.107: instance (modulo AC) Fresh:
                [ ] --> [ Fr( ~sst.106 ) ]
    #vr.111: instance (modulo AC) AddSlot2:
                [
                OpenStage1( $B.5, ~bid.9, ~rst.25 ), In( <$A.112, $B.5, m.112> ),
                Fr( ~idx.112 )
                ]
               --[
               SlotAdded( $B.5, ~bid.9, ~idx.112, $A.112, m.112 ),
               Slot2Added( $B.5, ~bid.9, ~rst.25, ~idx.112, $A.112, m.112 )
               ]->
                [
                OpenStage2( $B.5, ~bid.9, ~rst.25 ),
                AddedSlot2( $B.5, ~bid.9, ~rst.25, ~idx.112, $A.112, m.112 )
                ]
    #vf.113: instance (modulo AC) isend:
                [ !KU( <$A.112, $B.5, m.112> ) ]
               --[ K( <$A.112, $B.5, m.112> ) ]->
                [ In( <$A.112, $B.5, m.112> ) ]
    #vf.119: instance (modulo AC) Fresh:
                [ ] --> [ Fr( ~idx.112 ) ]
    #vr.120: instance (modulo AC) AddSlot1:
                [
                OpenStage0( $B.5, ~bid.9, ~rst.25 ),
                In( <$A.12, $B.5, ct_l($A.12, $B.5, ~rst.25, ~rl.32), 
                     ct_k($A.12, $B.5, ~rst.25, ~rk.32), 
                     ct_s($A.12, $B.5, ~sst.73, ~rst.25, ~rs.32)>
                ),
                Fr( ~idx.121 )
                ]
               --[
               SlotAdded( $B.5, ~bid.9, ~idx.121, $A.12,
                          <ct_l($A.12, $B.5, ~rst.25, ~rl.32), 
                           ct_k($A.12, $B.5, ~rst.25, ~rk.32), 
                           ct_s($A.12, $B.5, ~sst.73, ~rst.25, ~rs.32)>
               ),
               Slot1Added( $B.5, ~bid.9, ~rst.25, ~idx.121, $A.12,
                           <ct_l($A.12, $B.5, ~rst.25, ~rl.32), 
                            ct_k($A.12, $B.5, ~rst.25, ~rk.32), 
                            ct_s($A.12, $B.5, ~sst.73, ~rst.25, ~rs.32)>
               )
               ]->
                [
                OpenStage1( $B.5, ~bid.9, ~rst.25 ),
                AddedSlot1( $B.5, ~bid.9, ~rst.25, ~idx.121, $A.12,
                            <ct_l($A.12, $B.5, ~rst.25, ~rl.32), 
                             ct_k($A.12, $B.5, ~rst.25, ~rk.32), 
                             ct_s($A.12, $B.5, ~sst.73, ~rst.25, ~rs.32)>
                )
                ]
    #vf.122: instance (modulo AC) isend:
                [
                !KU( <$A.12, $B.5, ct_l($A.12, $B.5, ~rst.25, ~rl.32), 
                      ct_k($A.12, $B.5, ~rst.25, ~rk.32), 
                      ct_s($A.12, $B.5, ~sst.73, ~rst.25, ~rs.32)>
                )
                ]
               --[
               K( <$A.12, $B.5, ct_l($A.12, $B.5, ~rst.25, ~rl.32), 
                   ct_k($A.12, $B.5, ~rst.25, ~rk.32), 
                   ct_s($A.12, $B.5, ~sst.73, ~rst.25, ~rs.32)>
               )
               ]->
                [
                In( <$A.12, $B.5, ct_l($A.12, $B.5, ~rst.25, ~rl.32), 
                     ct_k($A.12, $B.5, ~rst.25, ~rk.32), 
                     ct_s($A.12, $B.5, ~sst.73, ~rst.25, ~rs.32)>
                )
                ]
    #vf.128: instance (modulo AC) Fresh:
                [ ] --> [ Fr( ~idx.121 ) ]
    #vr.129: instance (modulo AC) AddSlot2:
                [
                OpenStage1( $B.5, ~bid.9, ~rst.25 ),
                In( <$A.7, $B.5, ct_l($A.7, $B.5, ~rst.25, ~rl.20), 
                     ct_k($A.7, $B.5, ~rst.25, ~rk.20), 
                     ct_s($A.7, $B.5, ~sst.59, ~rst.25, ~rs.20)>
                ),
                Fr( ~idx.130 )
                ]
               --[
               SlotAdded( $B.5, ~bid.9, ~idx.130, $A.7,
                          <ct_l($A.7, $B.5, ~rst.25, ~rl.20), 
                           ct_k($A.7, $B.5, ~rst.25, ~rk.20), 
                           ct_s($A.7, $B.5, ~sst.59, ~rst.25, ~rs.20)>
               ),
               Slot2Added( $B.5, ~bid.9, ~rst.25, ~idx.130, $A.7,
                           <ct_l($A.7, $B.5, ~rst.25, ~rl.20), 
                            ct_k($A.7, $B.5, ~rst.25, ~rk.20), 
                            ct_s($A.7, $B.5, ~sst.59, ~rst.25, ~rs.20)>
               )
               ]->
                [
                OpenStage2( $B.5, ~bid.9, ~rst.25 ),
                AddedSlot2( $B.5, ~bid.9, ~rst.25, ~idx.130, $A.7,
                            <ct_l($A.7, $B.5, ~rst.25, ~rl.20), 
                             ct_k($A.7, $B.5, ~rst.25, ~rk.20), 
                             ct_s($A.7, $B.5, ~sst.59, ~rst.25, ~rs.20)>
                )
                ]
    #vf.131: instance (modulo AC) isend:
                [
                !KU( <$A.7, $B.5, ct_l($A.7, $B.5, ~rst.25, ~rl.20), 
                      ct_k($A.7, $B.5, ~rst.25, ~rk.20), 
                      ct_s($A.7, $B.5, ~sst.59, ~rst.25, ~rs.20)>
                )
                ]
               --[
               K( <$A.7, $B.5, ct_l($A.7, $B.5, ~rst.25, ~rl.20), 
                   ct_k($A.7, $B.5, ~rst.25, ~rk.20), 
                   ct_s($A.7, $B.5, ~sst.59, ~rst.25, ~rs.20)>
               )
               ]->
                [
                In( <$A.7, $B.5, ct_l($A.7, $B.5, ~rst.25, ~rl.20), 
                     ct_k($A.7, $B.5, ~rst.25, ~rk.20), 
                     ct_s($A.7, $B.5, ~sst.59, ~rst.25, ~rs.20)>
                )
                ]
    #vf.137: instance (modulo AC) Fresh:
                [ ] --> [ Fr( ~idx.130 ) ]
    #vr.353: instance (modulo AC) AddSlot2:
                [
                OpenStage1( $B.5, ~bid.9, ~rst.25 ), In( <$A.354, $B.5, m.354> ),
                Fr( ~idx.354 )
                ]
               --[
               SlotAdded( $B.5, ~bid.9, ~idx.354, $A.354, m.354 ),
               Slot2Added( $B.5, ~bid.9, ~rst.25, ~idx.354, $A.354, m.354 )
               ]->
                [
                OpenStage2( $B.5, ~bid.9, ~rst.25 ),
                AddedSlot2( $B.5, ~bid.9, ~rst.25, ~idx.354, $A.354, m.354 )
                ]
    #vf.355: instance (modulo AC) isend:
                [ !KU( <$A.354, $B.5, m.354> ) ]
               --[ K( <$A.354, $B.5, m.354> ) ]->
                [ In( <$A.354, $B.5, m.354> ) ]
    #vf.361: instance (modulo AC) Fresh:
                [ ] --> [ Fr( ~idx.354 ) ]
    #vr.362: instance (modulo AC) AddSlot1:
                [
                OpenStage0( $B.5, ~bid.9, ~rst.25 ), In( <$A1.46, $B.5, m1.46> ),
                Fr( ~idx.363 )
                ]
               --[
               SlotAdded( $B.5, ~bid.9, ~idx.363, $A1.46, m1.46 ),
               Slot1Added( $B.5, ~bid.9, ~rst.25, ~idx.363, $A1.46, m1.46 )
               ]->
                [
                OpenStage1( $B.5, ~bid.9, ~rst.25 ),
                AddedSlot1( $B.5, ~bid.9, ~rst.25, ~idx.363, $A1.46, m1.46 )
                ]
    #vf.364: instance (modulo AC) isend:
                [ !KU( <$A1.46, $B.5, m1.46> ) ]
               --[ K( <$A1.46, $B.5, m1.46> ) ]->
                [ In( <$A1.46, $B.5, m1.46> ) ]
    #vf.370: instance (modulo AC) Fresh:
                [ ] --> [ Fr( ~idx.363 ) ]
    #vr.371: instance (modulo AC) AddSlot2:
                [
                OpenStage1( $B.5, ~bid.9, ~rst.25 ), In( <$A2.46, $B.5, m2.46> ),
                Fr( ~idx.372 )
                ]
               --[
               SlotAdded( $B.5, ~bid.9, ~idx.372, $A2.46, m2.46 ),
               Slot2Added( $B.5, ~bid.9, ~rst.25, ~idx.372, $A2.46, m2.46 )
               ]->
                [
                OpenStage2( $B.5, ~bid.9, ~rst.25 ),
                AddedSlot2( $B.5, ~bid.9, ~rst.25, ~idx.372, $A2.46, m2.46 )
                ]
    #vf.373: instance (modulo AC) isend:
                [ !KU( <$A2.46, $B.5, m2.46> ) ]
               --[ K( <$A2.46, $B.5, m2.46> ) ]->
                [ In( <$A2.46, $B.5, m2.46> ) ]
    #vf.379: instance (modulo AC) Fresh:
                [ ] --> [ Fr( ~idx.372 ) ]
    #vr.380: instance (modulo AC) AddSlot2:
                [
                OpenStage1( $B.5, ~bid.9, ~rst.25 ), In( <$A.381, $B.5, m.381> ),
                Fr( ~idx.381 )
                ]
               --[
               SlotAdded( $B.5, ~bid.9, ~idx.381, $A.381, m.381 ),
               Slot2Added( $B.5, ~bid.9, ~rst.25, ~idx.381, $A.381, m.381 )
               ]->
                [
                OpenStage2( $B.5, ~bid.9, ~rst.25 ),
                AddedSlot2( $B.5, ~bid.9, ~rst.25, ~idx.381, $A.381, m.381 )
                ]
    #vf.382: instance (modulo AC) isend:
                [ !KU( <$A.381, $B.5, m.381> ) ]
               --[ K( <$A.381, $B.5, m.381> ) ]->
                [ In( <$A.381, $B.5, m.381> ) ]
    #vf.388: instance (modulo AC) Fresh:
                [ ] --> [ Fr( ~idx.381 ) ]
    #vr.389: instance (modulo AC) AddSlot1:
                [
                OpenStage0( $B.5, ~bid.9, ~rst.25 ), In( <$A1.100, $B.5, m1.100> ),
                Fr( ~idx.390 )
                ]
               --[
               SlotAdded( $B.5, ~bid.9, ~idx.390, $A1.100, m1.100 ),
               Slot1Added( $B.5, ~bid.9, ~rst.25, ~idx.390, $A1.100, m1.100 )
               ]->
                [
                OpenStage1( $B.5, ~bid.9, ~rst.25 ),
                AddedSlot1( $B.5, ~bid.9, ~rst.25, ~idx.390, $A1.100, m1.100 )
                ]
    #vf.391: instance (modulo AC) isend:
                [ !KU( <$A1.100, $B.5, m1.100> ) ]
               --[ K( <$A1.100, $B.5, m1.100> ) ]->
                [ In( <$A1.100, $B.5, m1.100> ) ]
    #vf.397: instance (modulo AC) Fresh:
                [ ] --> [ Fr( ~idx.390 ) ]
    #vr.398: instance (modulo AC) AddSlot2:
                [
                OpenStage1( $B.5, ~bid.9, ~rst.25 ), In( <$A2.100, $B.5, m2.100> ),
                Fr( ~idx.399 )
                ]
               --[
               SlotAdded( $B.5, ~bid.9, ~idx.399, $A2.100, m2.100 ),
               Slot2Added( $B.5, ~bid.9, ~rst.25, ~idx.399, $A2.100, m2.100 )
               ]->
                [
                OpenStage2( $B.5, ~bid.9, ~rst.25 ),
                AddedSlot2( $B.5, ~bid.9, ~rst.25, ~idx.399, $A2.100, m2.100 )
                ]
    #vf.400: instance (modulo AC) isend:
                [ !KU( <$A2.100, $B.5, m2.100> ) ]
               --[ K( <$A2.100, $B.5, m2.100> ) ]->
                [ In( <$A2.100, $B.5, m2.100> ) ]
    #vf.406: instance (modulo AC) Fresh:
                [ ] --> [ Fr( ~idx.399 ) ]
    #vr.407: instance (modulo AC) AddSlot2:
                [
                OpenStage1( $B.5, ~bid.9, ~rst.25 ), In( <$A.408, $B.5, m.408> ),
                Fr( ~idx.408 )
                ]
               --[
               SlotAdded( $B.5, ~bid.9, ~idx.408, $A.408, m.408 ),
               Slot2Added( $B.5, ~bid.9, ~rst.25, ~idx.408, $A.408, m.408 )
               ]->
                [
                OpenStage2( $B.5, ~bid.9, ~rst.25 ),
                AddedSlot2( $B.5, ~bid.9, ~rst.25, ~idx.408, $A.408, m.408 )
                ]
    #vf.409: instance (modulo AC) isend:
                [ !KU( <$A.408, $B.5, m.408> ) ]
               --[ K( <$A.408, $B.5, m.408> ) ]->
                [ In( <$A.408, $B.5, m.408> ) ]
    #vf.415: instance (modulo AC) Fresh:
                [ ] --> [ Fr( ~idx.408 ) ]
    #vr.416: instance (modulo AC) AddSlot1:
                [
                OpenStage0( $B.5, ~bid.9, ~rst.25 ),
                In( <$A.16, $B.5, ct_l($A.16, $B.5, ~rst.25, ~rl.50), 
                     ct_k($A.16, $B.5, ~rst.25, ~rk.50), 
                     ct_s($A.16, $B.5, ~sst.106, ~rst.25, ~rs.50)>
                ),
                Fr( ~idx.417 )
                ]
               --[
               SlotAdded( $B.5, ~bid.9, ~idx.417, $A.16,
                          <ct_l($A.16, $B.5, ~rst.25, ~rl.50), 
                           ct_k($A.16, $B.5, ~rst.25, ~rk.50), 
                           ct_s($A.16, $B.5, ~sst.106, ~rst.25, ~rs.50)>
               ),
               Slot1Added( $B.5, ~bid.9, ~rst.25, ~idx.417, $A.16,
                           <ct_l($A.16, $B.5, ~rst.25, ~rl.50), 
                            ct_k($A.16, $B.5, ~rst.25, ~rk.50), 
                            ct_s($A.16, $B.5, ~sst.106, ~rst.25, ~rs.50)>
               )
               ]->
                [
                OpenStage1( $B.5, ~bid.9, ~rst.25 ),
                AddedSlot1( $B.5, ~bid.9, ~rst.25, ~idx.417, $A.16,
                            <ct_l($A.16, $B.5, ~rst.25, ~rl.50), 
                             ct_k($A.16, $B.5, ~rst.25, ~rk.50), 
                             ct_s($A.16, $B.5, ~sst.106, ~rst.25, ~rs.50)>
                )
                ]
    #vf.418: instance (modulo AC) isend:
                [
                !KU( <$A.16, $B.5, ct_l($A.16, $B.5, ~rst.25, ~rl.50), 
                      ct_k($A.16, $B.5, ~rst.25, ~rk.50), 
                      ct_s($A.16, $B.5, ~sst.106, ~rst.25, ~rs.50)>
                )
                ]
               --[
               K( <$A.16, $B.5, ct_l($A.16, $B.5, ~rst.25, ~rl.50), 
                   ct_k($A.16, $B.5, ~rst.25, ~rk.50), 
                   ct_s($A.16, $B.5, ~sst.106, ~rst.25, ~rs.50)>
               )
               ]->
                [
                In( <$A.16, $B.5, ct_l($A.16, $B.5, ~rst.25, ~rl.50), 
                     ct_k($A.16, $B.5, ~rst.25, ~rk.50), 
                     ct_s($A.16, $B.5, ~sst.106, ~rst.25, ~rs.50)>
                )
                ]
    #vf.424: instance (modulo AC) Fresh:
                [ ] --> [ Fr( ~idx.417 ) ]
    #vr.429: instance (modulo AC) AddSlot2:
                [
                OpenStage1( $B.5, ~bid.9, ~rst.25 ), In( <$A2.48, $B.5, m2.48> ),
                Fr( ~idx.430 )
                ]
               --[
               SlotAdded( $B.5, ~bid.9, ~idx.430, $A2.48, m2.48 ),
               Slot2Added( $B.5, ~bid.9, ~rst.25, ~idx.430, $A2.48, m2.48 )
               ]->
                [
                OpenStage2( $B.5, ~bid.9, ~rst.25 ),
                AddedSlot2( $B.5, ~bid.9, ~rst.25, ~idx.430, $A2.48, m2.48 )
                ]
    #vf.431: instance (modulo AC) isend:
                [ !KU( <$A2.48, $B.5, m2.48> ) ]
               --[ K( <$A2.48, $B.5, m2.48> ) ]->
                [ In( <$A2.48, $B.5, m2.48> ) ]
    #vf.437: instance (modulo AC) Fresh:
                [ ] --> [ Fr( ~idx.430 ) ]
    #vr.438: instance (modulo AC) AddSlot2:
                [
                OpenStage1( $B.5, ~bid.9, ~rst.25 ), In( <$A.439, $B.5, m.439> ),
                Fr( ~idx.439 )
                ]
               --[
               SlotAdded( $B.5, ~bid.9, ~idx.439, $A.439, m.439 ),
               Slot2Added( $B.5, ~bid.9, ~rst.25, ~idx.439, $A.439, m.439 )
               ]->
                [
                OpenStage2( $B.5, ~bid.9, ~rst.25 ),
                AddedSlot2( $B.5, ~bid.9, ~rst.25, ~idx.439, $A.439, m.439 )
                ]
    #vf.440: instance (modulo AC) isend:
                [ !KU( <$A.439, $B.5, m.439> ) ]
               --[ K( <$A.439, $B.5, m.439> ) ]->
                [ In( <$A.439, $B.5, m.439> ) ]
    #vf.446: instance (modulo AC) Fresh:
                [ ] --> [ Fr( ~idx.439 ) ]
    #vr.447: instance (modulo AC) AddSlot1:
                [
                OpenStage0( $B.5, ~bid.9, ~rst.25 ), In( <$A1.104, $B.5, m1.104> ),
                Fr( ~idx.448 )
                ]
               --[
               SlotAdded( $B.5, ~bid.9, ~idx.448, $A1.104, m1.104 ),
               Slot1Added( $B.5, ~bid.9, ~rst.25, ~idx.448, $A1.104, m1.104 )
               ]->
                [
                OpenStage1( $B.5, ~bid.9, ~rst.25 ),
                AddedSlot1( $B.5, ~bid.9, ~rst.25, ~idx.448, $A1.104, m1.104 )
                ]
    #vf.449: instance (modulo AC) isend:
                [ !KU( <$A1.104, $B.5, m1.104> ) ]
               --[ K( <$A1.104, $B.5, m1.104> ) ]->
                [ In( <$A1.104, $B.5, m1.104> ) ]
    #vf.455: instance (modulo AC) Fresh:
                [ ] --> [ Fr( ~idx.448 ) ]
    #vr.456: instance (modulo AC) AddSlot2:
                [
                OpenStage1( $B.5, ~bid.9, ~rst.25 ), In( <$A2.104, $B.5, m2.104> ),
                Fr( ~idx.457 )
                ]
               --[
               SlotAdded( $B.5, ~bid.9, ~idx.457, $A2.104, m2.104 ),
               Slot2Added( $B.5, ~bid.9, ~rst.25, ~idx.457, $A2.104, m2.104 )
               ]->
                [
                OpenStage2( $B.5, ~bid.9, ~rst.25 ),
                AddedSlot2( $B.5, ~bid.9, ~rst.25, ~idx.457, $A2.104, m2.104 )
                ]
    #vf.458: instance (modulo AC) isend:
                [ !KU( <$A2.104, $B.5, m2.104> ) ]
               --[ K( <$A2.104, $B.5, m2.104> ) ]->
                [ In( <$A2.104, $B.5, m2.104> ) ]
    #vf.464: instance (modulo AC) Fresh:
                [ ] --> [ Fr( ~idx.457 ) ]
    #vr.465: instance (modulo AC) AddSlot1:
                [
                OpenStage0( $B.5, ~bid.9, ~rst.25 ), In( <$A.466, $B.5, m.466> ),
                Fr( ~idx.466 )
                ]
               --[
               SlotAdded( $B.5, ~bid.9, ~idx.466, $A.466, m.466 ),
               Slot1Added( $B.5, ~bid.9, ~rst.25, ~idx.466, $A.466, m.466 )
               ]->
                [
                OpenStage1( $B.5, ~bid.9, ~rst.25 ),
                AddedSlot1( $B.5, ~bid.9, ~rst.25, ~idx.466, $A.466, m.466 )
                ]
    #vf.467: instance (modulo AC) isend:
                [ !KU( <$A.466, $B.5, m.466> ) ]
               --[ K( <$A.466, $B.5, m.466> ) ]->
                [ In( <$A.466, $B.5, m.466> ) ]
    #vf.473: instance (modulo AC) Fresh:
                [ ] --> [ Fr( ~idx.466 ) ]
    #vr.477: instance (modulo AC) AddSlot1:
                [
                OpenStage0( $B.5, ~bid.9, ~rst.25 ), In( <$A.478, $B.5, m.478> ),
                Fr( ~idx.478 )
                ]
               --[
               SlotAdded( $B.5, ~bid.9, ~idx.478, $A.478, m.478 ),
               Slot1Added( $B.5, ~bid.9, ~rst.25, ~idx.478, $A.478, m.478 )
               ]->
                [
                OpenStage1( $B.5, ~bid.9, ~rst.25 ),
                AddedSlot1( $B.5, ~bid.9, ~rst.25, ~idx.478, $A.478, m.478 )
                ]
    #vf.479: instance (modulo AC) isend:
                [ !KU( <$A.478, $B.5, m.478> ) ]
               --[ K( <$A.478, $B.5, m.478> ) ]->
                [ In( <$A.478, $B.5, m.478> ) ]
    #vf.485: instance (modulo AC) Fresh:
                [ ] --> [ Fr( ~idx.478 ) ]
    #vf.552: instance (modulo AC) isend:
                [ !KU( <$A.354, $B.5, m.354> ) ]
               --[ K( <$A.354, $B.5, m.354> ) ]->
                [ In( <$A.354, $B.5, m.354> ) ]
    #vf.558: instance (modulo AC) Fresh:
                [ ] --> [ Fr( ~idx.354 ) ]
    #vf.561: instance (modulo AC) isend:
                [ !KU( <$A1.46, $B.5, m1.46> ) ]
               --[ K( <$A1.46, $B.5, m1.46> ) ]->
                [ In( <$A1.46, $B.5, m1.46> ) ]
    #vf.570: instance (modulo AC) isend:
                [ !KU( <$A2.46, $B.5, m2.46> ) ]
               --[ K( <$A2.46, $B.5, m2.46> ) ]->
                [ In( <$A2.46, $B.5, m2.46> ) ]
    #vf.579: instance (modulo AC) isend:
                [ !KU( <$A.381, $B.5, m.381> ) ]
               --[ K( <$A.381, $B.5, m.381> ) ]->
                [ In( <$A.381, $B.5, m.381> ) ]
    #vf.585: instance (modulo AC) Fresh:
                [ ] --> [ Fr( ~idx.381 ) ]
    #vf.588: instance (modulo AC) isend:
                [ !KU( <$A1.100, $B.5, m1.100> ) ]
               --[ K( <$A1.100, $B.5, m1.100> ) ]->
                [ In( <$A1.100, $B.5, m1.100> ) ]
    #vf.597: instance (modulo AC) isend:
                [ !KU( <$A2.100, $B.5, m2.100> ) ]
               --[ K( <$A2.100, $B.5, m2.100> ) ]->
                [ In( <$A2.100, $B.5, m2.100> ) ]
    #vf.606: instance (modulo AC) isend:
                [ !KU( <$A.408, $B.5, m.408> ) ]
               --[ K( <$A.408, $B.5, m.408> ) ]->
                [ In( <$A.408, $B.5, m.408> ) ]
    #vf.612: instance (modulo AC) Fresh:
                [ ] --> [ Fr( ~idx.408 ) ]
    #vf.628: instance (modulo AC) isend:
                [ !KU( <$A2.48, $B.5, m2.48> ) ]
               --[ K( <$A2.48, $B.5, m2.48> ) ]->
                [ In( <$A2.48, $B.5, m2.48> ) ]
    #vf.637: instance (modulo AC) isend:
                [ !KU( <$A.439, $B.5, m.439> ) ]
               --[ K( <$A.439, $B.5, m.439> ) ]->
                [ In( <$A.439, $B.5, m.439> ) ]
    #vf.643: instance (modulo AC) Fresh:
                [ ] --> [ Fr( ~idx.439 ) ]
    #vf.646: instance (modulo AC) isend:
                [ !KU( <$A1.104, $B.5, m1.104> ) ]
               --[ K( <$A1.104, $B.5, m1.104> ) ]->
                [ In( <$A1.104, $B.5, m1.104> ) ]
    #vf.655: instance (modulo AC) isend:
                [ !KU( <$A2.104, $B.5, m2.104> ) ]
               --[ K( <$A2.104, $B.5, m2.104> ) ]->
                [ In( <$A2.104, $B.5, m2.104> ) ]
  actions:
    !KU( <$A.112, $B.5, m.112> ) @ #vk.114, !KU( $A.112 ) @ #vk.115,
    !KU( <$B.5, m.112> ) @ #vk.116, !KU( $B.5 ) @ #vk.117,
    !KU( m.112 ) @ #vk.118,
    !KU( <$A.12, $B.5, ct_l($A.12, $B.5, ~rst.25, ~rl.32), 
          ct_k($A.12, $B.5, ~rst.25, ~rk.32), 
          ct_s($A.12, $B.5, ~sst.73, ~rst.25, ~rs.32)>
    ) @ #vk.123,
    !KU( $A.12 ) @ #vk.124,
    !KU( <$B.5, ct_l($A.12, $B.5, ~rst.25, ~rl.32), 
          ct_k($A.12, $B.5, ~rst.25, ~rk.32), 
          ct_s($A.12, $B.5, ~sst.73, ~rst.25, ~rs.32)>
    ) @ #vk.125,
    !KU( <ct_l($A.12, $B.5, ~rst.25, ~rl.32), 
          ct_k($A.12, $B.5, ~rst.25, ~rk.32), 
          ct_s($A.12, $B.5, ~sst.73, ~rst.25, ~rs.32)>
    ) @ #vk.127,
    !KU( <$A.7, $B.5, ct_l($A.7, $B.5, ~rst.25, ~rl.20), 
          ct_k($A.7, $B.5, ~rst.25, ~rk.20), 
          ct_s($A.7, $B.5, ~sst.59, ~rst.25, ~rs.20)>
    ) @ #vk.132,
    !KU( $A.7 ) @ #vk.133,
    !KU( <$B.5, ct_l($A.7, $B.5, ~rst.25, ~rl.20), 
          ct_k($A.7, $B.5, ~rst.25, ~rk.20), 
          ct_s($A.7, $B.5, ~sst.59, ~rst.25, ~rs.20)>
    ) @ #vk.134,
    !KU( <ct_l($A.7, $B.5, ~rst.25, ~rl.20), 
          ct_k($A.7, $B.5, ~rst.25, ~rk.20), 
          ct_s($A.7, $B.5, ~sst.59, ~rst.25, ~rs.20)>
    ) @ #vk.136,
    !KU( ct_l($A.7, $B.5, ~rst.25, ~rl.20) ) @ #vk.138,
    !KU( <ct_k($A.7, $B.5, ~rst.25, ~rk.20), 
          ct_s($A.7, $B.5, ~sst.59, ~rst.25, ~rs.20)>
    ) @ #vk.139,
    !KU( ct_k($A.7, $B.5, ~rst.25, ~rk.20) ) @ #vk.140,
    !KU( ct_s($A.7, $B.5, ~sst.59, ~rst.25, ~rs.20) ) @ #vk.141,
    !KU( ct_l($A.12, $B.5, ~rst.25, ~rl.32) ) @ #vk.241,
    !KU( <ct_k($A.12, $B.5, ~rst.25, ~rk.32), 
          ct_s($A.12, $B.5, ~sst.73, ~rst.25, ~rs.32)>
    ) @ #vk.242,
    !KU( ct_k($A.12, $B.5, ~rst.25, ~rk.32) ) @ #vk.243,
    !KU( ct_s($A.12, $B.5, ~sst.73, ~rst.25, ~rs.32) ) @ #vk.244,
    !KU( <$A.354, $B.5, m.354> ) @ #vk.356, !KU( $A.354 ) @ #vk.357,
    !KU( <$B.5, m.354> ) @ #vk.358, !KU( m.354 ) @ #vk.360,
    !KU( <$A1.46, $B.5, m1.46> ) @ #vk.365, !KU( $A1.46 ) @ #vk.366,
    !KU( <$B.5, m1.46> ) @ #vk.367, !KU( m1.46 ) @ #vk.369,
    !KU( <$A2.46, $B.5, m2.46> ) @ #vk.374, !KU( $A2.46 ) @ #vk.375,
    !KU( <$B.5, m2.46> ) @ #vk.376, !KU( m2.46 ) @ #vk.378,
    !KU( <$A.381, $B.5, m.381> ) @ #vk.383, !KU( $A.381 ) @ #vk.384,
    !KU( <$B.5, m.381> ) @ #vk.385, !KU( m.381 ) @ #vk.387,
    !KU( <$A1.100, $B.5, m1.100> ) @ #vk.392, !KU( $A1.100 ) @ #vk.393,
    !KU( <$B.5, m1.100> ) @ #vk.394, !KU( m1.100 ) @ #vk.396,
    !KU( <$A2.100, $B.5, m2.100> ) @ #vk.401, !KU( $A2.100 ) @ #vk.402,
    !KU( <$B.5, m2.100> ) @ #vk.403, !KU( m2.100 ) @ #vk.405,
    !KU( <$A.408, $B.5, m.408> ) @ #vk.410, !KU( $A.408 ) @ #vk.411,
    !KU( <$B.5, m.408> ) @ #vk.412, !KU( m.408 ) @ #vk.414,
    !KU( <$A.16, $B.5, ct_l($A.16, $B.5, ~rst.25, ~rl.50), 
          ct_k($A.16, $B.5, ~rst.25, ~rk.50), 
          ct_s($A.16, $B.5, ~sst.106, ~rst.25, ~rs.50)>
    ) @ #vk.419,
    !KU( $A.16 ) @ #vk.420,
    !KU( <$B.5, ct_l($A.16, $B.5, ~rst.25, ~rl.50), 
          ct_k($A.16, $B.5, ~rst.25, ~rk.50), 
          ct_s($A.16, $B.5, ~sst.106, ~rst.25, ~rs.50)>
    ) @ #vk.421,
    !KU( <ct_l($A.16, $B.5, ~rst.25, ~rl.50), 
          ct_k($A.16, $B.5, ~rst.25, ~rk.50), 
          ct_s($A.16, $B.5, ~sst.106, ~rst.25, ~rs.50)>
    ) @ #vk.423,
    !KU( ct_l($A.16, $B.5, ~rst.25, ~rl.50) ) @ #vk.425,
    !KU( <ct_k($A.16, $B.5, ~rst.25, ~rk.50), 
          ct_s($A.16, $B.5, ~sst.106, ~rst.25, ~rs.50)>
    ) @ #vk.426,
    !KU( ct_k($A.16, $B.5, ~rst.25, ~rk.50) ) @ #vk.427,
    !KU( ct_s($A.16, $B.5, ~sst.106, ~rst.25, ~rs.50) ) @ #vk.428,
    !KU( <$A2.48, $B.5, m2.48> ) @ #vk.432, !KU( $A2.48 ) @ #vk.433,
    !KU( <$B.5, m2.48> ) @ #vk.434, !KU( m2.48 ) @ #vk.436,
    !KU( <$A.439, $B.5, m.439> ) @ #vk.441, !KU( $A.439 ) @ #vk.442,
    !KU( <$B.5, m.439> ) @ #vk.443, !KU( m.439 ) @ #vk.445,
    !KU( <$A1.104, $B.5, m1.104> ) @ #vk.450, !KU( $A1.104 ) @ #vk.451,
    !KU( <$B.5, m1.104> ) @ #vk.452, !KU( m1.104 ) @ #vk.454,
    !KU( <$A2.104, $B.5, m2.104> ) @ #vk.459, !KU( $A2.104 ) @ #vk.460,
    !KU( <$B.5, m2.104> ) @ #vk.461, !KU( m2.104 ) @ #vk.463,
    !KU( <$A.466, $B.5, m.466> ) @ #vk.468, !KU( $A.466 ) @ #vk.469,
    !KU( <$B.5, m.466> ) @ #vk.470, !KU( m.466 ) @ #vk.472,
    !KU( <$A.478, $B.5, m.478> ) @ #vk.480, !KU( $A.478 ) @ #vk.481,
    !KU( <$B.5, m.478> ) @ #vk.482, !KU( m.478 ) @ #vk.484,
    !KU( <$A.354, $B.5, m.354> ) @ #vk.553, !KU( $A.354 ) @ #vk.554,
    !KU( <$B.5, m.354> ) @ #vk.555, !KU( m.354 ) @ #vk.557,
    !KU( <$A.381, $B.5, m.381> ) @ #vk.580, !KU( $A.381 ) @ #vk.581,
    !KU( <$B.5, m.381> ) @ #vk.582, !KU( m.381 ) @ #vk.584,
    !KU( <$A.408, $B.5, m.408> ) @ #vk.607, !KU( $A.408 ) @ #vk.608,
    !KU( <$B.5, m.408> ) @ #vk.609, !KU( m.408 ) @ #vk.611,
    !KU( <$A.439, $B.5, m.439> ) @ #vk.638, !KU( $A.439 ) @ #vk.639,
    !KU( <$B.5, m.439> ) @ #vk.640, !KU( m.439 ) @ #vk.642
  edges:
    (#vr.4, 0) >--> (#i, 0), (#vr.6, 0) >--> (#vr.4, 0),
    (#vr.6, 1) >--> (#vr.4, 3), (#vr.8, 0) >--> (#vr.120, 0),
    (#vr.8, 1) >--> (#vr.4, 1), (#vf.10, 0) >--> (#vr.8, 1),
    (#vr.11, 1) >--> (#vr.4, 2), (#vr.15, 0) >--> (#vr.6, 0),
    (#vr.17, 0) >--> (#vr.11, 1), (#vr.17, 1) >--> (#vr.6, 1),
    (#vr.17, 2) >--> (#vr.11, 0), (#vr.19, 1) >--> (#vr.6, 2),
    (#vf.21, 0) >--> (#vr.19, 2), (#vf.22, 0) >--> (#vr.19, 3),
    (#vf.23, 0) >--> (#vr.19, 4), (#vr.24, 0) >--> (#vr.8, 0),
    (#vr.24, 1) >--> (#vr.19, 1), (#vr.24, 1) >--> (#vr.31, 1),
    (#vr.24, 1) >--> (#vr.49, 1), (#vf.26, 0) >--> (#vr.24, 0),
    (#vr.31, 1) >--> (#vr.11, 2), (#vf.33, 0) >--> (#vr.31, 2),
    (#vf.34, 0) >--> (#vr.31, 3), (#vf.35, 0) >--> (#vr.31, 4),
    (#vr.45, 2) >--> (#vr.15, 0), (#vr.47, 0) >--> (#vr.15, 1),
    (#vr.49, 1) >--> (#vr.15, 2), (#vf.51, 0) >--> (#vr.49, 2),
    (#vf.52, 0) >--> (#vr.49, 3), (#vf.53, 0) >--> (#vr.49, 4),
    (#vr.54, 0) >--> (#vr.17, 0), (#vr.54, 1) >--> (#vr.17, 1),
    (#vr.58, 0) >--> (#vr.19, 0), (#vf.60, 0) >--> (#vr.58, 0),
    (#vr.72, 0) >--> (#vr.31, 0), (#vf.74, 0) >--> (#vr.72, 0),
    (#vr.97, 0) >--> (#vr.45, 0), (#vr.99, 1) >--> (#vr.45, 1),
    (#vr.101, 0) >--> (#vr.47, 0), (#vr.103, 1) >--> (#vr.47, 1),
    (#vr.105, 0) >--> (#vr.49, 0), (#vf.107, 0) >--> (#vr.105, 0),
    (#vr.111, 0) >--> (#vr.54, 0), (#vf.113, 0) >--> (#vr.111, 1),
    (#vf.119, 0) >--> (#vr.111, 2), (#vr.120, 1) >--> (#vr.54, 1),
    (#vf.122, 0) >--> (#vr.120, 1), (#vf.128, 0) >--> (#vr.120, 2),
    (#vr.129, 1) >--> (#vr.54, 2), (#vf.131, 0) >--> (#vr.129, 1),
    (#vf.137, 0) >--> (#vr.129, 2), (#vr.353, 0) >--> (#vr.97, 0),
    (#vf.355, 0) >--> (#vr.353, 1), (#vf.361, 0) >--> (#vr.353, 2),
    (#vr.362, 1) >--> (#vr.97, 1), (#vf.364, 0) >--> (#vr.362, 1),
    (#vf.370, 0) >--> (#vr.362, 2), (#vr.371, 1) >--> (#vr.97, 2),
    (#vf.373, 0) >--> (#vr.371, 1), (#vf.379, 0) >--> (#vr.371, 2),
    (#vr.380, 0) >--> (#vr.99, 0), (#vf.382, 0) >--> (#vr.380, 1),
    (#vf.388, 0) >--> (#vr.380, 2), (#vr.389, 1) >--> (#vr.99, 1),
    (#vf.391, 0) >--> (#vr.389, 1), (#vf.397, 0) >--> (#vr.389, 2),
    (#vr.398, 1) >--> (#vr.99, 2), (#vf.400, 0) >--> (#vr.398, 1),
    (#vf.406, 0) >--> (#vr.398, 2), (#vr.407, 0) >--> (#vr.101, 0),
    (#vf.409, 0) >--> (#vr.407, 1), (#vf.415, 0) >--> (#vr.407, 2),
    (#vr.416, 1) >--> (#vr.101, 1), (#vf.418, 0) >--> (#vr.416, 1),
    (#vf.424, 0) >--> (#vr.416, 2), (#vr.429, 1) >--> (#vr.101, 2),
    (#vf.431, 0) >--> (#vr.429, 1), (#vf.437, 0) >--> (#vr.429, 2),
    (#vr.438, 0) >--> (#vr.103, 0), (#vf.440, 0) >--> (#vr.438, 1),
    (#vf.446, 0) >--> (#vr.438, 2), (#vr.447, 1) >--> (#vr.103, 1),
    (#vf.449, 0) >--> (#vr.447, 1), (#vf.455, 0) >--> (#vr.447, 2),
    (#vr.456, 1) >--> (#vr.103, 2), (#vf.458, 0) >--> (#vr.456, 1),
    (#vf.464, 0) >--> (#vr.456, 2), (#vr.465, 0) >--> (#vr.111, 0),
    (#vf.467, 0) >--> (#vr.465, 1), (#vf.473, 0) >--> (#vr.465, 2),
    (#vr.477, 0) >--> (#vr.129, 0), (#vf.479, 0) >--> (#vr.477, 1),
    (#vf.485, 0) >--> (#vr.477, 2), (#vf.552, 0) >--> (#vr.353, 1),
    (#vf.558, 0) >--> (#vr.353, 2), (#vf.561, 0) >--> (#vr.362, 1),
    (#vf.570, 0) >--> (#vr.371, 1), (#vf.579, 0) >--> (#vr.380, 1),
    (#vf.585, 0) >--> (#vr.380, 2), (#vf.588, 0) >--> (#vr.389, 1),
    (#vf.597, 0) >--> (#vr.398, 1), (#vf.606, 0) >--> (#vr.407, 1),
    (#vf.612, 0) >--> (#vr.407, 2), (#vf.628, 0) >--> (#vr.429, 1),
    (#vf.637, 0) >--> (#vr.438, 1), (#vf.643, 0) >--> (#vr.438, 2),
    (#vf.646, 0) >--> (#vr.447, 1), (#vf.655, 0) >--> (#vr.456, 1)
  less:
    #vr.8 < #vr.4: induced by fresh value,
    #vr.8 < #vr.6: induced by fresh value,
    #vr.8 < #vr.11: induced by fresh value,
    #vr.8 < #vr.15: induced by fresh value,
    #vr.8 < #vr.17: induced by fresh value,
    #vr.8 < #vr.45: induced by fresh value,
    #vr.8 < #vr.47: induced by fresh value,
    #vr.8 < #vr.54: induced by fresh value,
    #vr.8 < #vr.97: induced by fresh value,
    #vr.8 < #vr.99: induced by fresh value,
    #vr.8 < #vr.101: induced by fresh value,
    #vr.8 < #vr.103: induced by fresh value,
    #vr.8 < #vr.111: induced by fresh value,
    #vr.8 < #vr.120: induced by fresh value,
    #vr.8 < #vr.129: induced by fresh value,
    #vr.8 < #vr.353: induced by fresh value,
    #vr.8 < #vr.362: induced by fresh value,
    #vr.8 < #vr.371: induced by fresh value,
    #vr.8 < #vr.380: induced by fresh value,
    #vr.8 < #vr.389: induced by fresh value,
    #vr.8 < #vr.398: induced by fresh value,
    #vr.8 < #vr.407: induced by fresh value,
    #vr.8 < #vr.416: induced by fresh value,
    #vr.8 < #vr.429: induced by fresh value,
    #vr.8 < #vr.438: induced by fresh value,
    #vr.8 < #vr.447: induced by fresh value,
    #vr.8 < #vr.456: induced by fresh value,
    #vr.8 < #vr.465: induced by fresh value,
    #vr.8 < #vr.477: induced by fresh value,
    #vr.19 < #vr.6: induced by fresh value,
    #vr.19 < #vr.17: induced by fresh value,
    #vr.19 < #vr.54: induced by fresh value,
    #vr.19 < #vr.129: induced by fresh value,
    #vr.19 < #vf.131: induced by fresh value,
    #vr.24 < #vr.4: induced by fresh value,
    #vr.24 < #vr.6: induced by fresh value,
    #vr.24 < #vr.8: induced by fresh value,
    #vr.24 < #vr.11: induced by fresh value,
    #vr.24 < #vr.15: induced by fresh value,
    #vr.24 < #vr.17: induced by fresh value,
    #vr.24 < #vr.19: induced by fresh value,
    #vr.24 < #vr.31: induced by fresh value,
    #vr.24 < #vr.45: induced by fresh value,
    #vr.24 < #vr.47: induced by fresh value,
    #vr.24 < #vr.49: induced by fresh value,
    #vr.24 < #vr.54: induced by fresh value,
    #vr.24 < #vr.97: induced by fresh value,
    #vr.24 < #vr.99: induced by fresh value,
    #vr.24 < #vr.101: induced by fresh value,
    #vr.24 < #vr.103: induced by fresh value,
    #vr.24 < #vr.111: induced by fresh value,
    #vr.24 < #vr.120: induced by fresh value,
    #vr.24 < #vf.122: induced by fresh value,
    #vr.24 < #vr.129: induced by fresh value,
    #vr.24 < #vf.131: induced by fresh value,
    #vr.24 < #vr.353: induced by fresh value,
    #vr.24 < #vr.362: induced by fresh value,
    #vr.24 < #vr.371: induced by fresh value,
    #vr.24 < #vr.380: induced by fresh value,
    #vr.24 < #vr.389: induced by fresh value,
    #vr.24 < #vr.398: induced by fresh value,
    #vr.24 < #vr.407: induced by fresh value,
    #vr.24 < #vr.416: induced by fresh value,
    #vr.24 < #vf.418: induced by fresh value,
    #vr.24 < #vr.429: induced by fresh value,
    #vr.24 < #vr.438: induced by fresh value,
    #vr.24 < #vr.447: induced by fresh value,
    #vr.24 < #vr.456: induced by fresh value,
    #vr.24 < #vr.465: induced by fresh value,
    #vr.24 < #vr.477: induced by fresh value,
    #vr.31 < #vr.11: induced by fresh value,
    #vr.31 < #vr.17: induced by fresh value,
    #vr.31 < #vr.54: induced by fresh value,
    #vr.31 < #vr.120: induced by fresh value,
    #vr.31 < #vf.122: induced by fresh value,
    #vr.49 < #vr.15: induced by fresh value,
    #vr.49 < #vr.47: induced by fresh value,
    #vr.49 < #vr.101: induced by fresh value,
    #vr.49 < #vr.416: induced by fresh value,
    #vr.49 < #vf.418: induced by fresh value,
    #vr.58 < #vr.6: induced by fresh value,
    #vr.58 < #vr.17: induced by fresh value,
    #vr.58 < #vr.19: induced by fresh value,
    #vr.58 < #vr.54: induced by fresh value,
    #vr.58 < #vr.129: induced by fresh value,
    #vr.58 < #vf.131: induced by fresh value,
    #vr.72 < #vr.11: induced by fresh value,
    #vr.72 < #vr.17: induced by fresh value,
    #vr.72 < #vr.31: induced by fresh value,
    #vr.72 < #vr.54: induced by fresh value,
    #vr.72 < #vr.120: induced by fresh value,
    #vr.72 < #vf.122: induced by fresh value,
    #vr.105 < #vr.15: induced by fresh value,
    #vr.105 < #vr.47: induced by fresh value,
    #vr.105 < #vr.49: induced by fresh value,
    #vr.105 < #vr.101: induced by fresh value,
    #vr.105 < #vr.416: induced by fresh value,
    #vr.105 < #vf.418: induced by fresh value,
    #vk.114 < #vf.113: induced by adversary,
    #vk.115 < #vk.114: induced by adversary,
    #vk.116 < #vk.114: induced by adversary,
    #vk.117 < #vk.116: induced by adversary,
    #vk.117 < #vk.125: induced by adversary,
    #vk.117 < #vk.134: induced by adversary,
    #vk.117 < #vk.358: induced by adversary,
    #vk.117 < #vk.367: induced by adversary,
    #vk.117 < #vk.376: induced by adversary,
    #vk.117 < #vk.385: induced by adversary,
    #vk.117 < #vk.394: induced by adversary,
    #vk.117 < #vk.403: induced by adversary,
    #vk.117 < #vk.412: induced by adversary,
    #vk.117 < #vk.421: induced by adversary,
    #vk.117 < #vk.434: induced by adversary,
    #vk.117 < #vk.443: induced by adversary,
    #vk.117 < #vk.452: induced by adversary,
    #vk.117 < #vk.461: induced by adversary,
    #vk.117 < #vk.470: induced by adversary,
    #vk.117 < #vk.482: induced by adversary,
    #vk.117 < #vk.555: induced by adversary,
    #vk.117 < #vk.582: induced by adversary,
    #vk.117 < #vk.609: induced by adversary,
    #vk.117 < #vk.640: induced by adversary,
    #vk.118 < #vk.116: induced by adversary,
    #vr.120 < #vr.11: induced by fresh value,
    #vr.120 < #vr.17: induced by fresh value,
    #vr.120 < #vr.54: induced by fresh value,
    #vk.123 < #vf.122: induced by adversary,
    #vk.124 < #vk.123: induced by adversary,
    #vk.125 < #vk.123: induced by adversary,
    #vk.127 < #vk.125: induced by adversary,
    #vr.129 < #vr.6: induced by fresh value,
    #vr.129 < #vr.17: induced by fresh value,
    #vr.129 < #vr.54: induced by fresh value,
    #vk.132 < #vf.131: induced by adversary,
    #vk.133 < #vk.132: induced by adversary,
    #vk.134 < #vk.132: induced by adversary,
    #vk.136 < #vk.134: induced by adversary,
    #vk.138 < #vk.136: induced by adversary,
    #vk.139 < #vk.136: induced by adversary,
    #vk.140 < #vk.139: induced by adversary,
    #vk.141 < #vk.139: induced by adversary,
    #vk.241 < #vk.127: induced by adversary,
    #vk.242 < #vk.127: induced by adversary,
    #vk.243 < #vk.242: induced by adversary,
    #vk.244 < #vk.242: induced by adversary,
    #vk.356 < #vf.355: induced by adversary,
    #vk.357 < #vk.356: induced by adversary,
    #vk.358 < #vk.356: induced by adversary,
    #vk.360 < #vk.358: induced by adversary,
    #vr.362 < #vr.45: induced by fresh value,
    #vr.362 < #vr.97: induced by fresh value,
    #vk.365 < #vf.364: induced by adversary,
    #vk.365 < #vf.561: induced by adversary,
    #vk.366 < #vk.365: induced by adversary,
    #vk.367 < #vk.365: induced by adversary,
    #vk.369 < #vk.367: induced by adversary,
    #vr.371 < #vr.45: induced by fresh value,
    #vr.371 < #vr.97: induced by fresh value,
    #vk.374 < #vf.373: induced by adversary,
    #vk.374 < #vf.570: induced by adversary,
    #vk.375 < #vk.374: induced by adversary,
    #vk.376 < #vk.374: induced by adversary,
    #vk.378 < #vk.376: induced by adversary,
    #vk.383 < #vf.382: induced by adversary,
    #vk.384 < #vk.383: induced by adversary,
    #vk.385 < #vk.383: induced by adversary,
    #vk.387 < #vk.385: induced by adversary,
    #vr.389 < #vr.99: induced by fresh value,
    #vk.392 < #vf.391: induced by adversary,
    #vk.392 < #vf.588: induced by adversary,
    #vk.393 < #vk.392: induced by adversary,
    #vk.394 < #vk.392: induced by adversary,
    #vk.396 < #vk.394: induced by adversary,
    #vr.398 < #vr.99: induced by fresh value,
    #vk.401 < #vf.400: induced by adversary,
    #vk.401 < #vf.597: induced by adversary,
    #vk.402 < #vk.401: induced by adversary,
    #vk.403 < #vk.401: induced by adversary,
    #vk.405 < #vk.403: induced by adversary,
    #vk.410 < #vf.409: induced by adversary,
    #vk.411 < #vk.410: induced by adversary,
    #vk.412 < #vk.410: induced by adversary,
    #vk.414 < #vk.412: induced by adversary,
    #vr.416 < #vr.15: induced by fresh value,
    #vr.416 < #vr.47: induced by fresh value,
    #vr.416 < #vr.101: induced by fresh value,
    #vk.419 < #vf.418: induced by adversary,
    #vk.420 < #vk.419: induced by adversary,
    #vk.421 < #vk.419: induced by adversary,
    #vk.423 < #vk.421: induced by adversary,
    #vk.425 < #vk.423: induced by adversary,
    #vk.426 < #vk.423: induced by adversary,
    #vk.427 < #vk.426: induced by adversary,
    #vk.428 < #vk.426: induced by adversary,
    #vr.429 < #vr.47: induced by fresh value,
    #vr.429 < #vr.101: induced by fresh value,
    #vk.432 < #vf.431: induced by adversary,
    #vk.432 < #vf.628: induced by adversary,
    #vk.433 < #vk.432: induced by adversary,
    #vk.434 < #vk.432: induced by adversary,
    #vk.436 < #vk.434: induced by adversary,
    #vk.441 < #vf.440: induced by adversary,
    #vk.442 < #vk.441: induced by adversary,
    #vk.443 < #vk.441: induced by adversary,
    #vk.445 < #vk.443: induced by adversary,
    #vr.447 < #vr.103: induced by fresh value,
    #vk.450 < #vf.449: induced by adversary,
    #vk.450 < #vf.646: induced by adversary,
    #vk.451 < #vk.450: induced by adversary,
    #vk.452 < #vk.450: induced by adversary,
    #vk.454 < #vk.452: induced by adversary,
    #vr.456 < #vr.103: induced by fresh value,
    #vk.459 < #vf.458: induced by adversary,
    #vk.459 < #vf.655: induced by adversary,
    #vk.460 < #vk.459: induced by adversary,
    #vk.461 < #vk.459: induced by adversary,
    #vk.463 < #vk.461: induced by adversary,
    #vk.468 < #vf.467: induced by adversary,
    #vk.469 < #vk.468: induced by adversary,
    #vk.470 < #vk.468: induced by adversary,
    #vk.472 < #vk.470: induced by adversary,
    #vk.480 < #vf.479: induced by adversary,
    #vk.481 < #vk.480: induced by adversary,
    #vk.482 < #vk.480: induced by adversary,
    #vk.484 < #vk.482: induced by adversary,
    #vk.553 < #vf.552: induced by adversary,
    #vk.554 < #vk.553: induced by adversary,
    #vk.555 < #vk.553: induced by adversary,
    #vk.557 < #vk.555: induced by adversary,
    #vk.580 < #vf.579: induced by adversary,
    #vk.581 < #vk.580: induced by adversary,
    #vk.582 < #vk.580: induced by adversary,
    #vk.584 < #vk.582: induced by adversary,
    #vk.607 < #vf.606: induced by adversary,
    #vk.608 < #vk.607: induced by adversary,
    #vk.609 < #vk.607: induced by adversary,
    #vk.611 < #vk.609: induced by adversary,
    #vk.638 < #vf.637: induced by adversary,
    #vk.639 < #vk.638: induced by adversary,
    #vk.640 < #vk.638: induced by adversary,
    #vk.642 < #vk.640: induced by adversary
  unsolved constraints:
    !KU( <$A.112, $B.5, m.112>
    ) @ #vk.114 // nr: 126" (probably constructible)"
    
    !KU( $A.112 ) @ #vk.115 // nr: 127" (currently deducible)"
    
    !KU( <$B.5, m.112>
    ) @ #vk.116 // nr: 128" (probably constructible)"
    
    !KU( $B.5 ) @ #vk.117 // nr: 129" (currently deducible)"
    
    !KU( m.112 ) @ #vk.118 // nr: 130" (probably constructible)"
    
    !KU( <$A.12, $B.5, ct_l($A.12, $B.5, ~rst.25, ~rl.32), 
          ct_k($A.12, $B.5, ~rst.25, ~rk.32), 
          ct_s($A.12, $B.5, ~sst.73, ~rst.25, ~rs.32)>
    ) @ #vk.123 // nr: 133" (currently deducible)"
    
    !KU( $A.12 ) @ #vk.124 // nr: 134" (currently deducible)"
    
    !KU( <$B.5, ct_l($A.12, $B.5, ~rst.25, ~rl.32), 
          ct_k($A.12, $B.5, ~rst.25, ~rk.32), 
          ct_s($A.12, $B.5, ~sst.73, ~rst.25, ~rs.32)>
    ) @ #vk.125 // nr: 135" (currently deducible)"
    
    !KU( <ct_l($A.12, $B.5, ~rst.25, ~rl.32), 
          ct_k($A.12, $B.5, ~rst.25, ~rk.32), 
          ct_s($A.12, $B.5, ~sst.73, ~rst.25, ~rs.32)>
    ) @ #vk.127 // nr: 234" (currently deducible)"
    
    !KU( <$A.7, $B.5, ct_l($A.7, $B.5, ~rst.25, ~rl.20), 
          ct_k($A.7, $B.5, ~rst.25, ~rk.20), 
          ct_s($A.7, $B.5, ~sst.59, ~rst.25, ~rs.20)>
    ) @ #vk.132 // nr: 141" (currently deducible)"
    
    !KU( $A.7 ) @ #vk.133 // nr: 142" (currently deducible)"
    
    !KU( <$B.5, ct_l($A.7, $B.5, ~rst.25, ~rl.20), 
          ct_k($A.7, $B.5, ~rst.25, ~rk.20), 
          ct_s($A.7, $B.5, ~sst.59, ~rst.25, ~rs.20)>
    ) @ #vk.134 // nr: 143" (currently deducible)"
    
    !KU( <ct_l($A.7, $B.5, ~rst.25, ~rl.20), 
          ct_k($A.7, $B.5, ~rst.25, ~rk.20), 
          ct_s($A.7, $B.5, ~sst.59, ~rst.25, ~rs.20)>
    ) @ #vk.136 // nr: 146" (currently deducible)"
    
    !KU( ct_l($A.7, $B.5, ~rst.25, ~rl.20)
    ) @ #vk.138 // nr: 147" (currently deducible)"
    
    !KU( <ct_k($A.7, $B.5, ~rst.25, ~rk.20), 
          ct_s($A.7, $B.5, ~sst.59, ~rst.25, ~rs.20)>
    ) @ #vk.139 // nr: 148" (currently deducible)"
    
    !KU( ct_k($A.7, $B.5, ~rst.25, ~rk.20)
    ) @ #vk.140 // nr: 149" (currently deducible)"
    
    !KU( ct_s($A.7, $B.5, ~sst.59, ~rst.25, ~rs.20)
    ) @ #vk.141 // nr: 150" (currently deducible)"
    
    !KU( ct_l($A.12, $B.5, ~rst.25, ~rl.32)
    ) @ #vk.241 // nr: 235" (currently deducible)"
    
    !KU( <ct_k($A.12, $B.5, ~rst.25, ~rk.32), 
          ct_s($A.12, $B.5, ~sst.73, ~rst.25, ~rs.32)>
    ) @ #vk.242 // nr: 236" (currently deducible)"
    
    !KU( ct_k($A.12, $B.5, ~rst.25, ~rk.32)
    ) @ #vk.243 // nr: 237" (currently deducible)"
    
    !KU( ct_s($A.12, $B.5, ~sst.73, ~rst.25, ~rs.32)
    ) @ #vk.244 // nr: 238" (currently deducible)"
    
    !KU( <$A.354, $B.5, m.354>
    ) @ #vk.356 // nr: 340" (probably constructible)"
    
    !KU( $A.354 ) @ #vk.357 // nr: 341" (currently deducible)"
    
    !KU( <$B.5, m.354>
    ) @ #vk.358 // nr: 342" (probably constructible)"
    
    !KU( m.354 ) @ #vk.360 // nr: 344" (probably constructible)"
    
    !KU( <$A1.46, $B.5, m1.46>
    ) @ #vk.365 // nr: 347" (probably constructible)"
    
    !KU( $A1.46 ) @ #vk.366 // nr: 348" (currently deducible)"
    
    !KU( <$B.5, m1.46>
    ) @ #vk.367 // nr: 349" (probably constructible)"
    
    !KU( m1.46 ) @ #vk.369 // nr: 352" (probably constructible)"
    
    !KU( <$A2.46, $B.5, m2.46>
    ) @ #vk.374 // nr: 355" (probably constructible)"
    
    !KU( $A2.46 ) @ #vk.375 // nr: 356" (currently deducible)"
    
    !KU( <$B.5, m2.46>
    ) @ #vk.376 // nr: 357" (probably constructible)"
    
    !KU( m2.46 ) @ #vk.378 // nr: 360" (probably constructible)"
    
    !KU( <$A.381, $B.5, m.381>
    ) @ #vk.383 // nr: 363" (probably constructible)"
    
    !KU( $A.381 ) @ #vk.384 // nr: 364" (currently deducible)"
    
    !KU( <$B.5, m.381>
    ) @ #vk.385 // nr: 365" (probably constructible)"
    
    !KU( m.381 ) @ #vk.387 // nr: 367" (probably constructible)"
    
    !KU( <$A1.100, $B.5, m1.100>
    ) @ #vk.392 // nr: 370" (probably constructible)"
    
    !KU( $A1.100 ) @ #vk.393 // nr: 371" (currently deducible)"
    
    !KU( <$B.5, m1.100>
    ) @ #vk.394 // nr: 372" (probably constructible)"
    
    !KU( m1.100 ) @ #vk.396 // nr: 375" (probably constructible)"
    
    !KU( <$A2.100, $B.5, m2.100>
    ) @ #vk.401 // nr: 378" (probably constructible)"
    
    !KU( $A2.100 ) @ #vk.402 // nr: 379" (currently deducible)"
    
    !KU( <$B.5, m2.100>
    ) @ #vk.403 // nr: 380" (probably constructible)"
    
    !KU( m2.100 ) @ #vk.405 // nr: 383" (probably constructible)"
    
    !KU( <$A.408, $B.5, m.408>
    ) @ #vk.410 // nr: 386" (probably constructible)"
    
    !KU( $A.408 ) @ #vk.411 // nr: 387" (currently deducible)"
    
    !KU( <$B.5, m.408>
    ) @ #vk.412 // nr: 388" (probably constructible)"
    
    !KU( m.408 ) @ #vk.414 // nr: 390" (probably constructible)"
    
    !KU( <$A.16, $B.5, ct_l($A.16, $B.5, ~rst.25, ~rl.50), 
          ct_k($A.16, $B.5, ~rst.25, ~rk.50), 
          ct_s($A.16, $B.5, ~sst.106, ~rst.25, ~rs.50)>
    ) @ #vk.419 // nr: 393" (currently deducible)"
    
    !KU( $A.16 ) @ #vk.420 // nr: 394" (currently deducible)"
    
    !KU( <$B.5, ct_l($A.16, $B.5, ~rst.25, ~rl.50), 
          ct_k($A.16, $B.5, ~rst.25, ~rk.50), 
          ct_s($A.16, $B.5, ~sst.106, ~rst.25, ~rs.50)>
    ) @ #vk.421 // nr: 395" (currently deducible)"
    
    !KU( <ct_l($A.16, $B.5, ~rst.25, ~rl.50), 
          ct_k($A.16, $B.5, ~rst.25, ~rk.50), 
          ct_s($A.16, $B.5, ~sst.106, ~rst.25, ~rs.50)>
    ) @ #vk.423 // nr: 398" (currently deducible)"
    
    !KU( ct_l($A.16, $B.5, ~rst.25, ~rl.50)
    ) @ #vk.425 // nr: 399" (currently deducible)"
    
    !KU( <ct_k($A.16, $B.5, ~rst.25, ~rk.50), 
          ct_s($A.16, $B.5, ~sst.106, ~rst.25, ~rs.50)>
    ) @ #vk.426 // nr: 400" (currently deducible)"
    
    !KU( ct_k($A.16, $B.5, ~rst.25, ~rk.50)
    ) @ #vk.427 // nr: 401" (currently deducible)"
    
    !KU( ct_s($A.16, $B.5, ~sst.106, ~rst.25, ~rs.50)
    ) @ #vk.428 // nr: 402" (currently deducible)"
    
    !KU( <$A2.48, $B.5, m2.48>
    ) @ #vk.432 // nr: 405" (probably constructible)"
    
    !KU( $A2.48 ) @ #vk.433 // nr: 406" (currently deducible)"
    
    !KU( <$B.5, m2.48>
    ) @ #vk.434 // nr: 407" (probably constructible)"
    
    !KU( m2.48 ) @ #vk.436 // nr: 410" (probably constructible)"
    
    !KU( <$A.439, $B.5, m.439>
    ) @ #vk.441 // nr: 413" (probably constructible)"
    
    !KU( $A.439 ) @ #vk.442 // nr: 414" (currently deducible)"
    
    !KU( <$B.5, m.439>
    ) @ #vk.443 // nr: 415" (probably constructible)"
    
    !KU( m.439 ) @ #vk.445 // nr: 417" (probably constructible)"
    
    !KU( <$A1.104, $B.5, m1.104>
    ) @ #vk.450 // nr: 420" (probably constructible)"
    
    !KU( $A1.104 ) @ #vk.451 // nr: 421" (currently deducible)"
    
    !KU( <$B.5, m1.104>
    ) @ #vk.452 // nr: 422" (probably constructible)"
    
    !KU( m1.104 ) @ #vk.454 // nr: 425" (probably constructible)"
    
    !KU( <$A2.104, $B.5, m2.104>
    ) @ #vk.459 // nr: 428" (probably constructible)"
    
    !KU( $A2.104 ) @ #vk.460 // nr: 429" (currently deducible)"
    
    !KU( <$B.5, m2.104>
    ) @ #vk.461 // nr: 430" (probably constructible)"
    
    !KU( m2.104 ) @ #vk.463 // nr: 433" (probably constructible)"
    
    !KU( <$A.466, $B.5, m.466>
    ) @ #vk.468 // nr: 436" (probably constructible)"
    
    !KU( $A.466 ) @ #vk.469 // nr: 437" (currently deducible)"
    
    !KU( <$B.5, m.466>
    ) @ #vk.470 // nr: 438" (probably constructible)"
    
    !KU( m.466 ) @ #vk.472 // nr: 440" (probably constructible)"
    
    !KU( <$A.478, $B.5, m.478>
    ) @ #vk.480 // nr: 445" (probably constructible)"
    
    !KU( $A.478 ) @ #vk.481 // nr: 446" (currently deducible)"
    
    !KU( <$B.5, m.478>
    ) @ #vk.482 // nr: 447" (probably constructible)"
    
    !KU( m.478 ) @ #vk.484 // nr: 449" (probably constructible)"
    
    !KU( <$A.354, $B.5, m.354>
    ) @ #vk.553 // nr: 525" (probably constructible)"
    
    !KU( $A.354 ) @ #vk.554 // nr: 526" (currently deducible)"
    
    !KU( <$B.5, m.354>
    ) @ #vk.555 // nr: 527" (probably constructible)"
    
    !KU( m.354 ) @ #vk.557 // nr: 653" (probably constructible)"
    
    !KU( <$A.381, $B.5, m.381>
    ) @ #vk.580 // nr: 548" (probably constructible)"
    
    !KU( $A.381 ) @ #vk.581 // nr: 549" (currently deducible)"
    
    !KU( <$B.5, m.381>
    ) @ #vk.582 // nr: 550" (probably constructible)"
    
    !KU( m.381 ) @ #vk.584 // nr: 654" (probably constructible)"
    
    !KU( <$A.408, $B.5, m.408>
    ) @ #vk.607 // nr: 571" (probably constructible)"
    
    !KU( $A.408 ) @ #vk.608 // nr: 572" (currently deducible)"
    
    !KU( <$B.5, m.408>
    ) @ #vk.609 // nr: 573" (probably constructible)"
    
    !KU( m.408 ) @ #vk.611 // nr: 655" (probably constructible)"
    
    !KU( <$A.439, $B.5, m.439>
    ) @ #vk.638 // nr: 598" (probably constructible)"
    
    !KU( $A.439 ) @ #vk.639 // nr: 599" (currently deducible)"
    
    !KU( <$B.5, m.439>
    ) @ #vk.640 // nr: 600" (probably constructible)"
    
    !KU( m.439 ) @ #vk.642 // nr: 656" (probably constructible)"
    
    OpenStage1( $B.5, ~bid.9, ~rst.25
    ) ▶₀ #vr.353 // nr: 339 (from rule AddSlot2)" (useful2)"
    
    OpenStage0( $B.5, ~bid.9, ~rst.25
    ) ▶₀ #vr.362 // nr: 346 (from rule AddSlot1)" (useful2)"
    
    OpenStage1( $B.5, ~bid.9, ~rst.25
    ) ▶₀ #vr.371 // nr: 354 (from rule AddSlot2)" (useful2)"
    
    OpenStage1( $B.5, ~bid.9, ~rst.25
    ) ▶₀ #vr.380 // nr: 362 (from rule AddSlot2)" (useful2)"
    
    OpenStage0( $B.5, ~bid.9, ~rst.25
    ) ▶₀ #vr.389 // nr: 369 (from rule AddSlot1)" (useful2)"
    
    OpenStage1( $B.5, ~bid.9, ~rst.25
    ) ▶₀ #vr.398 // nr: 377 (from rule AddSlot2)" (useful2)"
    
    OpenStage1( $B.5, ~bid.9, ~rst.25
    ) ▶₀ #vr.407 // nr: 385 (from rule AddSlot2)" (useful2)"
    
    OpenStage0( $B.5, ~bid.9, ~rst.25
    ) ▶₀ #vr.416 // nr: 392 (from rule AddSlot1)" (useful2)"
    
    OpenStage1( $B.5, ~bid.9, ~rst.25
    ) ▶₀ #vr.429 // nr: 404 (from rule AddSlot2)" (useful2)"
    
    OpenStage1( $B.5, ~bid.9, ~rst.25
    ) ▶₀ #vr.438 // nr: 412 (from rule AddSlot2)" (useful2)"
    
    OpenStage0( $B.5, ~bid.9, ~rst.25
    ) ▶₀ #vr.447 // nr: 419 (from rule AddSlot1)" (useful2)"
    
    OpenStage1( $B.5, ~bid.9, ~rst.25
    ) ▶₀ #vr.456 // nr: 427 (from rule AddSlot2)" (useful2)"
    
    OpenStage0( $B.5, ~bid.9, ~rst.25
    ) ▶₀ #vr.465 // nr: 435 (from rule AddSlot1)" (useful2)"
    
    OpenStage0( $B.5, ~bid.9, ~rst.25
    ) ▶₀ #vr.477 // nr: 444 (from rule AddSlot1)" (useful2)"
    
    splitEqs(105) // nr: 626" (useful2)"
  last: none
  
  formulas:
  
  subterms:
  
  equations:
    subst:
      $B.5  <~ {t.1, $B.7, $B.9, $B.12, $B.14, $B.16, $B.18, $B.20,
                $B.25, $B.28, $B.30, $B.32, $B.37, $B.39, $B.41, $B.46, $B.48,
                $B.50, $B.55, $B.57, $B.62, $B.65, $B.67, $B.69, $B.71, $B.76,
                $B.79, $B.81, $B.83, $B.88, $B.90, $B.95, $B.98, $B.100, $B.102,
                $B.104, $B.109, $B.112, $B.121, $B.130, $B.143, $B.152, $B.161,
                $B.170, $B.179, $B.188, $B.197, $B.206, $B.215, $B.224, $B.233,
                $B.246, $B.255, $B.264, $B.273, $B.282, $B.284, $B.286, $B.288,
                $B.293, $B.296, $B.305, $B.314, $B.327, $B.336, $B.345, $B.354,
                $B.363, $B.372, $B.381, $B.390, $B.399, $B.408, $B.417, $B.430,
                $B.439, $B.448, $B.457, $B.466, $B.475, $B.478, $B.487, $B.496,
                $B.503, $B.512, $B.523, $B.532, $B.551, $B.560, $B.569, $B.578,
                $B.587, $B.596, $B.605, $B.614, $B.627, $B.636, $B.645, $B.654,
                $B.663, $B.672}
      #vr.6  <~ {#vr.13}
      $A.7  <~ {$A.14, $A2.18, $A.20, $A2.28, $A2.30, $A2.39, $A.41,
                $A2.55, $A2.57, $A.59, $A2.65, $A2.67, $A2.69, $A2.71, $A2.88,
                $A2.90, $A.92, $A.130, $A.161, $A.188, $A.215, $A.246, $A.273,
                $A.314, $A.345}
      #vr.8  <~ {#vr.474, #vr.495, #vr.511, #vr.531, #vr.671}
      ~bid.9  <~ {t.2, bid.5, bid.7, bid.12, bid.14, bid.16, bid.18,
                  bid.28, bid.30, bid.37, bid.39, bid.46, bid.48, bid.55, bid.57,
                  bid.65, bid.67, bid.69, bid.71, bid.79, bid.81, bid.88, bid.90,
                  bid.98, bid.100, bid.102, bid.104, bid.112, bid.121, bid.130,
                  bid.143, bid.152, bid.161, bid.170, bid.179, bid.188, bid.197,
                  bid.206, bid.215, bid.224, bid.233, bid.246, bid.255, bid.264,
                  bid.273, bid.282, bid.284, bid.286, bid.288, bid.296, bid.305,
                  bid.314, bid.327, bid.336, bid.345, bid.354, bid.363, bid.372,
                  bid.381, bid.390, bid.399, bid.408, bid.417, bid.430, bid.439,
                  bid.448, bid.457, bid.466, ~bid.475, bid.478, bid.487, ~bid.496,
                  bid.503, ~bid.512, bid.523, ~bid.532, bid.551, bid.560, bid.569,
                  bid.578, bid.587, bid.596, bid.605, bid.614, bid.627, bid.636,
                  bid.645, bid.654, bid.663, ~bid.672}
      #vf.10  <~ {#vf.476, #vf.497, #vf.513, #vf.533, #vf.673}
      $A.12  <~ {$A1.18, $A1.28, $A1.30, $A.32, $A1.39, $A1.55, $A1.57,
                 $A1.65, $A1.67, $A1.69, $A1.71, $A.73, $A1.88, $A1.90, $A.121,
                 $A.152, $A.179, $A.206, $A.233, $A.264, $A.305, $A.336}
      #vr.15  <~ {#vr.36}
      $A.16  <~ {$A.37, $A1.48, $A.50, $A1.81, $A.83, $A1.102, $A.106,
                 $A1.286, $A.290, $A.417, $A.614}
      #vr.17  <~ {#vr.27, #vr.29, #vr.38}
      #vr.19  <~ {#vr.40}
      ~rk.20  <~ {~rk.41}
      ~rl.20  <~ {~rl.41}
      ~rs.20  <~ {~rs.41}
      #vf.21  <~ {#vf.42}
      #vf.22  <~ {#vf.43}
      #vf.23  <~ {#vf.44}
      #vr.24  <~ {#vr.61, #vr.75, #vr.94, #vr.108, #vr.292}
      ~rst.25  <~ {t.3, rst.5, rst.7, rst.9, rst.12, rst.14, rst.16,
                   rst.18, rst.20, rst.28, rst.30, rst.32, rst.37, rst.39, rst.41,
                   rst.46, rst.48, rst.50, rst.55, rst.57, ~rst.62, rst.65, rst.67,
                   rst.69, rst.71, ~rst.76, rst.79, rst.81, rst.83, rst.88, rst.90,
                   ~rst.95, rst.98, rst.100, rst.102, rst.104, ~rst.109, rst.112,
                   rst.121, rst.130, rst.143, rst.152, rst.161, rst.170, rst.179,
                   rst.188, rst.197, rst.206, rst.215, rst.224, rst.233, rst.246,
                   rst.255, rst.264, rst.273, rst.282, rst.284, rst.286, rst.288,
                   ~rst.293, rst.296, rst.305, rst.314, rst.327, rst.336, rst.345,
                   rst.354, rst.363, rst.372, rst.381, rst.390, rst.399, rst.408,
                   rst.417, rst.430, rst.439, rst.448, rst.457, rst.466, rst.475,
                   rst.478, rst.487, rst.496, rst.503, rst.512, rst.523, rst.532,
                   rst.551, rst.560, rst.569, rst.578, rst.587, rst.596, rst.605,
                   rst.614, rst.627, rst.636, rst.645, rst.654, rst.663, rst.672}
      #vf.26  <~ {#vf.63, #vf.77, #vf.96, #vf.110, #vf.294}
      #vr.45  <~ {#vr.78}
      $A1.46  <~ {$A1.79, $A1.98, $A1.282, $A.363, $A.560}
      $A2.46  <~ {$A2.79, $A2.98, $A2.282, $A.372, $A.569}
      m1.46  <~ {m1.79, m1.98, m1.282, m.363, m.560}
      m2.46  <~ {m2.79, m2.98, m2.282, m.372, m.569}
      #vr.47  <~ {#vr.80}
      $A2.48  <~ {$A2.81, $A2.102, $A2.286, $A.430, $A.627}
      m2.48  <~ {m2.81, m2.102, m2.286, m.430, m.627}
      #vr.49  <~ {#vr.82}
      ~rk.50  <~ {~rk.83}
      ~rl.50  <~ {~rl.83}
      ~rs.50  <~ {~rs.83}
      #vf.51  <~ {#vf.84}
      #vf.52  <~ {#vf.85}
      #vf.53  <~ {#vf.86}
      #vr.54  <~ {#vr.56, #vr.64, #vr.66, #vr.68, #vr.70, #vr.87, #vr.89}
      #vr.58  <~ {#vr.91}
      ~sst.59  <~ {sst.20, sst.41, ~sst.92}
      #vf.60  <~ {#vf.93}
      ~sst.73  <~ {sst.32}
      #vr.97  <~ {#vr.281}
      #vr.99  <~ {#vr.283}
      $A1.100  <~ {$A1.284, $A.390, $A.587}
      $A2.100  <~ {$A2.284, $A.399, $A.596}
      m1.100  <~ {m1.284, m.390, m.587}
      m2.100  <~ {m2.284, m.399, m.596}
      #vr.101  <~ {#vr.285}
      #vr.103  <~ {#vr.287}
      $A1.104  <~ {$A1.288, $A.448, $A.645}
      $A2.104  <~ {$A2.288, $A.457, $A.654}
      m1.104  <~ {m1.288, m.448, m.645}
      m2.104  <~ {m2.288, m.457, m.654}
      #vr.105  <~ {#vr.289}
      ~sst.106  <~ {sst.50, sst.83, ~sst.290}
      #vf.107  <~ {#vf.291}
      #vr.111  <~ {#vr.142, #vr.169, #vr.196, #vr.223, #vr.254, #vr.295,
                   #vr.326}
      $A.112  <~ {$A.143, $A.170, $A.197, $A.224, $A.255, $A.296, $A.327}
      ~idx.112  <~ {~idx.143, ~idx.170, ~idx.197, ~idx.224, ~idx.255,
                    ~idx.296, ~idx.327}
      m.112  <~ {m.143, m.170, m.197, m.224, m.255, m.296, m.327}
      #vf.113  <~ {#vf.144, #vf.171, #vf.198, #vf.225, #vf.256, #vf.297,
                   #vf.328}
      #vk.114  <~ {#vk.145, #vk.172, #vk.199, #vk.226, #vk.257, #vk.298,
                   #vk.329}
      #vk.115  <~ {#vk.146, #vk.173, #vk.200, #vk.227, #vk.258, #vk.299,
                   #vk.330}
      #vk.116  <~ {#vk.147, #vk.174, #vk.201, #vk.228, #vk.259, #vk.300,
                   #vk.331}
      #vk.117  <~ {#vk.126, #vk.135, #vk.148, #vk.157, #vk.166, #vk.175,
                   #vk.184, #vk.193, #vk.202, #vk.211, #vk.220, #vk.229, #vk.238,
                   #vk.251, #vk.260, #vk.269, #vk.278, #vk.301, #vk.310, #vk.319,
                   #vk.332, #vk.341, #vk.350, #vk.359, #vk.368, #vk.377, #vk.386,
                   #vk.395, #vk.404, #vk.413, #vk.422, #vk.435, #vk.444, #vk.453,
                   #vk.462, #vk.471, #vk.483, #vk.492, #vk.508, #vk.528, #vk.556,
                   #vk.565, #vk.574, #vk.583, #vk.592, #vk.601, #vk.610, #vk.619,
                   #vk.632, #vk.641, #vk.650, #vk.659, #vk.668}
      #vk.118  <~ {#vk.149, #vk.176, #vk.203, #vk.230, #vk.261, #vk.302,
                   #vk.333}
      #vf.119  <~ {#vf.150, #vf.177, #vf.204, #vf.231, #vf.262, #vf.303,
                   #vf.334}
      #vr.120  <~ {#vr.151, #vr.178, #vr.205, #vr.232, #vr.263, #vr.304,
                   #vr.335}
      ~idx.121  <~ {idx.12, idx1.18, idx1.28, idx1.30, idx1.39, idx1.55,
                    idx1.57, idx1.65, idx1.67, idx1.69, idx1.71, idx1.88, idx1.90,
                    ~idx.152, ~idx.179, ~idx.206, ~idx.233, ~idx.264, ~idx.305,
                    ~idx.336}
      #vf.122  <~ {#vf.153, #vf.180, #vf.207, #vf.234, #vf.265, #vf.306,
                   #vf.337}
      #vk.123  <~ {#vk.154, #vk.181, #vk.208, #vk.235, #vk.266, #vk.307,
                   #vk.338}
      #vk.124  <~ {#vk.155, #vk.182, #vk.209, #vk.236, #vk.267, #vk.308,
                   #vk.339}
      #vk.125  <~ {#vk.156, #vk.183, #vk.210, #vk.237, #vk.268, #vk.309,
                   #vk.340}
      #vk.127  <~ {#vk.158, #vk.185, #vk.212, #vk.239, #vk.270, #vk.311,
                   #vk.342}
      #vf.128  <~ {#vf.159, #vf.186, #vf.213, #vf.240, #vf.271, #vf.312,
                   #vf.343}
      #vr.129  <~ {#vr.160, #vr.187, #vr.214, #vr.245, #vr.272, #vr.313,
                   #vr.344}
      ~idx.130  <~ {idx.7, idx.14, idx2.18, idx2.28, idx2.30, idx2.39,
                    idx2.55, idx2.57, idx2.65, idx2.67, idx2.69, idx2.71, idx2.88,
                    idx2.90, ~idx.161, ~idx.188, ~idx.215, ~idx.246, ~idx.273,
                    ~idx.314, ~idx.345}
      #vf.131  <~ {#vf.162, #vf.189, #vf.216, #vf.247, #vf.274, #vf.315,
                   #vf.346}
      #vk.132  <~ {#vk.163, #vk.190, #vk.217, #vk.248, #vk.275, #vk.316,
                   #vk.347}
      #vk.133  <~ {#vk.164, #vk.191, #vk.218, #vk.249, #vk.276, #vk.317,
                   #vk.348}
      #vk.134  <~ {#vk.165, #vk.192, #vk.219, #vk.250, #vk.277, #vk.318,
                   #vk.349}
      #vk.136  <~ {#vk.167, #vk.194, #vk.221, #vk.252, #vk.279, #vk.320,
                   #vk.351}
      #vf.137  <~ {#vf.168, #vf.195, #vf.222, #vf.253, #vf.280, #vf.321,
                   #vf.352}
      #vk.138  <~ {#vk.322, #vk.498, #vk.514, #vk.518, #vk.538, #vk.546,
                   #vk.682}
      #vk.139  <~ {#vk.323, #vk.499, #vk.515, #vk.519, #vk.539, #vk.547,
                   #vk.683}
      #vk.140  <~ {#vk.324, #vk.500, #vk.516, #vk.520, #vk.540, #vk.548,
                   #vk.684}
      #vk.141  <~ {#vk.325, #vk.501, #vk.517, #vk.521, #vk.541, #vk.549,
                   #vk.685}
      #vk.241  <~ {#vk.534, #vk.542, #vk.674, #vk.678}
      #vk.242  <~ {#vk.535, #vk.543, #vk.675, #vk.679}
      #vk.243  <~ {#vk.536, #vk.544, #vk.676, #vk.680}
      #vk.244  <~ {#vk.537, #vk.545, #vk.677, #vk.681}
      #vr.353  <~ {#vr.550}
      $A.354  <~ {$A.551}
      ~idx.354  <~ {~idx.551}
      m.354  <~ {m.551}
      #vf.355  <~ {#vf.552}
      #vk.356  <~ {#vk.553}
      #vk.357  <~ {#vk.554}
      #vk.358  <~ {#vk.555}
      #vk.360  <~ {#vk.557}
      #vf.361  <~ {#vf.558}
      #vr.362  <~ {#vr.559}
      ~idx.363  <~ {idx1.46, idx1.79, idx1.98, idx1.282, ~idx.560}
      #vf.364  <~ {#vf.561}
      #vk.365  <~ {#vk.562}
      #vk.366  <~ {#vk.563}
      #vk.367  <~ {#vk.564}
      #vk.369  <~ {#vk.566}
      #vf.370  <~ {#vf.567}
      #vr.371  <~ {#vr.568}
      ~idx.372  <~ {idx2.46, idx2.79, idx2.98, idx2.282, ~idx.569}
      #vf.373  <~ {#vf.570}
      #vk.374  <~ {#vk.571}
      #vk.375  <~ {#vk.572}
      #vk.376  <~ {#vk.573}
      #vk.378  <~ {#vk.575}
      #vf.379  <~ {#vf.576}
      #vr.380  <~ {#vr.577}
      $A.381  <~ {$A.578}
      ~idx.381  <~ {~idx.578}
      m.381  <~ {m.578}
      #vf.382  <~ {#vf.579}
      #vk.383  <~ {#vk.580}
      #vk.384  <~ {#vk.581}
      #vk.385  <~ {#vk.582}
      #vk.387  <~ {#vk.584}
      #vf.388  <~ {#vf.585}
      #vr.389  <~ {#vr.586}
      ~idx.390  <~ {idx1.100, idx1.284, ~idx.587}
      #vf.391  <~ {#vf.588}
      #vk.392  <~ {#vk.589}
      #vk.393  <~ {#vk.590}
      #vk.394  <~ {#vk.591}
      #vk.396  <~ {#vk.593}
      #vf.397  <~ {#vf.594}
      #vr.398  <~ {#vr.595}
      ~idx.399  <~ {idx2.100, idx2.284, ~idx.596}
      #vf.400  <~ {#vf.597}
      #vk.401  <~ {#vk.598}
      #vk.402  <~ {#vk.599}
      #vk.403  <~ {#vk.600}
      #vk.405  <~ {#vk.602}
      #vf.406  <~ {#vf.603}
      #vr.407  <~ {#vr.604}
      $A.408  <~ {$A.605}
      ~idx.408  <~ {~idx.605}
      m.408  <~ {m.605}
      #vf.409  <~ {#vf.606}
      #vk.410  <~ {#vk.607}
      #vk.411  <~ {#vk.608}
      #vk.412  <~ {#vk.609}
      #vk.414  <~ {#vk.611}
      #vf.415  <~ {#vf.612}
      #vr.416  <~ {#vr.613}
      ~idx.417  <~ {idx.16, idx.37, idx1.48, idx1.81, idx1.102, idx1.286,
                    ~idx.614}
      #vf.418  <~ {#vf.615}
      #vk.419  <~ {#vk.616}
      #vk.420  <~ {#vk.617}
      #vk.421  <~ {#vk.618}
      #vk.423  <~ {#vk.620}
      #vf.424  <~ {#vf.621}
      #vk.425  <~ {#vk.622}
      #vk.426  <~ {#vk.623}
      #vk.427  <~ {#vk.624}
      #vk.428  <~ {#vk.625}
      #vr.429  <~ {#vr.626}
      ~idx.430  <~ {idx2.48, idx2.81, idx2.102, idx2.286, ~idx.627}
      #vf.431  <~ {#vf.628}
      #vk.432  <~ {#vk.629}
      #vk.433  <~ {#vk.630}
      #vk.434  <~ {#vk.631}
      #vk.436  <~ {#vk.633}
      #vf.437  <~ {#vf.634}
      #vr.438  <~ {#vr.635}
      $A.439  <~ {$A.636}
      ~idx.439  <~ {~idx.636}
      m.439  <~ {m.636}
      #vf.440  <~ {#vf.637}
      #vk.441  <~ {#vk.638}
      #vk.442  <~ {#vk.639}
      #vk.443  <~ {#vk.640}
      #vk.445  <~ {#vk.642}
      #vf.446  <~ {#vf.643}
      #vr.447  <~ {#vr.644}
      ~idx.448  <~ {idx1.104, idx1.288, ~idx.645}
      #vf.449  <~ {#vf.646}
      #vk.450  <~ {#vk.647}
      #vk.451  <~ {#vk.648}
      #vk.452  <~ {#vk.649}
      #vk.454  <~ {#vk.651}
      #vf.455  <~ {#vf.652}
      #vr.456  <~ {#vr.653}
      ~idx.457  <~ {idx2.104, idx2.288, ~idx.654}
      #vf.458  <~ {#vf.655}
      #vk.459  <~ {#vk.656}
      #vk.460  <~ {#vk.657}
      #vk.461  <~ {#vk.658}
      #vk.463  <~ {#vk.660}
      #vf.464  <~ {#vf.661}
      #vr.465  <~ {#vr.486, #vr.502, #vr.522, #vr.662}
      $A.466  <~ {$A.487, $A.503, $A.523, $A.663}
      ~idx.466  <~ {~idx.487, ~idx.503, ~idx.523, ~idx.663}
      m.466  <~ {m.487, m.503, m.523, m.663}
      #vf.467  <~ {#vf.488, #vf.504, #vf.524, #vf.664}
      #vk.468  <~ {#vk.489, #vk.505, #vk.525, #vk.665}
      #vk.469  <~ {#vk.490, #vk.506, #vk.526, #vk.666}
      #vk.470  <~ {#vk.491, #vk.507, #vk.527, #vk.667}
      #vk.472  <~ {#vk.493, #vk.509, #vk.529, #vk.669}
      #vf.473  <~ {#vf.494, #vf.510, #vf.530, #vf.670}
      <ct_l($A.7, $B.5, ~rst.25, ~rl.20), 
       ct_k($A.7, $B.5, ~rst.25, ~rk.20), 
       ct_s($A.7, $B.5, ~sst.59, ~rst.25, ~rs.20)>  <~ {m.7, m.14, m2.18,
                                                        m2.28, m2.30, m2.39, m2.55, m2.57, m2.65,
                                                        m2.67, m2.69, m2.71, m2.88, m2.90, m.130,
                                                        m.161, m.188, m.215, m.246, m.273, m.314,
                                                        m.345}
      <ct_l($A.12, $B.5, ~rst.25, ~rl.32), 
       ct_k($A.12, $B.5, ~rst.25, ~rk.32), 
       ct_s($A.12, $B.5, ~sst.73, ~rst.25, ~rs.32)>  <~ {m.12, m1.18,
                                                         m1.28, m1.30, m1.39, m1.55, m1.57, m1.65,
                                                         m1.67, m1.69, m1.71, m1.88, m1.90, m.121,
                                                         m.152, m.179, m.206, m.233, m.264, m.305,
                                                         m.336}
      <ct_l($A.16, $B.5, ~rst.25, ~rl.50), 
       ct_k($A.16, $B.5, ~rst.25, ~rk.50), 
       ct_s($A.16, $B.5, ~sst.106, ~rst.25, ~rs.50)>  <~ {m.16, m.37,
                                                          m1.48, m1.81, m1.102, m1.286, m.417,
                                                          m.614}
      session_id($A.7, $B.5, sender_pk($A.7, ~sst.59),
                 receiver_pk($B.5, ~rst.25), sender_prekey($A.7, ~sst.59),
                 receiver_prekey($B.5, ~rst.25),
                 <ct_l($A.7, $B.5, ~rst.25, ~rl.20), 
                  ct_k($A.7, $B.5, ~rst.25, ~rk.20), 
                  ct_s($A.7, $B.5, ~sst.59, ~rst.25, ~rs.20)>)  <~ {sid.7, sid.14}
      session_id($A.12, $B.5, sender_pk($A.12, ~sst.73),
                 receiver_pk($B.5, ~rst.25), sender_prekey($A.12, ~sst.73),
                 receiver_prekey($B.5, ~rst.25),
                 <ct_l($A.12, $B.5, ~rst.25, ~rl.32), 
                  ct_k($A.12, $B.5, ~rst.25, ~rk.32), 
                  ct_s($A.12, $B.5, ~sst.73, ~rst.25, ~rs.32)>)  <~ {sid.12}
      session_id($A.16, $B.5, sender_pk($A.16, ~sst.106),
                 receiver_pk($B.5, ~rst.25), sender_prekey($A.16, ~sst.106),
                 receiver_prekey($B.5, ~rst.25),
                 <ct_l($A.16, $B.5, ~rst.25, ~rl.50), 
                  ct_k($A.16, $B.5, ~rst.25, ~rk.50), 
                  ct_s($A.16, $B.5, ~sst.106, ~rst.25, ~rs.50)>)  <~ {sid.16, sid.37}
      session_key(secret_l($A.7, $B.5, ~rst.25, ~rl.20),
                  secret_k($A.7, $B.5, ~rst.25, ~rk.20),
                  secret_s($A.7, $B.5, ~sst.59, ~rst.25, ~rs.20),
                  session_id($A.7, $B.5, sender_pk($A.7, ~sst.59),
                             receiver_pk($B.5, ~rst.25), sender_prekey($A.7, ~sst.59),
                             receiver_prekey($B.5, ~rst.25),
                             <ct_l($A.7, $B.5, ~rst.25, ~rl.20), 
                              ct_k($A.7, $B.5, ~rst.25, ~rk.20), 
                              ct_s($A.7, $B.5, ~sst.59, ~rst.25, ~rs.20)>))  <~ {k.7, k.14}
      session_key(secret_l($A.12, $B.5, ~rst.25, ~rl.32),
                  secret_k($A.12, $B.5, ~rst.25, ~rk.32),
                  secret_s($A.12, $B.5, ~sst.73, ~rst.25, ~rs.32),
                  session_id($A.12, $B.5, sender_pk($A.12, ~sst.73),
                             receiver_pk($B.5, ~rst.25), sender_prekey($A.12, ~sst.73),
                             receiver_prekey($B.5, ~rst.25),
                             <ct_l($A.12, $B.5, ~rst.25, ~rl.32), 
                              ct_k($A.12, $B.5, ~rst.25, ~rk.32), 
                              ct_s($A.12, $B.5, ~sst.73, ~rst.25, ~rs.32)>))  <~ {k.12}
      session_key(secret_l($A.16, $B.5, ~rst.25, ~rl.50),
                  secret_k($A.16, $B.5, ~rst.25, ~rk.50),
                  secret_s($A.16, $B.5, ~sst.106, ~rst.25, ~rs.50),
                  session_id($A.16, $B.5, sender_pk($A.16, ~sst.106),
                             receiver_pk($B.5, ~rst.25), sender_prekey($A.16, ~sst.106),
                             receiver_prekey($B.5, ~rst.25),
                             <ct_l($A.16, $B.5, ~rst.25, ~rl.50), 
                              ct_k($A.16, $B.5, ~rst.25, ~rk.50), 
                              ct_s($A.16, $B.5, ~sst.106, ~rst.25, ~rs.50)>))  <~ {k.16, k.37}
    conj:
  
  lemmas: ∀ x #i. (Neq( x, x ) @ #i) ⇒ ⊥
  
  allowed cases: raw
  
  solved formulas:
  
  unsolved constraints:
    !KU( <$A.112, $B.5, m.112>
    ) @ #vk.114 // nr: 126" (probably constructible)"
    
    !KU( $A.112 ) @ #vk.115 // nr: 127" (currently deducible)"
    
    !KU( <$B.5, m.112>
    ) @ #vk.116 // nr: 128" (probably constructible)"
    
    !KU( $B.5 ) @ #vk.117 // nr: 129" (currently deducible)"
    
    !KU( m.112 ) @ #vk.118 // nr: 130" (probably constructible)"
    
    !KU( <$A.12, $B.5, ct_l($A.12, $B.5, ~rst.25, ~rl.32), 
          ct_k($A.12, $B.5, ~rst.25, ~rk.32), 
          ct_s($A.12, $B.5, ~sst.73, ~rst.25, ~rs.32)>
    ) @ #vk.123 // nr: 133" (currently deducible)"
    
    !KU( $A.12 ) @ #vk.124 // nr: 134" (currently deducible)"
    
    !KU( <$B.5, ct_l($A.12, $B.5, ~rst.25, ~rl.32), 
          ct_k($A.12, $B.5, ~rst.25, ~rk.32), 
          ct_s($A.12, $B.5, ~sst.73, ~rst.25, ~rs.32)>
    ) @ #vk.125 // nr: 135" (currently deducible)"
    
    !KU( <ct_l($A.12, $B.5, ~rst.25, ~rl.32), 
          ct_k($A.12, $B.5, ~rst.25, ~rk.32), 
          ct_s($A.12, $B.5, ~sst.73, ~rst.25, ~rs.32)>
    ) @ #vk.127 // nr: 234" (currently deducible)"
    
    !KU( <$A.7, $B.5, ct_l($A.7, $B.5, ~rst.25, ~rl.20), 
          ct_k($A.7, $B.5, ~rst.25, ~rk.20), 
          ct_s($A.7, $B.5, ~sst.59, ~rst.25, ~rs.20)>
    ) @ #vk.132 // nr: 141" (currently deducible)"
    
    !KU( $A.7 ) @ #vk.133 // nr: 142" (currently deducible)"
    
    !KU( <$B.5, ct_l($A.7, $B.5, ~rst.25, ~rl.20), 
          ct_k($A.7, $B.5, ~rst.25, ~rk.20), 
          ct_s($A.7, $B.5, ~sst.59, ~rst.25, ~rs.20)>
    ) @ #vk.134 // nr: 143" (currently deducible)"
    
    !KU( <ct_l($A.7, $B.5, ~rst.25, ~rl.20), 
          ct_k($A.7, $B.5, ~rst.25, ~rk.20), 
          ct_s($A.7, $B.5, ~sst.59, ~rst.25, ~rs.20)>
    ) @ #vk.136 // nr: 146" (currently deducible)"
    
    !KU( ct_l($A.7, $B.5, ~rst.25, ~rl.20)
    ) @ #vk.138 // nr: 147" (currently deducible)"
    
    !KU( <ct_k($A.7, $B.5, ~rst.25, ~rk.20), 
          ct_s($A.7, $B.5, ~sst.59, ~rst.25, ~rs.20)>
    ) @ #vk.139 // nr: 148" (currently deducible)"
    
    !KU( ct_k($A.7, $B.5, ~rst.25, ~rk.20)
    ) @ #vk.140 // nr: 149" (currently deducible)"
    
    !KU( ct_s($A.7, $B.5, ~sst.59, ~rst.25, ~rs.20)
    ) @ #vk.141 // nr: 150" (currently deducible)"
    
    !KU( ct_l($A.12, $B.5, ~rst.25, ~rl.32)
    ) @ #vk.241 // nr: 235" (currently deducible)"
    
    !KU( <ct_k($A.12, $B.5, ~rst.25, ~rk.32), 
          ct_s($A.12, $B.5, ~sst.73, ~rst.25, ~rs.32)>
    ) @ #vk.242 // nr: 236" (currently deducible)"
    
    !KU( ct_k($A.12, $B.5, ~rst.25, ~rk.32)
    ) @ #vk.243 // nr: 237" (currently deducible)"
    
    !KU( ct_s($A.12, $B.5, ~sst.73, ~rst.25, ~rs.32)
    ) @ #vk.244 // nr: 238" (currently deducible)"
    
    !KU( <$A.354, $B.5, m.354>
    ) @ #vk.356 // nr: 340" (probably constructible)"
    
    !KU( $A.354 ) @ #vk.357 // nr: 341" (currently deducible)"
    
    !KU( <$B.5, m.354>
    ) @ #vk.358 // nr: 342" (probably constructible)"
    
    !KU( m.354 ) @ #vk.360 // nr: 344" (probably constructible)"
    
    !KU( <$A1.46, $B.5, m1.46>
    ) @ #vk.365 // nr: 347" (probably constructible)"
    
    !KU( $A1.46 ) @ #vk.366 // nr: 348" (currently deducible)"
    
    !KU( <$B.5, m1.46>
    ) @ #vk.367 // nr: 349" (probably constructible)"
    
    !KU( m1.46 ) @ #vk.369 // nr: 352" (probably constructible)"
    
    !KU( <$A2.46, $B.5, m2.46>
    ) @ #vk.374 // nr: 355" (probably constructible)"
    
    !KU( $A2.46 ) @ #vk.375 // nr: 356" (currently deducible)"
    
    !KU( <$B.5, m2.46>
    ) @ #vk.376 // nr: 357" (probably constructible)"
    
    !KU( m2.46 ) @ #vk.378 // nr: 360" (probably constructible)"
    
    !KU( <$A.381, $B.5, m.381>
    ) @ #vk.383 // nr: 363" (probably constructible)"
    
    !KU( $A.381 ) @ #vk.384 // nr: 364" (currently deducible)"
    
    !KU( <$B.5, m.381>
    ) @ #vk.385 // nr: 365" (probably constructible)"
    
    !KU( m.381 ) @ #vk.387 // nr: 367" (probably constructible)"
    
    !KU( <$A1.100, $B.5, m1.100>
    ) @ #vk.392 // nr: 370" (probably constructible)"
    
    !KU( $A1.100 ) @ #vk.393 // nr: 371" (currently deducible)"
    
    !KU( <$B.5, m1.100>
    ) @ #vk.394 // nr: 372" (probably constructible)"
    
    !KU( m1.100 ) @ #vk.396 // nr: 375" (probably constructible)"
    
    !KU( <$A2.100, $B.5, m2.100>
    ) @ #vk.401 // nr: 378" (probably constructible)"
    
    !KU( $A2.100 ) @ #vk.402 // nr: 379" (currently deducible)"
    
    !KU( <$B.5, m2.100>
    ) @ #vk.403 // nr: 380" (probably constructible)"
    
    !KU( m2.100 ) @ #vk.405 // nr: 383" (probably constructible)"
    
    !KU( <$A.408, $B.5, m.408>
    ) @ #vk.410 // nr: 386" (probably constructible)"
    
    !KU( $A.408 ) @ #vk.411 // nr: 387" (currently deducible)"
    
    !KU( <$B.5, m.408>
    ) @ #vk.412 // nr: 388" (probably constructible)"
    
    !KU( m.408 ) @ #vk.414 // nr: 390" (probably constructible)"
    
    !KU( <$A.16, $B.5, ct_l($A.16, $B.5, ~rst.25, ~rl.50), 
          ct_k($A.16, $B.5, ~rst.25, ~rk.50), 
          ct_s($A.16, $B.5, ~sst.106, ~rst.25, ~rs.50)>
    ) @ #vk.419 // nr: 393" (currently deducible)"
    
    !KU( $A.16 ) @ #vk.420 // nr: 394" (currently deducible)"
    
    !KU( <$B.5, ct_l($A.16, $B.5, ~rst.25, ~rl.50), 
          ct_k($A.16, $B.5, ~rst.25, ~rk.50), 
          ct_s($A.16, $B.5, ~sst.106, ~rst.25, ~rs.50)>
    ) @ #vk.421 // nr: 395" (currently deducible)"
    
    !KU( <ct_l($A.16, $B.5, ~rst.25, ~rl.50), 
          ct_k($A.16, $B.5, ~rst.25, ~rk.50), 
          ct_s($A.16, $B.5, ~sst.106, ~rst.25, ~rs.50)>
    ) @ #vk.423 // nr: 398" (currently deducible)"
    
    !KU( ct_l($A.16, $B.5, ~rst.25, ~rl.50)
    ) @ #vk.425 // nr: 399" (currently deducible)"
    
    !KU( <ct_k($A.16, $B.5, ~rst.25, ~rk.50), 
          ct_s($A.16, $B.5, ~sst.106, ~rst.25, ~rs.50)>
    ) @ #vk.426 // nr: 400" (currently deducible)"
    
    !KU( ct_k($A.16, $B.5, ~rst.25, ~rk.50)
    ) @ #vk.427 // nr: 401" (currently deducible)"
    
    !KU( ct_s($A.16, $B.5, ~sst.106, ~rst.25, ~rs.50)
    ) @ #vk.428 // nr: 402" (currently deducible)"
    
    !KU( <$A2.48, $B.5, m2.48>
    ) @ #vk.432 // nr: 405" (probably constructible)"
    
    !KU( $A2.48 ) @ #vk.433 // nr: 406" (currently deducible)"
    
    !KU( <$B.5, m2.48>
    ) @ #vk.434 // nr: 407" (probably constructible)"
    
    !KU( m2.48 ) @ #vk.436 // nr: 410" (probably constructible)"
    
    !KU( <$A.439, $B.5, m.439>
    ) @ #vk.441 // nr: 413" (probably constructible)"
    
    !KU( $A.439 ) @ #vk.442 // nr: 414" (currently deducible)"
    
    !KU( <$B.5, m.439>
    ) @ #vk.443 // nr: 415" (probably constructible)"
    
    !KU( m.439 ) @ #vk.445 // nr: 417" (probably constructible)"
    
    !KU( <$A1.104, $B.5, m1.104>
    ) @ #vk.450 // nr: 420" (probably constructible)"
    
    !KU( $A1.104 ) @ #vk.451 // nr: 421" (currently deducible)"
    
    !KU( <$B.5, m1.104>
    ) @ #vk.452 // nr: 422" (probably constructible)"
    
    !KU( m1.104 ) @ #vk.454 // nr: 425" (probably constructible)"
    
    !KU( <$A2.104, $B.5, m2.104>
    ) @ #vk.459 // nr: 428" (probably constructible)"
    
    !KU( $A2.104 ) @ #vk.460 // nr: 429" (currently deducible)"
    
    !KU( <$B.5, m2.104>
    ) @ #vk.461 // nr: 430" (probably constructible)"
    
    !KU( m2.104 ) @ #vk.463 // nr: 433" (probably constructible)"
    
    !KU( <$A.466, $B.5, m.466>
    ) @ #vk.468 // nr: 436" (probably constructible)"
    
    !KU( $A.466 ) @ #vk.469 // nr: 437" (currently deducible)"
    
    !KU( <$B.5, m.466>
    ) @ #vk.470 // nr: 438" (probably constructible)"
    
    !KU( m.466 ) @ #vk.472 // nr: 440" (probably constructible)"
    
    !KU( <$A.478, $B.5, m.478>
    ) @ #vk.480 // nr: 445" (probably constructible)"
    
    !KU( $A.478 ) @ #vk.481 // nr: 446" (currently deducible)"
    
    !KU( <$B.5, m.478>
    ) @ #vk.482 // nr: 447" (probably constructible)"
    
    !KU( m.478 ) @ #vk.484 // nr: 449" (probably constructible)"
    
    !KU( <$A.354, $B.5, m.354>
    ) @ #vk.553 // nr: 525" (probably constructible)"
    
    !KU( $A.354 ) @ #vk.554 // nr: 526" (currently deducible)"
    
    !KU( <$B.5, m.354>
    ) @ #vk.555 // nr: 527" (probably constructible)"
    
    !KU( m.354 ) @ #vk.557 // nr: 653" (probably constructible)"
    
    !KU( <$A.381, $B.5, m.381>
    ) @ #vk.580 // nr: 548" (probably constructible)"
    
    !KU( $A.381 ) @ #vk.581 // nr: 549" (currently deducible)"
    
    !KU( <$B.5, m.381>
    ) @ #vk.582 // nr: 550" (probably constructible)"
    
    !KU( m.381 ) @ #vk.584 // nr: 654" (probably constructible)"
    
    !KU( <$A.408, $B.5, m.408>
    ) @ #vk.607 // nr: 571" (probably constructible)"
    
    !KU( $A.408 ) @ #vk.608 // nr: 572" (currently deducible)"
    
    !KU( <$B.5, m.408>
    ) @ #vk.609 // nr: 573" (probably constructible)"
    
    !KU( m.408 ) @ #vk.611 // nr: 655" (probably constructible)"
    
    !KU( <$A.439, $B.5, m.439>
    ) @ #vk.638 // nr: 598" (probably constructible)"
    
    !KU( $A.439 ) @ #vk.639 // nr: 599" (currently deducible)"
    
    !KU( <$B.5, m.439>
    ) @ #vk.640 // nr: 600" (probably constructible)"
    
    !KU( m.439 ) @ #vk.642 // nr: 656" (probably constructible)"
    
    OpenStage1( $B.5, ~bid.9, ~rst.25
    ) ▶₀ #vr.353 // nr: 339 (from rule AddSlot2)" (useful2)"
    
    OpenStage0( $B.5, ~bid.9, ~rst.25
    ) ▶₀ #vr.362 // nr: 346 (from rule AddSlot1)" (useful2)"
    
    OpenStage1( $B.5, ~bid.9, ~rst.25
    ) ▶₀ #vr.371 // nr: 354 (from rule AddSlot2)" (useful2)"
    
    OpenStage1( $B.5, ~bid.9, ~rst.25
    ) ▶₀ #vr.380 // nr: 362 (from rule AddSlot2)" (useful2)"
    
    OpenStage0( $B.5, ~bid.9, ~rst.25
    ) ▶₀ #vr.389 // nr: 369 (from rule AddSlot1)" (useful2)"
    
    OpenStage1( $B.5, ~bid.9, ~rst.25
    ) ▶₀ #vr.398 // nr: 377 (from rule AddSlot2)" (useful2)"
    
    OpenStage1( $B.5, ~bid.9, ~rst.25
    ) ▶₀ #vr.407 // nr: 385 (from rule AddSlot2)" (useful2)"
    
    OpenStage0( $B.5, ~bid.9, ~rst.25
    ) ▶₀ #vr.416 // nr: 392 (from rule AddSlot1)" (useful2)"
    
    OpenStage1( $B.5, ~bid.9, ~rst.25
    ) ▶₀ #vr.429 // nr: 404 (from rule AddSlot2)" (useful2)"
    
    OpenStage1( $B.5, ~bid.9, ~rst.25
    ) ▶₀ #vr.438 // nr: 412 (from rule AddSlot2)" (useful2)"
    
    OpenStage0( $B.5, ~bid.9, ~rst.25
    ) ▶₀ #vr.447 // nr: 419 (from rule AddSlot1)" (useful2)"
    
    OpenStage1( $B.5, ~bid.9, ~rst.25
    ) ▶₀ #vr.456 // nr: 427 (from rule AddSlot2)" (useful2)"
    
    OpenStage0( $B.5, ~bid.9, ~rst.25
    ) ▶₀ #vr.465 // nr: 435 (from rule AddSlot1)" (useful2)"
    
    OpenStage0( $B.5, ~bid.9, ~rst.25
    ) ▶₀ #vr.477 // nr: 444 (from rule AddSlot1)" (useful2)"
    
    splitEqs(105) // nr: 626" (useful2)"
  
  solved constraints:
    ClosedBatch( $B.5, ~bid.9, ~rst.25 ) ▶₀ #i // nr: 0" (useful2)"
    
    SealedStage2( $B.5, ~bid.9, ~rst.25
    ) ▶₀ #vr.4 // nr: 2 (from rule CompleteBatch)" (useful2)"
    
    BatchEndToken( $B.5, ~bid.9, ~rst.25
    ) ▶₁ #vr.4 // nr: 3 (from rule CompleteBatch)" (useful2)"
    
    Slot1DoneFact( $B.5, ~bid.9, ~rst.25
    ) ▶₂ #vr.4 // nr: 4 (from rule CompleteBatch)" (useful2)"
    
    Slot2DoneFact( $B.5, ~bid.9, ~rst.25
    ) ▶₃ #vr.4 // nr: 5 (from rule CompleteBatch)" (useful2)"
    
    SealedStage1( $B.5, ~bid.9, ~rst.25
    ) ▶₀ #vr.6 // nr: 7 (from rule ProcessSlot2)" (useful2)"
    
    CheckedSlot2( $B.5, ~bid.9, ~rst.25, ~idx.130, $A.7,
                  <ct_l($A.7, $B.5, ~rst.25, ~rl.20), 
                   ct_k($A.7, $B.5, ~rst.25, ~rk.20), 
                   ct_s($A.7, $B.5, ~sst.59, ~rst.25, ~rs.20)>
    ) ▶₁ #vr.6 // nr: 8 (from rule ProcessSlot2)" (useful2)"
    
    !HonestSession( $A.7, $B.5, ~rst.25,
                    <ct_l($A.7, $B.5, ~rst.25, ~rl.20), 
                     ct_k($A.7, $B.5, ~rst.25, ~rk.20), 
                     ct_s($A.7, $B.5, ~sst.59, ~rst.25, ~rs.20)>,
                    session_id($A.7, $B.5, sender_pk($A.7, ~sst.59),
                               receiver_pk($B.5, ~rst.25), sender_prekey($A.7, ~sst.59),
                               receiver_prekey($B.5, ~rst.25),
                               <ct_l($A.7, $B.5, ~rst.25, ~rl.20), 
                                ct_k($A.7, $B.5, ~rst.25, ~rk.20), 
                                ct_s($A.7, $B.5, ~sst.59, ~rst.25, ~rs.20)>),
                    session_key(secret_l($A.7, $B.5, ~rst.25, ~rl.20),
                                secret_k($A.7, $B.5, ~rst.25, ~rk.20),
                                secret_s($A.7, $B.5, ~sst.59, ~rst.25, ~rs.20),
                                session_id($A.7, $B.5, sender_pk($A.7, ~sst.59),
                                           receiver_pk($B.5, ~rst.25), sender_prekey($A.7, ~sst.59),
                                           receiver_prekey($B.5, ~rst.25),
                                           <ct_l($A.7, $B.5, ~rst.25, ~rl.20), 
                                            ct_k($A.7, $B.5, ~rst.25, ~rk.20), 
                                            ct_s($A.7, $B.5, ~sst.59, ~rst.25, ~rs.20)>))
    ) ▶₂ #vr.6 // nr: 9 (from rule ProcessSlot2)" (useful2)"
    
    ReceiverState( $B.5, ~rst.25
    ) ▶₀ #vr.8 // nr: 11 (from rule CreateBatch)" (useful2)"
    
    SealedStage0( $B.5, ~bid.9, ~rst.25
    ) ▶₀ #vr.11 // nr: 13 (from rule ProcessSlot1)" (useful2)"
    
    CheckedSlot1( $B.5, ~bid.9, ~rst.25, ~idx.121, $A.12,
                  <ct_l($A.12, $B.5, ~rst.25, ~rl.32), 
                   ct_k($A.12, $B.5, ~rst.25, ~rk.32), 
                   ct_s($A.12, $B.5, ~sst.73, ~rst.25, ~rs.32)>
    ) ▶₁ #vr.11 // nr: 14 (from rule ProcessSlot1)" (useful2)"
    
    !HonestSession( $A.12, $B.5, ~rst.25,
                    <ct_l($A.12, $B.5, ~rst.25, ~rl.32), 
                     ct_k($A.12, $B.5, ~rst.25, ~rk.32), 
                     ct_s($A.12, $B.5, ~sst.73, ~rst.25, ~rs.32)>,
                    session_id($A.12, $B.5, sender_pk($A.12, ~sst.73),
                               receiver_pk($B.5, ~rst.25), sender_prekey($A.12, ~sst.73),
                               receiver_prekey($B.5, ~rst.25),
                               <ct_l($A.12, $B.5, ~rst.25, ~rl.32), 
                                ct_k($A.12, $B.5, ~rst.25, ~rk.32), 
                                ct_s($A.12, $B.5, ~sst.73, ~rst.25, ~rs.32)>),
                    session_key(secret_l($A.12, $B.5, ~rst.25, ~rl.32),
                                secret_k($A.12, $B.5, ~rst.25, ~rk.32),
                                secret_s($A.12, $B.5, ~sst.73, ~rst.25, ~rs.32),
                                session_id($A.12, $B.5, sender_pk($A.12, ~sst.73),
                                           receiver_pk($B.5, ~rst.25),
                                           sender_prekey($A.12, ~sst.73),
                                           receiver_prekey($B.5, ~rst.25),
                                           <ct_l($A.12, $B.5, ~rst.25, ~rl.32), 
                                            ct_k($A.12, $B.5, ~rst.25, ~rk.32), 
                                            ct_s($A.12, $B.5, ~sst.73, ~rst.25, ~rs.32)>))
    ) ▶₂ #vr.11 // nr: 15 (from rule ProcessSlot1)" (useful2)"
    
    SealedStage0( $B.5, ~bid.9, ~rst.25
    ) ▶₀ #vr.15 // nr: 21 (from rule ProcessSlot1)" (useful2)"
    
    CheckedSlot1( $B.5, ~bid.9, ~rst.25, ~idx.417, $A.16,
                  <ct_l($A.16, $B.5, ~rst.25, ~rl.50), 
                   ct_k($A.16, $B.5, ~rst.25, ~rk.50), 
                   ct_s($A.16, $B.5, ~sst.106, ~rst.25, ~rs.50)>
    ) ▶₁ #vr.15 // nr: 22 (from rule ProcessSlot1)" (useful2)"
    
    !HonestSession( $A.16, $B.5, ~rst.25,
                    <ct_l($A.16, $B.5, ~rst.25, ~rl.50), 
                     ct_k($A.16, $B.5, ~rst.25, ~rk.50), 
                     ct_s($A.16, $B.5, ~sst.106, ~rst.25, ~rs.50)>,
                    session_id($A.16, $B.5, sender_pk($A.16, ~sst.106),
                               receiver_pk($B.5, ~rst.25), sender_prekey($A.16, ~sst.106),
                               receiver_prekey($B.5, ~rst.25),
                               <ct_l($A.16, $B.5, ~rst.25, ~rl.50), 
                                ct_k($A.16, $B.5, ~rst.25, ~rk.50), 
                                ct_s($A.16, $B.5, ~sst.106, ~rst.25, ~rs.50)>),
                    session_key(secret_l($A.16, $B.5, ~rst.25, ~rl.50),
                                secret_k($A.16, $B.5, ~rst.25, ~rk.50),
                                secret_s($A.16, $B.5, ~sst.106, ~rst.25, ~rs.50),
                                session_id($A.16, $B.5, sender_pk($A.16, ~sst.106),
                                           receiver_pk($B.5, ~rst.25),
                                           sender_prekey($A.16, ~sst.106),
                                           receiver_prekey($B.5, ~rst.25),
                                           <ct_l($A.16, $B.5, ~rst.25, ~rl.50), 
                                            ct_k($A.16, $B.5, ~rst.25, ~rk.50), 
                                            ct_s($A.16, $B.5, ~sst.106, ~rst.25, ~rs.50)>))
    ) ▶₂ #vr.15 // nr: 23 (from rule ProcessSlot1)" (useful2)"
    
    DedupPending( $B.5, ~bid.9, ~rst.25, ~idx.121, $A.12,
                  <ct_l($A.12, $B.5, ~rst.25, ~rl.32), 
                   ct_k($A.12, $B.5, ~rst.25, ~rk.32), 
                   ct_s($A.12, $B.5, ~sst.73, ~rst.25, ~rs.32)>,
                  ~idx.130, $A.7,
                  <ct_l($A.7, $B.5, ~rst.25, ~rl.20), 
                   ct_k($A.7, $B.5, ~rst.25, ~rk.20), 
                   ct_s($A.7, $B.5, ~sst.59, ~rst.25, ~rs.20)>
    ) ▶₀ #vr.17 // nr: 25 (from rule PassDistinctBatch)" (useful2)"
    
    DedupDecisionToken( $B.5, ~bid.9, ~rst.25
    ) ▶₁ #vr.17 // nr: 26 (from rule PassDistinctBatch)" (useful2)"
    
    !SenderState( $A.7, ~sst.59
    ) ▶₀ #vr.19 // nr: 28 (from rule SenderCreatesMessage)" (useful2)"
    
    !ReceiverPublicState( $B.5, ~rst.25
    ) ▶₁ #vr.19 // nr: 29 (from rule SenderCreatesMessage)" (useful2)"
    
    !SenderState( $A.12, ~sst.73
    ) ▶₀ #vr.31 // nr: 38 (from rule SenderCreatesMessage)" (useful2)"
    
    !ReceiverPublicState( $B.5, ~rst.25
    ) ▶₁ #vr.31 // nr: 39 (from rule SenderCreatesMessage)" (useful2)"
    
    DedupPending( $B.5, ~bid.9, ~rst.25, ~idx.363, $A1.46, m1.46,
                  ~idx.372, $A2.46, m2.46
    ) ▶₀ #vr.45 // nr: 51 (from rule PassDistinctBatch)" (useful2)"
    
    DedupDecisionToken( $B.5, ~bid.9, ~rst.25
    ) ▶₁ #vr.45 // nr: 52 (from rule PassDistinctBatch)" (useful2)"
    
    DedupPending( $B.5, ~bid.9, ~rst.25, ~idx.417, $A.16,
                  <ct_l($A.16, $B.5, ~rst.25, ~rl.50), 
                   ct_k($A.16, $B.5, ~rst.25, ~rk.50), 
                   ct_s($A.16, $B.5, ~sst.106, ~rst.25, ~rs.50)>,
                  ~idx.430, $A2.48, m2.48
    ) ▶₀ #vr.47 // nr: 54 (from rule PassDistinctBatch)" (useful2)"
    
    DedupDecisionToken( $B.5, ~bid.9, ~rst.25
    ) ▶₁ #vr.47 // nr: 55 (from rule PassDistinctBatch)" (useful2)"
    
    !SenderState( $A.16, ~sst.106
    ) ▶₀ #vr.49 // nr: 57 (from rule SenderCreatesMessage)" (useful2)"
    
    !ReceiverPublicState( $B.5, ~rst.25
    ) ▶₁ #vr.49 // nr: 58 (from rule SenderCreatesMessage)" (useful2)"
    
    OpenStage2( $B.5, ~bid.9, ~rst.25
    ) ▶₀ #vr.54 // nr: 60 (from rule SealBatch)" (useful2)"
    
    AddedSlot1( $B.5, ~bid.9, ~rst.25, ~idx.121, $A.12,
                <ct_l($A.12, $B.5, ~rst.25, ~rl.32), 
                 ct_k($A.12, $B.5, ~rst.25, ~rk.32), 
                 ct_s($A.12, $B.5, ~sst.73, ~rst.25, ~rs.32)>
    ) ▶₁ #vr.54 // nr: 61 (from rule SealBatch)" (useful2)"
    
    AddedSlot2( $B.5, ~bid.9, ~rst.25, ~idx.130, $A.7,
                <ct_l($A.7, $B.5, ~rst.25, ~rl.20), 
                 ct_k($A.7, $B.5, ~rst.25, ~rk.20), 
                 ct_s($A.7, $B.5, ~sst.59, ~rst.25, ~rs.20)>
    ) ▶₂ #vr.54 // nr: 62 (from rule SealBatch)" (useful2)"
    
    OpenStage2( $B.5, ~bid.9, ~rst.25
    ) ▶₀ #vr.97 // nr: 107 (from rule SealBatch)" (useful2)"
    
    AddedSlot1( $B.5, ~bid.9, ~rst.25, ~idx.363, $A1.46, m1.46
    ) ▶₁ #vr.97 // nr: 108 (from rule SealBatch)" (useful2)"
    
    AddedSlot2( $B.5, ~bid.9, ~rst.25, ~idx.372, $A2.46, m2.46
    ) ▶₂ #vr.97 // nr: 109 (from rule SealBatch)" (useful2)"
    
    OpenStage2( $B.5, ~bid.9, ~rst.25
    ) ▶₀ #vr.99 // nr: 111 (from rule SealBatch)" (useful2)"
    
    AddedSlot1( $B.5, ~bid.9, ~rst.25, ~idx.390, $A1.100, m1.100
    ) ▶₁ #vr.99 // nr: 112 (from rule SealBatch)" (useful2)"
    
    AddedSlot2( $B.5, ~bid.9, ~rst.25, ~idx.399, $A2.100, m2.100
    ) ▶₂ #vr.99 // nr: 113 (from rule SealBatch)" (useful2)"
    
    OpenStage2( $B.5, ~bid.9, ~rst.25
    ) ▶₀ #vr.101 // nr: 115 (from rule SealBatch)" (useful2)"
    
    AddedSlot1( $B.5, ~bid.9, ~rst.25, ~idx.417, $A.16,
                <ct_l($A.16, $B.5, ~rst.25, ~rl.50), 
                 ct_k($A.16, $B.5, ~rst.25, ~rk.50), 
                 ct_s($A.16, $B.5, ~sst.106, ~rst.25, ~rs.50)>
    ) ▶₁ #vr.101 // nr: 116 (from rule SealBatch)" (useful2)"
    
    AddedSlot2( $B.5, ~bid.9, ~rst.25, ~idx.430, $A2.48, m2.48
    ) ▶₂ #vr.101 // nr: 117 (from rule SealBatch)" (useful2)"
    
    OpenStage2( $B.5, ~bid.9, ~rst.25
    ) ▶₀ #vr.103 // nr: 119 (from rule SealBatch)" (useful2)"
    
    AddedSlot1( $B.5, ~bid.9, ~rst.25, ~idx.448, $A1.104, m1.104
    ) ▶₁ #vr.103 // nr: 120 (from rule SealBatch)" (useful2)"
    
    AddedSlot2( $B.5, ~bid.9, ~rst.25, ~idx.457, $A2.104, m2.104
    ) ▶₂ #vr.103 // nr: 121 (from rule SealBatch)" (useful2)"
    
    OpenStage1( $B.5, ~bid.9, ~rst.25
    ) ▶₀ #vr.111 // nr: 125 (from rule AddSlot2)" (useful2)"
    
    OpenStage0( $B.5, ~bid.9, ~rst.25
    ) ▶₀ #vr.120 // nr: 132 (from rule AddSlot1)" (useful2)"
    
    OpenStage1( $B.5, ~bid.9, ~rst.25
    ) ▶₀ #vr.129 // nr: 140 (from rule AddSlot2)" (useful2)"
Simplifier iteration 11:

The reduction-rules for
were applied to the following constraint system.

  nodes:
    #vr.3: instance (modulo AC) CompleteBatch:
              [
              SealedStage2( $B.4, ~bid.8, ~rst.24 ),
              BatchEndToken( $B.4, ~bid.8, ~rst.24 ),
              Slot1DoneFact( $B.4, ~bid.8, ~rst.24 ),
              Slot2DoneFact( $B.4, ~bid.8, ~rst.24 )
              ]
             --[
             UseBatchEndToken( $B.4, ~bid.8, ~rst.24 ),
             BatchComplete( $B.4, ~bid.8, ~rst.24 ),
             BatchClosed( $B.4, ~bid.8, ~rst.24 ),
             ConsumeReceiverState( $B.4, ~rst.24 )
             ]->
              [
              ClosedBatch( $B.4, ~bid.8, ~rst.24 ),
              UsedReceiverState( $B.4, ~rst.24 )
              ]
    #vr.5: instance (modulo AC) ProcessSlot2:
              [
              SealedStage1( $B.4, ~bid.8, ~rst.24 ),
              CheckedSlot2( $B.4, ~bid.8, ~rst.24, ~idx.129, $A.6,
                            <ct_l($A.6, $B.4, ~rst.24, ~rl.19), 
                             ct_k($A.6, $B.4, ~rst.24, ~rk.19), 
                             ct_s($A.6, $B.4, ~sst.58, ~rst.24, ~rs.19)>
              ),
              !HonestSession( $A.6, $B.4, ~rst.24,
                              <ct_l($A.6, $B.4, ~rst.24, ~rl.19), 
                               ct_k($A.6, $B.4, ~rst.24, ~rk.19), 
                               ct_s($A.6, $B.4, ~sst.58, ~rst.24, ~rs.19)>,
                              session_id($A.6, $B.4, sender_pk($A.6, ~sst.58),
                                         receiver_pk($B.4, ~rst.24), sender_prekey($A.6, ~sst.58),
                                         receiver_prekey($B.4, ~rst.24),
                                         <ct_l($A.6, $B.4, ~rst.24, ~rl.19), 
                                          ct_k($A.6, $B.4, ~rst.24, ~rk.19), 
                                          ct_s($A.6, $B.4, ~sst.58, ~rst.24, ~rs.19)>),
                              session_key(secret_l($A.6, $B.4, ~rst.24, ~rl.19),
                                          secret_k($A.6, $B.4, ~rst.24, ~rk.19),
                                          secret_s($A.6, $B.4, ~sst.58, ~rst.24, ~rs.19),
                                          session_id($A.6, $B.4, sender_pk($A.6, ~sst.58),
                                                     receiver_pk($B.4, ~rst.24),
                                                     sender_prekey($A.6, ~sst.58),
                                                     receiver_prekey($B.4, ~rst.24),
                                                     <ct_l($A.6, $B.4, ~rst.24, ~rl.19), 
                                                      ct_k($A.6, $B.4, ~rst.24, ~rk.19), 
                                                      ct_s($A.6, $B.4, ~sst.58, ~rst.24, ~rs.19)>))
              )
              ]
             --[
             BatchSlot( $B.4, ~bid.8, ~idx.129, $A.6,
                        <ct_l($A.6, $B.4, ~rst.24, ~rl.19), 
                         ct_k($A.6, $B.4, ~rst.24, ~rk.19), 
                         ct_s($A.6, $B.4, ~sst.58, ~rst.24, ~rs.19)>
             ),
             ReceiverAccept( $B.4, $A.6, ~bid.8, ~idx.129, ~rst.24,
                             <ct_l($A.6, $B.4, ~rst.24, ~rl.19), 
                              ct_k($A.6, $B.4, ~rst.24, ~rk.19), 
                              ct_s($A.6, $B.4, ~sst.58, ~rst.24, ~rs.19)>,
                             session_id($A.6, $B.4, sender_pk($A.6, ~sst.58),
                                        receiver_pk($B.4, ~rst.24), sender_prekey($A.6, ~sst.58),
                                        receiver_prekey($B.4, ~rst.24),
                                        <ct_l($A.6, $B.4, ~rst.24, ~rl.19), 
                                         ct_k($A.6, $B.4, ~rst.24, ~rk.19), 
                                         ct_s($A.6, $B.4, ~sst.58, ~rst.24, ~rs.19)>),
                             session_key(secret_l($A.6, $B.4, ~rst.24, ~rl.19),
                                         secret_k($A.6, $B.4, ~rst.24, ~rk.19),
                                         secret_s($A.6, $B.4, ~sst.58, ~rst.24, ~rs.19),
                                         session_id($A.6, $B.4, sender_pk($A.6, ~sst.58),
                                                    receiver_pk($B.4, ~rst.24),
                                                    sender_prekey($A.6, ~sst.58),
                                                    receiver_prekey($B.4, ~rst.24),
                                                    <ct_l($A.6, $B.4, ~rst.24, ~rl.19), 
                                                     ct_k($A.6, $B.4, ~rst.24, ~rk.19), 
                                                     ct_s($A.6, $B.4, ~sst.58, ~rst.24, ~rs.19)>))
             ),
             SlotProcessed( $B.4, ~bid.8, ~idx.129, $A.6,
                            <ct_l($A.6, $B.4, ~rst.24, ~rl.19), 
                             ct_k($A.6, $B.4, ~rst.24, ~rk.19), 
                             ct_s($A.6, $B.4, ~sst.58, ~rst.24, ~rs.19)>
             ),
             Slot2Done( $B.4, ~bid.8, ~rst.24 )
             ]->
              [
              SealedStage2( $B.4, ~bid.8, ~rst.24 ),
              Slot2DoneFact( $B.4, ~bid.8, ~rst.24 )
              ]
    #vr.7: instance (modulo AC) CreateBatch:
              [ ReceiverState( $B.4, ~rst.24 ), Fr( ~bid.8 ) ]
             --[ BatchCreated( $B.4, ~bid.8, ~rst.24 ) ]->
              [
              OpenStage0( $B.4, ~bid.8, ~rst.24 ),
              BatchEndToken( $B.4, ~bid.8, ~rst.24 ),
              BatchCompromiseToken( $B.4, ~bid.8, ~rst.24 )
              ]
    #vf.9: instance (modulo AC) Fresh:
              [ ] --> [ Fr( ~bid.8 ) ]
    #vr.10: instance (modulo AC) ProcessSlot1:
               [
               SealedStage0( $B.4, ~bid.8, ~rst.24 ),
               CheckedSlot1( $B.4, ~bid.8, ~rst.24, ~idx.120, $A.11,
                             <ct_l($A.11, $B.4, ~rst.24, ~rl.31), 
                              ct_k($A.11, $B.4, ~rst.24, ~rk.31), 
                              ct_s($A.11, $B.4, ~sst.72, ~rst.24, ~rs.31)>
               ),
               !HonestSession( $A.11, $B.4, ~rst.24,
                               <ct_l($A.11, $B.4, ~rst.24, ~rl.31), 
                                ct_k($A.11, $B.4, ~rst.24, ~rk.31), 
                                ct_s($A.11, $B.4, ~sst.72, ~rst.24, ~rs.31)>,
                               session_id($A.11, $B.4, sender_pk($A.11, ~sst.72),
                                          receiver_pk($B.4, ~rst.24), sender_prekey($A.11, ~sst.72),
                                          receiver_prekey($B.4, ~rst.24),
                                          <ct_l($A.11, $B.4, ~rst.24, ~rl.31), 
                                           ct_k($A.11, $B.4, ~rst.24, ~rk.31), 
                                           ct_s($A.11, $B.4, ~sst.72, ~rst.24, ~rs.31)>),
                               session_key(secret_l($A.11, $B.4, ~rst.24, ~rl.31),
                                           secret_k($A.11, $B.4, ~rst.24, ~rk.31),
                                           secret_s($A.11, $B.4, ~sst.72, ~rst.24, ~rs.31),
                                           session_id($A.11, $B.4, sender_pk($A.11, ~sst.72),
                                                      receiver_pk($B.4, ~rst.24),
                                                      sender_prekey($A.11, ~sst.72),
                                                      receiver_prekey($B.4, ~rst.24),
                                                      <ct_l($A.11, $B.4, ~rst.24, ~rl.31), 
                                                       ct_k($A.11, $B.4, ~rst.24, ~rk.31), 
                                                       ct_s($A.11, $B.4, ~sst.72, ~rst.24, ~rs.31)
                                                      >))
               )
               ]
              --[
              BatchSlot( $B.4, ~bid.8, ~idx.120, $A.11,
                         <ct_l($A.11, $B.4, ~rst.24, ~rl.31), 
                          ct_k($A.11, $B.4, ~rst.24, ~rk.31), 
                          ct_s($A.11, $B.4, ~sst.72, ~rst.24, ~rs.31)>
              ),
              ReceiverAccept( $B.4, $A.11, ~bid.8, ~idx.120, ~rst.24,
                              <ct_l($A.11, $B.4, ~rst.24, ~rl.31), 
                               ct_k($A.11, $B.4, ~rst.24, ~rk.31), 
                               ct_s($A.11, $B.4, ~sst.72, ~rst.24, ~rs.31)>,
                              session_id($A.11, $B.4, sender_pk($A.11, ~sst.72),
                                         receiver_pk($B.4, ~rst.24), sender_prekey($A.11, ~sst.72),
                                         receiver_prekey($B.4, ~rst.24),
                                         <ct_l($A.11, $B.4, ~rst.24, ~rl.31), 
                                          ct_k($A.11, $B.4, ~rst.24, ~rk.31), 
                                          ct_s($A.11, $B.4, ~sst.72, ~rst.24, ~rs.31)>),
                              session_key(secret_l($A.11, $B.4, ~rst.24, ~rl.31),
                                          secret_k($A.11, $B.4, ~rst.24, ~rk.31),
                                          secret_s($A.11, $B.4, ~sst.72, ~rst.24, ~rs.31),
                                          session_id($A.11, $B.4, sender_pk($A.11, ~sst.72),
                                                     receiver_pk($B.4, ~rst.24),
                                                     sender_prekey($A.11, ~sst.72),
                                                     receiver_prekey($B.4, ~rst.24),
                                                     <ct_l($A.11, $B.4, ~rst.24, ~rl.31), 
                                                      ct_k($A.11, $B.4, ~rst.24, ~rk.31), 
                                                      ct_s($A.11, $B.4, ~sst.72, ~rst.24, ~rs.31)>))
              ),
              SlotProcessed( $B.4, ~bid.8, ~idx.120, $A.11,
                             <ct_l($A.11, $B.4, ~rst.24, ~rl.31), 
                              ct_k($A.11, $B.4, ~rst.24, ~rk.31), 
                              ct_s($A.11, $B.4, ~sst.72, ~rst.24, ~rs.31)>
              ),
              Slot1Done( $B.4, ~bid.8, ~rst.24 )
              ]->
               [
               SealedStage1( $B.4, ~bid.8, ~rst.24 ),
               Slot1DoneFact( $B.4, ~bid.8, ~rst.24 )
               ]
    #vr.14: instance (modulo AC) ProcessSlot1:
               [
               SealedStage0( $B.4, ~bid.8, ~rst.24 ),
               CheckedSlot1( $B.4, ~bid.8, ~rst.24, ~idx.416, $A.15,
                             <ct_l($A.15, $B.4, ~rst.24, ~rl.49), 
                              ct_k($A.15, $B.4, ~rst.24, ~rk.49), 
                              ct_s($A.15, $B.4, ~sst.105, ~rst.24, ~rs.49)>
               ),
               !HonestSession( $A.15, $B.4, ~rst.24,
                               <ct_l($A.15, $B.4, ~rst.24, ~rl.49), 
                                ct_k($A.15, $B.4, ~rst.24, ~rk.49), 
                                ct_s($A.15, $B.4, ~sst.105, ~rst.24, ~rs.49)>,
                               session_id($A.15, $B.4, sender_pk($A.15, ~sst.105),
                                          receiver_pk($B.4, ~rst.24),
                                          sender_prekey($A.15, ~sst.105),
                                          receiver_prekey($B.4, ~rst.24),
                                          <ct_l($A.15, $B.4, ~rst.24, ~rl.49), 
                                           ct_k($A.15, $B.4, ~rst.24, ~rk.49), 
                                           ct_s($A.15, $B.4, ~sst.105, ~rst.24, ~rs.49)>),
                               session_key(secret_l($A.15, $B.4, ~rst.24, ~rl.49),
                                           secret_k($A.15, $B.4, ~rst.24, ~rk.49),
                                           secret_s($A.15, $B.4, ~sst.105, ~rst.24, ~rs.49),
                                           session_id($A.15, $B.4, sender_pk($A.15, ~sst.105),
                                                      receiver_pk($B.4, ~rst.24),
                                                      sender_prekey($A.15, ~sst.105),
                                                      receiver_prekey($B.4, ~rst.24),
                                                      <ct_l($A.15, $B.4, ~rst.24, ~rl.49), 
                                                       ct_k($A.15, $B.4, ~rst.24, ~rk.49), 
                                                       ct_s($A.15, $B.4, ~sst.105, ~rst.24, ~rs.49)
                                                      >))
               )
               ]
              --[
              BatchSlot( $B.4, ~bid.8, ~idx.416, $A.15,
                         <ct_l($A.15, $B.4, ~rst.24, ~rl.49), 
                          ct_k($A.15, $B.4, ~rst.24, ~rk.49), 
                          ct_s($A.15, $B.4, ~sst.105, ~rst.24, ~rs.49)>
              ),
              ReceiverAccept( $B.4, $A.15, ~bid.8, ~idx.416, ~rst.24,
                              <ct_l($A.15, $B.4, ~rst.24, ~rl.49), 
                               ct_k($A.15, $B.4, ~rst.24, ~rk.49), 
                               ct_s($A.15, $B.4, ~sst.105, ~rst.24, ~rs.49)>,
                              session_id($A.15, $B.4, sender_pk($A.15, ~sst.105),
                                         receiver_pk($B.4, ~rst.24), sender_prekey($A.15, ~sst.105),
                                         receiver_prekey($B.4, ~rst.24),
                                         <ct_l($A.15, $B.4, ~rst.24, ~rl.49), 
                                          ct_k($A.15, $B.4, ~rst.24, ~rk.49), 
                                          ct_s($A.15, $B.4, ~sst.105, ~rst.24, ~rs.49)>),
                              session_key(secret_l($A.15, $B.4, ~rst.24, ~rl.49),
                                          secret_k($A.15, $B.4, ~rst.24, ~rk.49),
                                          secret_s($A.15, $B.4, ~sst.105, ~rst.24, ~rs.49),
                                          session_id($A.15, $B.4, sender_pk($A.15, ~sst.105),
                                                     receiver_pk($B.4, ~rst.24),
                                                     sender_prekey($A.15, ~sst.105),
                                                     receiver_prekey($B.4, ~rst.24),
                                                     <ct_l($A.15, $B.4, ~rst.24, ~rl.49), 
                                                      ct_k($A.15, $B.4, ~rst.24, ~rk.49), 
                                                      ct_s($A.15, $B.4, ~sst.105, ~rst.24, ~rs.49)
                                                     >))
              ),
              SlotProcessed( $B.4, ~bid.8, ~idx.416, $A.15,
                             <ct_l($A.15, $B.4, ~rst.24, ~rl.49), 
                              ct_k($A.15, $B.4, ~rst.24, ~rk.49), 
                              ct_s($A.15, $B.4, ~sst.105, ~rst.24, ~rs.49)>
              ),
              Slot1Done( $B.4, ~bid.8, ~rst.24 )
              ]->
               [
               SealedStage1( $B.4, ~bid.8, ~rst.24 ),
               Slot1DoneFact( $B.4, ~bid.8, ~rst.24 )
               ]
    #vr.16: instance (modulo AC) PassDistinctBatch:
               [
               DedupPending( $B.4, ~bid.8, ~rst.24, ~idx.120, $A.11,
                             <ct_l($A.11, $B.4, ~rst.24, ~rl.31), 
                              ct_k($A.11, $B.4, ~rst.24, ~rk.31), 
                              ct_s($A.11, $B.4, ~sst.72, ~rst.24, ~rs.31)>,
                             ~idx.129, $A.6,
                             <ct_l($A.6, $B.4, ~rst.24, ~rl.19), 
                              ct_k($A.6, $B.4, ~rst.24, ~rk.19), 
                              ct_s($A.6, $B.4, ~sst.58, ~rst.24, ~rs.19)>
               ),
               DedupDecisionToken( $B.4, ~bid.8, ~rst.24 )
               ]
              --[
              Neq( <ct_l($A.11, $B.4, ~rst.24, ~rl.31), 
                    ct_k($A.11, $B.4, ~rst.24, ~rk.31), 
                    ct_s($A.11, $B.4, ~sst.72, ~rst.24, ~rs.31)>,
                   <ct_l($A.6, $B.4, ~rst.24, ~rl.19), 
                    ct_k($A.6, $B.4, ~rst.24, ~rk.19), 
                    ct_s($A.6, $B.4, ~sst.58, ~rst.24, ~rs.19)>
              ),
              DedupPassed( $B.4, ~bid.8, ~rst.24, ~idx.120, $A.11,
                           <ct_l($A.11, $B.4, ~rst.24, ~rl.31), 
                            ct_k($A.11, $B.4, ~rst.24, ~rk.31), 
                            ct_s($A.11, $B.4, ~sst.72, ~rst.24, ~rs.31)>,
                           ~idx.129, $A.6,
                           <ct_l($A.6, $B.4, ~rst.24, ~rl.19), 
                            ct_k($A.6, $B.4, ~rst.24, ~rk.19), 
                            ct_s($A.6, $B.4, ~sst.58, ~rst.24, ~rs.19)>
              ),
              UseDedupDecisionToken( $B.4, ~bid.8, ~rst.24 )
              ]->
               [
               CheckedSlot1( $B.4, ~bid.8, ~rst.24, ~idx.120, $A.11,
                             <ct_l($A.11, $B.4, ~rst.24, ~rl.31), 
                              ct_k($A.11, $B.4, ~rst.24, ~rk.31), 
                              ct_s($A.11, $B.4, ~sst.72, ~rst.24, ~rs.31)>
               ),
               CheckedSlot2( $B.4, ~bid.8, ~rst.24, ~idx.129, $A.6,
                             <ct_l($A.6, $B.4, ~rst.24, ~rl.19), 
                              ct_k($A.6, $B.4, ~rst.24, ~rk.19), 
                              ct_s($A.6, $B.4, ~sst.58, ~rst.24, ~rs.19)>
               ),
               SealedStage0( $B.4, ~bid.8, ~rst.24 )
               ]
    #vr.18: instance (modulo AC) SenderCreatesMessage:
               [
               !SenderState( $A.6, ~sst.58 ),
               !ReceiverPublicState( $B.4, ~rst.24 ), Fr( ~rl.19 ), Fr( ~rk.19 ),
               Fr( ~rs.19 )
               ]
              --[
              SenderSession( $A.6, $B.4,
                             <ct_l($A.6, $B.4, ~rst.24, ~rl.19), 
                              ct_k($A.6, $B.4, ~rst.24, ~rk.19), 
                              ct_s($A.6, $B.4, ~sst.58, ~rst.24, ~rs.19)>,
                             session_id($A.6, $B.4, sender_pk($A.6, ~sst.58),
                                        receiver_pk($B.4, ~rst.24), sender_prekey($A.6, ~sst.58),
                                        receiver_prekey($B.4, ~rst.24),
                                        <ct_l($A.6, $B.4, ~rst.24, ~rl.19), 
                                         ct_k($A.6, $B.4, ~rst.24, ~rk.19), 
                                         ct_s($A.6, $B.4, ~sst.58, ~rst.24, ~rs.19)>),
                             session_key(secret_l($A.6, $B.4, ~rst.24, ~rl.19),
                                         secret_k($A.6, $B.4, ~rst.24, ~rk.19),
                                         secret_s($A.6, $B.4, ~sst.58, ~rst.24, ~rs.19),
                                         session_id($A.6, $B.4, sender_pk($A.6, ~sst.58),
                                                    receiver_pk($B.4, ~rst.24),
                                                    sender_prekey($A.6, ~sst.58),
                                                    receiver_prekey($B.4, ~rst.24),
                                                    <ct_l($A.6, $B.4, ~rst.24, ~rl.19), 
                                                     ct_k($A.6, $B.4, ~rst.24, ~rk.19), 
                                                     ct_s($A.6, $B.4, ~sst.58, ~rst.24, ~rs.19)>))
              )
              ]->
               [
               Out( <$A.6, $B.4, ct_l($A.6, $B.4, ~rst.24, ~rl.19), 
                     ct_k($A.6, $B.4, ~rst.24, ~rk.19), 
                     ct_s($A.6, $B.4, ~sst.58, ~rst.24, ~rs.19)>
               ),
               !HonestSession( $A.6, $B.4, ~rst.24,
                               <ct_l($A.6, $B.4, ~rst.24, ~rl.19), 
                                ct_k($A.6, $B.4, ~rst.24, ~rk.19), 
                                ct_s($A.6, $B.4, ~sst.58, ~rst.24, ~rs.19)>,
                               session_id($A.6, $B.4, sender_pk($A.6, ~sst.58),
                                          receiver_pk($B.4, ~rst.24), sender_prekey($A.6, ~sst.58),
                                          receiver_prekey($B.4, ~rst.24),
                                          <ct_l($A.6, $B.4, ~rst.24, ~rl.19), 
                                           ct_k($A.6, $B.4, ~rst.24, ~rk.19), 
                                           ct_s($A.6, $B.4, ~sst.58, ~rst.24, ~rs.19)>),
                               session_key(secret_l($A.6, $B.4, ~rst.24, ~rl.19),
                                           secret_k($A.6, $B.4, ~rst.24, ~rk.19),
                                           secret_s($A.6, $B.4, ~sst.58, ~rst.24, ~rs.19),
                                           session_id($A.6, $B.4, sender_pk($A.6, ~sst.58),
                                                      receiver_pk($B.4, ~rst.24),
                                                      sender_prekey($A.6, ~sst.58),
                                                      receiver_prekey($B.4, ~rst.24),
                                                      <ct_l($A.6, $B.4, ~rst.24, ~rl.19), 
                                                       ct_k($A.6, $B.4, ~rst.24, ~rk.19), 
                                                       ct_s($A.6, $B.4, ~sst.58, ~rst.24, ~rs.19)>))
               )
               ]
    #vf.20: instance (modulo AC) Fresh:
               [ ] --> [ Fr( ~rl.19 ) ]
    #vf.21: instance (modulo AC) Fresh:
               [ ] --> [ Fr( ~rk.19 ) ]
    #vf.22: instance (modulo AC) Fresh:
               [ ] --> [ Fr( ~rs.19 ) ]
    #vr.23: instance (modulo AC) InitReceiverState:
               [ Fr( ~rst.24 ) ]
              --[ ReceiverStateCreated( $B.4, ~rst.24 ) ]->
               [
               ReceiverState( $B.4, ~rst.24 ),
               !ReceiverPublicState( $B.4, ~rst.24 ),
               ReceiverCompromiseToken( $B.4, ~rst.24 )
               ]
    #vf.25: instance (modulo AC) Fresh:
               [ ] --> [ Fr( ~rst.24 ) ]
    #vr.30: instance (modulo AC) SenderCreatesMessage:
               [
               !SenderState( $A.11, ~sst.72 ),
               !ReceiverPublicState( $B.4, ~rst.24 ), Fr( ~rl.31 ), Fr( ~rk.31 ),
               Fr( ~rs.31 )
               ]
              --[
              SenderSession( $A.11, $B.4,
                             <ct_l($A.11, $B.4, ~rst.24, ~rl.31), 
                              ct_k($A.11, $B.4, ~rst.24, ~rk.31), 
                              ct_s($A.11, $B.4, ~sst.72, ~rst.24, ~rs.31)>,
                             session_id($A.11, $B.4, sender_pk($A.11, ~sst.72),
                                        receiver_pk($B.4, ~rst.24), sender_prekey($A.11, ~sst.72),
                                        receiver_prekey($B.4, ~rst.24),
                                        <ct_l($A.11, $B.4, ~rst.24, ~rl.31), 
                                         ct_k($A.11, $B.4, ~rst.24, ~rk.31), 
                                         ct_s($A.11, $B.4, ~sst.72, ~rst.24, ~rs.31)>),
                             session_key(secret_l($A.11, $B.4, ~rst.24, ~rl.31),
                                         secret_k($A.11, $B.4, ~rst.24, ~rk.31),
                                         secret_s($A.11, $B.4, ~sst.72, ~rst.24, ~rs.31),
                                         session_id($A.11, $B.4, sender_pk($A.11, ~sst.72),
                                                    receiver_pk($B.4, ~rst.24),
                                                    sender_prekey($A.11, ~sst.72),
                                                    receiver_prekey($B.4, ~rst.24),
                                                    <ct_l($A.11, $B.4, ~rst.24, ~rl.31), 
                                                     ct_k($A.11, $B.4, ~rst.24, ~rk.31), 
                                                     ct_s($A.11, $B.4, ~sst.72, ~rst.24, ~rs.31)>))
              )
              ]->
               [
               Out( <$A.11, $B.4, ct_l($A.11, $B.4, ~rst.24, ~rl.31), 
                     ct_k($A.11, $B.4, ~rst.24, ~rk.31), 
                     ct_s($A.11, $B.4, ~sst.72, ~rst.24, ~rs.31)>
               ),
               !HonestSession( $A.11, $B.4, ~rst.24,
                               <ct_l($A.11, $B.4, ~rst.24, ~rl.31), 
                                ct_k($A.11, $B.4, ~rst.24, ~rk.31), 
                                ct_s($A.11, $B.4, ~sst.72, ~rst.24, ~rs.31)>,
                               session_id($A.11, $B.4, sender_pk($A.11, ~sst.72),
                                          receiver_pk($B.4, ~rst.24), sender_prekey($A.11, ~sst.72),
                                          receiver_prekey($B.4, ~rst.24),
                                          <ct_l($A.11, $B.4, ~rst.24, ~rl.31), 
                                           ct_k($A.11, $B.4, ~rst.24, ~rk.31), 
                                           ct_s($A.11, $B.4, ~sst.72, ~rst.24, ~rs.31)>),
                               session_key(secret_l($A.11, $B.4, ~rst.24, ~rl.31),
                                           secret_k($A.11, $B.4, ~rst.24, ~rk.31),
                                           secret_s($A.11, $B.4, ~sst.72, ~rst.24, ~rs.31),
                                           session_id($A.11, $B.4, sender_pk($A.11, ~sst.72),
                                                      receiver_pk($B.4, ~rst.24),
                                                      sender_prekey($A.11, ~sst.72),
                                                      receiver_prekey($B.4, ~rst.24),
                                                      <ct_l($A.11, $B.4, ~rst.24, ~rl.31), 
                                                       ct_k($A.11, $B.4, ~rst.24, ~rk.31), 
                                                       ct_s($A.11, $B.4, ~sst.72, ~rst.24, ~rs.31)
                                                      >))
               )
               ]
    #vf.32: instance (modulo AC) Fresh:
               [ ] --> [ Fr( ~rl.31 ) ]
    #vf.33: instance (modulo AC) Fresh:
               [ ] --> [ Fr( ~rk.31 ) ]
    #vf.34: instance (modulo AC) Fresh:
               [ ] --> [ Fr( ~rs.31 ) ]
    #vr.44: instance (modulo AC) PassDistinctBatch:
               [
               DedupPending( $B.4, ~bid.8, ~rst.24, ~idx.362, $A1.45, m1.45,
                             ~idx.371, $A2.45, m2.45
               ),
               DedupDecisionToken( $B.4, ~bid.8, ~rst.24 )
               ]
              --[
              Neq( m1.45, m2.45 ),
              DedupPassed( $B.4, ~bid.8, ~rst.24, ~idx.362, $A1.45, m1.45,
                           ~idx.371, $A2.45, m2.45
              ),
              UseDedupDecisionToken( $B.4, ~bid.8, ~rst.24 )
              ]->
               [
               CheckedSlot1( $B.4, ~bid.8, ~rst.24, ~idx.362, $A1.45, m1.45 ),
               CheckedSlot2( $B.4, ~bid.8, ~rst.24, ~idx.371, $A2.45, m2.45 ),
               SealedStage0( $B.4, ~bid.8, ~rst.24 )
               ]
    #vr.46: instance (modulo AC) PassDistinctBatch:
               [
               DedupPending( $B.4, ~bid.8, ~rst.24, ~idx.416, $A.15,
                             <ct_l($A.15, $B.4, ~rst.24, ~rl.49), 
                              ct_k($A.15, $B.4, ~rst.24, ~rk.49), 
                              ct_s($A.15, $B.4, ~sst.105, ~rst.24, ~rs.49)>,
                             ~idx.429, $A2.47, m2.47
               ),
               DedupDecisionToken( $B.4, ~bid.8, ~rst.24 )
               ]
              --[
              Neq( <ct_l($A.15, $B.4, ~rst.24, ~rl.49), 
                    ct_k($A.15, $B.4, ~rst.24, ~rk.49), 
                    ct_s($A.15, $B.4, ~sst.105, ~rst.24, ~rs.49)>,
                   m2.47
              ),
              DedupPassed( $B.4, ~bid.8, ~rst.24, ~idx.416, $A.15,
                           <ct_l($A.15, $B.4, ~rst.24, ~rl.49), 
                            ct_k($A.15, $B.4, ~rst.24, ~rk.49), 
                            ct_s($A.15, $B.4, ~sst.105, ~rst.24, ~rs.49)>,
                           ~idx.429, $A2.47, m2.47
              ),
              UseDedupDecisionToken( $B.4, ~bid.8, ~rst.24 )
              ]->
               [
               CheckedSlot1( $B.4, ~bid.8, ~rst.24, ~idx.416, $A.15,
                             <ct_l($A.15, $B.4, ~rst.24, ~rl.49), 
                              ct_k($A.15, $B.4, ~rst.24, ~rk.49), 
                              ct_s($A.15, $B.4, ~sst.105, ~rst.24, ~rs.49)>
               ),
               CheckedSlot2( $B.4, ~bid.8, ~rst.24, ~idx.429, $A2.47, m2.47 ),
               SealedStage0( $B.4, ~bid.8, ~rst.24 )
               ]
    #vr.48: instance (modulo AC) SenderCreatesMessage:
               [
               !SenderState( $A.15, ~sst.105 ),
               !ReceiverPublicState( $B.4, ~rst.24 ), Fr( ~rl.49 ), Fr( ~rk.49 ),
               Fr( ~rs.49 )
               ]
              --[
              SenderSession( $A.15, $B.4,
                             <ct_l($A.15, $B.4, ~rst.24, ~rl.49), 
                              ct_k($A.15, $B.4, ~rst.24, ~rk.49), 
                              ct_s($A.15, $B.4, ~sst.105, ~rst.24, ~rs.49)>,
                             session_id($A.15, $B.4, sender_pk($A.15, ~sst.105),
                                        receiver_pk($B.4, ~rst.24), sender_prekey($A.15, ~sst.105),
                                        receiver_prekey($B.4, ~rst.24),
                                        <ct_l($A.15, $B.4, ~rst.24, ~rl.49), 
                                         ct_k($A.15, $B.4, ~rst.24, ~rk.49), 
                                         ct_s($A.15, $B.4, ~sst.105, ~rst.24, ~rs.49)>),
                             session_key(secret_l($A.15, $B.4, ~rst.24, ~rl.49),
                                         secret_k($A.15, $B.4, ~rst.24, ~rk.49),
                                         secret_s($A.15, $B.4, ~sst.105, ~rst.24, ~rs.49),
                                         session_id($A.15, $B.4, sender_pk($A.15, ~sst.105),
                                                    receiver_pk($B.4, ~rst.24),
                                                    sender_prekey($A.15, ~sst.105),
                                                    receiver_prekey($B.4, ~rst.24),
                                                    <ct_l($A.15, $B.4, ~rst.24, ~rl.49), 
                                                     ct_k($A.15, $B.4, ~rst.24, ~rk.49), 
                                                     ct_s($A.15, $B.4, ~sst.105, ~rst.24, ~rs.49)>))
              )
              ]->
               [
               Out( <$A.15, $B.4, ct_l($A.15, $B.4, ~rst.24, ~rl.49), 
                     ct_k($A.15, $B.4, ~rst.24, ~rk.49), 
                     ct_s($A.15, $B.4, ~sst.105, ~rst.24, ~rs.49)>
               ),
               !HonestSession( $A.15, $B.4, ~rst.24,
                               <ct_l($A.15, $B.4, ~rst.24, ~rl.49), 
                                ct_k($A.15, $B.4, ~rst.24, ~rk.49), 
                                ct_s($A.15, $B.4, ~sst.105, ~rst.24, ~rs.49)>,
                               session_id($A.15, $B.4, sender_pk($A.15, ~sst.105),
                                          receiver_pk($B.4, ~rst.24),
                                          sender_prekey($A.15, ~sst.105),
                                          receiver_prekey($B.4, ~rst.24),
                                          <ct_l($A.15, $B.4, ~rst.24, ~rl.49), 
                                           ct_k($A.15, $B.4, ~rst.24, ~rk.49), 
                                           ct_s($A.15, $B.4, ~sst.105, ~rst.24, ~rs.49)>),
                               session_key(secret_l($A.15, $B.4, ~rst.24, ~rl.49),
                                           secret_k($A.15, $B.4, ~rst.24, ~rk.49),
                                           secret_s($A.15, $B.4, ~sst.105, ~rst.24, ~rs.49),
                                           session_id($A.15, $B.4, sender_pk($A.15, ~sst.105),
                                                      receiver_pk($B.4, ~rst.24),
                                                      sender_prekey($A.15, ~sst.105),
                                                      receiver_prekey($B.4, ~rst.24),
                                                      <ct_l($A.15, $B.4, ~rst.24, ~rl.49), 
                                                       ct_k($A.15, $B.4, ~rst.24, ~rk.49), 
                                                       ct_s($A.15, $B.4, ~sst.105, ~rst.24, ~rs.49)
                                                      >))
               )
               ]
    #vf.50: instance (modulo AC) Fresh:
               [ ] --> [ Fr( ~rl.49 ) ]
    #vf.51: instance (modulo AC) Fresh:
               [ ] --> [ Fr( ~rk.49 ) ]
    #vf.52: instance (modulo AC) Fresh:
               [ ] --> [ Fr( ~rs.49 ) ]
    #vr.53: instance (modulo AC) SealBatch:
               [
               OpenStage2( $B.4, ~bid.8, ~rst.24 ),
               AddedSlot1( $B.4, ~bid.8, ~rst.24, ~idx.120, $A.11,
                           <ct_l($A.11, $B.4, ~rst.24, ~rl.31), 
                            ct_k($A.11, $B.4, ~rst.24, ~rk.31), 
                            ct_s($A.11, $B.4, ~sst.72, ~rst.24, ~rs.31)>
               ),
               AddedSlot2( $B.4, ~bid.8, ~rst.24, ~idx.129, $A.6,
                           <ct_l($A.6, $B.4, ~rst.24, ~rl.19), 
                            ct_k($A.6, $B.4, ~rst.24, ~rk.19), 
                            ct_s($A.6, $B.4, ~sst.58, ~rst.24, ~rs.19)>
               )
               ]
              --[ SealBatchEvent( $B.4, ~bid.8, ~rst.24 ) ]->
               [
               DedupPending( $B.4, ~bid.8, ~rst.24, ~idx.120, $A.11,
                             <ct_l($A.11, $B.4, ~rst.24, ~rl.31), 
                              ct_k($A.11, $B.4, ~rst.24, ~rk.31), 
                              ct_s($A.11, $B.4, ~sst.72, ~rst.24, ~rs.31)>,
                             ~idx.129, $A.6,
                             <ct_l($A.6, $B.4, ~rst.24, ~rl.19), 
                              ct_k($A.6, $B.4, ~rst.24, ~rk.19), 
                              ct_s($A.6, $B.4, ~sst.58, ~rst.24, ~rs.19)>
               ),
               DedupDecisionToken( $B.4, ~bid.8, ~rst.24 )
               ]
    #vr.57: instance (modulo AC) InitSenderState:
               [ Fr( ~sst.58 ) ]
              --[ SenderStateCreated( $A.6, ~sst.58 ) ]->
               [
               !SenderState( $A.6, ~sst.58 ),
               SenderCompromiseToken( $A.6, ~sst.58 )
               ]
    #vf.59: instance (modulo AC) Fresh:
               [ ] --> [ Fr( ~sst.58 ) ]
    #vr.71: instance (modulo AC) InitSenderState:
               [ Fr( ~sst.72 ) ]
              --[ SenderStateCreated( $A.11, ~sst.72 ) ]->
               [
               !SenderState( $A.11, ~sst.72 ),
               SenderCompromiseToken( $A.11, ~sst.72 )
               ]
    #vf.73: instance (modulo AC) Fresh:
               [ ] --> [ Fr( ~sst.72 ) ]
    #vr.96: instance (modulo AC) SealBatch:
               [
               OpenStage2( $B.4, ~bid.8, ~rst.24 ),
               AddedSlot1( $B.4, ~bid.8, ~rst.24, ~idx.362, $A1.45, m1.45 ),
               AddedSlot2( $B.4, ~bid.8, ~rst.24, ~idx.371, $A2.45, m2.45 )
               ]
              --[ SealBatchEvent( $B.4, ~bid.8, ~rst.24 ) ]->
               [
               DedupPending( $B.4, ~bid.8, ~rst.24, ~idx.362, $A1.45, m1.45,
                             ~idx.371, $A2.45, m2.45
               ),
               DedupDecisionToken( $B.4, ~bid.8, ~rst.24 )
               ]
    #vr.98: instance (modulo AC) SealBatch:
               [
               OpenStage2( $B.4, ~bid.8, ~rst.24 ),
               AddedSlot1( $B.4, ~bid.8, ~rst.24, ~idx.389, $A1.99, m1.99 ),
               AddedSlot2( $B.4, ~bid.8, ~rst.24, ~idx.398, $A2.99, m2.99 )
               ]
              --[ SealBatchEvent( $B.4, ~bid.8, ~rst.24 ) ]->
               [
               DedupPending( $B.4, ~bid.8, ~rst.24, ~idx.389, $A1.99, m1.99,
                             ~idx.398, $A2.99, m2.99
               ),
               DedupDecisionToken( $B.4, ~bid.8, ~rst.24 )
               ]
    #vr.100: instance (modulo AC) SealBatch:
                [
                OpenStage2( $B.4, ~bid.8, ~rst.24 ),
                AddedSlot1( $B.4, ~bid.8, ~rst.24, ~idx.416, $A.15,
                            <ct_l($A.15, $B.4, ~rst.24, ~rl.49), 
                             ct_k($A.15, $B.4, ~rst.24, ~rk.49), 
                             ct_s($A.15, $B.4, ~sst.105, ~rst.24, ~rs.49)>
                ),
                AddedSlot2( $B.4, ~bid.8, ~rst.24, ~idx.429, $A2.47, m2.47 )
                ]
               --[ SealBatchEvent( $B.4, ~bid.8, ~rst.24 ) ]->
                [
                DedupPending( $B.4, ~bid.8, ~rst.24, ~idx.416, $A.15,
                              <ct_l($A.15, $B.4, ~rst.24, ~rl.49), 
                               ct_k($A.15, $B.4, ~rst.24, ~rk.49), 
                               ct_s($A.15, $B.4, ~sst.105, ~rst.24, ~rs.49)>,
                              ~idx.429, $A2.47, m2.47
                ),
                DedupDecisionToken( $B.4, ~bid.8, ~rst.24 )
                ]
    #vr.102: instance (modulo AC) SealBatch:
                [
                OpenStage2( $B.4, ~bid.8, ~rst.24 ),
                AddedSlot1( $B.4, ~bid.8, ~rst.24, ~idx.447, $A1.103, m1.103 ),
                AddedSlot2( $B.4, ~bid.8, ~rst.24, ~idx.456, $A2.103, m2.103 )
                ]
               --[ SealBatchEvent( $B.4, ~bid.8, ~rst.24 ) ]->
                [
                DedupPending( $B.4, ~bid.8, ~rst.24, ~idx.447, $A1.103, m1.103,
                              ~idx.456, $A2.103, m2.103
                ),
                DedupDecisionToken( $B.4, ~bid.8, ~rst.24 )
                ]
    #vr.104: instance (modulo AC) InitSenderState:
                [ Fr( ~sst.105 ) ]
               --[ SenderStateCreated( $A.15, ~sst.105 ) ]->
                [
                !SenderState( $A.15, ~sst.105 ),
                SenderCompromiseToken( $A.15, ~sst.105 )
                ]
    #vf.106: instance (modulo AC) Fresh:
                [ ] --> [ Fr( ~sst.105 ) ]
    #vr.110: instance (modulo AC) AddSlot2:
                [
                OpenStage1( $B.4, ~bid.8, ~rst.24 ), In( <$A.111, $B.4, m.111> ),
                Fr( ~idx.111 )
                ]
               --[
               SlotAdded( $B.4, ~bid.8, ~idx.111, $A.111, m.111 ),
               Slot2Added( $B.4, ~bid.8, ~rst.24, ~idx.111, $A.111, m.111 )
               ]->
                [
                OpenStage2( $B.4, ~bid.8, ~rst.24 ),
                AddedSlot2( $B.4, ~bid.8, ~rst.24, ~idx.111, $A.111, m.111 )
                ]
    #vf.112: instance (modulo AC) isend:
                [ !KU( <$A.111, $B.4, m.111> ) ]
               --[ K( <$A.111, $B.4, m.111> ) ]->
                [ In( <$A.111, $B.4, m.111> ) ]
    #vf.118: instance (modulo AC) Fresh:
                [ ] --> [ Fr( ~idx.111 ) ]
    #vr.119: instance (modulo AC) AddSlot1:
                [
                OpenStage0( $B.4, ~bid.8, ~rst.24 ),
                In( <$A.11, $B.4, ct_l($A.11, $B.4, ~rst.24, ~rl.31), 
                     ct_k($A.11, $B.4, ~rst.24, ~rk.31), 
                     ct_s($A.11, $B.4, ~sst.72, ~rst.24, ~rs.31)>
                ),
                Fr( ~idx.120 )
                ]
               --[
               SlotAdded( $B.4, ~bid.8, ~idx.120, $A.11,
                          <ct_l($A.11, $B.4, ~rst.24, ~rl.31), 
                           ct_k($A.11, $B.4, ~rst.24, ~rk.31), 
                           ct_s($A.11, $B.4, ~sst.72, ~rst.24, ~rs.31)>
               ),
               Slot1Added( $B.4, ~bid.8, ~rst.24, ~idx.120, $A.11,
                           <ct_l($A.11, $B.4, ~rst.24, ~rl.31), 
                            ct_k($A.11, $B.4, ~rst.24, ~rk.31), 
                            ct_s($A.11, $B.4, ~sst.72, ~rst.24, ~rs.31)>
               )
               ]->
                [
                OpenStage1( $B.4, ~bid.8, ~rst.24 ),
                AddedSlot1( $B.4, ~bid.8, ~rst.24, ~idx.120, $A.11,
                            <ct_l($A.11, $B.4, ~rst.24, ~rl.31), 
                             ct_k($A.11, $B.4, ~rst.24, ~rk.31), 
                             ct_s($A.11, $B.4, ~sst.72, ~rst.24, ~rs.31)>
                )
                ]
    #vf.121: instance (modulo AC) isend:
                [
                !KU( <$A.11, $B.4, ct_l($A.11, $B.4, ~rst.24, ~rl.31), 
                      ct_k($A.11, $B.4, ~rst.24, ~rk.31), 
                      ct_s($A.11, $B.4, ~sst.72, ~rst.24, ~rs.31)>
                )
                ]
               --[
               K( <$A.11, $B.4, ct_l($A.11, $B.4, ~rst.24, ~rl.31), 
                   ct_k($A.11, $B.4, ~rst.24, ~rk.31), 
                   ct_s($A.11, $B.4, ~sst.72, ~rst.24, ~rs.31)>
               )
               ]->
                [
                In( <$A.11, $B.4, ct_l($A.11, $B.4, ~rst.24, ~rl.31), 
                     ct_k($A.11, $B.4, ~rst.24, ~rk.31), 
                     ct_s($A.11, $B.4, ~sst.72, ~rst.24, ~rs.31)>
                )
                ]
    #vf.127: instance (modulo AC) Fresh:
                [ ] --> [ Fr( ~idx.120 ) ]
    #vr.128: instance (modulo AC) AddSlot2:
                [
                OpenStage1( $B.4, ~bid.8, ~rst.24 ),
                In( <$A.6, $B.4, ct_l($A.6, $B.4, ~rst.24, ~rl.19), 
                     ct_k($A.6, $B.4, ~rst.24, ~rk.19), 
                     ct_s($A.6, $B.4, ~sst.58, ~rst.24, ~rs.19)>
                ),
                Fr( ~idx.129 )
                ]
               --[
               SlotAdded( $B.4, ~bid.8, ~idx.129, $A.6,
                          <ct_l($A.6, $B.4, ~rst.24, ~rl.19), 
                           ct_k($A.6, $B.4, ~rst.24, ~rk.19), 
                           ct_s($A.6, $B.4, ~sst.58, ~rst.24, ~rs.19)>
               ),
               Slot2Added( $B.4, ~bid.8, ~rst.24, ~idx.129, $A.6,
                           <ct_l($A.6, $B.4, ~rst.24, ~rl.19), 
                            ct_k($A.6, $B.4, ~rst.24, ~rk.19), 
                            ct_s($A.6, $B.4, ~sst.58, ~rst.24, ~rs.19)>
               )
               ]->
                [
                OpenStage2( $B.4, ~bid.8, ~rst.24 ),
                AddedSlot2( $B.4, ~bid.8, ~rst.24, ~idx.129, $A.6,
                            <ct_l($A.6, $B.4, ~rst.24, ~rl.19), 
                             ct_k($A.6, $B.4, ~rst.24, ~rk.19), 
                             ct_s($A.6, $B.4, ~sst.58, ~rst.24, ~rs.19)>
                )
                ]
    #vf.130: instance (modulo AC) isend:
                [
                !KU( <$A.6, $B.4, ct_l($A.6, $B.4, ~rst.24, ~rl.19), 
                      ct_k($A.6, $B.4, ~rst.24, ~rk.19), 
                      ct_s($A.6, $B.4, ~sst.58, ~rst.24, ~rs.19)>
                )
                ]
               --[
               K( <$A.6, $B.4, ct_l($A.6, $B.4, ~rst.24, ~rl.19), 
                   ct_k($A.6, $B.4, ~rst.24, ~rk.19), 
                   ct_s($A.6, $B.4, ~sst.58, ~rst.24, ~rs.19)>
               )
               ]->
                [
                In( <$A.6, $B.4, ct_l($A.6, $B.4, ~rst.24, ~rl.19), 
                     ct_k($A.6, $B.4, ~rst.24, ~rk.19), 
                     ct_s($A.6, $B.4, ~sst.58, ~rst.24, ~rs.19)>
                )
                ]
    #vf.136: instance (modulo AC) Fresh:
                [ ] --> [ Fr( ~idx.129 ) ]
    #vr.352: instance (modulo AC) AddSlot2:
                [
                OpenStage1( $B.4, ~bid.8, ~rst.24 ), In( <$A.353, $B.4, m.353> ),
                Fr( ~idx.353 )
                ]
               --[
               SlotAdded( $B.4, ~bid.8, ~idx.353, $A.353, m.353 ),
               Slot2Added( $B.4, ~bid.8, ~rst.24, ~idx.353, $A.353, m.353 )
               ]->
                [
                OpenStage2( $B.4, ~bid.8, ~rst.24 ),
                AddedSlot2( $B.4, ~bid.8, ~rst.24, ~idx.353, $A.353, m.353 )
                ]
    #vf.354: instance (modulo AC) isend:
                [ !KU( <$A.353, $B.4, m.353> ) ]
               --[ K( <$A.353, $B.4, m.353> ) ]->
                [ In( <$A.353, $B.4, m.353> ) ]
    #vf.360: instance (modulo AC) Fresh:
                [ ] --> [ Fr( ~idx.353 ) ]
    #vr.361: instance (modulo AC) AddSlot1:
                [
                OpenStage0( $B.4, ~bid.8, ~rst.24 ), In( <$A1.45, $B.4, m1.45> ),
                Fr( ~idx.362 )
                ]
               --[
               SlotAdded( $B.4, ~bid.8, ~idx.362, $A1.45, m1.45 ),
               Slot1Added( $B.4, ~bid.8, ~rst.24, ~idx.362, $A1.45, m1.45 )
               ]->
                [
                OpenStage1( $B.4, ~bid.8, ~rst.24 ),
                AddedSlot1( $B.4, ~bid.8, ~rst.24, ~idx.362, $A1.45, m1.45 )
                ]
    #vf.363: instance (modulo AC) isend:
                [ !KU( <$A1.45, $B.4, m1.45> ) ]
               --[ K( <$A1.45, $B.4, m1.45> ) ]->
                [ In( <$A1.45, $B.4, m1.45> ) ]
    #vf.369: instance (modulo AC) Fresh:
                [ ] --> [ Fr( ~idx.362 ) ]
    #vr.370: instance (modulo AC) AddSlot2:
                [
                OpenStage1( $B.4, ~bid.8, ~rst.24 ), In( <$A2.45, $B.4, m2.45> ),
                Fr( ~idx.371 )
                ]
               --[
               SlotAdded( $B.4, ~bid.8, ~idx.371, $A2.45, m2.45 ),
               Slot2Added( $B.4, ~bid.8, ~rst.24, ~idx.371, $A2.45, m2.45 )
               ]->
                [
                OpenStage2( $B.4, ~bid.8, ~rst.24 ),
                AddedSlot2( $B.4, ~bid.8, ~rst.24, ~idx.371, $A2.45, m2.45 )
                ]
    #vf.372: instance (modulo AC) isend:
                [ !KU( <$A2.45, $B.4, m2.45> ) ]
               --[ K( <$A2.45, $B.4, m2.45> ) ]->
                [ In( <$A2.45, $B.4, m2.45> ) ]
    #vf.378: instance (modulo AC) Fresh:
                [ ] --> [ Fr( ~idx.371 ) ]
    #vr.379: instance (modulo AC) AddSlot2:
                [
                OpenStage1( $B.4, ~bid.8, ~rst.24 ), In( <$A.380, $B.4, m.380> ),
                Fr( ~idx.380 )
                ]
               --[
               SlotAdded( $B.4, ~bid.8, ~idx.380, $A.380, m.380 ),
               Slot2Added( $B.4, ~bid.8, ~rst.24, ~idx.380, $A.380, m.380 )
               ]->
                [
                OpenStage2( $B.4, ~bid.8, ~rst.24 ),
                AddedSlot2( $B.4, ~bid.8, ~rst.24, ~idx.380, $A.380, m.380 )
                ]
    #vf.381: instance (modulo AC) isend:
                [ !KU( <$A.380, $B.4, m.380> ) ]
               --[ K( <$A.380, $B.4, m.380> ) ]->
                [ In( <$A.380, $B.4, m.380> ) ]
    #vf.387: instance (modulo AC) Fresh:
                [ ] --> [ Fr( ~idx.380 ) ]
    #vr.388: instance (modulo AC) AddSlot1:
                [
                OpenStage0( $B.4, ~bid.8, ~rst.24 ), In( <$A1.99, $B.4, m1.99> ),
                Fr( ~idx.389 )
                ]
               --[
               SlotAdded( $B.4, ~bid.8, ~idx.389, $A1.99, m1.99 ),
               Slot1Added( $B.4, ~bid.8, ~rst.24, ~idx.389, $A1.99, m1.99 )
               ]->
                [
                OpenStage1( $B.4, ~bid.8, ~rst.24 ),
                AddedSlot1( $B.4, ~bid.8, ~rst.24, ~idx.389, $A1.99, m1.99 )
                ]
    #vf.390: instance (modulo AC) isend:
                [ !KU( <$A1.99, $B.4, m1.99> ) ]
               --[ K( <$A1.99, $B.4, m1.99> ) ]->
                [ In( <$A1.99, $B.4, m1.99> ) ]
    #vf.396: instance (modulo AC) Fresh:
                [ ] --> [ Fr( ~idx.389 ) ]
    #vr.397: instance (modulo AC) AddSlot2:
                [
                OpenStage1( $B.4, ~bid.8, ~rst.24 ), In( <$A2.99, $B.4, m2.99> ),
                Fr( ~idx.398 )
                ]
               --[
               SlotAdded( $B.4, ~bid.8, ~idx.398, $A2.99, m2.99 ),
               Slot2Added( $B.4, ~bid.8, ~rst.24, ~idx.398, $A2.99, m2.99 )
               ]->
                [
                OpenStage2( $B.4, ~bid.8, ~rst.24 ),
                AddedSlot2( $B.4, ~bid.8, ~rst.24, ~idx.398, $A2.99, m2.99 )
                ]
    #vf.399: instance (modulo AC) isend:
                [ !KU( <$A2.99, $B.4, m2.99> ) ]
               --[ K( <$A2.99, $B.4, m2.99> ) ]->
                [ In( <$A2.99, $B.4, m2.99> ) ]
    #vf.405: instance (modulo AC) Fresh:
                [ ] --> [ Fr( ~idx.398 ) ]
    #vr.406: instance (modulo AC) AddSlot2:
                [
                OpenStage1( $B.4, ~bid.8, ~rst.24 ), In( <$A.407, $B.4, m.407> ),
                Fr( ~idx.407 )
                ]
               --[
               SlotAdded( $B.4, ~bid.8, ~idx.407, $A.407, m.407 ),
               Slot2Added( $B.4, ~bid.8, ~rst.24, ~idx.407, $A.407, m.407 )
               ]->
                [
                OpenStage2( $B.4, ~bid.8, ~rst.24 ),
                AddedSlot2( $B.4, ~bid.8, ~rst.24, ~idx.407, $A.407, m.407 )
                ]
    #vf.408: instance (modulo AC) isend:
                [ !KU( <$A.407, $B.4, m.407> ) ]
               --[ K( <$A.407, $B.4, m.407> ) ]->
                [ In( <$A.407, $B.4, m.407> ) ]
    #vf.414: instance (modulo AC) Fresh:
                [ ] --> [ Fr( ~idx.407 ) ]
    #vr.415: instance (modulo AC) AddSlot1:
                [
                OpenStage0( $B.4, ~bid.8, ~rst.24 ),
                In( <$A.15, $B.4, ct_l($A.15, $B.4, ~rst.24, ~rl.49), 
                     ct_k($A.15, $B.4, ~rst.24, ~rk.49), 
                     ct_s($A.15, $B.4, ~sst.105, ~rst.24, ~rs.49)>
                ),
                Fr( ~idx.416 )
                ]
               --[
               SlotAdded( $B.4, ~bid.8, ~idx.416, $A.15,
                          <ct_l($A.15, $B.4, ~rst.24, ~rl.49), 
                           ct_k($A.15, $B.4, ~rst.24, ~rk.49), 
                           ct_s($A.15, $B.4, ~sst.105, ~rst.24, ~rs.49)>
               ),
               Slot1Added( $B.4, ~bid.8, ~rst.24, ~idx.416, $A.15,
                           <ct_l($A.15, $B.4, ~rst.24, ~rl.49), 
                            ct_k($A.15, $B.4, ~rst.24, ~rk.49), 
                            ct_s($A.15, $B.4, ~sst.105, ~rst.24, ~rs.49)>
               )
               ]->
                [
                OpenStage1( $B.4, ~bid.8, ~rst.24 ),
                AddedSlot1( $B.4, ~bid.8, ~rst.24, ~idx.416, $A.15,
                            <ct_l($A.15, $B.4, ~rst.24, ~rl.49), 
                             ct_k($A.15, $B.4, ~rst.24, ~rk.49), 
                             ct_s($A.15, $B.4, ~sst.105, ~rst.24, ~rs.49)>
                )
                ]
    #vf.417: instance (modulo AC) isend:
                [
                !KU( <$A.15, $B.4, ct_l($A.15, $B.4, ~rst.24, ~rl.49), 
                      ct_k($A.15, $B.4, ~rst.24, ~rk.49), 
                      ct_s($A.15, $B.4, ~sst.105, ~rst.24, ~rs.49)>
                )
                ]
               --[
               K( <$A.15, $B.4, ct_l($A.15, $B.4, ~rst.24, ~rl.49), 
                   ct_k($A.15, $B.4, ~rst.24, ~rk.49), 
                   ct_s($A.15, $B.4, ~sst.105, ~rst.24, ~rs.49)>
               )
               ]->
                [
                In( <$A.15, $B.4, ct_l($A.15, $B.4, ~rst.24, ~rl.49), 
                     ct_k($A.15, $B.4, ~rst.24, ~rk.49), 
                     ct_s($A.15, $B.4, ~sst.105, ~rst.24, ~rs.49)>
                )
                ]
    #vf.423: instance (modulo AC) Fresh:
                [ ] --> [ Fr( ~idx.416 ) ]
    #vr.428: instance (modulo AC) AddSlot2:
                [
                OpenStage1( $B.4, ~bid.8, ~rst.24 ), In( <$A2.47, $B.4, m2.47> ),
                Fr( ~idx.429 )
                ]
               --[
               SlotAdded( $B.4, ~bid.8, ~idx.429, $A2.47, m2.47 ),
               Slot2Added( $B.4, ~bid.8, ~rst.24, ~idx.429, $A2.47, m2.47 )
               ]->
                [
                OpenStage2( $B.4, ~bid.8, ~rst.24 ),
                AddedSlot2( $B.4, ~bid.8, ~rst.24, ~idx.429, $A2.47, m2.47 )
                ]
    #vf.430: instance (modulo AC) isend:
                [ !KU( <$A2.47, $B.4, m2.47> ) ]
               --[ K( <$A2.47, $B.4, m2.47> ) ]->
                [ In( <$A2.47, $B.4, m2.47> ) ]
    #vf.436: instance (modulo AC) Fresh:
                [ ] --> [ Fr( ~idx.429 ) ]
    #vr.437: instance (modulo AC) AddSlot2:
                [
                OpenStage1( $B.4, ~bid.8, ~rst.24 ), In( <$A.438, $B.4, m.438> ),
                Fr( ~idx.438 )
                ]
               --[
               SlotAdded( $B.4, ~bid.8, ~idx.438, $A.438, m.438 ),
               Slot2Added( $B.4, ~bid.8, ~rst.24, ~idx.438, $A.438, m.438 )
               ]->
                [
                OpenStage2( $B.4, ~bid.8, ~rst.24 ),
                AddedSlot2( $B.4, ~bid.8, ~rst.24, ~idx.438, $A.438, m.438 )
                ]
    #vf.439: instance (modulo AC) isend:
                [ !KU( <$A.438, $B.4, m.438> ) ]
               --[ K( <$A.438, $B.4, m.438> ) ]->
                [ In( <$A.438, $B.4, m.438> ) ]
    #vf.445: instance (modulo AC) Fresh:
                [ ] --> [ Fr( ~idx.438 ) ]
    #vr.446: instance (modulo AC) AddSlot1:
                [
                OpenStage0( $B.4, ~bid.8, ~rst.24 ), In( <$A1.103, $B.4, m1.103> ),
                Fr( ~idx.447 )
                ]
               --[
               SlotAdded( $B.4, ~bid.8, ~idx.447, $A1.103, m1.103 ),
               Slot1Added( $B.4, ~bid.8, ~rst.24, ~idx.447, $A1.103, m1.103 )
               ]->
                [
                OpenStage1( $B.4, ~bid.8, ~rst.24 ),
                AddedSlot1( $B.4, ~bid.8, ~rst.24, ~idx.447, $A1.103, m1.103 )
                ]
    #vf.448: instance (modulo AC) isend:
                [ !KU( <$A1.103, $B.4, m1.103> ) ]
               --[ K( <$A1.103, $B.4, m1.103> ) ]->
                [ In( <$A1.103, $B.4, m1.103> ) ]
    #vf.454: instance (modulo AC) Fresh:
                [ ] --> [ Fr( ~idx.447 ) ]
    #vr.455: instance (modulo AC) AddSlot2:
                [
                OpenStage1( $B.4, ~bid.8, ~rst.24 ), In( <$A2.103, $B.4, m2.103> ),
                Fr( ~idx.456 )
                ]
               --[
               SlotAdded( $B.4, ~bid.8, ~idx.456, $A2.103, m2.103 ),
               Slot2Added( $B.4, ~bid.8, ~rst.24, ~idx.456, $A2.103, m2.103 )
               ]->
                [
                OpenStage2( $B.4, ~bid.8, ~rst.24 ),
                AddedSlot2( $B.4, ~bid.8, ~rst.24, ~idx.456, $A2.103, m2.103 )
                ]
    #vf.457: instance (modulo AC) isend:
                [ !KU( <$A2.103, $B.4, m2.103> ) ]
               --[ K( <$A2.103, $B.4, m2.103> ) ]->
                [ In( <$A2.103, $B.4, m2.103> ) ]
    #vf.463: instance (modulo AC) Fresh:
                [ ] --> [ Fr( ~idx.456 ) ]
    #vr.464: instance (modulo AC) AddSlot1:
                [
                OpenStage0( $B.4, ~bid.8, ~rst.24 ), In( <$A.465, $B.4, m.465> ),
                Fr( ~idx.465 )
                ]
               --[
               SlotAdded( $B.4, ~bid.8, ~idx.465, $A.465, m.465 ),
               Slot1Added( $B.4, ~bid.8, ~rst.24, ~idx.465, $A.465, m.465 )
               ]->
                [
                OpenStage1( $B.4, ~bid.8, ~rst.24 ),
                AddedSlot1( $B.4, ~bid.8, ~rst.24, ~idx.465, $A.465, m.465 )
                ]
    #vf.466: instance (modulo AC) isend:
                [ !KU( <$A.465, $B.4, m.465> ) ]
               --[ K( <$A.465, $B.4, m.465> ) ]->
                [ In( <$A.465, $B.4, m.465> ) ]
    #vf.472: instance (modulo AC) Fresh:
                [ ] --> [ Fr( ~idx.465 ) ]
    #vr.476: instance (modulo AC) AddSlot1:
                [
                OpenStage0( $B.4, ~bid.8, ~rst.24 ), In( <$A.477, $B.4, m.477> ),
                Fr( ~idx.477 )
                ]
               --[
               SlotAdded( $B.4, ~bid.8, ~idx.477, $A.477, m.477 ),
               Slot1Added( $B.4, ~bid.8, ~rst.24, ~idx.477, $A.477, m.477 )
               ]->
                [
                OpenStage1( $B.4, ~bid.8, ~rst.24 ),
                AddedSlot1( $B.4, ~bid.8, ~rst.24, ~idx.477, $A.477, m.477 )
                ]
    #vf.478: instance (modulo AC) isend:
                [ !KU( <$A.477, $B.4, m.477> ) ]
               --[ K( <$A.477, $B.4, m.477> ) ]->
                [ In( <$A.477, $B.4, m.477> ) ]
    #vf.484: instance (modulo AC) Fresh:
                [ ] --> [ Fr( ~idx.477 ) ]
    #vf.551: instance (modulo AC) isend:
                [ !KU( <$A.353, $B.4, m.353> ) ]
               --[ K( <$A.353, $B.4, m.353> ) ]->
                [ In( <$A.353, $B.4, m.353> ) ]
    #vf.557: instance (modulo AC) Fresh:
                [ ] --> [ Fr( ~idx.353 ) ]
    #vf.560: instance (modulo AC) isend:
                [ !KU( <$A1.45, $B.4, m1.45> ) ]
               --[ K( <$A1.45, $B.4, m1.45> ) ]->
                [ In( <$A1.45, $B.4, m1.45> ) ]
    #vf.569: instance (modulo AC) isend:
                [ !KU( <$A2.45, $B.4, m2.45> ) ]
               --[ K( <$A2.45, $B.4, m2.45> ) ]->
                [ In( <$A2.45, $B.4, m2.45> ) ]
    #vf.578: instance (modulo AC) isend:
                [ !KU( <$A.380, $B.4, m.380> ) ]
               --[ K( <$A.380, $B.4, m.380> ) ]->
                [ In( <$A.380, $B.4, m.380> ) ]
    #vf.584: instance (modulo AC) Fresh:
                [ ] --> [ Fr( ~idx.380 ) ]
    #vf.587: instance (modulo AC) isend:
                [ !KU( <$A1.99, $B.4, m1.99> ) ]
               --[ K( <$A1.99, $B.4, m1.99> ) ]->
                [ In( <$A1.99, $B.4, m1.99> ) ]
    #vf.596: instance (modulo AC) isend:
                [ !KU( <$A2.99, $B.4, m2.99> ) ]
               --[ K( <$A2.99, $B.4, m2.99> ) ]->
                [ In( <$A2.99, $B.4, m2.99> ) ]
    #vf.605: instance (modulo AC) isend:
                [ !KU( <$A.407, $B.4, m.407> ) ]
               --[ K( <$A.407, $B.4, m.407> ) ]->
                [ In( <$A.407, $B.4, m.407> ) ]
    #vf.611: instance (modulo AC) Fresh:
                [ ] --> [ Fr( ~idx.407 ) ]
    #vf.627: instance (modulo AC) isend:
                [ !KU( <$A2.47, $B.4, m2.47> ) ]
               --[ K( <$A2.47, $B.4, m2.47> ) ]->
                [ In( <$A2.47, $B.4, m2.47> ) ]
    #vf.636: instance (modulo AC) isend:
                [ !KU( <$A.438, $B.4, m.438> ) ]
               --[ K( <$A.438, $B.4, m.438> ) ]->
                [ In( <$A.438, $B.4, m.438> ) ]
    #vf.642: instance (modulo AC) Fresh:
                [ ] --> [ Fr( ~idx.438 ) ]
    #vf.645: instance (modulo AC) isend:
                [ !KU( <$A1.103, $B.4, m1.103> ) ]
               --[ K( <$A1.103, $B.4, m1.103> ) ]->
                [ In( <$A1.103, $B.4, m1.103> ) ]
    #vf.654: instance (modulo AC) isend:
                [ !KU( <$A2.103, $B.4, m2.103> ) ]
               --[ K( <$A2.103, $B.4, m2.103> ) ]->
                [ In( <$A2.103, $B.4, m2.103> ) ]
  actions:
    !KU( <$A.111, $B.4, m.111> ) @ #vk.113, !KU( $A.111 ) @ #vk.114,
    !KU( <$B.4, m.111> ) @ #vk.115, !KU( $B.4 ) @ #vk.116,
    !KU( m.111 ) @ #vk.117,
    !KU( <$A.11, $B.4, ct_l($A.11, $B.4, ~rst.24, ~rl.31), 
          ct_k($A.11, $B.4, ~rst.24, ~rk.31), 
          ct_s($A.11, $B.4, ~sst.72, ~rst.24, ~rs.31)>
    ) @ #vk.122,
    !KU( $A.11 ) @ #vk.123,
    !KU( <$B.4, ct_l($A.11, $B.4, ~rst.24, ~rl.31), 
          ct_k($A.11, $B.4, ~rst.24, ~rk.31), 
          ct_s($A.11, $B.4, ~sst.72, ~rst.24, ~rs.31)>
    ) @ #vk.124,
    !KU( <ct_l($A.11, $B.4, ~rst.24, ~rl.31), 
          ct_k($A.11, $B.4, ~rst.24, ~rk.31), 
          ct_s($A.11, $B.4, ~sst.72, ~rst.24, ~rs.31)>
    ) @ #vk.126,
    !KU( <$A.6, $B.4, ct_l($A.6, $B.4, ~rst.24, ~rl.19), 
          ct_k($A.6, $B.4, ~rst.24, ~rk.19), 
          ct_s($A.6, $B.4, ~sst.58, ~rst.24, ~rs.19)>
    ) @ #vk.131,
    !KU( $A.6 ) @ #vk.132,
    !KU( <$B.4, ct_l($A.6, $B.4, ~rst.24, ~rl.19), 
          ct_k($A.6, $B.4, ~rst.24, ~rk.19), 
          ct_s($A.6, $B.4, ~sst.58, ~rst.24, ~rs.19)>
    ) @ #vk.133,
    !KU( <ct_l($A.6, $B.4, ~rst.24, ~rl.19), 
          ct_k($A.6, $B.4, ~rst.24, ~rk.19), 
          ct_s($A.6, $B.4, ~sst.58, ~rst.24, ~rs.19)>
    ) @ #vk.135,
    !KU( ct_l($A.6, $B.4, ~rst.24, ~rl.19) ) @ #vk.137,
    !KU( <ct_k($A.6, $B.4, ~rst.24, ~rk.19), 
          ct_s($A.6, $B.4, ~sst.58, ~rst.24, ~rs.19)>
    ) @ #vk.138,
    !KU( ct_k($A.6, $B.4, ~rst.24, ~rk.19) ) @ #vk.139,
    !KU( ct_s($A.6, $B.4, ~sst.58, ~rst.24, ~rs.19) ) @ #vk.140,
    !KU( ct_l($A.11, $B.4, ~rst.24, ~rl.31) ) @ #vk.240,
    !KU( <ct_k($A.11, $B.4, ~rst.24, ~rk.31), 
          ct_s($A.11, $B.4, ~sst.72, ~rst.24, ~rs.31)>
    ) @ #vk.241,
    !KU( ct_k($A.11, $B.4, ~rst.24, ~rk.31) ) @ #vk.242,
    !KU( ct_s($A.11, $B.4, ~sst.72, ~rst.24, ~rs.31) ) @ #vk.243,
    !KU( <$A.353, $B.4, m.353> ) @ #vk.355, !KU( $A.353 ) @ #vk.356,
    !KU( <$B.4, m.353> ) @ #vk.357, !KU( m.353 ) @ #vk.359,
    !KU( <$A1.45, $B.4, m1.45> ) @ #vk.364, !KU( $A1.45 ) @ #vk.365,
    !KU( <$B.4, m1.45> ) @ #vk.366, !KU( m1.45 ) @ #vk.368,
    !KU( <$A2.45, $B.4, m2.45> ) @ #vk.373, !KU( $A2.45 ) @ #vk.374,
    !KU( <$B.4, m2.45> ) @ #vk.375, !KU( m2.45 ) @ #vk.377,
    !KU( <$A.380, $B.4, m.380> ) @ #vk.382, !KU( $A.380 ) @ #vk.383,
    !KU( <$B.4, m.380> ) @ #vk.384, !KU( m.380 ) @ #vk.386,
    !KU( <$A1.99, $B.4, m1.99> ) @ #vk.391, !KU( $A1.99 ) @ #vk.392,
    !KU( <$B.4, m1.99> ) @ #vk.393, !KU( m1.99 ) @ #vk.395,
    !KU( <$A2.99, $B.4, m2.99> ) @ #vk.400, !KU( $A2.99 ) @ #vk.401,
    !KU( <$B.4, m2.99> ) @ #vk.402, !KU( m2.99 ) @ #vk.404,
    !KU( <$A.407, $B.4, m.407> ) @ #vk.409, !KU( $A.407 ) @ #vk.410,
    !KU( <$B.4, m.407> ) @ #vk.411, !KU( m.407 ) @ #vk.413,
    !KU( <$A.15, $B.4, ct_l($A.15, $B.4, ~rst.24, ~rl.49), 
          ct_k($A.15, $B.4, ~rst.24, ~rk.49), 
          ct_s($A.15, $B.4, ~sst.105, ~rst.24, ~rs.49)>
    ) @ #vk.418,
    !KU( $A.15 ) @ #vk.419,
    !KU( <$B.4, ct_l($A.15, $B.4, ~rst.24, ~rl.49), 
          ct_k($A.15, $B.4, ~rst.24, ~rk.49), 
          ct_s($A.15, $B.4, ~sst.105, ~rst.24, ~rs.49)>
    ) @ #vk.420,
    !KU( <ct_l($A.15, $B.4, ~rst.24, ~rl.49), 
          ct_k($A.15, $B.4, ~rst.24, ~rk.49), 
          ct_s($A.15, $B.4, ~sst.105, ~rst.24, ~rs.49)>
    ) @ #vk.422,
    !KU( ct_l($A.15, $B.4, ~rst.24, ~rl.49) ) @ #vk.424,
    !KU( <ct_k($A.15, $B.4, ~rst.24, ~rk.49), 
          ct_s($A.15, $B.4, ~sst.105, ~rst.24, ~rs.49)>
    ) @ #vk.425,
    !KU( ct_k($A.15, $B.4, ~rst.24, ~rk.49) ) @ #vk.426,
    !KU( ct_s($A.15, $B.4, ~sst.105, ~rst.24, ~rs.49) ) @ #vk.427,
    !KU( <$A2.47, $B.4, m2.47> ) @ #vk.431, !KU( $A2.47 ) @ #vk.432,
    !KU( <$B.4, m2.47> ) @ #vk.433, !KU( m2.47 ) @ #vk.435,
    !KU( <$A.438, $B.4, m.438> ) @ #vk.440, !KU( $A.438 ) @ #vk.441,
    !KU( <$B.4, m.438> ) @ #vk.442, !KU( m.438 ) @ #vk.444,
    !KU( <$A1.103, $B.4, m1.103> ) @ #vk.449, !KU( $A1.103 ) @ #vk.450,
    !KU( <$B.4, m1.103> ) @ #vk.451, !KU( m1.103 ) @ #vk.453,
    !KU( <$A2.103, $B.4, m2.103> ) @ #vk.458, !KU( $A2.103 ) @ #vk.459,
    !KU( <$B.4, m2.103> ) @ #vk.460, !KU( m2.103 ) @ #vk.462,
    !KU( <$A.465, $B.4, m.465> ) @ #vk.467, !KU( $A.465 ) @ #vk.468,
    !KU( <$B.4, m.465> ) @ #vk.469, !KU( m.465 ) @ #vk.471,
    !KU( <$A.477, $B.4, m.477> ) @ #vk.479, !KU( $A.477 ) @ #vk.480,
    !KU( <$B.4, m.477> ) @ #vk.481, !KU( m.477 ) @ #vk.483,
    !KU( <$A.353, $B.4, m.353> ) @ #vk.552, !KU( $A.353 ) @ #vk.553,
    !KU( <$B.4, m.353> ) @ #vk.554, !KU( m.353 ) @ #vk.556,
    !KU( <$A.380, $B.4, m.380> ) @ #vk.579, !KU( $A.380 ) @ #vk.580,
    !KU( <$B.4, m.380> ) @ #vk.581, !KU( m.380 ) @ #vk.583,
    !KU( <$A.407, $B.4, m.407> ) @ #vk.606, !KU( $A.407 ) @ #vk.607,
    !KU( <$B.4, m.407> ) @ #vk.608, !KU( m.407 ) @ #vk.610,
    !KU( <$A.438, $B.4, m.438> ) @ #vk.637, !KU( $A.438 ) @ #vk.638,
    !KU( <$B.4, m.438> ) @ #vk.639, !KU( m.438 ) @ #vk.641
  edges:
    (#vr.3, 1) >--> (#i, 0), (#vr.5, 0) >--> (#vr.3, 0),
    (#vr.5, 1) >--> (#vr.3, 3), (#vr.7, 0) >--> (#vr.119, 0),
    (#vr.7, 1) >--> (#vr.3, 1), (#vf.9, 0) >--> (#vr.7, 1),
    (#vr.10, 1) >--> (#vr.3, 2), (#vr.14, 0) >--> (#vr.5, 0),
    (#vr.16, 0) >--> (#vr.10, 1), (#vr.16, 1) >--> (#vr.5, 1),
    (#vr.16, 2) >--> (#vr.10, 0), (#vr.18, 1) >--> (#vr.5, 2),
    (#vf.20, 0) >--> (#vr.18, 2), (#vf.21, 0) >--> (#vr.18, 3),
    (#vf.22, 0) >--> (#vr.18, 4), (#vr.23, 0) >--> (#vr.7, 0),
    (#vr.23, 1) >--> (#vr.18, 1), (#vr.23, 1) >--> (#vr.30, 1),
    (#vr.23, 1) >--> (#vr.48, 1), (#vf.25, 0) >--> (#vr.23, 0),
    (#vr.30, 1) >--> (#vr.10, 2), (#vf.32, 0) >--> (#vr.30, 2),
    (#vf.33, 0) >--> (#vr.30, 3), (#vf.34, 0) >--> (#vr.30, 4),
    (#vr.44, 2) >--> (#vr.14, 0), (#vr.46, 0) >--> (#vr.14, 1),
    (#vr.48, 1) >--> (#vr.14, 2), (#vf.50, 0) >--> (#vr.48, 2),
    (#vf.51, 0) >--> (#vr.48, 3), (#vf.52, 0) >--> (#vr.48, 4),
    (#vr.53, 0) >--> (#vr.16, 0), (#vr.53, 1) >--> (#vr.16, 1),
    (#vr.57, 0) >--> (#vr.18, 0), (#vf.59, 0) >--> (#vr.57, 0),
    (#vr.71, 0) >--> (#vr.30, 0), (#vf.73, 0) >--> (#vr.71, 0),
    (#vr.96, 0) >--> (#vr.44, 0), (#vr.98, 1) >--> (#vr.44, 1),
    (#vr.100, 0) >--> (#vr.46, 0), (#vr.102, 1) >--> (#vr.46, 1),
    (#vr.104, 0) >--> (#vr.48, 0), (#vf.106, 0) >--> (#vr.104, 0),
    (#vr.110, 0) >--> (#vr.53, 0), (#vf.112, 0) >--> (#vr.110, 1),
    (#vf.118, 0) >--> (#vr.110, 2), (#vr.119, 1) >--> (#vr.53, 1),
    (#vf.121, 0) >--> (#vr.119, 1), (#vf.127, 0) >--> (#vr.119, 2),
    (#vr.128, 1) >--> (#vr.53, 2), (#vf.130, 0) >--> (#vr.128, 1),
    (#vf.136, 0) >--> (#vr.128, 2), (#vr.352, 0) >--> (#vr.96, 0),
    (#vf.354, 0) >--> (#vr.352, 1), (#vf.360, 0) >--> (#vr.352, 2),
    (#vr.361, 1) >--> (#vr.96, 1), (#vf.363, 0) >--> (#vr.361, 1),
    (#vf.369, 0) >--> (#vr.361, 2), (#vr.370, 1) >--> (#vr.96, 2),
    (#vf.372, 0) >--> (#vr.370, 1), (#vf.378, 0) >--> (#vr.370, 2),
    (#vr.379, 0) >--> (#vr.98, 0), (#vf.381, 0) >--> (#vr.379, 1),
    (#vf.387, 0) >--> (#vr.379, 2), (#vr.388, 1) >--> (#vr.98, 1),
    (#vf.390, 0) >--> (#vr.388, 1), (#vf.396, 0) >--> (#vr.388, 2),
    (#vr.397, 1) >--> (#vr.98, 2), (#vf.399, 0) >--> (#vr.397, 1),
    (#vf.405, 0) >--> (#vr.397, 2), (#vr.406, 0) >--> (#vr.100, 0),
    (#vf.408, 0) >--> (#vr.406, 1), (#vf.414, 0) >--> (#vr.406, 2),
    (#vr.415, 1) >--> (#vr.100, 1), (#vf.417, 0) >--> (#vr.415, 1),
    (#vf.423, 0) >--> (#vr.415, 2), (#vr.428, 1) >--> (#vr.100, 2),
    (#vf.430, 0) >--> (#vr.428, 1), (#vf.436, 0) >--> (#vr.428, 2),
    (#vr.437, 0) >--> (#vr.102, 0), (#vf.439, 0) >--> (#vr.437, 1),
    (#vf.445, 0) >--> (#vr.437, 2), (#vr.446, 1) >--> (#vr.102, 1),
    (#vf.448, 0) >--> (#vr.446, 1), (#vf.454, 0) >--> (#vr.446, 2),
    (#vr.455, 1) >--> (#vr.102, 2), (#vf.457, 0) >--> (#vr.455, 1),
    (#vf.463, 0) >--> (#vr.455, 2), (#vr.464, 0) >--> (#vr.110, 0),
    (#vf.466, 0) >--> (#vr.464, 1), (#vf.472, 0) >--> (#vr.464, 2),
    (#vr.476, 0) >--> (#vr.128, 0), (#vf.478, 0) >--> (#vr.476, 1),
    (#vf.484, 0) >--> (#vr.476, 2), (#vf.551, 0) >--> (#vr.352, 1),
    (#vf.557, 0) >--> (#vr.352, 2), (#vf.560, 0) >--> (#vr.361, 1),
    (#vf.569, 0) >--> (#vr.370, 1), (#vf.578, 0) >--> (#vr.379, 1),
    (#vf.584, 0) >--> (#vr.379, 2), (#vf.587, 0) >--> (#vr.388, 1),
    (#vf.596, 0) >--> (#vr.397, 1), (#vf.605, 0) >--> (#vr.406, 1),
    (#vf.611, 0) >--> (#vr.406, 2), (#vf.627, 0) >--> (#vr.428, 1),
    (#vf.636, 0) >--> (#vr.437, 1), (#vf.642, 0) >--> (#vr.437, 2),
    (#vf.645, 0) >--> (#vr.446, 1), (#vf.654, 0) >--> (#vr.455, 1)
  less:
    #vr.7 < #vr.3: induced by fresh value,
    #vr.7 < #vr.5: induced by fresh value,
    #vr.7 < #vr.10: induced by fresh value,
    #vr.7 < #vr.14: induced by fresh value,
    #vr.7 < #vr.16: induced by fresh value,
    #vr.7 < #vr.44: induced by fresh value,
    #vr.7 < #vr.46: induced by fresh value,
    #vr.7 < #vr.53: induced by fresh value,
    #vr.7 < #vr.96: induced by fresh value,
    #vr.7 < #vr.98: induced by fresh value,
    #vr.7 < #vr.100: induced by fresh value,
    #vr.7 < #vr.102: induced by fresh value,
    #vr.7 < #vr.110: induced by fresh value,
    #vr.7 < #vr.119: induced by fresh value,
    #vr.7 < #vr.128: induced by fresh value,
    #vr.7 < #vr.352: induced by fresh value,
    #vr.7 < #vr.361: induced by fresh value,
    #vr.7 < #vr.370: induced by fresh value,
    #vr.7 < #vr.379: induced by fresh value,
    #vr.7 < #vr.388: induced by fresh value,
    #vr.7 < #vr.397: induced by fresh value,
    #vr.7 < #vr.406: induced by fresh value,
    #vr.7 < #vr.415: induced by fresh value,
    #vr.7 < #vr.428: induced by fresh value,
    #vr.7 < #vr.437: induced by fresh value,
    #vr.7 < #vr.446: induced by fresh value,
    #vr.7 < #vr.455: induced by fresh value,
    #vr.7 < #vr.464: induced by fresh value,
    #vr.7 < #vr.476: induced by fresh value,
    #vr.18 < #vr.5: induced by fresh value,
    #vr.18 < #vr.16: induced by fresh value,
    #vr.18 < #vr.53: induced by fresh value,
    #vr.18 < #vr.128: induced by fresh value,
    #vr.18 < #vf.130: induced by fresh value,
    #vr.23 < #vr.3: induced by fresh value,
    #vr.23 < #vr.5: induced by fresh value,
    #vr.23 < #vr.7: induced by fresh value,
    #vr.23 < #vr.10: induced by fresh value,
    #vr.23 < #vr.14: induced by fresh value,
    #vr.23 < #vr.16: induced by fresh value,
    #vr.23 < #vr.18: induced by fresh value,
    #vr.23 < #vr.30: induced by fresh value,
    #vr.23 < #vr.44: induced by fresh value,
    #vr.23 < #vr.46: induced by fresh value,
    #vr.23 < #vr.48: induced by fresh value,
    #vr.23 < #vr.53: induced by fresh value,
    #vr.23 < #vr.96: induced by fresh value,
    #vr.23 < #vr.98: induced by fresh value,
    #vr.23 < #vr.100: induced by fresh value,
    #vr.23 < #vr.102: induced by fresh value,
    #vr.23 < #vr.110: induced by fresh value,
    #vr.23 < #vr.119: induced by fresh value,
    #vr.23 < #vf.121: induced by fresh value,
    #vr.23 < #vr.128: induced by fresh value,
    #vr.23 < #vf.130: induced by fresh value,
    #vr.23 < #vr.352: induced by fresh value,
    #vr.23 < #vr.361: induced by fresh value,
    #vr.23 < #vr.370: induced by fresh value,
    #vr.23 < #vr.379: induced by fresh value,
    #vr.23 < #vr.388: induced by fresh value,
    #vr.23 < #vr.397: induced by fresh value,
    #vr.23 < #vr.406: induced by fresh value,
    #vr.23 < #vr.415: induced by fresh value,
    #vr.23 < #vf.417: induced by fresh value,
    #vr.23 < #vr.428: induced by fresh value,
    #vr.23 < #vr.437: induced by fresh value,
    #vr.23 < #vr.446: induced by fresh value,
    #vr.23 < #vr.455: induced by fresh value,
    #vr.23 < #vr.464: induced by fresh value,
    #vr.23 < #vr.476: induced by fresh value,
    #vr.30 < #vr.10: induced by fresh value,
    #vr.30 < #vr.16: induced by fresh value,
    #vr.30 < #vr.53: induced by fresh value,
    #vr.30 < #vr.119: induced by fresh value,
    #vr.30 < #vf.121: induced by fresh value,
    #vr.48 < #vr.14: induced by fresh value,
    #vr.48 < #vr.46: induced by fresh value,
    #vr.48 < #vr.100: induced by fresh value,
    #vr.48 < #vr.415: induced by fresh value,
    #vr.48 < #vf.417: induced by fresh value,
    #vr.57 < #vr.5: induced by fresh value,
    #vr.57 < #vr.16: induced by fresh value,
    #vr.57 < #vr.18: induced by fresh value,
    #vr.57 < #vr.53: induced by fresh value,
    #vr.57 < #vr.128: induced by fresh value,
    #vr.57 < #vf.130: induced by fresh value,
    #vr.71 < #vr.10: induced by fresh value,
    #vr.71 < #vr.16: induced by fresh value,
    #vr.71 < #vr.30: induced by fresh value,
    #vr.71 < #vr.53: induced by fresh value,
    #vr.71 < #vr.119: induced by fresh value,
    #vr.71 < #vf.121: induced by fresh value,
    #vr.104 < #vr.14: induced by fresh value,
    #vr.104 < #vr.46: induced by fresh value,
    #vr.104 < #vr.48: induced by fresh value,
    #vr.104 < #vr.100: induced by fresh value,
    #vr.104 < #vr.415: induced by fresh value,
    #vr.104 < #vf.417: induced by fresh value,
    #vk.113 < #vf.112: induced by adversary,
    #vk.114 < #vk.113: induced by adversary,
    #vk.115 < #vk.113: induced by adversary,
    #vk.116 < #vk.115: induced by adversary,
    #vk.116 < #vk.124: induced by adversary,
    #vk.116 < #vk.133: induced by adversary,
    #vk.116 < #vk.357: induced by adversary,
    #vk.116 < #vk.366: induced by adversary,
    #vk.116 < #vk.375: induced by adversary,
    #vk.116 < #vk.384: induced by adversary,
    #vk.116 < #vk.393: induced by adversary,
    #vk.116 < #vk.402: induced by adversary,
    #vk.116 < #vk.411: induced by adversary,
    #vk.116 < #vk.420: induced by adversary,
    #vk.116 < #vk.433: induced by adversary,
    #vk.116 < #vk.442: induced by adversary,
    #vk.116 < #vk.451: induced by adversary,
    #vk.116 < #vk.460: induced by adversary,
    #vk.116 < #vk.469: induced by adversary,
    #vk.116 < #vk.481: induced by adversary,
    #vk.116 < #vk.554: induced by adversary,
    #vk.116 < #vk.581: induced by adversary,
    #vk.116 < #vk.608: induced by adversary,
    #vk.116 < #vk.639: induced by adversary,
    #vk.117 < #vk.115: induced by adversary,
    #vr.119 < #vr.10: induced by fresh value,
    #vr.119 < #vr.16: induced by fresh value,
    #vr.119 < #vr.53: induced by fresh value,
    #vk.122 < #vf.121: induced by adversary,
    #vk.123 < #vk.122: induced by adversary,
    #vk.124 < #vk.122: induced by adversary,
    #vk.126 < #vk.124: induced by adversary,
    #vr.128 < #vr.5: induced by fresh value,
    #vr.128 < #vr.16: induced by fresh value,
    #vr.128 < #vr.53: induced by fresh value,
    #vk.131 < #vf.130: induced by adversary,
    #vk.132 < #vk.131: induced by adversary,
    #vk.133 < #vk.131: induced by adversary,
    #vk.135 < #vk.133: induced by adversary,
    #vk.137 < #vk.135: induced by adversary,
    #vk.138 < #vk.135: induced by adversary,
    #vk.139 < #vk.138: induced by adversary,
    #vk.140 < #vk.138: induced by adversary,
    #vk.240 < #vk.126: induced by adversary,
    #vk.241 < #vk.126: induced by adversary,
    #vk.242 < #vk.241: induced by adversary,
    #vk.243 < #vk.241: induced by adversary,
    #vk.355 < #vf.354: induced by adversary,
    #vk.356 < #vk.355: induced by adversary,
    #vk.357 < #vk.355: induced by adversary,
    #vk.359 < #vk.357: induced by adversary,
    #vr.361 < #vr.44: induced by fresh value,
    #vr.361 < #vr.96: induced by fresh value,
    #vk.364 < #vf.363: induced by adversary,
    #vk.364 < #vf.560: induced by adversary,
    #vk.365 < #vk.364: induced by adversary,
    #vk.366 < #vk.364: induced by adversary,
    #vk.368 < #vk.366: induced by adversary,
    #vr.370 < #vr.44: induced by fresh value,
    #vr.370 < #vr.96: induced by fresh value,
    #vk.373 < #vf.372: induced by adversary,
    #vk.373 < #vf.569: induced by adversary,
    #vk.374 < #vk.373: induced by adversary,
    #vk.375 < #vk.373: induced by adversary,
    #vk.377 < #vk.375: induced by adversary,
    #vk.382 < #vf.381: induced by adversary,
    #vk.383 < #vk.382: induced by adversary,
    #vk.384 < #vk.382: induced by adversary,
    #vk.386 < #vk.384: induced by adversary,
    #vr.388 < #vr.98: induced by fresh value,
    #vk.391 < #vf.390: induced by adversary,
    #vk.391 < #vf.587: induced by adversary,
    #vk.392 < #vk.391: induced by adversary,
    #vk.393 < #vk.391: induced by adversary,
    #vk.395 < #vk.393: induced by adversary,
    #vr.397 < #vr.98: induced by fresh value,
    #vk.400 < #vf.399: induced by adversary,
    #vk.400 < #vf.596: induced by adversary,
    #vk.401 < #vk.400: induced by adversary,
    #vk.402 < #vk.400: induced by adversary,
    #vk.404 < #vk.402: induced by adversary,
    #vk.409 < #vf.408: induced by adversary,
    #vk.410 < #vk.409: induced by adversary,
    #vk.411 < #vk.409: induced by adversary,
    #vk.413 < #vk.411: induced by adversary,
    #vr.415 < #vr.14: induced by fresh value,
    #vr.415 < #vr.46: induced by fresh value,
    #vr.415 < #vr.100: induced by fresh value,
    #vk.418 < #vf.417: induced by adversary,
    #vk.419 < #vk.418: induced by adversary,
    #vk.420 < #vk.418: induced by adversary,
    #vk.422 < #vk.420: induced by adversary,
    #vk.424 < #vk.422: induced by adversary,
    #vk.425 < #vk.422: induced by adversary,
    #vk.426 < #vk.425: induced by adversary,
    #vk.427 < #vk.425: induced by adversary,
    #vr.428 < #vr.46: induced by fresh value,
    #vr.428 < #vr.100: induced by fresh value,
    #vk.431 < #vf.430: induced by adversary,
    #vk.431 < #vf.627: induced by adversary,
    #vk.432 < #vk.431: induced by adversary,
    #vk.433 < #vk.431: induced by adversary,
    #vk.435 < #vk.433: induced by adversary,
    #vk.440 < #vf.439: induced by adversary,
    #vk.441 < #vk.440: induced by adversary,
    #vk.442 < #vk.440: induced by adversary,
    #vk.444 < #vk.442: induced by adversary,
    #vr.446 < #vr.102: induced by fresh value,
    #vk.449 < #vf.448: induced by adversary,
    #vk.449 < #vf.645: induced by adversary,
    #vk.450 < #vk.449: induced by adversary,
    #vk.451 < #vk.449: induced by adversary,
    #vk.453 < #vk.451: induced by adversary,
    #vr.455 < #vr.102: induced by fresh value,
    #vk.458 < #vf.457: induced by adversary,
    #vk.458 < #vf.654: induced by adversary,
    #vk.459 < #vk.458: induced by adversary,
    #vk.460 < #vk.458: induced by adversary,
    #vk.462 < #vk.460: induced by adversary,
    #vk.467 < #vf.466: induced by adversary,
    #vk.468 < #vk.467: induced by adversary,
    #vk.469 < #vk.467: induced by adversary,
    #vk.471 < #vk.469: induced by adversary,
    #vk.479 < #vf.478: induced by adversary,
    #vk.480 < #vk.479: induced by adversary,
    #vk.481 < #vk.479: induced by adversary,
    #vk.483 < #vk.481: induced by adversary,
    #vk.552 < #vf.551: induced by adversary,
    #vk.553 < #vk.552: induced by adversary,
    #vk.554 < #vk.552: induced by adversary,
    #vk.556 < #vk.554: induced by adversary,
    #vk.579 < #vf.578: induced by adversary,
    #vk.580 < #vk.579: induced by adversary,
    #vk.581 < #vk.579: induced by adversary,
    #vk.583 < #vk.581: induced by adversary,
    #vk.606 < #vf.605: induced by adversary,
    #vk.607 < #vk.606: induced by adversary,
    #vk.608 < #vk.606: induced by adversary,
    #vk.610 < #vk.608: induced by adversary,
    #vk.637 < #vf.636: induced by adversary,
    #vk.638 < #vk.637: induced by adversary,
    #vk.639 < #vk.637: induced by adversary,
    #vk.641 < #vk.639: induced by adversary
  unsolved constraints:
    !KU( <$A.111, $B.4, m.111>
    ) @ #vk.113 // nr: 126" (probably constructible)"
    
    !KU( $A.111 ) @ #vk.114 // nr: 127" (currently deducible)"
    
    !KU( <$B.4, m.111>
    ) @ #vk.115 // nr: 128" (probably constructible)"
    
    !KU( $B.4 ) @ #vk.116 // nr: 129" (currently deducible)"
    
    !KU( m.111 ) @ #vk.117 // nr: 130" (probably constructible)"
    
    !KU( <$A.11, $B.4, ct_l($A.11, $B.4, ~rst.24, ~rl.31), 
          ct_k($A.11, $B.4, ~rst.24, ~rk.31), 
          ct_s($A.11, $B.4, ~sst.72, ~rst.24, ~rs.31)>
    ) @ #vk.122 // nr: 133" (currently deducible)"
    
    !KU( $A.11 ) @ #vk.123 // nr: 134" (currently deducible)"
    
    !KU( <$B.4, ct_l($A.11, $B.4, ~rst.24, ~rl.31), 
          ct_k($A.11, $B.4, ~rst.24, ~rk.31), 
          ct_s($A.11, $B.4, ~sst.72, ~rst.24, ~rs.31)>
    ) @ #vk.124 // nr: 135" (currently deducible)"
    
    !KU( <ct_l($A.11, $B.4, ~rst.24, ~rl.31), 
          ct_k($A.11, $B.4, ~rst.24, ~rk.31), 
          ct_s($A.11, $B.4, ~sst.72, ~rst.24, ~rs.31)>
    ) @ #vk.126 // nr: 234" (currently deducible)"
    
    !KU( <$A.6, $B.4, ct_l($A.6, $B.4, ~rst.24, ~rl.19), 
          ct_k($A.6, $B.4, ~rst.24, ~rk.19), 
          ct_s($A.6, $B.4, ~sst.58, ~rst.24, ~rs.19)>
    ) @ #vk.131 // nr: 141" (currently deducible)"
    
    !KU( $A.6 ) @ #vk.132 // nr: 142" (currently deducible)"
    
    !KU( <$B.4, ct_l($A.6, $B.4, ~rst.24, ~rl.19), 
          ct_k($A.6, $B.4, ~rst.24, ~rk.19), 
          ct_s($A.6, $B.4, ~sst.58, ~rst.24, ~rs.19)>
    ) @ #vk.133 // nr: 143" (currently deducible)"
    
    !KU( <ct_l($A.6, $B.4, ~rst.24, ~rl.19), 
          ct_k($A.6, $B.4, ~rst.24, ~rk.19), 
          ct_s($A.6, $B.4, ~sst.58, ~rst.24, ~rs.19)>
    ) @ #vk.135 // nr: 146" (currently deducible)"
    
    !KU( ct_l($A.6, $B.4, ~rst.24, ~rl.19)
    ) @ #vk.137 // nr: 147" (currently deducible)"
    
    !KU( <ct_k($A.6, $B.4, ~rst.24, ~rk.19), 
          ct_s($A.6, $B.4, ~sst.58, ~rst.24, ~rs.19)>
    ) @ #vk.138 // nr: 148" (currently deducible)"
    
    !KU( ct_k($A.6, $B.4, ~rst.24, ~rk.19)
    ) @ #vk.139 // nr: 149" (currently deducible)"
    
    !KU( ct_s($A.6, $B.4, ~sst.58, ~rst.24, ~rs.19)
    ) @ #vk.140 // nr: 150" (currently deducible)"
    
    !KU( ct_l($A.11, $B.4, ~rst.24, ~rl.31)
    ) @ #vk.240 // nr: 235" (currently deducible)"
    
    !KU( <ct_k($A.11, $B.4, ~rst.24, ~rk.31), 
          ct_s($A.11, $B.4, ~sst.72, ~rst.24, ~rs.31)>
    ) @ #vk.241 // nr: 236" (currently deducible)"
    
    !KU( ct_k($A.11, $B.4, ~rst.24, ~rk.31)
    ) @ #vk.242 // nr: 237" (currently deducible)"
    
    !KU( ct_s($A.11, $B.4, ~sst.72, ~rst.24, ~rs.31)
    ) @ #vk.243 // nr: 238" (currently deducible)"
    
    !KU( <$A.353, $B.4, m.353>
    ) @ #vk.355 // nr: 340" (probably constructible)"
    
    !KU( $A.353 ) @ #vk.356 // nr: 341" (currently deducible)"
    
    !KU( <$B.4, m.353>
    ) @ #vk.357 // nr: 342" (probably constructible)"
    
    !KU( m.353 ) @ #vk.359 // nr: 344" (probably constructible)"
    
    !KU( <$A1.45, $B.4, m1.45>
    ) @ #vk.364 // nr: 347" (probably constructible)"
    
    !KU( $A1.45 ) @ #vk.365 // nr: 348" (currently deducible)"
    
    !KU( <$B.4, m1.45>
    ) @ #vk.366 // nr: 349" (probably constructible)"
    
    !KU( m1.45 ) @ #vk.368 // nr: 352" (probably constructible)"
    
    !KU( <$A2.45, $B.4, m2.45>
    ) @ #vk.373 // nr: 355" (probably constructible)"
    
    !KU( $A2.45 ) @ #vk.374 // nr: 356" (currently deducible)"
    
    !KU( <$B.4, m2.45>
    ) @ #vk.375 // nr: 357" (probably constructible)"
    
    !KU( m2.45 ) @ #vk.377 // nr: 360" (probably constructible)"
    
    !KU( <$A.380, $B.4, m.380>
    ) @ #vk.382 // nr: 363" (probably constructible)"
    
    !KU( $A.380 ) @ #vk.383 // nr: 364" (currently deducible)"
    
    !KU( <$B.4, m.380>
    ) @ #vk.384 // nr: 365" (probably constructible)"
    
    !KU( m.380 ) @ #vk.386 // nr: 367" (probably constructible)"
    
    !KU( <$A1.99, $B.4, m1.99>
    ) @ #vk.391 // nr: 370" (probably constructible)"
    
    !KU( $A1.99 ) @ #vk.392 // nr: 371" (currently deducible)"
    
    !KU( <$B.4, m1.99>
    ) @ #vk.393 // nr: 372" (probably constructible)"
    
    !KU( m1.99 ) @ #vk.395 // nr: 375" (probably constructible)"
    
    !KU( <$A2.99, $B.4, m2.99>
    ) @ #vk.400 // nr: 378" (probably constructible)"
    
    !KU( $A2.99 ) @ #vk.401 // nr: 379" (currently deducible)"
    
    !KU( <$B.4, m2.99>
    ) @ #vk.402 // nr: 380" (probably constructible)"
    
    !KU( m2.99 ) @ #vk.404 // nr: 383" (probably constructible)"
    
    !KU( <$A.407, $B.4, m.407>
    ) @ #vk.409 // nr: 386" (probably constructible)"
    
    !KU( $A.407 ) @ #vk.410 // nr: 387" (currently deducible)"
    
    !KU( <$B.4, m.407>
    ) @ #vk.411 // nr: 388" (probably constructible)"
    
    !KU( m.407 ) @ #vk.413 // nr: 390" (probably constructible)"
    
    !KU( <$A.15, $B.4, ct_l($A.15, $B.4, ~rst.24, ~rl.49), 
          ct_k($A.15, $B.4, ~rst.24, ~rk.49), 
          ct_s($A.15, $B.4, ~sst.105, ~rst.24, ~rs.49)>
    ) @ #vk.418 // nr: 393" (currently deducible)"
    
    !KU( $A.15 ) @ #vk.419 // nr: 394" (currently deducible)"
    
    !KU( <$B.4, ct_l($A.15, $B.4, ~rst.24, ~rl.49), 
          ct_k($A.15, $B.4, ~rst.24, ~rk.49), 
          ct_s($A.15, $B.4, ~sst.105, ~rst.24, ~rs.49)>
    ) @ #vk.420 // nr: 395" (currently deducible)"
    
    !KU( <ct_l($A.15, $B.4, ~rst.24, ~rl.49), 
          ct_k($A.15, $B.4, ~rst.24, ~rk.49), 
          ct_s($A.15, $B.4, ~sst.105, ~rst.24, ~rs.49)>
    ) @ #vk.422 // nr: 398" (currently deducible)"
    
    !KU( ct_l($A.15, $B.4, ~rst.24, ~rl.49)
    ) @ #vk.424 // nr: 399" (currently deducible)"
    
    !KU( <ct_k($A.15, $B.4, ~rst.24, ~rk.49), 
          ct_s($A.15, $B.4, ~sst.105, ~rst.24, ~rs.49)>
    ) @ #vk.425 // nr: 400" (currently deducible)"
    
    !KU( ct_k($A.15, $B.4, ~rst.24, ~rk.49)
    ) @ #vk.426 // nr: 401" (currently deducible)"
    
    !KU( ct_s($A.15, $B.4, ~sst.105, ~rst.24, ~rs.49)
    ) @ #vk.427 // nr: 402" (currently deducible)"
    
    !KU( <$A2.47, $B.4, m2.47>
    ) @ #vk.431 // nr: 405" (probably constructible)"
    
    !KU( $A2.47 ) @ #vk.432 // nr: 406" (currently deducible)"
    
    !KU( <$B.4, m2.47>
    ) @ #vk.433 // nr: 407" (probably constructible)"
    
    !KU( m2.47 ) @ #vk.435 // nr: 410" (probably constructible)"
    
    !KU( <$A.438, $B.4, m.438>
    ) @ #vk.440 // nr: 413" (probably constructible)"
    
    !KU( $A.438 ) @ #vk.441 // nr: 414" (currently deducible)"
    
    !KU( <$B.4, m.438>
    ) @ #vk.442 // nr: 415" (probably constructible)"
    
    !KU( m.438 ) @ #vk.444 // nr: 417" (probably constructible)"
    
    !KU( <$A1.103, $B.4, m1.103>
    ) @ #vk.449 // nr: 420" (probably constructible)"
    
    !KU( $A1.103 ) @ #vk.450 // nr: 421" (currently deducible)"
    
    !KU( <$B.4, m1.103>
    ) @ #vk.451 // nr: 422" (probably constructible)"
    
    !KU( m1.103 ) @ #vk.453 // nr: 425" (probably constructible)"
    
    !KU( <$A2.103, $B.4, m2.103>
    ) @ #vk.458 // nr: 428" (probably constructible)"
    
    !KU( $A2.103 ) @ #vk.459 // nr: 429" (currently deducible)"
    
    !KU( <$B.4, m2.103>
    ) @ #vk.460 // nr: 430" (probably constructible)"
    
    !KU( m2.103 ) @ #vk.462 // nr: 433" (probably constructible)"
    
    !KU( <$A.465, $B.4, m.465>
    ) @ #vk.467 // nr: 436" (probably constructible)"
    
    !KU( $A.465 ) @ #vk.468 // nr: 437" (currently deducible)"
    
    !KU( <$B.4, m.465>
    ) @ #vk.469 // nr: 438" (probably constructible)"
    
    !KU( m.465 ) @ #vk.471 // nr: 440" (probably constructible)"
    
    !KU( <$A.477, $B.4, m.477>
    ) @ #vk.479 // nr: 445" (probably constructible)"
    
    !KU( $A.477 ) @ #vk.480 // nr: 446" (currently deducible)"
    
    !KU( <$B.4, m.477>
    ) @ #vk.481 // nr: 447" (probably constructible)"
    
    !KU( m.477 ) @ #vk.483 // nr: 449" (probably constructible)"
    
    !KU( <$A.353, $B.4, m.353>
    ) @ #vk.552 // nr: 525" (probably constructible)"
    
    !KU( $A.353 ) @ #vk.553 // nr: 526" (currently deducible)"
    
    !KU( <$B.4, m.353>
    ) @ #vk.554 // nr: 527" (probably constructible)"
    
    !KU( m.353 ) @ #vk.556 // nr: 653" (probably constructible)"
    
    !KU( <$A.380, $B.4, m.380>
    ) @ #vk.579 // nr: 548" (probably constructible)"
    
    !KU( $A.380 ) @ #vk.580 // nr: 549" (currently deducible)"
    
    !KU( <$B.4, m.380>
    ) @ #vk.581 // nr: 550" (probably constructible)"
    
    !KU( m.380 ) @ #vk.583 // nr: 654" (probably constructible)"
    
    !KU( <$A.407, $B.4, m.407>
    ) @ #vk.606 // nr: 571" (probably constructible)"
    
    !KU( $A.407 ) @ #vk.607 // nr: 572" (currently deducible)"
    
    !KU( <$B.4, m.407>
    ) @ #vk.608 // nr: 573" (probably constructible)"
    
    !KU( m.407 ) @ #vk.610 // nr: 655" (probably constructible)"
    
    !KU( <$A.438, $B.4, m.438>
    ) @ #vk.637 // nr: 598" (probably constructible)"
    
    !KU( $A.438 ) @ #vk.638 // nr: 599" (currently deducible)"
    
    !KU( <$B.4, m.438>
    ) @ #vk.639 // nr: 600" (probably constructible)"
    
    !KU( m.438 ) @ #vk.641 // nr: 656" (probably constructible)"
    
    OpenStage1( $B.4, ~bid.8, ~rst.24
    ) ▶₀ #vr.352 // nr: 339 (from rule AddSlot2)" (useful2)"
    
    OpenStage0( $B.4, ~bid.8, ~rst.24
    ) ▶₀ #vr.361 // nr: 346 (from rule AddSlot1)" (useful2)"
    
    OpenStage1( $B.4, ~bid.8, ~rst.24
    ) ▶₀ #vr.370 // nr: 354 (from rule AddSlot2)" (useful2)"
    
    OpenStage1( $B.4, ~bid.8, ~rst.24
    ) ▶₀ #vr.379 // nr: 362 (from rule AddSlot2)" (useful2)"
    
    OpenStage0( $B.4, ~bid.8, ~rst.24
    ) ▶₀ #vr.388 // nr: 369 (from rule AddSlot1)" (useful2)"
    
    OpenStage1( $B.4, ~bid.8, ~rst.24
    ) ▶₀ #vr.397 // nr: 377 (from rule AddSlot2)" (useful2)"
    
    OpenStage1( $B.4, ~bid.8, ~rst.24
    ) ▶₀ #vr.406 // nr: 385 (from rule AddSlot2)" (useful2)"
    
    OpenStage0( $B.4, ~bid.8, ~rst.24
    ) ▶₀ #vr.415 // nr: 392 (from rule AddSlot1)" (useful2)"
    
    OpenStage1( $B.4, ~bid.8, ~rst.24
    ) ▶₀ #vr.428 // nr: 404 (from rule AddSlot2)" (useful2)"
    
    OpenStage1( $B.4, ~bid.8, ~rst.24
    ) ▶₀ #vr.437 // nr: 412 (from rule AddSlot2)" (useful2)"
    
    OpenStage0( $B.4, ~bid.8, ~rst.24
    ) ▶₀ #vr.446 // nr: 419 (from rule AddSlot1)" (useful2)"
    
    OpenStage1( $B.4, ~bid.8, ~rst.24
    ) ▶₀ #vr.455 // nr: 427 (from rule AddSlot2)" (useful2)"
    
    OpenStage0( $B.4, ~bid.8, ~rst.24
    ) ▶₀ #vr.464 // nr: 435 (from rule AddSlot1)" (useful2)"
    
    OpenStage0( $B.4, ~bid.8, ~rst.24
    ) ▶₀ #vr.476 // nr: 444 (from rule AddSlot1)" (useful2)"
    
    splitEqs(105) // nr: 626" (useful2)"
  last: none
  
  formulas:
  
  subterms:
  
  equations:
    subst:
      $B.4  <~ {t.1, $B.6, $B.8, $B.11, $B.13, $B.15, $B.17, $B.19,
                $B.24, $B.27, $B.29, $B.31, $B.36, $B.38, $B.40, $B.45, $B.47,
                $B.49, $B.54, $B.56, $B.61, $B.64, $B.66, $B.68, $B.70, $B.75,
                $B.78, $B.80, $B.82, $B.87, $B.89, $B.94, $B.97, $B.99, $B.101,
                $B.103, $B.108, $B.111, $B.120, $B.129, $B.142, $B.151, $B.160,
                $B.169, $B.178, $B.187, $B.196, $B.205, $B.214, $B.223, $B.232,
                $B.245, $B.254, $B.263, $B.272, $B.281, $B.283, $B.285, $B.287,
                $B.292, $B.295, $B.304, $B.313, $B.326, $B.335, $B.344, $B.353,
                $B.362, $B.371, $B.380, $B.389, $B.398, $B.407, $B.416, $B.429,
                $B.438, $B.447, $B.456, $B.465, $B.474, $B.477, $B.486, $B.495,
                $B.502, $B.511, $B.522, $B.531, $B.550, $B.559, $B.568, $B.577,
                $B.586, $B.595, $B.604, $B.613, $B.626, $B.635, $B.644, $B.653,
                $B.662, $B.671}
      #vr.5  <~ {#vr.12}
      $A.6  <~ {$A.13, $A2.17, $A.19, $A2.27, $A2.29, $A2.38, $A.40,
                $A2.54, $A2.56, $A.58, $A2.64, $A2.66, $A2.68, $A2.70, $A2.87,
                $A2.89, $A.91, $A.129, $A.160, $A.187, $A.214, $A.245, $A.272,
                $A.313, $A.344}
      #vr.7  <~ {#vr.473, #vr.494, #vr.510, #vr.530, #vr.670}
      ~bid.8  <~ {bid.4, bid.6, bid.11, bid.13, bid.15, bid.17, bid.27,
                  bid.29, bid.36, bid.38, bid.45, bid.47, bid.54, bid.56, bid.64,
                  bid.66, bid.68, bid.70, bid.78, bid.80, bid.87, bid.89, bid.97,
                  bid.99, bid.101, bid.103, bid.111, bid.120, bid.129, bid.142,
                  bid.151, bid.160, bid.169, bid.178, bid.187, bid.196, bid.205,
                  bid.214, bid.223, bid.232, bid.245, bid.254, bid.263, bid.272,
                  bid.281, bid.283, bid.285, bid.287, bid.295, bid.304, bid.313,
                  bid.326, bid.335, bid.344, bid.353, bid.362, bid.371, bid.380,
                  bid.389, bid.398, bid.407, bid.416, bid.429, bid.438, bid.447,
                  bid.456, bid.465, ~bid.474, bid.477, bid.486, ~bid.495, bid.502,
                  ~bid.511, bid.522, ~bid.531, bid.550, bid.559, bid.568, bid.577,
                  bid.586, bid.595, bid.604, bid.613, bid.626, bid.635, bid.644,
                  bid.653, bid.662, ~bid.671}
      #vf.9  <~ {#vf.475, #vf.496, #vf.512, #vf.532, #vf.672}
      $A.11  <~ {$A1.17, $A1.27, $A1.29, $A.31, $A1.38, $A1.54, $A1.56,
                 $A1.64, $A1.66, $A1.68, $A1.70, $A.72, $A1.87, $A1.89, $A.120,
                 $A.151, $A.178, $A.205, $A.232, $A.263, $A.304, $A.335}
      #vr.14  <~ {#vr.35}
      $A.15  <~ {$A.36, $A1.47, $A.49, $A1.80, $A.82, $A1.101, $A.105,
                 $A1.285, $A.289, $A.416, $A.613}
      #vr.16  <~ {#vr.26, #vr.28, #vr.37}
      #vr.18  <~ {#vr.39}
      ~rk.19  <~ {~rk.40}
      ~rl.19  <~ {~rl.40}
      ~rs.19  <~ {~rs.40}
      #vf.20  <~ {#vf.41}
      #vf.21  <~ {#vf.42}
      #vf.22  <~ {#vf.43}
      #vr.23  <~ {#vr.60, #vr.74, #vr.93, #vr.107, #vr.291}
      ~rst.24  <~ {t.2, rst.4, rst.6, rst.8, rst.11, rst.13, rst.15,
                   rst.17, rst.19, rst.27, rst.29, rst.31, rst.36, rst.38, rst.40,
                   rst.45, rst.47, rst.49, rst.54, rst.56, ~rst.61, rst.64, rst.66,
                   rst.68, rst.70, ~rst.75, rst.78, rst.80, rst.82, rst.87, rst.89,
                   ~rst.94, rst.97, rst.99, rst.101, rst.103, ~rst.108, rst.111,
                   rst.120, rst.129, rst.142, rst.151, rst.160, rst.169, rst.178,
                   rst.187, rst.196, rst.205, rst.214, rst.223, rst.232, rst.245,
                   rst.254, rst.263, rst.272, rst.281, rst.283, rst.285, rst.287,
                   ~rst.292, rst.295, rst.304, rst.313, rst.326, rst.335, rst.344,
                   rst.353, rst.362, rst.371, rst.380, rst.389, rst.398, rst.407,
                   rst.416, rst.429, rst.438, rst.447, rst.456, rst.465, rst.474,
                   rst.477, rst.486, rst.495, rst.502, rst.511, rst.522, rst.531,
                   rst.550, rst.559, rst.568, rst.577, rst.586, rst.595, rst.604,
                   rst.613, rst.626, rst.635, rst.644, rst.653, rst.662, rst.671}
      #vf.25  <~ {#vf.62, #vf.76, #vf.95, #vf.109, #vf.293}
      #vr.44  <~ {#vr.77}
      $A1.45  <~ {$A1.78, $A1.97, $A1.281, $A.362, $A.559}
      $A2.45  <~ {$A2.78, $A2.97, $A2.281, $A.371, $A.568}
      m1.45  <~ {m1.78, m1.97, m1.281, m.362, m.559}
      m2.45  <~ {m2.78, m2.97, m2.281, m.371, m.568}
      #vr.46  <~ {#vr.79}
      $A2.47  <~ {$A2.80, $A2.101, $A2.285, $A.429, $A.626}
      m2.47  <~ {m2.80, m2.101, m2.285, m.429, m.626}
      #vr.48  <~ {#vr.81}
      ~rk.49  <~ {~rk.82}
      ~rl.49  <~ {~rl.82}
      ~rs.49  <~ {~rs.82}
      #vf.50  <~ {#vf.83}
      #vf.51  <~ {#vf.84}
      #vf.52  <~ {#vf.85}
      #vr.53  <~ {#vr.55, #vr.63, #vr.65, #vr.67, #vr.69, #vr.86, #vr.88}
      #vr.57  <~ {#vr.90}
      ~sst.58  <~ {sst.19, sst.40, ~sst.91}
      #vf.59  <~ {#vf.92}
      ~sst.72  <~ {sst.31}
      #vr.96  <~ {#vr.280}
      #vr.98  <~ {#vr.282}
      $A1.99  <~ {$A1.283, $A.389, $A.586}
      $A2.99  <~ {$A2.283, $A.398, $A.595}
      m1.99  <~ {m1.283, m.389, m.586}
      m2.99  <~ {m2.283, m.398, m.595}
      #vr.100  <~ {#vr.284}
      #vr.102  <~ {#vr.286}
      $A1.103  <~ {$A1.287, $A.447, $A.644}
      $A2.103  <~ {$A2.287, $A.456, $A.653}
      m1.103  <~ {m1.287, m.447, m.644}
      m2.103  <~ {m2.287, m.456, m.653}
      #vr.104  <~ {#vr.288}
      ~sst.105  <~ {sst.49, sst.82, ~sst.289}
      #vf.106  <~ {#vf.290}
      #vr.110  <~ {#vr.141, #vr.168, #vr.195, #vr.222, #vr.253, #vr.294,
                   #vr.325}
      $A.111  <~ {$A.142, $A.169, $A.196, $A.223, $A.254, $A.295, $A.326}
      ~idx.111  <~ {~idx.142, ~idx.169, ~idx.196, ~idx.223, ~idx.254,
                    ~idx.295, ~idx.326}
      m.111  <~ {m.142, m.169, m.196, m.223, m.254, m.295, m.326}
      #vf.112  <~ {#vf.143, #vf.170, #vf.197, #vf.224, #vf.255, #vf.296,
                   #vf.327}
      #vk.113  <~ {#vk.144, #vk.171, #vk.198, #vk.225, #vk.256, #vk.297,
                   #vk.328}
      #vk.114  <~ {#vk.145, #vk.172, #vk.199, #vk.226, #vk.257, #vk.298,
                   #vk.329}
      #vk.115  <~ {#vk.146, #vk.173, #vk.200, #vk.227, #vk.258, #vk.299,
                   #vk.330}
      #vk.116  <~ {#vk.125, #vk.134, #vk.147, #vk.156, #vk.165, #vk.174,
                   #vk.183, #vk.192, #vk.201, #vk.210, #vk.219, #vk.228, #vk.237,
                   #vk.250, #vk.259, #vk.268, #vk.277, #vk.300, #vk.309, #vk.318,
                   #vk.331, #vk.340, #vk.349, #vk.358, #vk.367, #vk.376, #vk.385,
                   #vk.394, #vk.403, #vk.412, #vk.421, #vk.434, #vk.443, #vk.452,
                   #vk.461, #vk.470, #vk.482, #vk.491, #vk.507, #vk.527, #vk.555,
                   #vk.564, #vk.573, #vk.582, #vk.591, #vk.600, #vk.609, #vk.618,
                   #vk.631, #vk.640, #vk.649, #vk.658, #vk.667}
      #vk.117  <~ {#vk.148, #vk.175, #vk.202, #vk.229, #vk.260, #vk.301,
                   #vk.332}
      #vf.118  <~ {#vf.149, #vf.176, #vf.203, #vf.230, #vf.261, #vf.302,
                   #vf.333}
      #vr.119  <~ {#vr.150, #vr.177, #vr.204, #vr.231, #vr.262, #vr.303,
                   #vr.334}
      ~idx.120  <~ {idx.11, idx1.17, idx1.27, idx1.29, idx1.38, idx1.54,
                    idx1.56, idx1.64, idx1.66, idx1.68, idx1.70, idx1.87, idx1.89,
                    ~idx.151, ~idx.178, ~idx.205, ~idx.232, ~idx.263, ~idx.304,
                    ~idx.335}
      #vf.121  <~ {#vf.152, #vf.179, #vf.206, #vf.233, #vf.264, #vf.305,
                   #vf.336}
      #vk.122  <~ {#vk.153, #vk.180, #vk.207, #vk.234, #vk.265, #vk.306,
                   #vk.337}
      #vk.123  <~ {#vk.154, #vk.181, #vk.208, #vk.235, #vk.266, #vk.307,
                   #vk.338}
      #vk.124  <~ {#vk.155, #vk.182, #vk.209, #vk.236, #vk.267, #vk.308,
                   #vk.339}
      #vk.126  <~ {#vk.157, #vk.184, #vk.211, #vk.238, #vk.269, #vk.310,
                   #vk.341}
      #vf.127  <~ {#vf.158, #vf.185, #vf.212, #vf.239, #vf.270, #vf.311,
                   #vf.342}
      #vr.128  <~ {#vr.159, #vr.186, #vr.213, #vr.244, #vr.271, #vr.312,
                   #vr.343}
      ~idx.129  <~ {idx.6, idx.13, idx2.17, idx2.27, idx2.29, idx2.38,
                    idx2.54, idx2.56, idx2.64, idx2.66, idx2.68, idx2.70, idx2.87,
                    idx2.89, ~idx.160, ~idx.187, ~idx.214, ~idx.245, ~idx.272,
                    ~idx.313, ~idx.344}
      #vf.130  <~ {#vf.161, #vf.188, #vf.215, #vf.246, #vf.273, #vf.314,
                   #vf.345}
      #vk.131  <~ {#vk.162, #vk.189, #vk.216, #vk.247, #vk.274, #vk.315,
                   #vk.346}
      #vk.132  <~ {#vk.163, #vk.190, #vk.217, #vk.248, #vk.275, #vk.316,
                   #vk.347}
      #vk.133  <~ {#vk.164, #vk.191, #vk.218, #vk.249, #vk.276, #vk.317,
                   #vk.348}
      #vk.135  <~ {#vk.166, #vk.193, #vk.220, #vk.251, #vk.278, #vk.319,
                   #vk.350}
      #vf.136  <~ {#vf.167, #vf.194, #vf.221, #vf.252, #vf.279, #vf.320,
                   #vf.351}
      #vk.137  <~ {#vk.321, #vk.497, #vk.513, #vk.517, #vk.537, #vk.545,
                   #vk.681}
      #vk.138  <~ {#vk.322, #vk.498, #vk.514, #vk.518, #vk.538, #vk.546,
                   #vk.682}
      #vk.139  <~ {#vk.323, #vk.499, #vk.515, #vk.519, #vk.539, #vk.547,
                   #vk.683}
      #vk.140  <~ {#vk.324, #vk.500, #vk.516, #vk.520, #vk.540, #vk.548,
                   #vk.684}
      #vk.240  <~ {#vk.533, #vk.541, #vk.673, #vk.677}
      #vk.241  <~ {#vk.534, #vk.542, #vk.674, #vk.678}
      #vk.242  <~ {#vk.535, #vk.543, #vk.675, #vk.679}
      #vk.243  <~ {#vk.536, #vk.544, #vk.676, #vk.680}
      #vr.352  <~ {#vr.549}
      $A.353  <~ {$A.550}
      ~idx.353  <~ {~idx.550}
      m.353  <~ {m.550}
      #vf.354  <~ {#vf.551}
      #vk.355  <~ {#vk.552}
      #vk.356  <~ {#vk.553}
      #vk.357  <~ {#vk.554}
      #vk.359  <~ {#vk.556}
      #vf.360  <~ {#vf.557}
      #vr.361  <~ {#vr.558}
      ~idx.362  <~ {idx1.45, idx1.78, idx1.97, idx1.281, ~idx.559}
      #vf.363  <~ {#vf.560}
      #vk.364  <~ {#vk.561}
      #vk.365  <~ {#vk.562}
      #vk.366  <~ {#vk.563}
      #vk.368  <~ {#vk.565}
      #vf.369  <~ {#vf.566}
      #vr.370  <~ {#vr.567}
      ~idx.371  <~ {idx2.45, idx2.78, idx2.97, idx2.281, ~idx.568}
      #vf.372  <~ {#vf.569}
      #vk.373  <~ {#vk.570}
      #vk.374  <~ {#vk.571}
      #vk.375  <~ {#vk.572}
      #vk.377  <~ {#vk.574}
      #vf.378  <~ {#vf.575}
      #vr.379  <~ {#vr.576}
      $A.380  <~ {$A.577}
      ~idx.380  <~ {~idx.577}
      m.380  <~ {m.577}
      #vf.381  <~ {#vf.578}
      #vk.382  <~ {#vk.579}
      #vk.383  <~ {#vk.580}
      #vk.384  <~ {#vk.581}
      #vk.386  <~ {#vk.583}
      #vf.387  <~ {#vf.584}
      #vr.388  <~ {#vr.585}
      ~idx.389  <~ {idx1.99, idx1.283, ~idx.586}
      #vf.390  <~ {#vf.587}
      #vk.391  <~ {#vk.588}
      #vk.392  <~ {#vk.589}
      #vk.393  <~ {#vk.590}
      #vk.395  <~ {#vk.592}
      #vf.396  <~ {#vf.593}
      #vr.397  <~ {#vr.594}
      ~idx.398  <~ {idx2.99, idx2.283, ~idx.595}
      #vf.399  <~ {#vf.596}
      #vk.400  <~ {#vk.597}
      #vk.401  <~ {#vk.598}
      #vk.402  <~ {#vk.599}
      #vk.404  <~ {#vk.601}
      #vf.405  <~ {#vf.602}
      #vr.406  <~ {#vr.603}
      $A.407  <~ {$A.604}
      ~idx.407  <~ {~idx.604}
      m.407  <~ {m.604}
      #vf.408  <~ {#vf.605}
      #vk.409  <~ {#vk.606}
      #vk.410  <~ {#vk.607}
      #vk.411  <~ {#vk.608}
      #vk.413  <~ {#vk.610}
      #vf.414  <~ {#vf.611}
      #vr.415  <~ {#vr.612}
      ~idx.416  <~ {idx.15, idx.36, idx1.47, idx1.80, idx1.101, idx1.285,
                    ~idx.613}
      #vf.417  <~ {#vf.614}
      #vk.418  <~ {#vk.615}
      #vk.419  <~ {#vk.616}
      #vk.420  <~ {#vk.617}
      #vk.422  <~ {#vk.619}
      #vf.423  <~ {#vf.620}
      #vk.424  <~ {#vk.621}
      #vk.425  <~ {#vk.622}
      #vk.426  <~ {#vk.623}
      #vk.427  <~ {#vk.624}
      #vr.428  <~ {#vr.625}
      ~idx.429  <~ {idx2.47, idx2.80, idx2.101, idx2.285, ~idx.626}
      #vf.430  <~ {#vf.627}
      #vk.431  <~ {#vk.628}
      #vk.432  <~ {#vk.629}
      #vk.433  <~ {#vk.630}
      #vk.435  <~ {#vk.632}
      #vf.436  <~ {#vf.633}
      #vr.437  <~ {#vr.634}
      $A.438  <~ {$A.635}
      ~idx.438  <~ {~idx.635}
      m.438  <~ {m.635}
      #vf.439  <~ {#vf.636}
      #vk.440  <~ {#vk.637}
      #vk.441  <~ {#vk.638}
      #vk.442  <~ {#vk.639}
      #vk.444  <~ {#vk.641}
      #vf.445  <~ {#vf.642}
      #vr.446  <~ {#vr.643}
      ~idx.447  <~ {idx1.103, idx1.287, ~idx.644}
      #vf.448  <~ {#vf.645}
      #vk.449  <~ {#vk.646}
      #vk.450  <~ {#vk.647}
      #vk.451  <~ {#vk.648}
      #vk.453  <~ {#vk.650}
      #vf.454  <~ {#vf.651}
      #vr.455  <~ {#vr.652}
      ~idx.456  <~ {idx2.103, idx2.287, ~idx.653}
      #vf.457  <~ {#vf.654}
      #vk.458  <~ {#vk.655}
      #vk.459  <~ {#vk.656}
      #vk.460  <~ {#vk.657}
      #vk.462  <~ {#vk.659}
      #vf.463  <~ {#vf.660}
      #vr.464  <~ {#vr.485, #vr.501, #vr.521, #vr.661}
      $A.465  <~ {$A.486, $A.502, $A.522, $A.662}
      ~idx.465  <~ {~idx.486, ~idx.502, ~idx.522, ~idx.662}
      m.465  <~ {m.486, m.502, m.522, m.662}
      #vf.466  <~ {#vf.487, #vf.503, #vf.523, #vf.663}
      #vk.467  <~ {#vk.488, #vk.504, #vk.524, #vk.664}
      #vk.468  <~ {#vk.489, #vk.505, #vk.525, #vk.665}
      #vk.469  <~ {#vk.490, #vk.506, #vk.526, #vk.666}
      #vk.471  <~ {#vk.492, #vk.508, #vk.528, #vk.668}
      #vf.472  <~ {#vf.493, #vf.509, #vf.529, #vf.669}
      <ct_l($A.6, $B.4, ~rst.24, ~rl.19), 
       ct_k($A.6, $B.4, ~rst.24, ~rk.19), 
       ct_s($A.6, $B.4, ~sst.58, ~rst.24, ~rs.19)>  <~ {m.6, m.13, m2.17,
                                                        m2.27, m2.29, m2.38, m2.54, m2.56, m2.64,
                                                        m2.66, m2.68, m2.70, m2.87, m2.89, m.129,
                                                        m.160, m.187, m.214, m.245, m.272, m.313,
                                                        m.344}
      <ct_l($A.11, $B.4, ~rst.24, ~rl.31), 
       ct_k($A.11, $B.4, ~rst.24, ~rk.31), 
       ct_s($A.11, $B.4, ~sst.72, ~rst.24, ~rs.31)>  <~ {m.11, m1.17,
                                                         m1.27, m1.29, m1.38, m1.54, m1.56, m1.64,
                                                         m1.66, m1.68, m1.70, m1.87, m1.89, m.120,
                                                         m.151, m.178, m.205, m.232, m.263, m.304,
                                                         m.335}
      <ct_l($A.15, $B.4, ~rst.24, ~rl.49), 
       ct_k($A.15, $B.4, ~rst.24, ~rk.49), 
       ct_s($A.15, $B.4, ~sst.105, ~rst.24, ~rs.49)>  <~ {m.15, m.36,
                                                          m1.47, m1.80, m1.101, m1.285, m.416,
                                                          m.613}
      session_id($A.6, $B.4, sender_pk($A.6, ~sst.58),
                 receiver_pk($B.4, ~rst.24), sender_prekey($A.6, ~sst.58),
                 receiver_prekey($B.4, ~rst.24),
                 <ct_l($A.6, $B.4, ~rst.24, ~rl.19), 
                  ct_k($A.6, $B.4, ~rst.24, ~rk.19), 
                  ct_s($A.6, $B.4, ~sst.58, ~rst.24, ~rs.19)>)  <~ {sid.6, sid.13}
      session_id($A.11, $B.4, sender_pk($A.11, ~sst.72),
                 receiver_pk($B.4, ~rst.24), sender_prekey($A.11, ~sst.72),
                 receiver_prekey($B.4, ~rst.24),
                 <ct_l($A.11, $B.4, ~rst.24, ~rl.31), 
                  ct_k($A.11, $B.4, ~rst.24, ~rk.31), 
                  ct_s($A.11, $B.4, ~sst.72, ~rst.24, ~rs.31)>)  <~ {sid.11}
      session_id($A.15, $B.4, sender_pk($A.15, ~sst.105),
                 receiver_pk($B.4, ~rst.24), sender_prekey($A.15, ~sst.105),
                 receiver_prekey($B.4, ~rst.24),
                 <ct_l($A.15, $B.4, ~rst.24, ~rl.49), 
                  ct_k($A.15, $B.4, ~rst.24, ~rk.49), 
                  ct_s($A.15, $B.4, ~sst.105, ~rst.24, ~rs.49)>)  <~ {sid.15, sid.36}
      session_key(secret_l($A.6, $B.4, ~rst.24, ~rl.19),
                  secret_k($A.6, $B.4, ~rst.24, ~rk.19),
                  secret_s($A.6, $B.4, ~sst.58, ~rst.24, ~rs.19),
                  session_id($A.6, $B.4, sender_pk($A.6, ~sst.58),
                             receiver_pk($B.4, ~rst.24), sender_prekey($A.6, ~sst.58),
                             receiver_prekey($B.4, ~rst.24),
                             <ct_l($A.6, $B.4, ~rst.24, ~rl.19), 
                              ct_k($A.6, $B.4, ~rst.24, ~rk.19), 
                              ct_s($A.6, $B.4, ~sst.58, ~rst.24, ~rs.19)>))  <~ {k.6, k.13}
      session_key(secret_l($A.11, $B.4, ~rst.24, ~rl.31),
                  secret_k($A.11, $B.4, ~rst.24, ~rk.31),
                  secret_s($A.11, $B.4, ~sst.72, ~rst.24, ~rs.31),
                  session_id($A.11, $B.4, sender_pk($A.11, ~sst.72),
                             receiver_pk($B.4, ~rst.24), sender_prekey($A.11, ~sst.72),
                             receiver_prekey($B.4, ~rst.24),
                             <ct_l($A.11, $B.4, ~rst.24, ~rl.31), 
                              ct_k($A.11, $B.4, ~rst.24, ~rk.31), 
                              ct_s($A.11, $B.4, ~sst.72, ~rst.24, ~rs.31)>))  <~ {k.11}
      session_key(secret_l($A.15, $B.4, ~rst.24, ~rl.49),
                  secret_k($A.15, $B.4, ~rst.24, ~rk.49),
                  secret_s($A.15, $B.4, ~sst.105, ~rst.24, ~rs.49),
                  session_id($A.15, $B.4, sender_pk($A.15, ~sst.105),
                             receiver_pk($B.4, ~rst.24), sender_prekey($A.15, ~sst.105),
                             receiver_prekey($B.4, ~rst.24),
                             <ct_l($A.15, $B.4, ~rst.24, ~rl.49), 
                              ct_k($A.15, $B.4, ~rst.24, ~rk.49), 
                              ct_s($A.15, $B.4, ~sst.105, ~rst.24, ~rs.49)>))  <~ {k.15, k.36}
    conj:
  
  lemmas: ∀ x #i. (Neq( x, x ) @ #i) ⇒ ⊥
  
  allowed cases: raw
  
  solved formulas:
  
  unsolved constraints:
    !KU( <$A.111, $B.4, m.111>
    ) @ #vk.113 // nr: 126" (probably constructible)"
    
    !KU( $A.111 ) @ #vk.114 // nr: 127" (currently deducible)"
    
    !KU( <$B.4, m.111>
    ) @ #vk.115 // nr: 128" (probably constructible)"
    
    !KU( $B.4 ) @ #vk.116 // nr: 129" (currently deducible)"
    
    !KU( m.111 ) @ #vk.117 // nr: 130" (probably constructible)"
    
    !KU( <$A.11, $B.4, ct_l($A.11, $B.4, ~rst.24, ~rl.31), 
          ct_k($A.11, $B.4, ~rst.24, ~rk.31), 
          ct_s($A.11, $B.4, ~sst.72, ~rst.24, ~rs.31)>
    ) @ #vk.122 // nr: 133" (currently deducible)"
    
    !KU( $A.11 ) @ #vk.123 // nr: 134" (currently deducible)"
    
    !KU( <$B.4, ct_l($A.11, $B.4, ~rst.24, ~rl.31), 
          ct_k($A.11, $B.4, ~rst.24, ~rk.31), 
          ct_s($A.11, $B.4, ~sst.72, ~rst.24, ~rs.31)>
    ) @ #vk.124 // nr: 135" (currently deducible)"
    
    !KU( <ct_l($A.11, $B.4, ~rst.24, ~rl.31), 
          ct_k($A.11, $B.4, ~rst.24, ~rk.31), 
          ct_s($A.11, $B.4, ~sst.72, ~rst.24, ~rs.31)>
    ) @ #vk.126 // nr: 234" (currently deducible)"
    
    !KU( <$A.6, $B.4, ct_l($A.6, $B.4, ~rst.24, ~rl.19), 
          ct_k($A.6, $B.4, ~rst.24, ~rk.19), 
          ct_s($A.6, $B.4, ~sst.58, ~rst.24, ~rs.19)>
    ) @ #vk.131 // nr: 141" (currently deducible)"
    
    !KU( $A.6 ) @ #vk.132 // nr: 142" (currently deducible)"
    
    !KU( <$B.4, ct_l($A.6, $B.4, ~rst.24, ~rl.19), 
          ct_k($A.6, $B.4, ~rst.24, ~rk.19), 
          ct_s($A.6, $B.4, ~sst.58, ~rst.24, ~rs.19)>
    ) @ #vk.133 // nr: 143" (currently deducible)"
    
    !KU( <ct_l($A.6, $B.4, ~rst.24, ~rl.19), 
          ct_k($A.6, $B.4, ~rst.24, ~rk.19), 
          ct_s($A.6, $B.4, ~sst.58, ~rst.24, ~rs.19)>
    ) @ #vk.135 // nr: 146" (currently deducible)"
    
    !KU( ct_l($A.6, $B.4, ~rst.24, ~rl.19)
    ) @ #vk.137 // nr: 147" (currently deducible)"
    
    !KU( <ct_k($A.6, $B.4, ~rst.24, ~rk.19), 
          ct_s($A.6, $B.4, ~sst.58, ~rst.24, ~rs.19)>
    ) @ #vk.138 // nr: 148" (currently deducible)"
    
    !KU( ct_k($A.6, $B.4, ~rst.24, ~rk.19)
    ) @ #vk.139 // nr: 149" (currently deducible)"
    
    !KU( ct_s($A.6, $B.4, ~sst.58, ~rst.24, ~rs.19)
    ) @ #vk.140 // nr: 150" (currently deducible)"
    
    !KU( ct_l($A.11, $B.4, ~rst.24, ~rl.31)
    ) @ #vk.240 // nr: 235" (currently deducible)"
    
    !KU( <ct_k($A.11, $B.4, ~rst.24, ~rk.31), 
          ct_s($A.11, $B.4, ~sst.72, ~rst.24, ~rs.31)>
    ) @ #vk.241 // nr: 236" (currently deducible)"
    
    !KU( ct_k($A.11, $B.4, ~rst.24, ~rk.31)
    ) @ #vk.242 // nr: 237" (currently deducible)"
    
    !KU( ct_s($A.11, $B.4, ~sst.72, ~rst.24, ~rs.31)
    ) @ #vk.243 // nr: 238" (currently deducible)"
    
    !KU( <$A.353, $B.4, m.353>
    ) @ #vk.355 // nr: 340" (probably constructible)"
    
    !KU( $A.353 ) @ #vk.356 // nr: 341" (currently deducible)"
    
    !KU( <$B.4, m.353>
    ) @ #vk.357 // nr: 342" (probably constructible)"
    
    !KU( m.353 ) @ #vk.359 // nr: 344" (probably constructible)"
    
    !KU( <$A1.45, $B.4, m1.45>
    ) @ #vk.364 // nr: 347" (probably constructible)"
    
    !KU( $A1.45 ) @ #vk.365 // nr: 348" (currently deducible)"
    
    !KU( <$B.4, m1.45>
    ) @ #vk.366 // nr: 349" (probably constructible)"
    
    !KU( m1.45 ) @ #vk.368 // nr: 352" (probably constructible)"
    
    !KU( <$A2.45, $B.4, m2.45>
    ) @ #vk.373 // nr: 355" (probably constructible)"
    
    !KU( $A2.45 ) @ #vk.374 // nr: 356" (currently deducible)"
    
    !KU( <$B.4, m2.45>
    ) @ #vk.375 // nr: 357" (probably constructible)"
    
    !KU( m2.45 ) @ #vk.377 // nr: 360" (probably constructible)"
    
    !KU( <$A.380, $B.4, m.380>
    ) @ #vk.382 // nr: 363" (probably constructible)"
    
    !KU( $A.380 ) @ #vk.383 // nr: 364" (currently deducible)"
    
    !KU( <$B.4, m.380>
    ) @ #vk.384 // nr: 365" (probably constructible)"
    
    !KU( m.380 ) @ #vk.386 // nr: 367" (probably constructible)"
    
    !KU( <$A1.99, $B.4, m1.99>
    ) @ #vk.391 // nr: 370" (probably constructible)"
    
    !KU( $A1.99 ) @ #vk.392 // nr: 371" (currently deducible)"
    
    !KU( <$B.4, m1.99>
    ) @ #vk.393 // nr: 372" (probably constructible)"
    
    !KU( m1.99 ) @ #vk.395 // nr: 375" (probably constructible)"
    
    !KU( <$A2.99, $B.4, m2.99>
    ) @ #vk.400 // nr: 378" (probably constructible)"
    
    !KU( $A2.99 ) @ #vk.401 // nr: 379" (currently deducible)"
    
    !KU( <$B.4, m2.99>
    ) @ #vk.402 // nr: 380" (probably constructible)"
    
    !KU( m2.99 ) @ #vk.404 // nr: 383" (probably constructible)"
    
    !KU( <$A.407, $B.4, m.407>
    ) @ #vk.409 // nr: 386" (probably constructible)"
    
    !KU( $A.407 ) @ #vk.410 // nr: 387" (currently deducible)"
    
    !KU( <$B.4, m.407>
    ) @ #vk.411 // nr: 388" (probably constructible)"
    
    !KU( m.407 ) @ #vk.413 // nr: 390" (probably constructible)"
    
    !KU( <$A.15, $B.4, ct_l($A.15, $B.4, ~rst.24, ~rl.49), 
          ct_k($A.15, $B.4, ~rst.24, ~rk.49), 
          ct_s($A.15, $B.4, ~sst.105, ~rst.24, ~rs.49)>
    ) @ #vk.418 // nr: 393" (currently deducible)"
    
    !KU( $A.15 ) @ #vk.419 // nr: 394" (currently deducible)"
    
    !KU( <$B.4, ct_l($A.15, $B.4, ~rst.24, ~rl.49), 
          ct_k($A.15, $B.4, ~rst.24, ~rk.49), 
          ct_s($A.15, $B.4, ~sst.105, ~rst.24, ~rs.49)>
    ) @ #vk.420 // nr: 395" (currently deducible)"
    
    !KU( <ct_l($A.15, $B.4, ~rst.24, ~rl.49), 
          ct_k($A.15, $B.4, ~rst.24, ~rk.49), 
          ct_s($A.15, $B.4, ~sst.105, ~rst.24, ~rs.49)>
    ) @ #vk.422 // nr: 398" (currently deducible)"
    
    !KU( ct_l($A.15, $B.4, ~rst.24, ~rl.49)
    ) @ #vk.424 // nr: 399" (currently deducible)"
    
    !KU( <ct_k($A.15, $B.4, ~rst.24, ~rk.49), 
          ct_s($A.15, $B.4, ~sst.105, ~rst.24, ~rs.49)>
    ) @ #vk.425 // nr: 400" (currently deducible)"
    
    !KU( ct_k($A.15, $B.4, ~rst.24, ~rk.49)
    ) @ #vk.426 // nr: 401" (currently deducible)"
    
    !KU( ct_s($A.15, $B.4, ~sst.105, ~rst.24, ~rs.49)
    ) @ #vk.427 // nr: 402" (currently deducible)"
    
    !KU( <$A2.47, $B.4, m2.47>
    ) @ #vk.431 // nr: 405" (probably constructible)"
    
    !KU( $A2.47 ) @ #vk.432 // nr: 406" (currently deducible)"
    
    !KU( <$B.4, m2.47>
    ) @ #vk.433 // nr: 407" (probably constructible)"
    
    !KU( m2.47 ) @ #vk.435 // nr: 410" (probably constructible)"
    
    !KU( <$A.438, $B.4, m.438>
    ) @ #vk.440 // nr: 413" (probably constructible)"
    
    !KU( $A.438 ) @ #vk.441 // nr: 414" (currently deducible)"
    
    !KU( <$B.4, m.438>
    ) @ #vk.442 // nr: 415" (probably constructible)"
    
    !KU( m.438 ) @ #vk.444 // nr: 417" (probably constructible)"
    
    !KU( <$A1.103, $B.4, m1.103>
    ) @ #vk.449 // nr: 420" (probably constructible)"
    
    !KU( $A1.103 ) @ #vk.450 // nr: 421" (currently deducible)"
    
    !KU( <$B.4, m1.103>
    ) @ #vk.451 // nr: 422" (probably constructible)"
    
    !KU( m1.103 ) @ #vk.453 // nr: 425" (probably constructible)"
    
    !KU( <$A2.103, $B.4, m2.103>
    ) @ #vk.458 // nr: 428" (probably constructible)"
    
    !KU( $A2.103 ) @ #vk.459 // nr: 429" (currently deducible)"
    
    !KU( <$B.4, m2.103>
    ) @ #vk.460 // nr: 430" (probably constructible)"
    
    !KU( m2.103 ) @ #vk.462 // nr: 433" (probably constructible)"
    
    !KU( <$A.465, $B.4, m.465>
    ) @ #vk.467 // nr: 436" (probably constructible)"
    
    !KU( $A.465 ) @ #vk.468 // nr: 437" (currently deducible)"
    
    !KU( <$B.4, m.465>
    ) @ #vk.469 // nr: 438" (probably constructible)"
    
    !KU( m.465 ) @ #vk.471 // nr: 440" (probably constructible)"
    
    !KU( <$A.477, $B.4, m.477>
    ) @ #vk.479 // nr: 445" (probably constructible)"
    
    !KU( $A.477 ) @ #vk.480 // nr: 446" (currently deducible)"
    
    !KU( <$B.4, m.477>
    ) @ #vk.481 // nr: 447" (probably constructible)"
    
    !KU( m.477 ) @ #vk.483 // nr: 449" (probably constructible)"
    
    !KU( <$A.353, $B.4, m.353>
    ) @ #vk.552 // nr: 525" (probably constructible)"
    
    !KU( $A.353 ) @ #vk.553 // nr: 526" (currently deducible)"
    
    !KU( <$B.4, m.353>
    ) @ #vk.554 // nr: 527" (probably constructible)"
    
    !KU( m.353 ) @ #vk.556 // nr: 653" (probably constructible)"
    
    !KU( <$A.380, $B.4, m.380>
    ) @ #vk.579 // nr: 548" (probably constructible)"
    
    !KU( $A.380 ) @ #vk.580 // nr: 549" (currently deducible)"
    
    !KU( <$B.4, m.380>
    ) @ #vk.581 // nr: 550" (probably constructible)"
    
    !KU( m.380 ) @ #vk.583 // nr: 654" (probably constructible)"
    
    !KU( <$A.407, $B.4, m.407>
    ) @ #vk.606 // nr: 571" (probably constructible)"
    
    !KU( $A.407 ) @ #vk.607 // nr: 572" (currently deducible)"
    
    !KU( <$B.4, m.407>
    ) @ #vk.608 // nr: 573" (probably constructible)"
    
    !KU( m.407 ) @ #vk.610 // nr: 655" (probably constructible)"
    
    !KU( <$A.438, $B.4, m.438>
    ) @ #vk.637 // nr: 598" (probably constructible)"
    
    !KU( $A.438 ) @ #vk.638 // nr: 599" (currently deducible)"
    
    !KU( <$B.4, m.438>
    ) @ #vk.639 // nr: 600" (probably constructible)"
    
    !KU( m.438 ) @ #vk.641 // nr: 656" (probably constructible)"
    
    OpenStage1( $B.4, ~bid.8, ~rst.24
    ) ▶₀ #vr.352 // nr: 339 (from rule AddSlot2)" (useful2)"
    
    OpenStage0( $B.4, ~bid.8, ~rst.24
    ) ▶₀ #vr.361 // nr: 346 (from rule AddSlot1)" (useful2)"
    
    OpenStage1( $B.4, ~bid.8, ~rst.24
    ) ▶₀ #vr.370 // nr: 354 (from rule AddSlot2)" (useful2)"
    
    OpenStage1( $B.4, ~bid.8, ~rst.24
    ) ▶₀ #vr.379 // nr: 362 (from rule AddSlot2)" (useful2)"
    
    OpenStage0( $B.4, ~bid.8, ~rst.24
    ) ▶₀ #vr.388 // nr: 369 (from rule AddSlot1)" (useful2)"
    
    OpenStage1( $B.4, ~bid.8, ~rst.24
    ) ▶₀ #vr.397 // nr: 377 (from rule AddSlot2)" (useful2)"
    
    OpenStage1( $B.4, ~bid.8, ~rst.24
    ) ▶₀ #vr.406 // nr: 385 (from rule AddSlot2)" (useful2)"
    
    OpenStage0( $B.4, ~bid.8, ~rst.24
    ) ▶₀ #vr.415 // nr: 392 (from rule AddSlot1)" (useful2)"
    
    OpenStage1( $B.4, ~bid.8, ~rst.24
    ) ▶₀ #vr.428 // nr: 404 (from rule AddSlot2)" (useful2)"
    
    OpenStage1( $B.4, ~bid.8, ~rst.24
    ) ▶₀ #vr.437 // nr: 412 (from rule AddSlot2)" (useful2)"
    
    OpenStage0( $B.4, ~bid.8, ~rst.24
    ) ▶₀ #vr.446 // nr: 419 (from rule AddSlot1)" (useful2)"
    
    OpenStage1( $B.4, ~bid.8, ~rst.24
    ) ▶₀ #vr.455 // nr: 427 (from rule AddSlot2)" (useful2)"
    
    OpenStage0( $B.4, ~bid.8, ~rst.24
    ) ▶₀ #vr.464 // nr: 435 (from rule AddSlot1)" (useful2)"
    
    OpenStage0( $B.4, ~bid.8, ~rst.24
    ) ▶₀ #vr.476 // nr: 444 (from rule AddSlot1)" (useful2)"
    
    splitEqs(105) // nr: 626" (useful2)"
  
  solved constraints:
    UsedReceiverState( $B.4, ~rst.24 ) ▶₀ #i // nr: 0" (useful2)"
    
    SealedStage2( $B.4, ~bid.8, ~rst.24
    ) ▶₀ #vr.3 // nr: 2 (from rule CompleteBatch)" (useful2)"
    
    BatchEndToken( $B.4, ~bid.8, ~rst.24
    ) ▶₁ #vr.3 // nr: 3 (from rule CompleteBatch)" (useful2)"
    
    Slot1DoneFact( $B.4, ~bid.8, ~rst.24
    ) ▶₂ #vr.3 // nr: 4 (from rule CompleteBatch)" (useful2)"
    
    Slot2DoneFact( $B.4, ~bid.8, ~rst.24
    ) ▶₃ #vr.3 // nr: 5 (from rule CompleteBatch)" (useful2)"
    
    SealedStage1( $B.4, ~bid.8, ~rst.24
    ) ▶₀ #vr.5 // nr: 7 (from rule ProcessSlot2)" (useful2)"
    
    CheckedSlot2( $B.4, ~bid.8, ~rst.24, ~idx.129, $A.6,
                  <ct_l($A.6, $B.4, ~rst.24, ~rl.19), 
                   ct_k($A.6, $B.4, ~rst.24, ~rk.19), 
                   ct_s($A.6, $B.4, ~sst.58, ~rst.24, ~rs.19)>
    ) ▶₁ #vr.5 // nr: 8 (from rule ProcessSlot2)" (useful2)"
    
    !HonestSession( $A.6, $B.4, ~rst.24,
                    <ct_l($A.6, $B.4, ~rst.24, ~rl.19), 
                     ct_k($A.6, $B.4, ~rst.24, ~rk.19), 
                     ct_s($A.6, $B.4, ~sst.58, ~rst.24, ~rs.19)>,
                    session_id($A.6, $B.4, sender_pk($A.6, ~sst.58),
                               receiver_pk($B.4, ~rst.24), sender_prekey($A.6, ~sst.58),
                               receiver_prekey($B.4, ~rst.24),
                               <ct_l($A.6, $B.4, ~rst.24, ~rl.19), 
                                ct_k($A.6, $B.4, ~rst.24, ~rk.19), 
                                ct_s($A.6, $B.4, ~sst.58, ~rst.24, ~rs.19)>),
                    session_key(secret_l($A.6, $B.4, ~rst.24, ~rl.19),
                                secret_k($A.6, $B.4, ~rst.24, ~rk.19),
                                secret_s($A.6, $B.4, ~sst.58, ~rst.24, ~rs.19),
                                session_id($A.6, $B.4, sender_pk($A.6, ~sst.58),
                                           receiver_pk($B.4, ~rst.24), sender_prekey($A.6, ~sst.58),
                                           receiver_prekey($B.4, ~rst.24),
                                           <ct_l($A.6, $B.4, ~rst.24, ~rl.19), 
                                            ct_k($A.6, $B.4, ~rst.24, ~rk.19), 
                                            ct_s($A.6, $B.4, ~sst.58, ~rst.24, ~rs.19)>))
    ) ▶₂ #vr.5 // nr: 9 (from rule ProcessSlot2)" (useful2)"
    
    ReceiverState( $B.4, ~rst.24
    ) ▶₀ #vr.7 // nr: 11 (from rule CreateBatch)" (useful2)"
    
    SealedStage0( $B.4, ~bid.8, ~rst.24
    ) ▶₀ #vr.10 // nr: 13 (from rule ProcessSlot1)" (useful2)"
    
    CheckedSlot1( $B.4, ~bid.8, ~rst.24, ~idx.120, $A.11,
                  <ct_l($A.11, $B.4, ~rst.24, ~rl.31), 
                   ct_k($A.11, $B.4, ~rst.24, ~rk.31), 
                   ct_s($A.11, $B.4, ~sst.72, ~rst.24, ~rs.31)>
    ) ▶₁ #vr.10 // nr: 14 (from rule ProcessSlot1)" (useful2)"
    
    !HonestSession( $A.11, $B.4, ~rst.24,
                    <ct_l($A.11, $B.4, ~rst.24, ~rl.31), 
                     ct_k($A.11, $B.4, ~rst.24, ~rk.31), 
                     ct_s($A.11, $B.4, ~sst.72, ~rst.24, ~rs.31)>,
                    session_id($A.11, $B.4, sender_pk($A.11, ~sst.72),
                               receiver_pk($B.4, ~rst.24), sender_prekey($A.11, ~sst.72),
                               receiver_prekey($B.4, ~rst.24),
                               <ct_l($A.11, $B.4, ~rst.24, ~rl.31), 
                                ct_k($A.11, $B.4, ~rst.24, ~rk.31), 
                                ct_s($A.11, $B.4, ~sst.72, ~rst.24, ~rs.31)>),
                    session_key(secret_l($A.11, $B.4, ~rst.24, ~rl.31),
                                secret_k($A.11, $B.4, ~rst.24, ~rk.31),
                                secret_s($A.11, $B.4, ~sst.72, ~rst.24, ~rs.31),
                                session_id($A.11, $B.4, sender_pk($A.11, ~sst.72),
                                           receiver_pk($B.4, ~rst.24),
                                           sender_prekey($A.11, ~sst.72),
                                           receiver_prekey($B.4, ~rst.24),
                                           <ct_l($A.11, $B.4, ~rst.24, ~rl.31), 
                                            ct_k($A.11, $B.4, ~rst.24, ~rk.31), 
                                            ct_s($A.11, $B.4, ~sst.72, ~rst.24, ~rs.31)>))
    ) ▶₂ #vr.10 // nr: 15 (from rule ProcessSlot1)" (useful2)"
    
    SealedStage0( $B.4, ~bid.8, ~rst.24
    ) ▶₀ #vr.14 // nr: 21 (from rule ProcessSlot1)" (useful2)"
    
    CheckedSlot1( $B.4, ~bid.8, ~rst.24, ~idx.416, $A.15,
                  <ct_l($A.15, $B.4, ~rst.24, ~rl.49), 
                   ct_k($A.15, $B.4, ~rst.24, ~rk.49), 
                   ct_s($A.15, $B.4, ~sst.105, ~rst.24, ~rs.49)>
    ) ▶₁ #vr.14 // nr: 22 (from rule ProcessSlot1)" (useful2)"
    
    !HonestSession( $A.15, $B.4, ~rst.24,
                    <ct_l($A.15, $B.4, ~rst.24, ~rl.49), 
                     ct_k($A.15, $B.4, ~rst.24, ~rk.49), 
                     ct_s($A.15, $B.4, ~sst.105, ~rst.24, ~rs.49)>,
                    session_id($A.15, $B.4, sender_pk($A.15, ~sst.105),
                               receiver_pk($B.4, ~rst.24), sender_prekey($A.15, ~sst.105),
                               receiver_prekey($B.4, ~rst.24),
                               <ct_l($A.15, $B.4, ~rst.24, ~rl.49), 
                                ct_k($A.15, $B.4, ~rst.24, ~rk.49), 
                                ct_s($A.15, $B.4, ~sst.105, ~rst.24, ~rs.49)>),
                    session_key(secret_l($A.15, $B.4, ~rst.24, ~rl.49),
                                secret_k($A.15, $B.4, ~rst.24, ~rk.49),
                                secret_s($A.15, $B.4, ~sst.105, ~rst.24, ~rs.49),
                                session_id($A.15, $B.4, sender_pk($A.15, ~sst.105),
                                           receiver_pk($B.4, ~rst.24),
                                           sender_prekey($A.15, ~sst.105),
                                           receiver_prekey($B.4, ~rst.24),
                                           <ct_l($A.15, $B.4, ~rst.24, ~rl.49), 
                                            ct_k($A.15, $B.4, ~rst.24, ~rk.49), 
                                            ct_s($A.15, $B.4, ~sst.105, ~rst.24, ~rs.49)>))
    ) ▶₂ #vr.14 // nr: 23 (from rule ProcessSlot1)" (useful2)"
    
    DedupPending( $B.4, ~bid.8, ~rst.24, ~idx.120, $A.11,
                  <ct_l($A.11, $B.4, ~rst.24, ~rl.31), 
                   ct_k($A.11, $B.4, ~rst.24, ~rk.31), 
                   ct_s($A.11, $B.4, ~sst.72, ~rst.24, ~rs.31)>,
                  ~idx.129, $A.6,
                  <ct_l($A.6, $B.4, ~rst.24, ~rl.19), 
                   ct_k($A.6, $B.4, ~rst.24, ~rk.19), 
                   ct_s($A.6, $B.4, ~sst.58, ~rst.24, ~rs.19)>
    ) ▶₀ #vr.16 // nr: 25 (from rule PassDistinctBatch)" (useful2)"
    
    DedupDecisionToken( $B.4, ~bid.8, ~rst.24
    ) ▶₁ #vr.16 // nr: 26 (from rule PassDistinctBatch)" (useful2)"
    
    !SenderState( $A.6, ~sst.58
    ) ▶₀ #vr.18 // nr: 28 (from rule SenderCreatesMessage)" (useful2)"
    
    !ReceiverPublicState( $B.4, ~rst.24
    ) ▶₁ #vr.18 // nr: 29 (from rule SenderCreatesMessage)" (useful2)"
    
    !SenderState( $A.11, ~sst.72
    ) ▶₀ #vr.30 // nr: 38 (from rule SenderCreatesMessage)" (useful2)"
    
    !ReceiverPublicState( $B.4, ~rst.24
    ) ▶₁ #vr.30 // nr: 39 (from rule SenderCreatesMessage)" (useful2)"
    
    DedupPending( $B.4, ~bid.8, ~rst.24, ~idx.362, $A1.45, m1.45,
                  ~idx.371, $A2.45, m2.45
    ) ▶₀ #vr.44 // nr: 51 (from rule PassDistinctBatch)" (useful2)"
    
    DedupDecisionToken( $B.4, ~bid.8, ~rst.24
    ) ▶₁ #vr.44 // nr: 52 (from rule PassDistinctBatch)" (useful2)"
    
    DedupPending( $B.4, ~bid.8, ~rst.24, ~idx.416, $A.15,
                  <ct_l($A.15, $B.4, ~rst.24, ~rl.49), 
                   ct_k($A.15, $B.4, ~rst.24, ~rk.49), 
                   ct_s($A.15, $B.4, ~sst.105, ~rst.24, ~rs.49)>,
                  ~idx.429, $A2.47, m2.47
    ) ▶₀ #vr.46 // nr: 54 (from rule PassDistinctBatch)" (useful2)"
    
    DedupDecisionToken( $B.4, ~bid.8, ~rst.24
    ) ▶₁ #vr.46 // nr: 55 (from rule PassDistinctBatch)" (useful2)"
    
    !SenderState( $A.15, ~sst.105
    ) ▶₀ #vr.48 // nr: 57 (from rule SenderCreatesMessage)" (useful2)"
    
    !ReceiverPublicState( $B.4, ~rst.24
    ) ▶₁ #vr.48 // nr: 58 (from rule SenderCreatesMessage)" (useful2)"
    
    OpenStage2( $B.4, ~bid.8, ~rst.24
    ) ▶₀ #vr.53 // nr: 60 (from rule SealBatch)" (useful2)"
    
    AddedSlot1( $B.4, ~bid.8, ~rst.24, ~idx.120, $A.11,
                <ct_l($A.11, $B.4, ~rst.24, ~rl.31), 
                 ct_k($A.11, $B.4, ~rst.24, ~rk.31), 
                 ct_s($A.11, $B.4, ~sst.72, ~rst.24, ~rs.31)>
    ) ▶₁ #vr.53 // nr: 61 (from rule SealBatch)" (useful2)"
    
    AddedSlot2( $B.4, ~bid.8, ~rst.24, ~idx.129, $A.6,
                <ct_l($A.6, $B.4, ~rst.24, ~rl.19), 
                 ct_k($A.6, $B.4, ~rst.24, ~rk.19), 
                 ct_s($A.6, $B.4, ~sst.58, ~rst.24, ~rs.19)>
    ) ▶₂ #vr.53 // nr: 62 (from rule SealBatch)" (useful2)"
    
    OpenStage2( $B.4, ~bid.8, ~rst.24
    ) ▶₀ #vr.96 // nr: 107 (from rule SealBatch)" (useful2)"
    
    AddedSlot1( $B.4, ~bid.8, ~rst.24, ~idx.362, $A1.45, m1.45
    ) ▶₁ #vr.96 // nr: 108 (from rule SealBatch)" (useful2)"
    
    AddedSlot2( $B.4, ~bid.8, ~rst.24, ~idx.371, $A2.45, m2.45
    ) ▶₂ #vr.96 // nr: 109 (from rule SealBatch)" (useful2)"
    
    OpenStage2( $B.4, ~bid.8, ~rst.24
    ) ▶₀ #vr.98 // nr: 111 (from rule SealBatch)" (useful2)"
    
    AddedSlot1( $B.4, ~bid.8, ~rst.24, ~idx.389, $A1.99, m1.99
    ) ▶₁ #vr.98 // nr: 112 (from rule SealBatch)" (useful2)"
    
    AddedSlot2( $B.4, ~bid.8, ~rst.24, ~idx.398, $A2.99, m2.99
    ) ▶₂ #vr.98 // nr: 113 (from rule SealBatch)" (useful2)"
    
    OpenStage2( $B.4, ~bid.8, ~rst.24
    ) ▶₀ #vr.100 // nr: 115 (from rule SealBatch)" (useful2)"
    
    AddedSlot1( $B.4, ~bid.8, ~rst.24, ~idx.416, $A.15,
                <ct_l($A.15, $B.4, ~rst.24, ~rl.49), 
                 ct_k($A.15, $B.4, ~rst.24, ~rk.49), 
                 ct_s($A.15, $B.4, ~sst.105, ~rst.24, ~rs.49)>
    ) ▶₁ #vr.100 // nr: 116 (from rule SealBatch)" (useful2)"
    
    AddedSlot2( $B.4, ~bid.8, ~rst.24, ~idx.429, $A2.47, m2.47
    ) ▶₂ #vr.100 // nr: 117 (from rule SealBatch)" (useful2)"
    
    OpenStage2( $B.4, ~bid.8, ~rst.24
    ) ▶₀ #vr.102 // nr: 119 (from rule SealBatch)" (useful2)"
    
    AddedSlot1( $B.4, ~bid.8, ~rst.24, ~idx.447, $A1.103, m1.103
    ) ▶₁ #vr.102 // nr: 120 (from rule SealBatch)" (useful2)"
    
    AddedSlot2( $B.4, ~bid.8, ~rst.24, ~idx.456, $A2.103, m2.103
    ) ▶₂ #vr.102 // nr: 121 (from rule SealBatch)" (useful2)"
    
    OpenStage1( $B.4, ~bid.8, ~rst.24
    ) ▶₀ #vr.110 // nr: 125 (from rule AddSlot2)" (useful2)"
    
    OpenStage0( $B.4, ~bid.8, ~rst.24
    ) ▶₀ #vr.119 // nr: 132 (from rule AddSlot1)" (useful2)"
    
    OpenStage1( $B.4, ~bid.8, ~rst.24
    ) ▶₀ #vr.128 // nr: 140 (from rule AddSlot2)" (useful2)"
Simplifier iteration 11:

The reduction-rules for
were applied to the following constraint system.

  nodes:
    #vr.4: instance (modulo AC) CompleteBatch:
              [
              SealedStage2( $B.5, ~bid.9, ~rst.61 ),
              BatchEndToken( $B.5, ~bid.9, ~rst.61 ),
              Slot1DoneFact( $B.5, ~bid.9, ~rst.61 ),
              Slot2DoneFact( $B.5, ~bid.9, ~rst.61 )
              ]
             --[
             UseBatchEndToken( $B.5, ~bid.9, ~rst.61 ),
             BatchComplete( $B.5, ~bid.9, ~rst.61 ),
             BatchClosed( $B.5, ~bid.9, ~rst.61 ),
             ConsumeReceiverState( $B.5, ~rst.61 )
             ]->
              [
              ClosedBatch( $B.5, ~bid.9, ~rst.61 ),
              UsedReceiverState( $B.5, ~rst.61 )
              ]
    #vr.6: instance (modulo AC) ProcessSlot2:
              [
              SealedStage1( $B.5, ~bid.9, ~rst.61 ),
              CheckedSlot2( $B.5, ~bid.9, ~rst.61, ~idx.132, $A.7,
                            <ct_l($A.7, $B.5, ~rst.61, ~rl.20), 
                             ct_k($A.7, $B.5, ~rst.61, ~rk.20), 
                             ct_s($A.7, $B.5, ~sst.58, ~rst.61, ~rs.20)>
              ),
              !HonestSession( $A.7, $B.5, ~rst.61,
                              <ct_l($A.7, $B.5, ~rst.61, ~rl.20), 
                               ct_k($A.7, $B.5, ~rst.61, ~rk.20), 
                               ct_s($A.7, $B.5, ~sst.58, ~rst.61, ~rs.20)>,
                              session_id($A.7, $B.5, sender_pk($A.7, ~sst.58),
                                         receiver_pk($B.5, ~rst.61), sender_prekey($A.7, ~sst.58),
                                         receiver_prekey($B.5, ~rst.61),
                                         <ct_l($A.7, $B.5, ~rst.61, ~rl.20), 
                                          ct_k($A.7, $B.5, ~rst.61, ~rk.20), 
                                          ct_s($A.7, $B.5, ~sst.58, ~rst.61, ~rs.20)>),
                              session_key(secret_l($A.7, $B.5, ~rst.61, ~rl.20),
                                          secret_k($A.7, $B.5, ~rst.61, ~rk.20),
                                          secret_s($A.7, $B.5, ~sst.58, ~rst.61, ~rs.20),
                                          session_id($A.7, $B.5, sender_pk($A.7, ~sst.58),
                                                     receiver_pk($B.5, ~rst.61),
                                                     sender_prekey($A.7, ~sst.58),
                                                     receiver_prekey($B.5, ~rst.61),
                                                     <ct_l($A.7, $B.5, ~rst.61, ~rl.20), 
                                                      ct_k($A.7, $B.5, ~rst.61, ~rk.20), 
                                                      ct_s($A.7, $B.5, ~sst.58, ~rst.61, ~rs.20)>))
              )
              ]
             --[
             BatchSlot( $B.5, ~bid.9, ~idx.132, $A.7,
                        <ct_l($A.7, $B.5, ~rst.61, ~rl.20), 
                         ct_k($A.7, $B.5, ~rst.61, ~rk.20), 
                         ct_s($A.7, $B.5, ~sst.58, ~rst.61, ~rs.20)>
             ),
             ReceiverAccept( $B.5, $A.7, ~bid.9, ~idx.132, ~rst.61,
                             <ct_l($A.7, $B.5, ~rst.61, ~rl.20), 
                              ct_k($A.7, $B.5, ~rst.61, ~rk.20), 
                              ct_s($A.7, $B.5, ~sst.58, ~rst.61, ~rs.20)>,
                             session_id($A.7, $B.5, sender_pk($A.7, ~sst.58),
                                        receiver_pk($B.5, ~rst.61), sender_prekey($A.7, ~sst.58),
                                        receiver_prekey($B.5, ~rst.61),
                                        <ct_l($A.7, $B.5, ~rst.61, ~rl.20), 
                                         ct_k($A.7, $B.5, ~rst.61, ~rk.20), 
                                         ct_s($A.7, $B.5, ~sst.58, ~rst.61, ~rs.20)>),
                             session_key(secret_l($A.7, $B.5, ~rst.61, ~rl.20),
                                         secret_k($A.7, $B.5, ~rst.61, ~rk.20),
                                         secret_s($A.7, $B.5, ~sst.58, ~rst.61, ~rs.20),
                                         session_id($A.7, $B.5, sender_pk($A.7, ~sst.58),
                                                    receiver_pk($B.5, ~rst.61),
                                                    sender_prekey($A.7, ~sst.58),
                                                    receiver_prekey($B.5, ~rst.61),
                                                    <ct_l($A.7, $B.5, ~rst.61, ~rl.20), 
                                                     ct_k($A.7, $B.5, ~rst.61, ~rk.20), 
                                                     ct_s($A.7, $B.5, ~sst.58, ~rst.61, ~rs.20)>))
             ),
             SlotProcessed( $B.5, ~bid.9, ~idx.132, $A.7,
                            <ct_l($A.7, $B.5, ~rst.61, ~rl.20), 
                             ct_k($A.7, $B.5, ~rst.61, ~rk.20), 
                             ct_s($A.7, $B.5, ~sst.58, ~rst.61, ~rs.20)>
             ),
             Slot2Done( $B.5, ~bid.9, ~rst.61 )
             ]->
              [
              SealedStage2( $B.5, ~bid.9, ~rst.61 ),
              Slot2DoneFact( $B.5, ~bid.9, ~rst.61 )
              ]
    #vr.8: instance (modulo AC) CreateBatch:
              [ ReceiverState( $B.5, ~rst.61 ), Fr( ~bid.9 ) ]
             --[ BatchCreated( $B.5, ~bid.9, ~rst.61 ) ]->
              [
              OpenStage0( $B.5, ~bid.9, ~rst.61 ),
              BatchEndToken( $B.5, ~bid.9, ~rst.61 ),
              BatchCompromiseToken( $B.5, ~bid.9, ~rst.61 )
              ]
    #vf.10: instance (modulo AC) Fresh:
               [ ] --> [ Fr( ~bid.9 ) ]
    #vr.11: instance (modulo AC) ProcessSlot1:
               [
               SealedStage0( $B.5, ~bid.9, ~rst.61 ),
               CheckedSlot1( $B.5, ~bid.9, ~rst.61, ~idx.123, $A.12,
                             <ct_l($A.12, $B.5, ~rst.61, ~rl.31), 
                              ct_k($A.12, $B.5, ~rst.61, ~rk.31), 
                              ct_s($A.12, $B.5, ~sst.75, ~rst.61, ~rs.31)>
               ),
               !HonestSession( $A.12, $B.5, ~rst.61,
                               <ct_l($A.12, $B.5, ~rst.61, ~rl.31), 
                                ct_k($A.12, $B.5, ~rst.61, ~rk.31), 
                                ct_s($A.12, $B.5, ~sst.75, ~rst.61, ~rs.31)>,
                               session_id($A.12, $B.5, sender_pk($A.12, ~sst.75),
                                          receiver_pk($B.5, ~rst.61), sender_prekey($A.12, ~sst.75),
                                          receiver_prekey($B.5, ~rst.61),
                                          <ct_l($A.12, $B.5, ~rst.61, ~rl.31), 
                                           ct_k($A.12, $B.5, ~rst.61, ~rk.31), 
                                           ct_s($A.12, $B.5, ~sst.75, ~rst.61, ~rs.31)>),
                               session_key(secret_l($A.12, $B.5, ~rst.61, ~rl.31),
                                           secret_k($A.12, $B.5, ~rst.61, ~rk.31),
                                           secret_s($A.12, $B.5, ~sst.75, ~rst.61, ~rs.31),
                                           session_id($A.12, $B.5, sender_pk($A.12, ~sst.75),
                                                      receiver_pk($B.5, ~rst.61),
                                                      sender_prekey($A.12, ~sst.75),
                                                      receiver_prekey($B.5, ~rst.61),
                                                      <ct_l($A.12, $B.5, ~rst.61, ~rl.31), 
                                                       ct_k($A.12, $B.5, ~rst.61, ~rk.31), 
                                                       ct_s($A.12, $B.5, ~sst.75, ~rst.61, ~rs.31)
                                                      >))
               )
               ]
              --[
              BatchSlot( $B.5, ~bid.9, ~idx.123, $A.12,
                         <ct_l($A.12, $B.5, ~rst.61, ~rl.31), 
                          ct_k($A.12, $B.5, ~rst.61, ~rk.31), 
                          ct_s($A.12, $B.5, ~sst.75, ~rst.61, ~rs.31)>
              ),
              ReceiverAccept( $B.5, $A.12, ~bid.9, ~idx.123, ~rst.61,
                              <ct_l($A.12, $B.5, ~rst.61, ~rl.31), 
                               ct_k($A.12, $B.5, ~rst.61, ~rk.31), 
                               ct_s($A.12, $B.5, ~sst.75, ~rst.61, ~rs.31)>,
                              session_id($A.12, $B.5, sender_pk($A.12, ~sst.75),
                                         receiver_pk($B.5, ~rst.61), sender_prekey($A.12, ~sst.75),
                                         receiver_prekey($B.5, ~rst.61),
                                         <ct_l($A.12, $B.5, ~rst.61, ~rl.31), 
                                          ct_k($A.12, $B.5, ~rst.61, ~rk.31), 
                                          ct_s($A.12, $B.5, ~sst.75, ~rst.61, ~rs.31)>),
                              session_key(secret_l($A.12, $B.5, ~rst.61, ~rl.31),
                                          secret_k($A.12, $B.5, ~rst.61, ~rk.31),
                                          secret_s($A.12, $B.5, ~sst.75, ~rst.61, ~rs.31),
                                          session_id($A.12, $B.5, sender_pk($A.12, ~sst.75),
                                                     receiver_pk($B.5, ~rst.61),
                                                     sender_prekey($A.12, ~sst.75),
                                                     receiver_prekey($B.5, ~rst.61),
                                                     <ct_l($A.12, $B.5, ~rst.61, ~rl.31), 
                                                      ct_k($A.12, $B.5, ~rst.61, ~rk.31), 
                                                      ct_s($A.12, $B.5, ~sst.75, ~rst.61, ~rs.31)>))
              ),
              SlotProcessed( $B.5, ~bid.9, ~idx.123, $A.12,
                             <ct_l($A.12, $B.5, ~rst.61, ~rl.31), 
                              ct_k($A.12, $B.5, ~rst.61, ~rk.31), 
                              ct_s($A.12, $B.5, ~sst.75, ~rst.61, ~rs.31)>
              ),
              Slot1Done( $B.5, ~bid.9, ~rst.61 )
              ]->
               [
               SealedStage1( $B.5, ~bid.9, ~rst.61 ),
               Slot1DoneFact( $B.5, ~bid.9, ~rst.61 )
               ]
    #vr.15: instance (modulo AC) ProcessSlot1:
               [
               SealedStage0( $B.5, ~bid.9, ~rst.61 ),
               CheckedSlot1( $B.5, ~bid.9, ~rst.61, ~idx.419, $A.16,
                             <ct_l($A.16, $B.5, ~rst.61, ~rl.49), 
                              ct_k($A.16, $B.5, ~rst.61, ~rk.49), 
                              ct_s($A.16, $B.5, ~sst.108, ~rst.61, ~rs.49)>
               ),
               !HonestSession( $A.16, $B.5, ~rst.61,
                               <ct_l($A.16, $B.5, ~rst.61, ~rl.49), 
                                ct_k($A.16, $B.5, ~rst.61, ~rk.49), 
                                ct_s($A.16, $B.5, ~sst.108, ~rst.61, ~rs.49)>,
                               session_id($A.16, $B.5, sender_pk($A.16, ~sst.108),
                                          receiver_pk($B.5, ~rst.61),
                                          sender_prekey($A.16, ~sst.108),
                                          receiver_prekey($B.5, ~rst.61),
                                          <ct_l($A.16, $B.5, ~rst.61, ~rl.49), 
                                           ct_k($A.16, $B.5, ~rst.61, ~rk.49), 
                                           ct_s($A.16, $B.5, ~sst.108, ~rst.61, ~rs.49)>),
                               session_key(secret_l($A.16, $B.5, ~rst.61, ~rl.49),
                                           secret_k($A.16, $B.5, ~rst.61, ~rk.49),
                                           secret_s($A.16, $B.5, ~sst.108, ~rst.61, ~rs.49),
                                           session_id($A.16, $B.5, sender_pk($A.16, ~sst.108),
                                                      receiver_pk($B.5, ~rst.61),
                                                      sender_prekey($A.16, ~sst.108),
                                                      receiver_prekey($B.5, ~rst.61),
                                                      <ct_l($A.16, $B.5, ~rst.61, ~rl.49), 
                                                       ct_k($A.16, $B.5, ~rst.61, ~rk.49), 
                                                       ct_s($A.16, $B.5, ~sst.108, ~rst.61, ~rs.49)
                                                      >))
               )
               ]
              --[
              BatchSlot( $B.5, ~bid.9, ~idx.419, $A.16,
                         <ct_l($A.16, $B.5, ~rst.61, ~rl.49), 
                          ct_k($A.16, $B.5, ~rst.61, ~rk.49), 
                          ct_s($A.16, $B.5, ~sst.108, ~rst.61, ~rs.49)>
              ),
              ReceiverAccept( $B.5, $A.16, ~bid.9, ~idx.419, ~rst.61,
                              <ct_l($A.16, $B.5, ~rst.61, ~rl.49), 
                               ct_k($A.16, $B.5, ~rst.61, ~rk.49), 
                               ct_s($A.16, $B.5, ~sst.108, ~rst.61, ~rs.49)>,
                              session_id($A.16, $B.5, sender_pk($A.16, ~sst.108),
                                         receiver_pk($B.5, ~rst.61), sender_prekey($A.16, ~sst.108),
                                         receiver_prekey($B.5, ~rst.61),
                                         <ct_l($A.16, $B.5, ~rst.61, ~rl.49), 
                                          ct_k($A.16, $B.5, ~rst.61, ~rk.49), 
                                          ct_s($A.16, $B.5, ~sst.108, ~rst.61, ~rs.49)>),
                              session_key(secret_l($A.16, $B.5, ~rst.61, ~rl.49),
                                          secret_k($A.16, $B.5, ~rst.61, ~rk.49),
                                          secret_s($A.16, $B.5, ~sst.108, ~rst.61, ~rs.49),
                                          session_id($A.16, $B.5, sender_pk($A.16, ~sst.108),
                                                     receiver_pk($B.5, ~rst.61),
                                                     sender_prekey($A.16, ~sst.108),
                                                     receiver_prekey($B.5, ~rst.61),
                                                     <ct_l($A.16, $B.5, ~rst.61, ~rl.49), 
                                                      ct_k($A.16, $B.5, ~rst.61, ~rk.49), 
                                                      ct_s($A.16, $B.5, ~sst.108, ~rst.61, ~rs.49)
                                                     >))
              ),
              SlotProcessed( $B.5, ~bid.9, ~idx.419, $A.16,
                             <ct_l($A.16, $B.5, ~rst.61, ~rl.49), 
                              ct_k($A.16, $B.5, ~rst.61, ~rk.49), 
                              ct_s($A.16, $B.5, ~sst.108, ~rst.61, ~rs.49)>
              ),
              Slot1Done( $B.5, ~bid.9, ~rst.61 )
              ]->
               [
               SealedStage1( $B.5, ~bid.9, ~rst.61 ),
               Slot1DoneFact( $B.5, ~bid.9, ~rst.61 )
               ]
    #vr.17: instance (modulo AC) PassDistinctBatch:
               [
               DedupPending( $B.5, ~bid.9, ~rst.61, ~idx.123, $A.12,
                             <ct_l($A.12, $B.5, ~rst.61, ~rl.31), 
                              ct_k($A.12, $B.5, ~rst.61, ~rk.31), 
                              ct_s($A.12, $B.5, ~sst.75, ~rst.61, ~rs.31)>,
                             ~idx.132, $A.7,
                             <ct_l($A.7, $B.5, ~rst.61, ~rl.20), 
                              ct_k($A.7, $B.5, ~rst.61, ~rk.20), 
                              ct_s($A.7, $B.5, ~sst.58, ~rst.61, ~rs.20)>
               ),
               DedupDecisionToken( $B.5, ~bid.9, ~rst.61 )
               ]
              --[
              Neq( <ct_l($A.12, $B.5, ~rst.61, ~rl.31), 
                    ct_k($A.12, $B.5, ~rst.61, ~rk.31), 
                    ct_s($A.12, $B.5, ~sst.75, ~rst.61, ~rs.31)>,
                   <ct_l($A.7, $B.5, ~rst.61, ~rl.20), 
                    ct_k($A.7, $B.5, ~rst.61, ~rk.20), 
                    ct_s($A.7, $B.5, ~sst.58, ~rst.61, ~rs.20)>
              ),
              DedupPassed( $B.5, ~bid.9, ~rst.61, ~idx.123, $A.12,
                           <ct_l($A.12, $B.5, ~rst.61, ~rl.31), 
                            ct_k($A.12, $B.5, ~rst.61, ~rk.31), 
                            ct_s($A.12, $B.5, ~sst.75, ~rst.61, ~rs.31)>,
                           ~idx.132, $A.7,
                           <ct_l($A.7, $B.5, ~rst.61, ~rl.20), 
                            ct_k($A.7, $B.5, ~rst.61, ~rk.20), 
                            ct_s($A.7, $B.5, ~sst.58, ~rst.61, ~rs.20)>
              ),
              UseDedupDecisionToken( $B.5, ~bid.9, ~rst.61 )
              ]->
               [
               CheckedSlot1( $B.5, ~bid.9, ~rst.61, ~idx.123, $A.12,
                             <ct_l($A.12, $B.5, ~rst.61, ~rl.31), 
                              ct_k($A.12, $B.5, ~rst.61, ~rk.31), 
                              ct_s($A.12, $B.5, ~sst.75, ~rst.61, ~rs.31)>
               ),
               CheckedSlot2( $B.5, ~bid.9, ~rst.61, ~idx.132, $A.7,
                             <ct_l($A.7, $B.5, ~rst.61, ~rl.20), 
                              ct_k($A.7, $B.5, ~rst.61, ~rk.20), 
                              ct_s($A.7, $B.5, ~sst.58, ~rst.61, ~rs.20)>
               ),
               SealedStage0( $B.5, ~bid.9, ~rst.61 )
               ]
    #vr.19: instance (modulo AC) SenderCreatesMessage:
               [
               !SenderState( $A.7, ~sst.58 ),
               !ReceiverPublicState( $B.5, ~rst.61 ), Fr( ~rl.20 ), Fr( ~rk.20 ),
               Fr( ~rs.20 )
               ]
              --[
              SenderSession( $A.7, $B.5,
                             <ct_l($A.7, $B.5, ~rst.61, ~rl.20), 
                              ct_k($A.7, $B.5, ~rst.61, ~rk.20), 
                              ct_s($A.7, $B.5, ~sst.58, ~rst.61, ~rs.20)>,
                             session_id($A.7, $B.5, sender_pk($A.7, ~sst.58),
                                        receiver_pk($B.5, ~rst.61), sender_prekey($A.7, ~sst.58),
                                        receiver_prekey($B.5, ~rst.61),
                                        <ct_l($A.7, $B.5, ~rst.61, ~rl.20), 
                                         ct_k($A.7, $B.5, ~rst.61, ~rk.20), 
                                         ct_s($A.7, $B.5, ~sst.58, ~rst.61, ~rs.20)>),
                             session_key(secret_l($A.7, $B.5, ~rst.61, ~rl.20),
                                         secret_k($A.7, $B.5, ~rst.61, ~rk.20),
                                         secret_s($A.7, $B.5, ~sst.58, ~rst.61, ~rs.20),
                                         session_id($A.7, $B.5, sender_pk($A.7, ~sst.58),
                                                    receiver_pk($B.5, ~rst.61),
                                                    sender_prekey($A.7, ~sst.58),
                                                    receiver_prekey($B.5, ~rst.61),
                                                    <ct_l($A.7, $B.5, ~rst.61, ~rl.20), 
                                                     ct_k($A.7, $B.5, ~rst.61, ~rk.20), 
                                                     ct_s($A.7, $B.5, ~sst.58, ~rst.61, ~rs.20)>))
              )
              ]->
               [
               Out( <$A.7, $B.5, ct_l($A.7, $B.5, ~rst.61, ~rl.20), 
                     ct_k($A.7, $B.5, ~rst.61, ~rk.20), 
                     ct_s($A.7, $B.5, ~sst.58, ~rst.61, ~rs.20)>
               ),
               !HonestSession( $A.7, $B.5, ~rst.61,
                               <ct_l($A.7, $B.5, ~rst.61, ~rl.20), 
                                ct_k($A.7, $B.5, ~rst.61, ~rk.20), 
                                ct_s($A.7, $B.5, ~sst.58, ~rst.61, ~rs.20)>,
                               session_id($A.7, $B.5, sender_pk($A.7, ~sst.58),
                                          receiver_pk($B.5, ~rst.61), sender_prekey($A.7, ~sst.58),
                                          receiver_prekey($B.5, ~rst.61),
                                          <ct_l($A.7, $B.5, ~rst.61, ~rl.20), 
                                           ct_k($A.7, $B.5, ~rst.61, ~rk.20), 
                                           ct_s($A.7, $B.5, ~sst.58, ~rst.61, ~rs.20)>),
                               session_key(secret_l($A.7, $B.5, ~rst.61, ~rl.20),
                                           secret_k($A.7, $B.5, ~rst.61, ~rk.20),
                                           secret_s($A.7, $B.5, ~sst.58, ~rst.61, ~rs.20),
                                           session_id($A.7, $B.5, sender_pk($A.7, ~sst.58),
                                                      receiver_pk($B.5, ~rst.61),
                                                      sender_prekey($A.7, ~sst.58),
                                                      receiver_prekey($B.5, ~rst.61),
                                                      <ct_l($A.7, $B.5, ~rst.61, ~rl.20), 
                                                       ct_k($A.7, $B.5, ~rst.61, ~rk.20), 
                                                       ct_s($A.7, $B.5, ~sst.58, ~rst.61, ~rs.20)>))
               )
               ]
    #vf.21: instance (modulo AC) Fresh:
               [ ] --> [ Fr( ~rl.20 ) ]
    #vf.22: instance (modulo AC) Fresh:
               [ ] --> [ Fr( ~rk.20 ) ]
    #vf.23: instance (modulo AC) Fresh:
               [ ] --> [ Fr( ~rs.20 ) ]
    #vr.24: instance (modulo AC) CompromiseReceiverState:
               [
               ReceiverState( $B.5, ~rst.61 ),
               ReceiverCompromiseToken( $B.5, ~rst.61 )
               ]
              --[ CompromiseReceiverState( $B.5, ~rst.61 ) ]->
               [
               ReceiverState( $B.5, ~rst.61 ),
               !CompromisedReceiverState( $B.5, ~rst.61 ), Out( ~rst.61 )
               ]
    #vr.30: instance (modulo AC) SenderCreatesMessage:
               [
               !SenderState( $A.12, ~sst.75 ),
               !ReceiverPublicState( $B.5, ~rst.61 ), Fr( ~rl.31 ), Fr( ~rk.31 ),
               Fr( ~rs.31 )
               ]
              --[
              SenderSession( $A.12, $B.5,
                             <ct_l($A.12, $B.5, ~rst.61, ~rl.31), 
                              ct_k($A.12, $B.5, ~rst.61, ~rk.31), 
                              ct_s($A.12, $B.5, ~sst.75, ~rst.61, ~rs.31)>,
                             session_id($A.12, $B.5, sender_pk($A.12, ~sst.75),
                                        receiver_pk($B.5, ~rst.61), sender_prekey($A.12, ~sst.75),
                                        receiver_prekey($B.5, ~rst.61),
                                        <ct_l($A.12, $B.5, ~rst.61, ~rl.31), 
                                         ct_k($A.12, $B.5, ~rst.61, ~rk.31), 
                                         ct_s($A.12, $B.5, ~sst.75, ~rst.61, ~rs.31)>),
                             session_key(secret_l($A.12, $B.5, ~rst.61, ~rl.31),
                                         secret_k($A.12, $B.5, ~rst.61, ~rk.31),
                                         secret_s($A.12, $B.5, ~sst.75, ~rst.61, ~rs.31),
                                         session_id($A.12, $B.5, sender_pk($A.12, ~sst.75),
                                                    receiver_pk($B.5, ~rst.61),
                                                    sender_prekey($A.12, ~sst.75),
                                                    receiver_prekey($B.5, ~rst.61),
                                                    <ct_l($A.12, $B.5, ~rst.61, ~rl.31), 
                                                     ct_k($A.12, $B.5, ~rst.61, ~rk.31), 
                                                     ct_s($A.12, $B.5, ~sst.75, ~rst.61, ~rs.31)>))
              )
              ]->
               [
               Out( <$A.12, $B.5, ct_l($A.12, $B.5, ~rst.61, ~rl.31), 
                     ct_k($A.12, $B.5, ~rst.61, ~rk.31), 
                     ct_s($A.12, $B.5, ~sst.75, ~rst.61, ~rs.31)>
               ),
               !HonestSession( $A.12, $B.5, ~rst.61,
                               <ct_l($A.12, $B.5, ~rst.61, ~rl.31), 
                                ct_k($A.12, $B.5, ~rst.61, ~rk.31), 
                                ct_s($A.12, $B.5, ~sst.75, ~rst.61, ~rs.31)>,
                               session_id($A.12, $B.5, sender_pk($A.12, ~sst.75),
                                          receiver_pk($B.5, ~rst.61), sender_prekey($A.12, ~sst.75),
                                          receiver_prekey($B.5, ~rst.61),
                                          <ct_l($A.12, $B.5, ~rst.61, ~rl.31), 
                                           ct_k($A.12, $B.5, ~rst.61, ~rk.31), 
                                           ct_s($A.12, $B.5, ~sst.75, ~rst.61, ~rs.31)>),
                               session_key(secret_l($A.12, $B.5, ~rst.61, ~rl.31),
                                           secret_k($A.12, $B.5, ~rst.61, ~rk.31),
                                           secret_s($A.12, $B.5, ~sst.75, ~rst.61, ~rs.31),
                                           session_id($A.12, $B.5, sender_pk($A.12, ~sst.75),
                                                      receiver_pk($B.5, ~rst.61),
                                                      sender_prekey($A.12, ~sst.75),
                                                      receiver_prekey($B.5, ~rst.61),
                                                      <ct_l($A.12, $B.5, ~rst.61, ~rl.31), 
                                                       ct_k($A.12, $B.5, ~rst.61, ~rk.31), 
                                                       ct_s($A.12, $B.5, ~sst.75, ~rst.61, ~rs.31)
                                                      >))
               )
               ]
    #vf.32: instance (modulo AC) Fresh:
               [ ] --> [ Fr( ~rl.31 ) ]
    #vf.33: instance (modulo AC) Fresh:
               [ ] --> [ Fr( ~rk.31 ) ]
    #vf.34: instance (modulo AC) Fresh:
               [ ] --> [ Fr( ~rs.31 ) ]
    #vr.44: instance (modulo AC) PassDistinctBatch:
               [
               DedupPending( $B.5, ~bid.9, ~rst.61, ~idx.365, $A1.45, m1.45,
                             ~idx.374, $A2.45, m2.45
               ),
               DedupDecisionToken( $B.5, ~bid.9, ~rst.61 )
               ]
              --[
              Neq( m1.45, m2.45 ),
              DedupPassed( $B.5, ~bid.9, ~rst.61, ~idx.365, $A1.45, m1.45,
                           ~idx.374, $A2.45, m2.45
              ),
              UseDedupDecisionToken( $B.5, ~bid.9, ~rst.61 )
              ]->
               [
               CheckedSlot1( $B.5, ~bid.9, ~rst.61, ~idx.365, $A1.45, m1.45 ),
               CheckedSlot2( $B.5, ~bid.9, ~rst.61, ~idx.374, $A2.45, m2.45 ),
               SealedStage0( $B.5, ~bid.9, ~rst.61 )
               ]
    #vr.46: instance (modulo AC) PassDistinctBatch:
               [
               DedupPending( $B.5, ~bid.9, ~rst.61, ~idx.419, $A.16,
                             <ct_l($A.16, $B.5, ~rst.61, ~rl.49), 
                              ct_k($A.16, $B.5, ~rst.61, ~rk.49), 
                              ct_s($A.16, $B.5, ~sst.108, ~rst.61, ~rs.49)>,
                             ~idx.432, $A2.47, m2.47
               ),
               DedupDecisionToken( $B.5, ~bid.9, ~rst.61 )
               ]
              --[
              Neq( <ct_l($A.16, $B.5, ~rst.61, ~rl.49), 
                    ct_k($A.16, $B.5, ~rst.61, ~rk.49), 
                    ct_s($A.16, $B.5, ~sst.108, ~rst.61, ~rs.49)>,
                   m2.47
              ),
              DedupPassed( $B.5, ~bid.9, ~rst.61, ~idx.419, $A.16,
                           <ct_l($A.16, $B.5, ~rst.61, ~rl.49), 
                            ct_k($A.16, $B.5, ~rst.61, ~rk.49), 
                            ct_s($A.16, $B.5, ~sst.108, ~rst.61, ~rs.49)>,
                           ~idx.432, $A2.47, m2.47
              ),
              UseDedupDecisionToken( $B.5, ~bid.9, ~rst.61 )
              ]->
               [
               CheckedSlot1( $B.5, ~bid.9, ~rst.61, ~idx.419, $A.16,
                             <ct_l($A.16, $B.5, ~rst.61, ~rl.49), 
                              ct_k($A.16, $B.5, ~rst.61, ~rk.49), 
                              ct_s($A.16, $B.5, ~sst.108, ~rst.61, ~rs.49)>
               ),
               CheckedSlot2( $B.5, ~bid.9, ~rst.61, ~idx.432, $A2.47, m2.47 ),
               SealedStage0( $B.5, ~bid.9, ~rst.61 )
               ]
    #vr.48: instance (modulo AC) SenderCreatesMessage:
               [
               !SenderState( $A.16, ~sst.108 ),
               !ReceiverPublicState( $B.5, ~rst.61 ), Fr( ~rl.49 ), Fr( ~rk.49 ),
               Fr( ~rs.49 )
               ]
              --[
              SenderSession( $A.16, $B.5,
                             <ct_l($A.16, $B.5, ~rst.61, ~rl.49), 
                              ct_k($A.16, $B.5, ~rst.61, ~rk.49), 
                              ct_s($A.16, $B.5, ~sst.108, ~rst.61, ~rs.49)>,
                             session_id($A.16, $B.5, sender_pk($A.16, ~sst.108),
                                        receiver_pk($B.5, ~rst.61), sender_prekey($A.16, ~sst.108),
                                        receiver_prekey($B.5, ~rst.61),
                                        <ct_l($A.16, $B.5, ~rst.61, ~rl.49), 
                                         ct_k($A.16, $B.5, ~rst.61, ~rk.49), 
                                         ct_s($A.16, $B.5, ~sst.108, ~rst.61, ~rs.49)>),
                             session_key(secret_l($A.16, $B.5, ~rst.61, ~rl.49),
                                         secret_k($A.16, $B.5, ~rst.61, ~rk.49),
                                         secret_s($A.16, $B.5, ~sst.108, ~rst.61, ~rs.49),
                                         session_id($A.16, $B.5, sender_pk($A.16, ~sst.108),
                                                    receiver_pk($B.5, ~rst.61),
                                                    sender_prekey($A.16, ~sst.108),
                                                    receiver_prekey($B.5, ~rst.61),
                                                    <ct_l($A.16, $B.5, ~rst.61, ~rl.49), 
                                                     ct_k($A.16, $B.5, ~rst.61, ~rk.49), 
                                                     ct_s($A.16, $B.5, ~sst.108, ~rst.61, ~rs.49)>))
              )
              ]->
               [
               Out( <$A.16, $B.5, ct_l($A.16, $B.5, ~rst.61, ~rl.49), 
                     ct_k($A.16, $B.5, ~rst.61, ~rk.49), 
                     ct_s($A.16, $B.5, ~sst.108, ~rst.61, ~rs.49)>
               ),
               !HonestSession( $A.16, $B.5, ~rst.61,
                               <ct_l($A.16, $B.5, ~rst.61, ~rl.49), 
                                ct_k($A.16, $B.5, ~rst.61, ~rk.49), 
                                ct_s($A.16, $B.5, ~sst.108, ~rst.61, ~rs.49)>,
                               session_id($A.16, $B.5, sender_pk($A.16, ~sst.108),
                                          receiver_pk($B.5, ~rst.61),
                                          sender_prekey($A.16, ~sst.108),
                                          receiver_prekey($B.5, ~rst.61),
                                          <ct_l($A.16, $B.5, ~rst.61, ~rl.49), 
                                           ct_k($A.16, $B.5, ~rst.61, ~rk.49), 
                                           ct_s($A.16, $B.5, ~sst.108, ~rst.61, ~rs.49)>),
                               session_key(secret_l($A.16, $B.5, ~rst.61, ~rl.49),
                                           secret_k($A.16, $B.5, ~rst.61, ~rk.49),
                                           secret_s($A.16, $B.5, ~sst.108, ~rst.61, ~rs.49),
                                           session_id($A.16, $B.5, sender_pk($A.16, ~sst.108),
                                                      receiver_pk($B.5, ~rst.61),
                                                      sender_prekey($A.16, ~sst.108),
                                                      receiver_prekey($B.5, ~rst.61),
                                                      <ct_l($A.16, $B.5, ~rst.61, ~rl.49), 
                                                       ct_k($A.16, $B.5, ~rst.61, ~rk.49), 
                                                       ct_s($A.16, $B.5, ~sst.108, ~rst.61, ~rs.49)
                                                      >))
               )
               ]
    #vf.50: instance (modulo AC) Fresh:
               [ ] --> [ Fr( ~rl.49 ) ]
    #vf.51: instance (modulo AC) Fresh:
               [ ] --> [ Fr( ~rk.49 ) ]
    #vf.52: instance (modulo AC) Fresh:
               [ ] --> [ Fr( ~rs.49 ) ]
    #vr.53: instance (modulo AC) SealBatch:
               [
               OpenStage2( $B.5, ~bid.9, ~rst.61 ),
               AddedSlot1( $B.5, ~bid.9, ~rst.61, ~idx.123, $A.12,
                           <ct_l($A.12, $B.5, ~rst.61, ~rl.31), 
                            ct_k($A.12, $B.5, ~rst.61, ~rk.31), 
                            ct_s($A.12, $B.5, ~sst.75, ~rst.61, ~rs.31)>
               ),
               AddedSlot2( $B.5, ~bid.9, ~rst.61, ~idx.132, $A.7,
                           <ct_l($A.7, $B.5, ~rst.61, ~rl.20), 
                            ct_k($A.7, $B.5, ~rst.61, ~rk.20), 
                            ct_s($A.7, $B.5, ~sst.58, ~rst.61, ~rs.20)>
               )
               ]
              --[ SealBatchEvent( $B.5, ~bid.9, ~rst.61 ) ]->
               [
               DedupPending( $B.5, ~bid.9, ~rst.61, ~idx.123, $A.12,
                             <ct_l($A.12, $B.5, ~rst.61, ~rl.31), 
                              ct_k($A.12, $B.5, ~rst.61, ~rk.31), 
                              ct_s($A.12, $B.5, ~sst.75, ~rst.61, ~rs.31)>,
                             ~idx.132, $A.7,
                             <ct_l($A.7, $B.5, ~rst.61, ~rl.20), 
                              ct_k($A.7, $B.5, ~rst.61, ~rk.20), 
                              ct_s($A.7, $B.5, ~sst.58, ~rst.61, ~rs.20)>
               ),
               DedupDecisionToken( $B.5, ~bid.9, ~rst.61 )
               ]
    #vr.57: instance (modulo AC) InitSenderState:
               [ Fr( ~sst.58 ) ]
              --[ SenderStateCreated( $A.7, ~sst.58 ) ]->
               [
               !SenderState( $A.7, ~sst.58 ),
               SenderCompromiseToken( $A.7, ~sst.58 )
               ]
    #vf.59: instance (modulo AC) Fresh:
               [ ] --> [ Fr( ~sst.58 ) ]
    #vr.60: instance (modulo AC) InitReceiverState:
               [ Fr( ~rst.61 ) ]
              --[ ReceiverStateCreated( $B.5, ~rst.61 ) ]->
               [
               ReceiverState( $B.5, ~rst.61 ),
               !ReceiverPublicState( $B.5, ~rst.61 ),
               ReceiverCompromiseToken( $B.5, ~rst.61 )
               ]
    #vf.62: instance (modulo AC) Fresh:
               [ ] --> [ Fr( ~rst.61 ) ]
    #vr.74: instance (modulo AC) InitSenderState:
               [ Fr( ~sst.75 ) ]
              --[ SenderStateCreated( $A.12, ~sst.75 ) ]->
               [
               !SenderState( $A.12, ~sst.75 ),
               SenderCompromiseToken( $A.12, ~sst.75 )
               ]
    #vf.76: instance (modulo AC) Fresh:
               [ ] --> [ Fr( ~sst.75 ) ]
    #vr.99: instance (modulo AC) SealBatch:
               [
               OpenStage2( $B.5, ~bid.9, ~rst.61 ),
               AddedSlot1( $B.5, ~bid.9, ~rst.61, ~idx.365, $A1.45, m1.45 ),
               AddedSlot2( $B.5, ~bid.9, ~rst.61, ~idx.374, $A2.45, m2.45 )
               ]
              --[ SealBatchEvent( $B.5, ~bid.9, ~rst.61 ) ]->
               [
               DedupPending( $B.5, ~bid.9, ~rst.61, ~idx.365, $A1.45, m1.45,
                             ~idx.374, $A2.45, m2.45
               ),
               DedupDecisionToken( $B.5, ~bid.9, ~rst.61 )
               ]
    #vr.101: instance (modulo AC) SealBatch:
                [
                OpenStage2( $B.5, ~bid.9, ~rst.61 ),
                AddedSlot1( $B.5, ~bid.9, ~rst.61, ~idx.392, $A1.102, m1.102 ),
                AddedSlot2( $B.5, ~bid.9, ~rst.61, ~idx.401, $A2.102, m2.102 )
                ]
               --[ SealBatchEvent( $B.5, ~bid.9, ~rst.61 ) ]->
                [
                DedupPending( $B.5, ~bid.9, ~rst.61, ~idx.392, $A1.102, m1.102,
                              ~idx.401, $A2.102, m2.102
                ),
                DedupDecisionToken( $B.5, ~bid.9, ~rst.61 )
                ]
    #vr.103: instance (modulo AC) SealBatch:
                [
                OpenStage2( $B.5, ~bid.9, ~rst.61 ),
                AddedSlot1( $B.5, ~bid.9, ~rst.61, ~idx.419, $A.16,
                            <ct_l($A.16, $B.5, ~rst.61, ~rl.49), 
                             ct_k($A.16, $B.5, ~rst.61, ~rk.49), 
                             ct_s($A.16, $B.5, ~sst.108, ~rst.61, ~rs.49)>
                ),
                AddedSlot2( $B.5, ~bid.9, ~rst.61, ~idx.432, $A2.47, m2.47 )
                ]
               --[ SealBatchEvent( $B.5, ~bid.9, ~rst.61 ) ]->
                [
                DedupPending( $B.5, ~bid.9, ~rst.61, ~idx.419, $A.16,
                              <ct_l($A.16, $B.5, ~rst.61, ~rl.49), 
                               ct_k($A.16, $B.5, ~rst.61, ~rk.49), 
                               ct_s($A.16, $B.5, ~sst.108, ~rst.61, ~rs.49)>,
                              ~idx.432, $A2.47, m2.47
                ),
                DedupDecisionToken( $B.5, ~bid.9, ~rst.61 )
                ]
    #vr.105: instance (modulo AC) SealBatch:
                [
                OpenStage2( $B.5, ~bid.9, ~rst.61 ),
                AddedSlot1( $B.5, ~bid.9, ~rst.61, ~idx.450, $A1.106, m1.106 ),
                AddedSlot2( $B.5, ~bid.9, ~rst.61, ~idx.459, $A2.106, m2.106 )
                ]
               --[ SealBatchEvent( $B.5, ~bid.9, ~rst.61 ) ]->
                [
                DedupPending( $B.5, ~bid.9, ~rst.61, ~idx.450, $A1.106, m1.106,
                              ~idx.459, $A2.106, m2.106
                ),
                DedupDecisionToken( $B.5, ~bid.9, ~rst.61 )
                ]
    #vr.107: instance (modulo AC) InitSenderState:
                [ Fr( ~sst.108 ) ]
               --[ SenderStateCreated( $A.16, ~sst.108 ) ]->
                [
                !SenderState( $A.16, ~sst.108 ),
                SenderCompromiseToken( $A.16, ~sst.108 )
                ]
    #vf.109: instance (modulo AC) Fresh:
                [ ] --> [ Fr( ~sst.108 ) ]
    #vr.113: instance (modulo AC) AddSlot2:
                [
                OpenStage1( $B.5, ~bid.9, ~rst.61 ), In( <$A.114, $B.5, m.114> ),
                Fr( ~idx.114 )
                ]
               --[
               SlotAdded( $B.5, ~bid.9, ~idx.114, $A.114, m.114 ),
               Slot2Added( $B.5, ~bid.9, ~rst.61, ~idx.114, $A.114, m.114 )
               ]->
                [
                OpenStage2( $B.5, ~bid.9, ~rst.61 ),
                AddedSlot2( $B.5, ~bid.9, ~rst.61, ~idx.114, $A.114, m.114 )
                ]
    #vf.115: instance (modulo AC) isend:
                [ !KU( <$A.114, $B.5, m.114> ) ]
               --[ K( <$A.114, $B.5, m.114> ) ]->
                [ In( <$A.114, $B.5, m.114> ) ]
    #vf.121: instance (modulo AC) Fresh:
                [ ] --> [ Fr( ~idx.114 ) ]
    #vr.122: instance (modulo AC) AddSlot1:
                [
                OpenStage0( $B.5, ~bid.9, ~rst.61 ),
                In( <$A.12, $B.5, ct_l($A.12, $B.5, ~rst.61, ~rl.31), 
                     ct_k($A.12, $B.5, ~rst.61, ~rk.31), 
                     ct_s($A.12, $B.5, ~sst.75, ~rst.61, ~rs.31)>
                ),
                Fr( ~idx.123 )
                ]
               --[
               SlotAdded( $B.5, ~bid.9, ~idx.123, $A.12,
                          <ct_l($A.12, $B.5, ~rst.61, ~rl.31), 
                           ct_k($A.12, $B.5, ~rst.61, ~rk.31), 
                           ct_s($A.12, $B.5, ~sst.75, ~rst.61, ~rs.31)>
               ),
               Slot1Added( $B.5, ~bid.9, ~rst.61, ~idx.123, $A.12,
                           <ct_l($A.12, $B.5, ~rst.61, ~rl.31), 
                            ct_k($A.12, $B.5, ~rst.61, ~rk.31), 
                            ct_s($A.12, $B.5, ~sst.75, ~rst.61, ~rs.31)>
               )
               ]->
                [
                OpenStage1( $B.5, ~bid.9, ~rst.61 ),
                AddedSlot1( $B.5, ~bid.9, ~rst.61, ~idx.123, $A.12,
                            <ct_l($A.12, $B.5, ~rst.61, ~rl.31), 
                             ct_k($A.12, $B.5, ~rst.61, ~rk.31), 
                             ct_s($A.12, $B.5, ~sst.75, ~rst.61, ~rs.31)>
                )
                ]
    #vf.124: instance (modulo AC) isend:
                [
                !KU( <$A.12, $B.5, ct_l($A.12, $B.5, ~rst.61, ~rl.31), 
                      ct_k($A.12, $B.5, ~rst.61, ~rk.31), 
                      ct_s($A.12, $B.5, ~sst.75, ~rst.61, ~rs.31)>
                )
                ]
               --[
               K( <$A.12, $B.5, ct_l($A.12, $B.5, ~rst.61, ~rl.31), 
                   ct_k($A.12, $B.5, ~rst.61, ~rk.31), 
                   ct_s($A.12, $B.5, ~sst.75, ~rst.61, ~rs.31)>
               )
               ]->
                [
                In( <$A.12, $B.5, ct_l($A.12, $B.5, ~rst.61, ~rl.31), 
                     ct_k($A.12, $B.5, ~rst.61, ~rk.31), 
                     ct_s($A.12, $B.5, ~sst.75, ~rst.61, ~rs.31)>
                )
                ]
    #vf.130: instance (modulo AC) Fresh:
                [ ] --> [ Fr( ~idx.123 ) ]
    #vr.131: instance (modulo AC) AddSlot2:
                [
                OpenStage1( $B.5, ~bid.9, ~rst.61 ),
                In( <$A.7, $B.5, ct_l($A.7, $B.5, ~rst.61, ~rl.20), 
                     ct_k($A.7, $B.5, ~rst.61, ~rk.20), 
                     ct_s($A.7, $B.5, ~sst.58, ~rst.61, ~rs.20)>
                ),
                Fr( ~idx.132 )
                ]
               --[
               SlotAdded( $B.5, ~bid.9, ~idx.132, $A.7,
                          <ct_l($A.7, $B.5, ~rst.61, ~rl.20), 
                           ct_k($A.7, $B.5, ~rst.61, ~rk.20), 
                           ct_s($A.7, $B.5, ~sst.58, ~rst.61, ~rs.20)>
               ),
               Slot2Added( $B.5, ~bid.9, ~rst.61, ~idx.132, $A.7,
                           <ct_l($A.7, $B.5, ~rst.61, ~rl.20), 
                            ct_k($A.7, $B.5, ~rst.61, ~rk.20), 
                            ct_s($A.7, $B.5, ~sst.58, ~rst.61, ~rs.20)>
               )
               ]->
                [
                OpenStage2( $B.5, ~bid.9, ~rst.61 ),
                AddedSlot2( $B.5, ~bid.9, ~rst.61, ~idx.132, $A.7,
                            <ct_l($A.7, $B.5, ~rst.61, ~rl.20), 
                             ct_k($A.7, $B.5, ~rst.61, ~rk.20), 
                             ct_s($A.7, $B.5, ~sst.58, ~rst.61, ~rs.20)>
                )
                ]
    #vf.133: instance (modulo AC) isend:
                [
                !KU( <$A.7, $B.5, ct_l($A.7, $B.5, ~rst.61, ~rl.20), 
                      ct_k($A.7, $B.5, ~rst.61, ~rk.20), 
                      ct_s($A.7, $B.5, ~sst.58, ~rst.61, ~rs.20)>
                )
                ]
               --[
               K( <$A.7, $B.5, ct_l($A.7, $B.5, ~rst.61, ~rl.20), 
                   ct_k($A.7, $B.5, ~rst.61, ~rk.20), 
                   ct_s($A.7, $B.5, ~sst.58, ~rst.61, ~rs.20)>
               )
               ]->
                [
                In( <$A.7, $B.5, ct_l($A.7, $B.5, ~rst.61, ~rl.20), 
                     ct_k($A.7, $B.5, ~rst.61, ~rk.20), 
                     ct_s($A.7, $B.5, ~sst.58, ~rst.61, ~rs.20)>
                )
                ]
    #vf.139: instance (modulo AC) Fresh:
                [ ] --> [ Fr( ~idx.132 ) ]
    #vr.355: instance (modulo AC) AddSlot2:
                [
                OpenStage1( $B.5, ~bid.9, ~rst.61 ), In( <$A.356, $B.5, m.356> ),
                Fr( ~idx.356 )
                ]
               --[
               SlotAdded( $B.5, ~bid.9, ~idx.356, $A.356, m.356 ),
               Slot2Added( $B.5, ~bid.9, ~rst.61, ~idx.356, $A.356, m.356 )
               ]->
                [
                OpenStage2( $B.5, ~bid.9, ~rst.61 ),
                AddedSlot2( $B.5, ~bid.9, ~rst.61, ~idx.356, $A.356, m.356 )
                ]
    #vf.357: instance (modulo AC) isend:
                [ !KU( <$A.356, $B.5, m.356> ) ]
               --[ K( <$A.356, $B.5, m.356> ) ]->
                [ In( <$A.356, $B.5, m.356> ) ]
    #vf.363: instance (modulo AC) Fresh:
                [ ] --> [ Fr( ~idx.356 ) ]
    #vr.364: instance (modulo AC) AddSlot1:
                [
                OpenStage0( $B.5, ~bid.9, ~rst.61 ), In( <$A1.45, $B.5, m1.45> ),
                Fr( ~idx.365 )
                ]
               --[
               SlotAdded( $B.5, ~bid.9, ~idx.365, $A1.45, m1.45 ),
               Slot1Added( $B.5, ~bid.9, ~rst.61, ~idx.365, $A1.45, m1.45 )
               ]->
                [
                OpenStage1( $B.5, ~bid.9, ~rst.61 ),
                AddedSlot1( $B.5, ~bid.9, ~rst.61, ~idx.365, $A1.45, m1.45 )
                ]
    #vf.366: instance (modulo AC) isend:
                [ !KU( <$A1.45, $B.5, m1.45> ) ]
               --[ K( <$A1.45, $B.5, m1.45> ) ]->
                [ In( <$A1.45, $B.5, m1.45> ) ]
    #vf.372: instance (modulo AC) Fresh:
                [ ] --> [ Fr( ~idx.365 ) ]
    #vr.373: instance (modulo AC) AddSlot2:
                [
                OpenStage1( $B.5, ~bid.9, ~rst.61 ), In( <$A2.45, $B.5, m2.45> ),
                Fr( ~idx.374 )
                ]
               --[
               SlotAdded( $B.5, ~bid.9, ~idx.374, $A2.45, m2.45 ),
               Slot2Added( $B.5, ~bid.9, ~rst.61, ~idx.374, $A2.45, m2.45 )
               ]->
                [
                OpenStage2( $B.5, ~bid.9, ~rst.61 ),
                AddedSlot2( $B.5, ~bid.9, ~rst.61, ~idx.374, $A2.45, m2.45 )
                ]
    #vf.375: instance (modulo AC) isend:
                [ !KU( <$A2.45, $B.5, m2.45> ) ]
               --[ K( <$A2.45, $B.5, m2.45> ) ]->
                [ In( <$A2.45, $B.5, m2.45> ) ]
    #vf.381: instance (modulo AC) Fresh:
                [ ] --> [ Fr( ~idx.374 ) ]
    #vr.382: instance (modulo AC) AddSlot2:
                [
                OpenStage1( $B.5, ~bid.9, ~rst.61 ), In( <$A.383, $B.5, m.383> ),
                Fr( ~idx.383 )
                ]
               --[
               SlotAdded( $B.5, ~bid.9, ~idx.383, $A.383, m.383 ),
               Slot2Added( $B.5, ~bid.9, ~rst.61, ~idx.383, $A.383, m.383 )
               ]->
                [
                OpenStage2( $B.5, ~bid.9, ~rst.61 ),
                AddedSlot2( $B.5, ~bid.9, ~rst.61, ~idx.383, $A.383, m.383 )
                ]
    #vf.384: instance (modulo AC) isend:
                [ !KU( <$A.383, $B.5, m.383> ) ]
               --[ K( <$A.383, $B.5, m.383> ) ]->
                [ In( <$A.383, $B.5, m.383> ) ]
    #vf.390: instance (modulo AC) Fresh:
                [ ] --> [ Fr( ~idx.383 ) ]
    #vr.391: instance (modulo AC) AddSlot1:
                [
                OpenStage0( $B.5, ~bid.9, ~rst.61 ), In( <$A1.102, $B.5, m1.102> ),
                Fr( ~idx.392 )
                ]
               --[
               SlotAdded( $B.5, ~bid.9, ~idx.392, $A1.102, m1.102 ),
               Slot1Added( $B.5, ~bid.9, ~rst.61, ~idx.392, $A1.102, m1.102 )
               ]->
                [
                OpenStage1( $B.5, ~bid.9, ~rst.61 ),
                AddedSlot1( $B.5, ~bid.9, ~rst.61, ~idx.392, $A1.102, m1.102 )
                ]
    #vf.393: instance (modulo AC) isend:
                [ !KU( <$A1.102, $B.5, m1.102> ) ]
               --[ K( <$A1.102, $B.5, m1.102> ) ]->
                [ In( <$A1.102, $B.5, m1.102> ) ]
    #vf.399: instance (modulo AC) Fresh:
                [ ] --> [ Fr( ~idx.392 ) ]
    #vr.400: instance (modulo AC) AddSlot2:
                [
                OpenStage1( $B.5, ~bid.9, ~rst.61 ), In( <$A2.102, $B.5, m2.102> ),
                Fr( ~idx.401 )
                ]
               --[
               SlotAdded( $B.5, ~bid.9, ~idx.401, $A2.102, m2.102 ),
               Slot2Added( $B.5, ~bid.9, ~rst.61, ~idx.401, $A2.102, m2.102 )
               ]->
                [
                OpenStage2( $B.5, ~bid.9, ~rst.61 ),
                AddedSlot2( $B.5, ~bid.9, ~rst.61, ~idx.401, $A2.102, m2.102 )
                ]
    #vf.402: instance (modulo AC) isend:
                [ !KU( <$A2.102, $B.5, m2.102> ) ]
               --[ K( <$A2.102, $B.5, m2.102> ) ]->
                [ In( <$A2.102, $B.5, m2.102> ) ]
    #vf.408: instance (modulo AC) Fresh:
                [ ] --> [ Fr( ~idx.401 ) ]
    #vr.409: instance (modulo AC) AddSlot2:
                [
                OpenStage1( $B.5, ~bid.9, ~rst.61 ), In( <$A.410, $B.5, m.410> ),
                Fr( ~idx.410 )
                ]
               --[
               SlotAdded( $B.5, ~bid.9, ~idx.410, $A.410, m.410 ),
               Slot2Added( $B.5, ~bid.9, ~rst.61, ~idx.410, $A.410, m.410 )
               ]->
                [
                OpenStage2( $B.5, ~bid.9, ~rst.61 ),
                AddedSlot2( $B.5, ~bid.9, ~rst.61, ~idx.410, $A.410, m.410 )
                ]
    #vf.411: instance (modulo AC) isend:
                [ !KU( <$A.410, $B.5, m.410> ) ]
               --[ K( <$A.410, $B.5, m.410> ) ]->
                [ In( <$A.410, $B.5, m.410> ) ]
    #vf.417: instance (modulo AC) Fresh:
                [ ] --> [ Fr( ~idx.410 ) ]
    #vr.418: instance (modulo AC) AddSlot1:
                [
                OpenStage0( $B.5, ~bid.9, ~rst.61 ),
                In( <$A.16, $B.5, ct_l($A.16, $B.5, ~rst.61, ~rl.49), 
                     ct_k($A.16, $B.5, ~rst.61, ~rk.49), 
                     ct_s($A.16, $B.5, ~sst.108, ~rst.61, ~rs.49)>
                ),
                Fr( ~idx.419 )
                ]
               --[
               SlotAdded( $B.5, ~bid.9, ~idx.419, $A.16,
                          <ct_l($A.16, $B.5, ~rst.61, ~rl.49), 
                           ct_k($A.16, $B.5, ~rst.61, ~rk.49), 
                           ct_s($A.16, $B.5, ~sst.108, ~rst.61, ~rs.49)>
               ),
               Slot1Added( $B.5, ~bid.9, ~rst.61, ~idx.419, $A.16,
                           <ct_l($A.16, $B.5, ~rst.61, ~rl.49), 
                            ct_k($A.16, $B.5, ~rst.61, ~rk.49), 
                            ct_s($A.16, $B.5, ~sst.108, ~rst.61, ~rs.49)>
               )
               ]->
                [
                OpenStage1( $B.5, ~bid.9, ~rst.61 ),
                AddedSlot1( $B.5, ~bid.9, ~rst.61, ~idx.419, $A.16,
                            <ct_l($A.16, $B.5, ~rst.61, ~rl.49), 
                             ct_k($A.16, $B.5, ~rst.61, ~rk.49), 
                             ct_s($A.16, $B.5, ~sst.108, ~rst.61, ~rs.49)>
                )
                ]
    #vf.420: instance (modulo AC) isend:
                [
                !KU( <$A.16, $B.5, ct_l($A.16, $B.5, ~rst.61, ~rl.49), 
                      ct_k($A.16, $B.5, ~rst.61, ~rk.49), 
                      ct_s($A.16, $B.5, ~sst.108, ~rst.61, ~rs.49)>
                )
                ]
               --[
               K( <$A.16, $B.5, ct_l($A.16, $B.5, ~rst.61, ~rl.49), 
                   ct_k($A.16, $B.5, ~rst.61, ~rk.49), 
                   ct_s($A.16, $B.5, ~sst.108, ~rst.61, ~rs.49)>
               )
               ]->
                [
                In( <$A.16, $B.5, ct_l($A.16, $B.5, ~rst.61, ~rl.49), 
                     ct_k($A.16, $B.5, ~rst.61, ~rk.49), 
                     ct_s($A.16, $B.5, ~sst.108, ~rst.61, ~rs.49)>
                )
                ]
    #vf.426: instance (modulo AC) Fresh:
                [ ] --> [ Fr( ~idx.419 ) ]
    #vr.431: instance (modulo AC) AddSlot2:
                [
                OpenStage1( $B.5, ~bid.9, ~rst.61 ), In( <$A2.47, $B.5, m2.47> ),
                Fr( ~idx.432 )
                ]
               --[
               SlotAdded( $B.5, ~bid.9, ~idx.432, $A2.47, m2.47 ),
               Slot2Added( $B.5, ~bid.9, ~rst.61, ~idx.432, $A2.47, m2.47 )
               ]->
                [
                OpenStage2( $B.5, ~bid.9, ~rst.61 ),
                AddedSlot2( $B.5, ~bid.9, ~rst.61, ~idx.432, $A2.47, m2.47 )
                ]
    #vf.433: instance (modulo AC) isend:
                [ !KU( <$A2.47, $B.5, m2.47> ) ]
               --[ K( <$A2.47, $B.5, m2.47> ) ]->
                [ In( <$A2.47, $B.5, m2.47> ) ]
    #vf.439: instance (modulo AC) Fresh:
                [ ] --> [ Fr( ~idx.432 ) ]
    #vr.440: instance (modulo AC) AddSlot2:
                [
                OpenStage1( $B.5, ~bid.9, ~rst.61 ), In( <$A.441, $B.5, m.441> ),
                Fr( ~idx.441 )
                ]
               --[
               SlotAdded( $B.5, ~bid.9, ~idx.441, $A.441, m.441 ),
               Slot2Added( $B.5, ~bid.9, ~rst.61, ~idx.441, $A.441, m.441 )
               ]->
                [
                OpenStage2( $B.5, ~bid.9, ~rst.61 ),
                AddedSlot2( $B.5, ~bid.9, ~rst.61, ~idx.441, $A.441, m.441 )
                ]
    #vf.442: instance (modulo AC) isend:
                [ !KU( <$A.441, $B.5, m.441> ) ]
               --[ K( <$A.441, $B.5, m.441> ) ]->
                [ In( <$A.441, $B.5, m.441> ) ]
    #vf.448: instance (modulo AC) Fresh:
                [ ] --> [ Fr( ~idx.441 ) ]
    #vr.449: instance (modulo AC) AddSlot1:
                [
                OpenStage0( $B.5, ~bid.9, ~rst.61 ), In( <$A1.106, $B.5, m1.106> ),
                Fr( ~idx.450 )
                ]
               --[
               SlotAdded( $B.5, ~bid.9, ~idx.450, $A1.106, m1.106 ),
               Slot1Added( $B.5, ~bid.9, ~rst.61, ~idx.450, $A1.106, m1.106 )
               ]->
                [
                OpenStage1( $B.5, ~bid.9, ~rst.61 ),
                AddedSlot1( $B.5, ~bid.9, ~rst.61, ~idx.450, $A1.106, m1.106 )
                ]
    #vf.451: instance (modulo AC) isend:
                [ !KU( <$A1.106, $B.5, m1.106> ) ]
               --[ K( <$A1.106, $B.5, m1.106> ) ]->
                [ In( <$A1.106, $B.5, m1.106> ) ]
    #vf.457: instance (modulo AC) Fresh:
                [ ] --> [ Fr( ~idx.450 ) ]
    #vr.458: instance (modulo AC) AddSlot2:
                [
                OpenStage1( $B.5, ~bid.9, ~rst.61 ), In( <$A2.106, $B.5, m2.106> ),
                Fr( ~idx.459 )
                ]
               --[
               SlotAdded( $B.5, ~bid.9, ~idx.459, $A2.106, m2.106 ),
               Slot2Added( $B.5, ~bid.9, ~rst.61, ~idx.459, $A2.106, m2.106 )
               ]->
                [
                OpenStage2( $B.5, ~bid.9, ~rst.61 ),
                AddedSlot2( $B.5, ~bid.9, ~rst.61, ~idx.459, $A2.106, m2.106 )
                ]
    #vf.460: instance (modulo AC) isend:
                [ !KU( <$A2.106, $B.5, m2.106> ) ]
               --[ K( <$A2.106, $B.5, m2.106> ) ]->
                [ In( <$A2.106, $B.5, m2.106> ) ]
    #vf.466: instance (modulo AC) Fresh:
                [ ] --> [ Fr( ~idx.459 ) ]
    #vr.467: instance (modulo AC) AddSlot1:
                [
                OpenStage0( $B.5, ~bid.9, ~rst.61 ), In( <$A.468, $B.5, m.468> ),
                Fr( ~idx.468 )
                ]
               --[
               SlotAdded( $B.5, ~bid.9, ~idx.468, $A.468, m.468 ),
               Slot1Added( $B.5, ~bid.9, ~rst.61, ~idx.468, $A.468, m.468 )
               ]->
                [
                OpenStage1( $B.5, ~bid.9, ~rst.61 ),
                AddedSlot1( $B.5, ~bid.9, ~rst.61, ~idx.468, $A.468, m.468 )
                ]
    #vf.469: instance (modulo AC) isend:
                [ !KU( <$A.468, $B.5, m.468> ) ]
               --[ K( <$A.468, $B.5, m.468> ) ]->
                [ In( <$A.468, $B.5, m.468> ) ]
    #vf.475: instance (modulo AC) Fresh:
                [ ] --> [ Fr( ~idx.468 ) ]
    #vr.479: instance (modulo AC) AddSlot1:
                [
                OpenStage0( $B.5, ~bid.9, ~rst.61 ), In( <$A.480, $B.5, m.480> ),
                Fr( ~idx.480 )
                ]
               --[
               SlotAdded( $B.5, ~bid.9, ~idx.480, $A.480, m.480 ),
               Slot1Added( $B.5, ~bid.9, ~rst.61, ~idx.480, $A.480, m.480 )
               ]->
                [
                OpenStage1( $B.5, ~bid.9, ~rst.61 ),
                AddedSlot1( $B.5, ~bid.9, ~rst.61, ~idx.480, $A.480, m.480 )
                ]
    #vf.481: instance (modulo AC) isend:
                [ !KU( <$A.480, $B.5, m.480> ) ]
               --[ K( <$A.480, $B.5, m.480> ) ]->
                [ In( <$A.480, $B.5, m.480> ) ]
    #vf.487: instance (modulo AC) Fresh:
                [ ] --> [ Fr( ~idx.480 ) ]
    #vf.554: instance (modulo AC) isend:
                [ !KU( <$A.356, $B.5, m.356> ) ]
               --[ K( <$A.356, $B.5, m.356> ) ]->
                [ In( <$A.356, $B.5, m.356> ) ]
    #vf.560: instance (modulo AC) Fresh:
                [ ] --> [ Fr( ~idx.356 ) ]
    #vf.563: instance (modulo AC) isend:
                [ !KU( <$A1.45, $B.5, m1.45> ) ]
               --[ K( <$A1.45, $B.5, m1.45> ) ]->
                [ In( <$A1.45, $B.5, m1.45> ) ]
    #vf.572: instance (modulo AC) isend:
                [ !KU( <$A2.45, $B.5, m2.45> ) ]
               --[ K( <$A2.45, $B.5, m2.45> ) ]->
                [ In( <$A2.45, $B.5, m2.45> ) ]
    #vf.581: instance (modulo AC) isend:
                [ !KU( <$A.383, $B.5, m.383> ) ]
               --[ K( <$A.383, $B.5, m.383> ) ]->
                [ In( <$A.383, $B.5, m.383> ) ]
    #vf.587: instance (modulo AC) Fresh:
                [ ] --> [ Fr( ~idx.383 ) ]
    #vf.590: instance (modulo AC) isend:
                [ !KU( <$A1.102, $B.5, m1.102> ) ]
               --[ K( <$A1.102, $B.5, m1.102> ) ]->
                [ In( <$A1.102, $B.5, m1.102> ) ]
    #vf.599: instance (modulo AC) isend:
                [ !KU( <$A2.102, $B.5, m2.102> ) ]
               --[ K( <$A2.102, $B.5, m2.102> ) ]->
                [ In( <$A2.102, $B.5, m2.102> ) ]
    #vf.608: instance (modulo AC) isend:
                [ !KU( <$A.410, $B.5, m.410> ) ]
               --[ K( <$A.410, $B.5, m.410> ) ]->
                [ In( <$A.410, $B.5, m.410> ) ]
    #vf.614: instance (modulo AC) Fresh:
                [ ] --> [ Fr( ~idx.410 ) ]
    #vf.630: instance (modulo AC) isend:
                [ !KU( <$A2.47, $B.5, m2.47> ) ]
               --[ K( <$A2.47, $B.5, m2.47> ) ]->
                [ In( <$A2.47, $B.5, m2.47> ) ]
    #vf.639: instance (modulo AC) isend:
                [ !KU( <$A.441, $B.5, m.441> ) ]
               --[ K( <$A.441, $B.5, m.441> ) ]->
                [ In( <$A.441, $B.5, m.441> ) ]
    #vf.645: instance (modulo AC) Fresh:
                [ ] --> [ Fr( ~idx.441 ) ]
    #vf.648: instance (modulo AC) isend:
                [ !KU( <$A1.106, $B.5, m1.106> ) ]
               --[ K( <$A1.106, $B.5, m1.106> ) ]->
                [ In( <$A1.106, $B.5, m1.106> ) ]
    #vf.657: instance (modulo AC) isend:
                [ !KU( <$A2.106, $B.5, m2.106> ) ]
               --[ K( <$A2.106, $B.5, m2.106> ) ]->
                [ In( <$A2.106, $B.5, m2.106> ) ]
  actions:
    !KU( <$A.114, $B.5, m.114> ) @ #vk.116, !KU( $A.114 ) @ #vk.117,
    !KU( <$B.5, m.114> ) @ #vk.118, !KU( $B.5 ) @ #vk.119,
    !KU( m.114 ) @ #vk.120,
    !KU( <$A.12, $B.5, ct_l($A.12, $B.5, ~rst.61, ~rl.31), 
          ct_k($A.12, $B.5, ~rst.61, ~rk.31), 
          ct_s($A.12, $B.5, ~sst.75, ~rst.61, ~rs.31)>
    ) @ #vk.125,
    !KU( $A.12 ) @ #vk.126,
    !KU( <$B.5, ct_l($A.12, $B.5, ~rst.61, ~rl.31), 
          ct_k($A.12, $B.5, ~rst.61, ~rk.31), 
          ct_s($A.12, $B.5, ~sst.75, ~rst.61, ~rs.31)>
    ) @ #vk.127,
    !KU( <ct_l($A.12, $B.5, ~rst.61, ~rl.31), 
          ct_k($A.12, $B.5, ~rst.61, ~rk.31), 
          ct_s($A.12, $B.5, ~sst.75, ~rst.61, ~rs.31)>
    ) @ #vk.129,
    !KU( <$A.7, $B.5, ct_l($A.7, $B.5, ~rst.61, ~rl.20), 
          ct_k($A.7, $B.5, ~rst.61, ~rk.20), 
          ct_s($A.7, $B.5, ~sst.58, ~rst.61, ~rs.20)>
    ) @ #vk.134,
    !KU( $A.7 ) @ #vk.135,
    !KU( <$B.5, ct_l($A.7, $B.5, ~rst.61, ~rl.20), 
          ct_k($A.7, $B.5, ~rst.61, ~rk.20), 
          ct_s($A.7, $B.5, ~sst.58, ~rst.61, ~rs.20)>
    ) @ #vk.136,
    !KU( <ct_l($A.7, $B.5, ~rst.61, ~rl.20), 
          ct_k($A.7, $B.5, ~rst.61, ~rk.20), 
          ct_s($A.7, $B.5, ~sst.58, ~rst.61, ~rs.20)>
    ) @ #vk.138,
    !KU( ct_l($A.7, $B.5, ~rst.61, ~rl.20) ) @ #vk.140,
    !KU( <ct_k($A.7, $B.5, ~rst.61, ~rk.20), 
          ct_s($A.7, $B.5, ~sst.58, ~rst.61, ~rs.20)>
    ) @ #vk.141,
    !KU( ct_k($A.7, $B.5, ~rst.61, ~rk.20) ) @ #vk.142,
    !KU( ct_s($A.7, $B.5, ~sst.58, ~rst.61, ~rs.20) ) @ #vk.143,
    !KU( ct_l($A.12, $B.5, ~rst.61, ~rl.31) ) @ #vk.243,
    !KU( <ct_k($A.12, $B.5, ~rst.61, ~rk.31), 
          ct_s($A.12, $B.5, ~sst.75, ~rst.61, ~rs.31)>
    ) @ #vk.244,
    !KU( ct_k($A.12, $B.5, ~rst.61, ~rk.31) ) @ #vk.245,
    !KU( ct_s($A.12, $B.5, ~sst.75, ~rst.61, ~rs.31) ) @ #vk.246,
    !KU( <$A.356, $B.5, m.356> ) @ #vk.358, !KU( $A.356 ) @ #vk.359,
    !KU( <$B.5, m.356> ) @ #vk.360, !KU( m.356 ) @ #vk.362,
    !KU( <$A1.45, $B.5, m1.45> ) @ #vk.367, !KU( $A1.45 ) @ #vk.368,
    !KU( <$B.5, m1.45> ) @ #vk.369, !KU( m1.45 ) @ #vk.371,
    !KU( <$A2.45, $B.5, m2.45> ) @ #vk.376, !KU( $A2.45 ) @ #vk.377,
    !KU( <$B.5, m2.45> ) @ #vk.378, !KU( m2.45 ) @ #vk.380,
    !KU( <$A.383, $B.5, m.383> ) @ #vk.385, !KU( $A.383 ) @ #vk.386,
    !KU( <$B.5, m.383> ) @ #vk.387, !KU( m.383 ) @ #vk.389,
    !KU( <$A1.102, $B.5, m1.102> ) @ #vk.394, !KU( $A1.102 ) @ #vk.395,
    !KU( <$B.5, m1.102> ) @ #vk.396, !KU( m1.102 ) @ #vk.398,
    !KU( <$A2.102, $B.5, m2.102> ) @ #vk.403, !KU( $A2.102 ) @ #vk.404,
    !KU( <$B.5, m2.102> ) @ #vk.405, !KU( m2.102 ) @ #vk.407,
    !KU( <$A.410, $B.5, m.410> ) @ #vk.412, !KU( $A.410 ) @ #vk.413,
    !KU( <$B.5, m.410> ) @ #vk.414, !KU( m.410 ) @ #vk.416,
    !KU( <$A.16, $B.5, ct_l($A.16, $B.5, ~rst.61, ~rl.49), 
          ct_k($A.16, $B.5, ~rst.61, ~rk.49), 
          ct_s($A.16, $B.5, ~sst.108, ~rst.61, ~rs.49)>
    ) @ #vk.421,
    !KU( $A.16 ) @ #vk.422,
    !KU( <$B.5, ct_l($A.16, $B.5, ~rst.61, ~rl.49), 
          ct_k($A.16, $B.5, ~rst.61, ~rk.49), 
          ct_s($A.16, $B.5, ~sst.108, ~rst.61, ~rs.49)>
    ) @ #vk.423,
    !KU( <ct_l($A.16, $B.5, ~rst.61, ~rl.49), 
          ct_k($A.16, $B.5, ~rst.61, ~rk.49), 
          ct_s($A.16, $B.5, ~sst.108, ~rst.61, ~rs.49)>
    ) @ #vk.425,
    !KU( ct_l($A.16, $B.5, ~rst.61, ~rl.49) ) @ #vk.427,
    !KU( <ct_k($A.16, $B.5, ~rst.61, ~rk.49), 
          ct_s($A.16, $B.5, ~sst.108, ~rst.61, ~rs.49)>
    ) @ #vk.428,
    !KU( ct_k($A.16, $B.5, ~rst.61, ~rk.49) ) @ #vk.429,
    !KU( ct_s($A.16, $B.5, ~sst.108, ~rst.61, ~rs.49) ) @ #vk.430,
    !KU( <$A2.47, $B.5, m2.47> ) @ #vk.434, !KU( $A2.47 ) @ #vk.435,
    !KU( <$B.5, m2.47> ) @ #vk.436, !KU( m2.47 ) @ #vk.438,
    !KU( <$A.441, $B.5, m.441> ) @ #vk.443, !KU( $A.441 ) @ #vk.444,
    !KU( <$B.5, m.441> ) @ #vk.445, !KU( m.441 ) @ #vk.447,
    !KU( <$A1.106, $B.5, m1.106> ) @ #vk.452, !KU( $A1.106 ) @ #vk.453,
    !KU( <$B.5, m1.106> ) @ #vk.454, !KU( m1.106 ) @ #vk.456,
    !KU( <$A2.106, $B.5, m2.106> ) @ #vk.461, !KU( $A2.106 ) @ #vk.462,
    !KU( <$B.5, m2.106> ) @ #vk.463, !KU( m2.106 ) @ #vk.465,
    !KU( <$A.468, $B.5, m.468> ) @ #vk.470, !KU( $A.468 ) @ #vk.471,
    !KU( <$B.5, m.468> ) @ #vk.472, !KU( m.468 ) @ #vk.474,
    !KU( <$A.480, $B.5, m.480> ) @ #vk.482, !KU( $A.480 ) @ #vk.483,
    !KU( <$B.5, m.480> ) @ #vk.484, !KU( m.480 ) @ #vk.486,
    !KU( <$A.356, $B.5, m.356> ) @ #vk.555, !KU( $A.356 ) @ #vk.556,
    !KU( <$B.5, m.356> ) @ #vk.557, !KU( m.356 ) @ #vk.559,
    !KU( <$A.383, $B.5, m.383> ) @ #vk.582, !KU( $A.383 ) @ #vk.583,
    !KU( <$B.5, m.383> ) @ #vk.584, !KU( m.383 ) @ #vk.586,
    !KU( <$A.410, $B.5, m.410> ) @ #vk.609, !KU( $A.410 ) @ #vk.610,
    !KU( <$B.5, m.410> ) @ #vk.611, !KU( m.410 ) @ #vk.613,
    !KU( <$A.441, $B.5, m.441> ) @ #vk.640, !KU( $A.441 ) @ #vk.641,
    !KU( <$B.5, m.441> ) @ #vk.642, !KU( m.441 ) @ #vk.644
  edges:
    (#vr.4, 0) >--> (#i, 0), (#vr.6, 0) >--> (#vr.4, 0),
    (#vr.6, 1) >--> (#vr.4, 3), (#vr.8, 0) >--> (#vr.122, 0),
    (#vr.8, 1) >--> (#vr.4, 1), (#vf.10, 0) >--> (#vr.8, 1),
    (#vr.11, 1) >--> (#vr.4, 2), (#vr.15, 0) >--> (#vr.6, 0),
    (#vr.17, 0) >--> (#vr.11, 1), (#vr.17, 1) >--> (#vr.6, 1),
    (#vr.17, 2) >--> (#vr.11, 0), (#vr.19, 1) >--> (#vr.6, 2),
    (#vf.21, 0) >--> (#vr.19, 2), (#vf.22, 0) >--> (#vr.19, 3),
    (#vf.23, 0) >--> (#vr.19, 4), (#vr.24, 0) >--> (#vr.8, 0),
    (#vr.30, 1) >--> (#vr.11, 2), (#vf.32, 0) >--> (#vr.30, 2),
    (#vf.33, 0) >--> (#vr.30, 3), (#vf.34, 0) >--> (#vr.30, 4),
    (#vr.44, 2) >--> (#vr.15, 0), (#vr.46, 0) >--> (#vr.15, 1),
    (#vr.48, 1) >--> (#vr.15, 2), (#vf.50, 0) >--> (#vr.48, 2),
    (#vf.51, 0) >--> (#vr.48, 3), (#vf.52, 0) >--> (#vr.48, 4),
    (#vr.53, 0) >--> (#vr.17, 0), (#vr.53, 1) >--> (#vr.17, 1),
    (#vr.57, 0) >--> (#vr.19, 0), (#vf.59, 0) >--> (#vr.57, 0),
    (#vr.60, 1) >--> (#vr.19, 1), (#vr.60, 1) >--> (#vr.30, 1),
    (#vr.60, 1) >--> (#vr.48, 1), (#vr.60, 2) >--> (#vr.24, 1),
    (#vf.62, 0) >--> (#vr.60, 0), (#vr.74, 0) >--> (#vr.30, 0),
    (#vf.76, 0) >--> (#vr.74, 0), (#vr.99, 0) >--> (#vr.44, 0),
    (#vr.101, 1) >--> (#vr.44, 1), (#vr.103, 0) >--> (#vr.46, 0),
    (#vr.105, 1) >--> (#vr.46, 1), (#vr.107, 0) >--> (#vr.48, 0),
    (#vf.109, 0) >--> (#vr.107, 0), (#vr.113, 0) >--> (#vr.53, 0),
    (#vf.115, 0) >--> (#vr.113, 1), (#vf.121, 0) >--> (#vr.113, 2),
    (#vr.122, 1) >--> (#vr.53, 1), (#vf.124, 0) >--> (#vr.122, 1),
    (#vf.130, 0) >--> (#vr.122, 2), (#vr.131, 1) >--> (#vr.53, 2),
    (#vf.133, 0) >--> (#vr.131, 1), (#vf.139, 0) >--> (#vr.131, 2),
    (#vr.355, 0) >--> (#vr.99, 0), (#vf.357, 0) >--> (#vr.355, 1),
    (#vf.363, 0) >--> (#vr.355, 2), (#vr.364, 1) >--> (#vr.99, 1),
    (#vf.366, 0) >--> (#vr.364, 1), (#vf.372, 0) >--> (#vr.364, 2),
    (#vr.373, 1) >--> (#vr.99, 2), (#vf.375, 0) >--> (#vr.373, 1),
    (#vf.381, 0) >--> (#vr.373, 2), (#vr.382, 0) >--> (#vr.101, 0),
    (#vf.384, 0) >--> (#vr.382, 1), (#vf.390, 0) >--> (#vr.382, 2),
    (#vr.391, 1) >--> (#vr.101, 1), (#vf.393, 0) >--> (#vr.391, 1),
    (#vf.399, 0) >--> (#vr.391, 2), (#vr.400, 1) >--> (#vr.101, 2),
    (#vf.402, 0) >--> (#vr.400, 1), (#vf.408, 0) >--> (#vr.400, 2),
    (#vr.409, 0) >--> (#vr.103, 0), (#vf.411, 0) >--> (#vr.409, 1),
    (#vf.417, 0) >--> (#vr.409, 2), (#vr.418, 1) >--> (#vr.103, 1),
    (#vf.420, 0) >--> (#vr.418, 1), (#vf.426, 0) >--> (#vr.418, 2),
    (#vr.431, 1) >--> (#vr.103, 2), (#vf.433, 0) >--> (#vr.431, 1),
    (#vf.439, 0) >--> (#vr.431, 2), (#vr.440, 0) >--> (#vr.105, 0),
    (#vf.442, 0) >--> (#vr.440, 1), (#vf.448, 0) >--> (#vr.440, 2),
    (#vr.449, 1) >--> (#vr.105, 1), (#vf.451, 0) >--> (#vr.449, 1),
    (#vf.457, 0) >--> (#vr.449, 2), (#vr.458, 1) >--> (#vr.105, 2),
    (#vf.460, 0) >--> (#vr.458, 1), (#vf.466, 0) >--> (#vr.458, 2),
    (#vr.467, 0) >--> (#vr.113, 0), (#vf.469, 0) >--> (#vr.467, 1),
    (#vf.475, 0) >--> (#vr.467, 2), (#vr.479, 0) >--> (#vr.131, 0),
    (#vf.481, 0) >--> (#vr.479, 1), (#vf.487, 0) >--> (#vr.479, 2),
    (#vf.554, 0) >--> (#vr.355, 1), (#vf.560, 0) >--> (#vr.355, 2),
    (#vf.563, 0) >--> (#vr.364, 1), (#vf.572, 0) >--> (#vr.373, 1),
    (#vf.581, 0) >--> (#vr.382, 1), (#vf.587, 0) >--> (#vr.382, 2),
    (#vf.590, 0) >--> (#vr.391, 1), (#vf.599, 0) >--> (#vr.400, 1),
    (#vf.608, 0) >--> (#vr.409, 1), (#vf.614, 0) >--> (#vr.409, 2),
    (#vf.630, 0) >--> (#vr.431, 1), (#vf.639, 0) >--> (#vr.440, 1),
    (#vf.645, 0) >--> (#vr.440, 2), (#vf.648, 0) >--> (#vr.449, 1),
    (#vf.657, 0) >--> (#vr.458, 1)
  less:
    #vr.8 < #vr.4: induced by fresh value,
    #vr.8 < #vr.6: induced by fresh value,
    #vr.8 < #vr.11: induced by fresh value,
    #vr.8 < #vr.15: induced by fresh value,
    #vr.8 < #vr.17: induced by fresh value,
    #vr.8 < #vr.44: induced by fresh value,
    #vr.8 < #vr.46: induced by fresh value,
    #vr.8 < #vr.53: induced by fresh value,
    #vr.8 < #vr.99: induced by fresh value,
    #vr.8 < #vr.101: induced by fresh value,
    #vr.8 < #vr.103: induced by fresh value,
    #vr.8 < #vr.105: induced by fresh value,
    #vr.8 < #vr.113: induced by fresh value,
    #vr.8 < #vr.122: induced by fresh value,
    #vr.8 < #vr.131: induced by fresh value,
    #vr.8 < #vr.355: induced by fresh value,
    #vr.8 < #vr.364: induced by fresh value,
    #vr.8 < #vr.373: induced by fresh value,
    #vr.8 < #vr.382: induced by fresh value,
    #vr.8 < #vr.391: induced by fresh value,
    #vr.8 < #vr.400: induced by fresh value,
    #vr.8 < #vr.409: induced by fresh value,
    #vr.8 < #vr.418: induced by fresh value,
    #vr.8 < #vr.431: induced by fresh value,
    #vr.8 < #vr.440: induced by fresh value,
    #vr.8 < #vr.449: induced by fresh value,
    #vr.8 < #vr.458: induced by fresh value,
    #vr.8 < #vr.467: induced by fresh value,
    #vr.8 < #vr.479: induced by fresh value,
    #vr.19 < #vr.6: induced by fresh value,
    #vr.19 < #vr.17: induced by fresh value,
    #vr.19 < #vr.53: induced by fresh value,
    #vr.19 < #vr.131: induced by fresh value,
    #vr.19 < #vf.133: induced by fresh value,
    #vr.30 < #vr.11: induced by fresh value,
    #vr.30 < #vr.17: induced by fresh value,
    #vr.30 < #vr.53: induced by fresh value,
    #vr.30 < #vr.122: induced by fresh value,
    #vr.30 < #vf.124: induced by fresh value,
    #vr.48 < #vr.15: induced by fresh value,
    #vr.48 < #vr.46: induced by fresh value,
    #vr.48 < #vr.103: induced by fresh value,
    #vr.48 < #vr.418: induced by fresh value,
    #vr.48 < #vf.420: induced by fresh value,
    #vr.57 < #vr.6: induced by fresh value,
    #vr.57 < #vr.17: induced by fresh value,
    #vr.57 < #vr.19: induced by fresh value,
    #vr.57 < #vr.53: induced by fresh value,
    #vr.57 < #vr.131: induced by fresh value,
    #vr.57 < #vf.133: induced by fresh value,
    #vr.60 < #vr.4: induced by fresh value,
    #vr.60 < #vr.6: induced by fresh value,
    #vr.60 < #vr.8: induced by fresh value,
    #vr.60 < #vr.11: induced by fresh value,
    #vr.60 < #vr.15: induced by fresh value,
    #vr.60 < #vr.17: induced by fresh value,
    #vr.60 < #vr.19: induced by fresh value,
    #vr.60 < #vr.24: induced by fresh value,
    #vr.60 < #vr.30: induced by fresh value,
    #vr.60 < #vr.44: induced by fresh value,
    #vr.60 < #vr.46: induced by fresh value,
    #vr.60 < #vr.48: induced by fresh value,
    #vr.60 < #vr.53: induced by fresh value,
    #vr.60 < #vr.99: induced by fresh value,
    #vr.60 < #vr.101: induced by fresh value,
    #vr.60 < #vr.103: induced by fresh value,
    #vr.60 < #vr.105: induced by fresh value,
    #vr.60 < #vr.113: induced by fresh value,
    #vr.60 < #vr.122: induced by fresh value,
    #vr.60 < #vf.124: induced by fresh value,
    #vr.60 < #vr.131: induced by fresh value,
    #vr.60 < #vf.133: induced by fresh value,
    #vr.60 < #vr.355: induced by fresh value,
    #vr.60 < #vr.364: induced by fresh value,
    #vr.60 < #vr.373: induced by fresh value,
    #vr.60 < #vr.382: induced by fresh value,
    #vr.60 < #vr.391: induced by fresh value,
    #vr.60 < #vr.400: induced by fresh value,
    #vr.60 < #vr.409: induced by fresh value,
    #vr.60 < #vr.418: induced by fresh value,
    #vr.60 < #vf.420: induced by fresh value,
    #vr.60 < #vr.431: induced by fresh value,
    #vr.60 < #vr.440: induced by fresh value,
    #vr.60 < #vr.449: induced by fresh value,
    #vr.60 < #vr.458: induced by fresh value,
    #vr.60 < #vr.467: induced by fresh value,
    #vr.60 < #vr.479: induced by fresh value,
    #vr.74 < #vr.11: induced by fresh value,
    #vr.74 < #vr.17: induced by fresh value,
    #vr.74 < #vr.30: induced by fresh value,
    #vr.74 < #vr.53: induced by fresh value,
    #vr.74 < #vr.122: induced by fresh value,
    #vr.74 < #vf.124: induced by fresh value,
    #vr.107 < #vr.15: induced by fresh value,
    #vr.107 < #vr.46: induced by fresh value,
    #vr.107 < #vr.48: induced by fresh value,
    #vr.107 < #vr.103: induced by fresh value,
    #vr.107 < #vr.418: induced by fresh value,
    #vr.107 < #vf.420: induced by fresh value,
    #vk.116 < #vf.115: induced by adversary,
    #vk.117 < #vk.116: induced by adversary,
    #vk.118 < #vk.116: induced by adversary,
    #vk.119 < #vk.118: induced by adversary,
    #vk.119 < #vk.127: induced by adversary,
    #vk.119 < #vk.136: induced by adversary,
    #vk.119 < #vk.360: induced by adversary,
    #vk.119 < #vk.369: induced by adversary,
    #vk.119 < #vk.378: induced by adversary,
    #vk.119 < #vk.387: induced by adversary,
    #vk.119 < #vk.396: induced by adversary,
    #vk.119 < #vk.405: induced by adversary,
    #vk.119 < #vk.414: induced by adversary,
    #vk.119 < #vk.423: induced by adversary,
    #vk.119 < #vk.436: induced by adversary,
    #vk.119 < #vk.445: induced by adversary,
    #vk.119 < #vk.454: induced by adversary,
    #vk.119 < #vk.463: induced by adversary,
    #vk.119 < #vk.472: induced by adversary,
    #vk.119 < #vk.484: induced by adversary,
    #vk.119 < #vk.557: induced by adversary,
    #vk.119 < #vk.584: induced by adversary,
    #vk.119 < #vk.611: induced by adversary,
    #vk.119 < #vk.642: induced by adversary,
    #vk.120 < #vk.118: induced by adversary,
    #vr.122 < #vr.11: induced by fresh value,
    #vr.122 < #vr.17: induced by fresh value,
    #vr.122 < #vr.53: induced by fresh value,
    #vk.125 < #vf.124: induced by adversary,
    #vk.126 < #vk.125: induced by adversary,
    #vk.127 < #vk.125: induced by adversary,
    #vk.129 < #vk.127: induced by adversary,
    #vr.131 < #vr.6: induced by fresh value,
    #vr.131 < #vr.17: induced by fresh value,
    #vr.131 < #vr.53: induced by fresh value,
    #vk.134 < #vf.133: induced by adversary,
    #vk.135 < #vk.134: induced by adversary,
    #vk.136 < #vk.134: induced by adversary,
    #vk.138 < #vk.136: induced by adversary,
    #vk.140 < #vk.138: induced by adversary,
    #vk.141 < #vk.138: induced by adversary,
    #vk.142 < #vk.141: induced by adversary,
    #vk.143 < #vk.141: induced by adversary,
    #vk.243 < #vk.129: induced by adversary,
    #vk.244 < #vk.129: induced by adversary,
    #vk.245 < #vk.244: induced by adversary,
    #vk.246 < #vk.244: induced by adversary,
    #vk.358 < #vf.357: induced by adversary,
    #vk.359 < #vk.358: induced by adversary,
    #vk.360 < #vk.358: induced by adversary,
    #vk.362 < #vk.360: induced by adversary,
    #vr.364 < #vr.44: induced by fresh value,
    #vr.364 < #vr.99: induced by fresh value,
    #vk.367 < #vf.366: induced by adversary,
    #vk.367 < #vf.563: induced by adversary,
    #vk.368 < #vk.367: induced by adversary,
    #vk.369 < #vk.367: induced by adversary,
    #vk.371 < #vk.369: induced by adversary,
    #vr.373 < #vr.44: induced by fresh value,
    #vr.373 < #vr.99: induced by fresh value,
    #vk.376 < #vf.375: induced by adversary,
    #vk.376 < #vf.572: induced by adversary,
    #vk.377 < #vk.376: induced by adversary,
    #vk.378 < #vk.376: induced by adversary,
    #vk.380 < #vk.378: induced by adversary,
    #vk.385 < #vf.384: induced by adversary,
    #vk.386 < #vk.385: induced by adversary,
    #vk.387 < #vk.385: induced by adversary,
    #vk.389 < #vk.387: induced by adversary,
    #vr.391 < #vr.101: induced by fresh value,
    #vk.394 < #vf.393: induced by adversary,
    #vk.394 < #vf.590: induced by adversary,
    #vk.395 < #vk.394: induced by adversary,
    #vk.396 < #vk.394: induced by adversary,
    #vk.398 < #vk.396: induced by adversary,
    #vr.400 < #vr.101: induced by fresh value,
    #vk.403 < #vf.402: induced by adversary,
    #vk.403 < #vf.599: induced by adversary,
    #vk.404 < #vk.403: induced by adversary,
    #vk.405 < #vk.403: induced by adversary,
    #vk.407 < #vk.405: induced by adversary,
    #vk.412 < #vf.411: induced by adversary,
    #vk.413 < #vk.412: induced by adversary,
    #vk.414 < #vk.412: induced by adversary,
    #vk.416 < #vk.414: induced by adversary,
    #vr.418 < #vr.15: induced by fresh value,
    #vr.418 < #vr.46: induced by fresh value,
    #vr.418 < #vr.103: induced by fresh value,
    #vk.421 < #vf.420: induced by adversary,
    #vk.422 < #vk.421: induced by adversary,
    #vk.423 < #vk.421: induced by adversary,
    #vk.425 < #vk.423: induced by adversary,
    #vk.427 < #vk.425: induced by adversary,
    #vk.428 < #vk.425: induced by adversary,
    #vk.429 < #vk.428: induced by adversary,
    #vk.430 < #vk.428: induced by adversary,
    #vr.431 < #vr.46: induced by fresh value,
    #vr.431 < #vr.103: induced by fresh value,
    #vk.434 < #vf.433: induced by adversary,
    #vk.434 < #vf.630: induced by adversary,
    #vk.435 < #vk.434: induced by adversary,
    #vk.436 < #vk.434: induced by adversary,
    #vk.438 < #vk.436: induced by adversary,
    #vk.443 < #vf.442: induced by adversary,
    #vk.444 < #vk.443: induced by adversary,
    #vk.445 < #vk.443: induced by adversary,
    #vk.447 < #vk.445: induced by adversary,
    #vr.449 < #vr.105: induced by fresh value,
    #vk.452 < #vf.451: induced by adversary,
    #vk.452 < #vf.648: induced by adversary,
    #vk.453 < #vk.452: induced by adversary,
    #vk.454 < #vk.452: induced by adversary,
    #vk.456 < #vk.454: induced by adversary,
    #vr.458 < #vr.105: induced by fresh value,
    #vk.461 < #vf.460: induced by adversary,
    #vk.461 < #vf.657: induced by adversary,
    #vk.462 < #vk.461: induced by adversary,
    #vk.463 < #vk.461: induced by adversary,
    #vk.465 < #vk.463: induced by adversary,
    #vk.470 < #vf.469: induced by adversary,
    #vk.471 < #vk.470: induced by adversary,
    #vk.472 < #vk.470: induced by adversary,
    #vk.474 < #vk.472: induced by adversary,
    #vk.482 < #vf.481: induced by adversary,
    #vk.483 < #vk.482: induced by adversary,
    #vk.484 < #vk.482: induced by adversary,
    #vk.486 < #vk.484: induced by adversary,
    #vk.555 < #vf.554: induced by adversary,
    #vk.556 < #vk.555: induced by adversary,
    #vk.557 < #vk.555: induced by adversary,
    #vk.559 < #vk.557: induced by adversary,
    #vk.582 < #vf.581: induced by adversary,
    #vk.583 < #vk.582: induced by adversary,
    #vk.584 < #vk.582: induced by adversary,
    #vk.586 < #vk.584: induced by adversary,
    #vk.609 < #vf.608: induced by adversary,
    #vk.610 < #vk.609: induced by adversary,
    #vk.611 < #vk.609: induced by adversary,
    #vk.613 < #vk.611: induced by adversary,
    #vk.640 < #vf.639: induced by adversary,
    #vk.641 < #vk.640: induced by adversary,
    #vk.642 < #vk.640: induced by adversary,
    #vk.644 < #vk.642: induced by adversary
  unsolved constraints:
    !KU( <$A.114, $B.5, m.114>
    ) @ #vk.116 // nr: 129" (probably constructible)"
    
    !KU( $A.114 ) @ #vk.117 // nr: 130" (currently deducible)"
    
    !KU( <$B.5, m.114>
    ) @ #vk.118 // nr: 131" (probably constructible)"
    
    !KU( $B.5 ) @ #vk.119 // nr: 132" (currently deducible)"
    
    !KU( m.114 ) @ #vk.120 // nr: 133" (probably constructible)"
    
    !KU( <$A.12, $B.5, ct_l($A.12, $B.5, ~rst.61, ~rl.31), 
          ct_k($A.12, $B.5, ~rst.61, ~rk.31), 
          ct_s($A.12, $B.5, ~sst.75, ~rst.61, ~rs.31)>
    ) @ #vk.125 // nr: 136" (currently deducible)"
    
    !KU( $A.12 ) @ #vk.126 // nr: 137" (currently deducible)"
    
    !KU( <$B.5, ct_l($A.12, $B.5, ~rst.61, ~rl.31), 
          ct_k($A.12, $B.5, ~rst.61, ~rk.31), 
          ct_s($A.12, $B.5, ~sst.75, ~rst.61, ~rs.31)>
    ) @ #vk.127 // nr: 138" (currently deducible)"
    
    !KU( <ct_l($A.12, $B.5, ~rst.61, ~rl.31), 
          ct_k($A.12, $B.5, ~rst.61, ~rk.31), 
          ct_s($A.12, $B.5, ~sst.75, ~rst.61, ~rs.31)>
    ) @ #vk.129 // nr: 237" (currently deducible)"
    
    !KU( <$A.7, $B.5, ct_l($A.7, $B.5, ~rst.61, ~rl.20), 
          ct_k($A.7, $B.5, ~rst.61, ~rk.20), 
          ct_s($A.7, $B.5, ~sst.58, ~rst.61, ~rs.20)>
    ) @ #vk.134 // nr: 144" (currently deducible)"
    
    !KU( $A.7 ) @ #vk.135 // nr: 145" (currently deducible)"
    
    !KU( <$B.5, ct_l($A.7, $B.5, ~rst.61, ~rl.20), 
          ct_k($A.7, $B.5, ~rst.61, ~rk.20), 
          ct_s($A.7, $B.5, ~sst.58, ~rst.61, ~rs.20)>
    ) @ #vk.136 // nr: 146" (currently deducible)"
    
    !KU( <ct_l($A.7, $B.5, ~rst.61, ~rl.20), 
          ct_k($A.7, $B.5, ~rst.61, ~rk.20), 
          ct_s($A.7, $B.5, ~sst.58, ~rst.61, ~rs.20)>
    ) @ #vk.138 // nr: 149" (currently deducible)"
    
    !KU( ct_l($A.7, $B.5, ~rst.61, ~rl.20)
    ) @ #vk.140 // nr: 150" (currently deducible)"
    
    !KU( <ct_k($A.7, $B.5, ~rst.61, ~rk.20), 
          ct_s($A.7, $B.5, ~sst.58, ~rst.61, ~rs.20)>
    ) @ #vk.141 // nr: 151" (currently deducible)"
    
    !KU( ct_k($A.7, $B.5, ~rst.61, ~rk.20)
    ) @ #vk.142 // nr: 152" (currently deducible)"
    
    !KU( ct_s($A.7, $B.5, ~sst.58, ~rst.61, ~rs.20)
    ) @ #vk.143 // nr: 153" (currently deducible)"
    
    !KU( ct_l($A.12, $B.5, ~rst.61, ~rl.31)
    ) @ #vk.243 // nr: 238" (currently deducible)"
    
    !KU( <ct_k($A.12, $B.5, ~rst.61, ~rk.31), 
          ct_s($A.12, $B.5, ~sst.75, ~rst.61, ~rs.31)>
    ) @ #vk.244 // nr: 239" (currently deducible)"
    
    !KU( ct_k($A.12, $B.5, ~rst.61, ~rk.31)
    ) @ #vk.245 // nr: 240" (currently deducible)"
    
    !KU( ct_s($A.12, $B.5, ~sst.75, ~rst.61, ~rs.31)
    ) @ #vk.246 // nr: 241" (currently deducible)"
    
    !KU( <$A.356, $B.5, m.356>
    ) @ #vk.358 // nr: 343" (probably constructible)"
    
    !KU( $A.356 ) @ #vk.359 // nr: 344" (currently deducible)"
    
    !KU( <$B.5, m.356>
    ) @ #vk.360 // nr: 345" (probably constructible)"
    
    !KU( m.356 ) @ #vk.362 // nr: 347" (probably constructible)"
    
    !KU( <$A1.45, $B.5, m1.45>
    ) @ #vk.367 // nr: 350" (probably constructible)"
    
    !KU( $A1.45 ) @ #vk.368 // nr: 351" (currently deducible)"
    
    !KU( <$B.5, m1.45>
    ) @ #vk.369 // nr: 352" (probably constructible)"
    
    !KU( m1.45 ) @ #vk.371 // nr: 355" (probably constructible)"
    
    !KU( <$A2.45, $B.5, m2.45>
    ) @ #vk.376 // nr: 358" (probably constructible)"
    
    !KU( $A2.45 ) @ #vk.377 // nr: 359" (currently deducible)"
    
    !KU( <$B.5, m2.45>
    ) @ #vk.378 // nr: 360" (probably constructible)"
    
    !KU( m2.45 ) @ #vk.380 // nr: 363" (probably constructible)"
    
    !KU( <$A.383, $B.5, m.383>
    ) @ #vk.385 // nr: 366" (probably constructible)"
    
    !KU( $A.383 ) @ #vk.386 // nr: 367" (currently deducible)"
    
    !KU( <$B.5, m.383>
    ) @ #vk.387 // nr: 368" (probably constructible)"
    
    !KU( m.383 ) @ #vk.389 // nr: 370" (probably constructible)"
    
    !KU( <$A1.102, $B.5, m1.102>
    ) @ #vk.394 // nr: 373" (probably constructible)"
    
    !KU( $A1.102 ) @ #vk.395 // nr: 374" (currently deducible)"
    
    !KU( <$B.5, m1.102>
    ) @ #vk.396 // nr: 375" (probably constructible)"
    
    !KU( m1.102 ) @ #vk.398 // nr: 378" (probably constructible)"
    
    !KU( <$A2.102, $B.5, m2.102>
    ) @ #vk.403 // nr: 381" (probably constructible)"
    
    !KU( $A2.102 ) @ #vk.404 // nr: 382" (currently deducible)"
    
    !KU( <$B.5, m2.102>
    ) @ #vk.405 // nr: 383" (probably constructible)"
    
    !KU( m2.102 ) @ #vk.407 // nr: 386" (probably constructible)"
    
    !KU( <$A.410, $B.5, m.410>
    ) @ #vk.412 // nr: 389" (probably constructible)"
    
    !KU( $A.410 ) @ #vk.413 // nr: 390" (currently deducible)"
    
    !KU( <$B.5, m.410>
    ) @ #vk.414 // nr: 391" (probably constructible)"
    
    !KU( m.410 ) @ #vk.416 // nr: 393" (probably constructible)"
    
    !KU( <$A.16, $B.5, ct_l($A.16, $B.5, ~rst.61, ~rl.49), 
          ct_k($A.16, $B.5, ~rst.61, ~rk.49), 
          ct_s($A.16, $B.5, ~sst.108, ~rst.61, ~rs.49)>
    ) @ #vk.421 // nr: 396" (currently deducible)"
    
    !KU( $A.16 ) @ #vk.422 // nr: 397" (currently deducible)"
    
    !KU( <$B.5, ct_l($A.16, $B.5, ~rst.61, ~rl.49), 
          ct_k($A.16, $B.5, ~rst.61, ~rk.49), 
          ct_s($A.16, $B.5, ~sst.108, ~rst.61, ~rs.49)>
    ) @ #vk.423 // nr: 398" (currently deducible)"
    
    !KU( <ct_l($A.16, $B.5, ~rst.61, ~rl.49), 
          ct_k($A.16, $B.5, ~rst.61, ~rk.49), 
          ct_s($A.16, $B.5, ~sst.108, ~rst.61, ~rs.49)>
    ) @ #vk.425 // nr: 401" (currently deducible)"
    
    !KU( ct_l($A.16, $B.5, ~rst.61, ~rl.49)
    ) @ #vk.427 // nr: 402" (currently deducible)"
    
    !KU( <ct_k($A.16, $B.5, ~rst.61, ~rk.49), 
          ct_s($A.16, $B.5, ~sst.108, ~rst.61, ~rs.49)>
    ) @ #vk.428 // nr: 403" (currently deducible)"
    
    !KU( ct_k($A.16, $B.5, ~rst.61, ~rk.49)
    ) @ #vk.429 // nr: 404" (currently deducible)"
    
    !KU( ct_s($A.16, $B.5, ~sst.108, ~rst.61, ~rs.49)
    ) @ #vk.430 // nr: 405" (currently deducible)"
    
    !KU( <$A2.47, $B.5, m2.47>
    ) @ #vk.434 // nr: 408" (probably constructible)"
    
    !KU( $A2.47 ) @ #vk.435 // nr: 409" (currently deducible)"
    
    !KU( <$B.5, m2.47>
    ) @ #vk.436 // nr: 410" (probably constructible)"
    
    !KU( m2.47 ) @ #vk.438 // nr: 413" (probably constructible)"
    
    !KU( <$A.441, $B.5, m.441>
    ) @ #vk.443 // nr: 416" (probably constructible)"
    
    !KU( $A.441 ) @ #vk.444 // nr: 417" (currently deducible)"
    
    !KU( <$B.5, m.441>
    ) @ #vk.445 // nr: 418" (probably constructible)"
    
    !KU( m.441 ) @ #vk.447 // nr: 420" (probably constructible)"
    
    !KU( <$A1.106, $B.5, m1.106>
    ) @ #vk.452 // nr: 423" (probably constructible)"
    
    !KU( $A1.106 ) @ #vk.453 // nr: 424" (currently deducible)"
    
    !KU( <$B.5, m1.106>
    ) @ #vk.454 // nr: 425" (probably constructible)"
    
    !KU( m1.106 ) @ #vk.456 // nr: 428" (probably constructible)"
    
    !KU( <$A2.106, $B.5, m2.106>
    ) @ #vk.461 // nr: 431" (probably constructible)"
    
    !KU( $A2.106 ) @ #vk.462 // nr: 432" (currently deducible)"
    
    !KU( <$B.5, m2.106>
    ) @ #vk.463 // nr: 433" (probably constructible)"
    
    !KU( m2.106 ) @ #vk.465 // nr: 436" (probably constructible)"
    
    !KU( <$A.468, $B.5, m.468>
    ) @ #vk.470 // nr: 439" (probably constructible)"
    
    !KU( $A.468 ) @ #vk.471 // nr: 440" (currently deducible)"
    
    !KU( <$B.5, m.468>
    ) @ #vk.472 // nr: 441" (probably constructible)"
    
    !KU( m.468 ) @ #vk.474 // nr: 443" (probably constructible)"
    
    !KU( <$A.480, $B.5, m.480>
    ) @ #vk.482 // nr: 448" (probably constructible)"
    
    !KU( $A.480 ) @ #vk.483 // nr: 449" (currently deducible)"
    
    !KU( <$B.5, m.480>
    ) @ #vk.484 // nr: 450" (probably constructible)"
    
    !KU( m.480 ) @ #vk.486 // nr: 452" (probably constructible)"
    
    !KU( <$A.356, $B.5, m.356>
    ) @ #vk.555 // nr: 528" (probably constructible)"
    
    !KU( $A.356 ) @ #vk.556 // nr: 529" (currently deducible)"
    
    !KU( <$B.5, m.356>
    ) @ #vk.557 // nr: 530" (probably constructible)"
    
    !KU( m.356 ) @ #vk.559 // nr: 656" (probably constructible)"
    
    !KU( <$A.383, $B.5, m.383>
    ) @ #vk.582 // nr: 551" (probably constructible)"
    
    !KU( $A.383 ) @ #vk.583 // nr: 552" (currently deducible)"
    
    !KU( <$B.5, m.383>
    ) @ #vk.584 // nr: 553" (probably constructible)"
    
    !KU( m.383 ) @ #vk.586 // nr: 657" (probably constructible)"
    
    !KU( <$A.410, $B.5, m.410>
    ) @ #vk.609 // nr: 574" (probably constructible)"
    
    !KU( $A.410 ) @ #vk.610 // nr: 575" (currently deducible)"
    
    !KU( <$B.5, m.410>
    ) @ #vk.611 // nr: 576" (probably constructible)"
    
    !KU( m.410 ) @ #vk.613 // nr: 658" (probably constructible)"
    
    !KU( <$A.441, $B.5, m.441>
    ) @ #vk.640 // nr: 601" (probably constructible)"
    
    !KU( $A.441 ) @ #vk.641 // nr: 602" (currently deducible)"
    
    !KU( <$B.5, m.441>
    ) @ #vk.642 // nr: 603" (probably constructible)"
    
    !KU( m.441 ) @ #vk.644 // nr: 659" (probably constructible)"
    
    ReceiverState( $B.5, ~rst.61
    ) ▶₀ #vr.24 // nr: 31 (from rule CompromiseReceiverState) (loop breaker)" (loop breaker)"
    
    OpenStage1( $B.5, ~bid.9, ~rst.61
    ) ▶₀ #vr.355 // nr: 342 (from rule AddSlot2)" (useful2)"
    
    OpenStage0( $B.5, ~bid.9, ~rst.61
    ) ▶₀ #vr.364 // nr: 349 (from rule AddSlot1)" (useful2)"
    
    OpenStage1( $B.5, ~bid.9, ~rst.61
    ) ▶₀ #vr.373 // nr: 357 (from rule AddSlot2)" (useful2)"
    
    OpenStage1( $B.5, ~bid.9, ~rst.61
    ) ▶₀ #vr.382 // nr: 365 (from rule AddSlot2)" (useful2)"
    
    OpenStage0( $B.5, ~bid.9, ~rst.61
    ) ▶₀ #vr.391 // nr: 372 (from rule AddSlot1)" (useful2)"
    
    OpenStage1( $B.5, ~bid.9, ~rst.61
    ) ▶₀ #vr.400 // nr: 380 (from rule AddSlot2)" (useful2)"
    
    OpenStage1( $B.5, ~bid.9, ~rst.61
    ) ▶₀ #vr.409 // nr: 388 (from rule AddSlot2)" (useful2)"
    
    OpenStage0( $B.5, ~bid.9, ~rst.61
    ) ▶₀ #vr.418 // nr: 395 (from rule AddSlot1)" (useful2)"
    
    OpenStage1( $B.5, ~bid.9, ~rst.61
    ) ▶₀ #vr.431 // nr: 407 (from rule AddSlot2)" (useful2)"
    
    OpenStage1( $B.5, ~bid.9, ~rst.61
    ) ▶₀ #vr.440 // nr: 415 (from rule AddSlot2)" (useful2)"
    
    OpenStage0( $B.5, ~bid.9, ~rst.61
    ) ▶₀ #vr.449 // nr: 422 (from rule AddSlot1)" (useful2)"
    
    OpenStage1( $B.5, ~bid.9, ~rst.61
    ) ▶₀ #vr.458 // nr: 430 (from rule AddSlot2)" (useful2)"
    
    OpenStage0( $B.5, ~bid.9, ~rst.61
    ) ▶₀ #vr.467 // nr: 438 (from rule AddSlot1)" (useful2)"
    
    OpenStage0( $B.5, ~bid.9, ~rst.61
    ) ▶₀ #vr.479 // nr: 447 (from rule AddSlot1)" (useful2)"
    
    splitEqs(106) // nr: 629" (useful2)"
  last: none
  
  formulas:
  
  subterms:
  
  equations:
    subst:
      $B.5  <~ {t.1, $B.7, $B.9, $B.12, $B.14, $B.16, $B.18, $B.20,
                $B.25, $B.27, $B.29, $B.31, $B.36, $B.38, $B.40, $B.45, $B.47,
                $B.49, $B.54, $B.56, $B.61, $B.64, $B.67, $B.69, $B.71, $B.73,
                $B.78, $B.81, $B.83, $B.85, $B.90, $B.92, $B.97, $B.100, $B.102,
                $B.104, $B.106, $B.111, $B.114, $B.123, $B.132, $B.145, $B.154,
                $B.163, $B.172, $B.181, $B.190, $B.199, $B.208, $B.217, $B.226,
                $B.235, $B.248, $B.257, $B.266, $B.275, $B.284, $B.286, $B.288,
                $B.290, $B.295, $B.298, $B.307, $B.316, $B.329, $B.338, $B.347,
                $B.356, $B.365, $B.374, $B.383, $B.392, $B.401, $B.410, $B.419,
                $B.432, $B.441, $B.450, $B.459, $B.468, $B.477, $B.480, $B.489,
                $B.498, $B.505, $B.514, $B.525, $B.534, $B.553, $B.562, $B.571,
                $B.580, $B.589, $B.598, $B.607, $B.616, $B.629, $B.638, $B.647,
                $B.656, $B.665, $B.674}
      #vr.6  <~ {#vr.13}
      $A.7  <~ {$A.14, $A2.18, $A.20, $A2.27, $A2.29, $A2.38, $A.40,
                $A2.54, $A2.56, $A.58, $A2.67, $A2.69, $A2.71, $A2.73, $A2.90,
                $A2.92, $A.94, $A.132, $A.163, $A.190, $A.217, $A.248, $A.275,
                $A.316, $A.347}
      #vr.8  <~ {#vr.476, #vr.497, #vr.513, #vr.533, #vr.673}
      ~bid.9  <~ {t.2, bid.5, bid.7, bid.12, bid.14, bid.16, bid.18,
                  bid.27, bid.29, bid.36, bid.38, bid.45, bid.47, bid.54, bid.56,
                  bid.67, bid.69, bid.71, bid.73, bid.81, bid.83, bid.90, bid.92,
                  bid.100, bid.102, bid.104, bid.106, bid.114, bid.123, bid.132,
                  bid.145, bid.154, bid.163, bid.172, bid.181, bid.190, bid.199,
                  bid.208, bid.217, bid.226, bid.235, bid.248, bid.257, bid.266,
                  bid.275, bid.284, bid.286, bid.288, bid.290, bid.298, bid.307,
                  bid.316, bid.329, bid.338, bid.347, bid.356, bid.365, bid.374,
                  bid.383, bid.392, bid.401, bid.410, bid.419, bid.432, bid.441,
                  bid.450, bid.459, bid.468, ~bid.477, bid.480, bid.489, ~bid.498,
                  bid.505, ~bid.514, bid.525, ~bid.534, bid.553, bid.562, bid.571,
                  bid.580, bid.589, bid.598, bid.607, bid.616, bid.629, bid.638,
                  bid.647, bid.656, bid.665, ~bid.674}
      #vf.10  <~ {#vf.478, #vf.499, #vf.515, #vf.535, #vf.675}
      $A.12  <~ {$A1.18, $A1.27, $A1.29, $A.31, $A1.38, $A1.54, $A1.56,
                 $A1.67, $A1.69, $A1.71, $A1.73, $A.75, $A1.90, $A1.92, $A.123,
                 $A.154, $A.181, $A.208, $A.235, $A.266, $A.307, $A.338}
      #vr.15  <~ {#vr.35}
      $A.16  <~ {$A.36, $A1.47, $A.49, $A1.83, $A.85, $A1.104, $A.108,
                 $A1.288, $A.292, $A.419, $A.616}
      #vr.17  <~ {#vr.26, #vr.28, #vr.37}
      #vr.19  <~ {#vr.39}
      ~rk.20  <~ {~rk.40}
      ~rl.20  <~ {~rl.40}
      ~rs.20  <~ {~rs.40}
      #vf.21  <~ {#vf.41}
      #vf.22  <~ {#vf.42}
      #vf.23  <~ {#vf.43}
      #vr.44  <~ {#vr.80}
      $A1.45  <~ {$A1.81, $A1.100, $A1.284, $A.365, $A.562}
      $A2.45  <~ {$A2.81, $A2.100, $A2.284, $A.374, $A.571}
      m1.45  <~ {m1.81, m1.100, m1.284, m.365, m.562}
      m2.45  <~ {m2.81, m2.100, m2.284, m.374, m.571}
      #vr.46  <~ {#vr.82}
      $A2.47  <~ {$A2.83, $A2.104, $A2.288, $A.432, $A.629}
      m2.47  <~ {m2.83, m2.104, m2.288, m.432, m.629}
      #vr.48  <~ {#vr.84}
      ~rk.49  <~ {~rk.85}
      ~rl.49  <~ {~rl.85}
      ~rs.49  <~ {~rs.85}
      #vf.50  <~ {#vf.86}
      #vf.51  <~ {#vf.87}
      #vf.52  <~ {#vf.88}
      #vr.53  <~ {#vr.55, #vr.66, #vr.68, #vr.70, #vr.72, #vr.89, #vr.91}
      #vr.57  <~ {#vr.93}
      ~sst.58  <~ {sst.20, sst.40, ~sst.94}
      #vf.59  <~ {#vf.95}
      #vr.60  <~ {#vr.63, #vr.77, #vr.96, #vr.110, #vr.294}
      ~rst.61  <~ {t.3, rst.5, rst.7, rst.9, rst.12, rst.14, rst.16,
                   rst.18, rst.20, rst.25, rst.27, rst.29, rst.31, rst.36, rst.38,
                   rst.40, rst.45, rst.47, rst.49, rst.54, rst.56, ~rst.64, rst.67,
                   rst.69, rst.71, rst.73, ~rst.78, rst.81, rst.83, rst.85, rst.90,
                   rst.92, ~rst.97, rst.100, rst.102, rst.104, rst.106, ~rst.111,
                   rst.114, rst.123, rst.132, rst.145, rst.154, rst.163, rst.172,
                   rst.181, rst.190, rst.199, rst.208, rst.217, rst.226, rst.235,
                   rst.248, rst.257, rst.266, rst.275, rst.284, rst.286, rst.288,
                   rst.290, ~rst.295, rst.298, rst.307, rst.316, rst.329, rst.338,
                   rst.347, rst.356, rst.365, rst.374, rst.383, rst.392, rst.401,
                   rst.410, rst.419, rst.432, rst.441, rst.450, rst.459, rst.468,
                   rst.477, rst.480, rst.489, rst.498, rst.505, rst.514, rst.525,
                   rst.534, rst.553, rst.562, rst.571, rst.580, rst.589, rst.598,
                   rst.607, rst.616, rst.629, rst.638, rst.647, rst.656, rst.665,
                   rst.674}
      #vf.62  <~ {#vf.65, #vf.79, #vf.98, #vf.112, #vf.296}
      ~sst.75  <~ {sst.31}
      #vr.99  <~ {#vr.283}
      #vr.101  <~ {#vr.285}
      $A1.102  <~ {$A1.286, $A.392, $A.589}
      $A2.102  <~ {$A2.286, $A.401, $A.598}
      m1.102  <~ {m1.286, m.392, m.589}
      m2.102  <~ {m2.286, m.401, m.598}
      #vr.103  <~ {#vr.287}
      #vr.105  <~ {#vr.289}
      $A1.106  <~ {$A1.290, $A.450, $A.647}
      $A2.106  <~ {$A2.290, $A.459, $A.656}
      m1.106  <~ {m1.290, m.450, m.647}
      m2.106  <~ {m2.290, m.459, m.656}
      #vr.107  <~ {#vr.291}
      ~sst.108  <~ {sst.49, sst.85, ~sst.292}
      #vf.109  <~ {#vf.293}
      #vr.113  <~ {#vr.144, #vr.171, #vr.198, #vr.225, #vr.256, #vr.297,
                   #vr.328}
      $A.114  <~ {$A.145, $A.172, $A.199, $A.226, $A.257, $A.298, $A.329}
      ~idx.114  <~ {~idx.145, ~idx.172, ~idx.199, ~idx.226, ~idx.257,
                    ~idx.298, ~idx.329}
      m.114  <~ {m.145, m.172, m.199, m.226, m.257, m.298, m.329}
      #vf.115  <~ {#vf.146, #vf.173, #vf.200, #vf.227, #vf.258, #vf.299,
                   #vf.330}
      #vk.116  <~ {#vk.147, #vk.174, #vk.201, #vk.228, #vk.259, #vk.300,
                   #vk.331}
      #vk.117  <~ {#vk.148, #vk.175, #vk.202, #vk.229, #vk.260, #vk.301,
                   #vk.332}
      #vk.118  <~ {#vk.149, #vk.176, #vk.203, #vk.230, #vk.261, #vk.302,
                   #vk.333}
      #vk.119  <~ {#vk.128, #vk.137, #vk.150, #vk.159, #vk.168, #vk.177,
                   #vk.186, #vk.195, #vk.204, #vk.213, #vk.222, #vk.231, #vk.240,
                   #vk.253, #vk.262, #vk.271, #vk.280, #vk.303, #vk.312, #vk.321,
                   #vk.334, #vk.343, #vk.352, #vk.361, #vk.370, #vk.379, #vk.388,
                   #vk.397, #vk.406, #vk.415, #vk.424, #vk.437, #vk.446, #vk.455,
                   #vk.464, #vk.473, #vk.485, #vk.494, #vk.510, #vk.530, #vk.558,
                   #vk.567, #vk.576, #vk.585, #vk.594, #vk.603, #vk.612, #vk.621,
                   #vk.634, #vk.643, #vk.652, #vk.661, #vk.670}
      #vk.120  <~ {#vk.151, #vk.178, #vk.205, #vk.232, #vk.263, #vk.304,
                   #vk.335}
      #vf.121  <~ {#vf.152, #vf.179, #vf.206, #vf.233, #vf.264, #vf.305,
                   #vf.336}
      #vr.122  <~ {#vr.153, #vr.180, #vr.207, #vr.234, #vr.265, #vr.306,
                   #vr.337}
      ~idx.123  <~ {idx.12, idx1.18, idx1.27, idx1.29, idx1.38, idx1.54,
                    idx1.56, idx1.67, idx1.69, idx1.71, idx1.73, idx1.90, idx1.92,
                    ~idx.154, ~idx.181, ~idx.208, ~idx.235, ~idx.266, ~idx.307,
                    ~idx.338}
      #vf.124  <~ {#vf.155, #vf.182, #vf.209, #vf.236, #vf.267, #vf.308,
                   #vf.339}
      #vk.125  <~ {#vk.156, #vk.183, #vk.210, #vk.237, #vk.268, #vk.309,
                   #vk.340}
      #vk.126  <~ {#vk.157, #vk.184, #vk.211, #vk.238, #vk.269, #vk.310,
                   #vk.341}
      #vk.127  <~ {#vk.158, #vk.185, #vk.212, #vk.239, #vk.270, #vk.311,
                   #vk.342}
      #vk.129  <~ {#vk.160, #vk.187, #vk.214, #vk.241, #vk.272, #vk.313,
                   #vk.344}
      #vf.130  <~ {#vf.161, #vf.188, #vf.215, #vf.242, #vf.273, #vf.314,
                   #vf.345}
      #vr.131  <~ {#vr.162, #vr.189, #vr.216, #vr.247, #vr.274, #vr.315,
                   #vr.346}
      ~idx.132  <~ {idx.7, idx.14, idx2.18, idx2.27, idx2.29, idx2.38,
                    idx2.54, idx2.56, idx2.67, idx2.69, idx2.71, idx2.73, idx2.90,
                    idx2.92, ~idx.163, ~idx.190, ~idx.217, ~idx.248, ~idx.275,
                    ~idx.316, ~idx.347}
      #vf.133  <~ {#vf.164, #vf.191, #vf.218, #vf.249, #vf.276, #vf.317,
                   #vf.348}
      #vk.134  <~ {#vk.165, #vk.192, #vk.219, #vk.250, #vk.277, #vk.318,
                   #vk.349}
      #vk.135  <~ {#vk.166, #vk.193, #vk.220, #vk.251, #vk.278, #vk.319,
                   #vk.350}
      #vk.136  <~ {#vk.167, #vk.194, #vk.221, #vk.252, #vk.279, #vk.320,
                   #vk.351}
      #vk.138  <~ {#vk.169, #vk.196, #vk.223, #vk.254, #vk.281, #vk.322,
                   #vk.353}
      #vf.139  <~ {#vf.170, #vf.197, #vf.224, #vf.255, #vf.282, #vf.323,
                   #vf.354}
      #vk.140  <~ {#vk.324, #vk.500, #vk.516, #vk.520, #vk.540, #vk.548,
                   #vk.684}
      #vk.141  <~ {#vk.325, #vk.501, #vk.517, #vk.521, #vk.541, #vk.549,
                   #vk.685}
      #vk.142  <~ {#vk.326, #vk.502, #vk.518, #vk.522, #vk.542, #vk.550,
                   #vk.686}
      #vk.143  <~ {#vk.327, #vk.503, #vk.519, #vk.523, #vk.543, #vk.551,
                   #vk.687}
      #vk.243  <~ {#vk.536, #vk.544, #vk.676, #vk.680}
      #vk.244  <~ {#vk.537, #vk.545, #vk.677, #vk.681}
      #vk.245  <~ {#vk.538, #vk.546, #vk.678, #vk.682}
      #vk.246  <~ {#vk.539, #vk.547, #vk.679, #vk.683}
      #vr.355  <~ {#vr.552}
      $A.356  <~ {$A.553}
      ~idx.356  <~ {~idx.553}
      m.356  <~ {m.553}
      #vf.357  <~ {#vf.554}
      #vk.358  <~ {#vk.555}
      #vk.359  <~ {#vk.556}
      #vk.360  <~ {#vk.557}
      #vk.362  <~ {#vk.559}
      #vf.363  <~ {#vf.560}
      #vr.364  <~ {#vr.561}
      ~idx.365  <~ {idx1.45, idx1.81, idx1.100, idx1.284, ~idx.562}
      #vf.366  <~ {#vf.563}
      #vk.367  <~ {#vk.564}
      #vk.368  <~ {#vk.565}
      #vk.369  <~ {#vk.566}
      #vk.371  <~ {#vk.568}
      #vf.372  <~ {#vf.569}
      #vr.373  <~ {#vr.570}
      ~idx.374  <~ {idx2.45, idx2.81, idx2.100, idx2.284, ~idx.571}
      #vf.375  <~ {#vf.572}
      #vk.376  <~ {#vk.573}
      #vk.377  <~ {#vk.574}
      #vk.378  <~ {#vk.575}
      #vk.380  <~ {#vk.577}
      #vf.381  <~ {#vf.578}
      #vr.382  <~ {#vr.579}
      $A.383  <~ {$A.580}
      ~idx.383  <~ {~idx.580}
      m.383  <~ {m.580}
      #vf.384  <~ {#vf.581}
      #vk.385  <~ {#vk.582}
      #vk.386  <~ {#vk.583}
      #vk.387  <~ {#vk.584}
      #vk.389  <~ {#vk.586}
      #vf.390  <~ {#vf.587}
      #vr.391  <~ {#vr.588}
      ~idx.392  <~ {idx1.102, idx1.286, ~idx.589}
      #vf.393  <~ {#vf.590}
      #vk.394  <~ {#vk.591}
      #vk.395  <~ {#vk.592}
      #vk.396  <~ {#vk.593}
      #vk.398  <~ {#vk.595}
      #vf.399  <~ {#vf.596}
      #vr.400  <~ {#vr.597}
      ~idx.401  <~ {idx2.102, idx2.286, ~idx.598}
      #vf.402  <~ {#vf.599}
      #vk.403  <~ {#vk.600}
      #vk.404  <~ {#vk.601}
      #vk.405  <~ {#vk.602}
      #vk.407  <~ {#vk.604}
      #vf.408  <~ {#vf.605}
      #vr.409  <~ {#vr.606}
      $A.410  <~ {$A.607}
      ~idx.410  <~ {~idx.607}
      m.410  <~ {m.607}
      #vf.411  <~ {#vf.608}
      #vk.412  <~ {#vk.609}
      #vk.413  <~ {#vk.610}
      #vk.414  <~ {#vk.611}
      #vk.416  <~ {#vk.613}
      #vf.417  <~ {#vf.614}
      #vr.418  <~ {#vr.615}
      ~idx.419  <~ {idx.16, idx.36, idx1.47, idx1.83, idx1.104, idx1.288,
                    ~idx.616}
      #vf.420  <~ {#vf.617}
      #vk.421  <~ {#vk.618}
      #vk.422  <~ {#vk.619}
      #vk.423  <~ {#vk.620}
      #vk.425  <~ {#vk.622}
      #vf.426  <~ {#vf.623}
      #vk.427  <~ {#vk.624}
      #vk.428  <~ {#vk.625}
      #vk.429  <~ {#vk.626}
      #vk.430  <~ {#vk.627}
      #vr.431  <~ {#vr.628}
      ~idx.432  <~ {idx2.47, idx2.83, idx2.104, idx2.288, ~idx.629}
      #vf.433  <~ {#vf.630}
      #vk.434  <~ {#vk.631}
      #vk.435  <~ {#vk.632}
      #vk.436  <~ {#vk.633}
      #vk.438  <~ {#vk.635}
      #vf.439  <~ {#vf.636}
      #vr.440  <~ {#vr.637}
      $A.441  <~ {$A.638}
      ~idx.441  <~ {~idx.638}
      m.441  <~ {m.638}
      #vf.442  <~ {#vf.639}
      #vk.443  <~ {#vk.640}
      #vk.444  <~ {#vk.641}
      #vk.445  <~ {#vk.642}
      #vk.447  <~ {#vk.644}
      #vf.448  <~ {#vf.645}
      #vr.449  <~ {#vr.646}
      ~idx.450  <~ {idx1.106, idx1.290, ~idx.647}
      #vf.451  <~ {#vf.648}
      #vk.452  <~ {#vk.649}
      #vk.453  <~ {#vk.650}
      #vk.454  <~ {#vk.651}
      #vk.456  <~ {#vk.653}
      #vf.457  <~ {#vf.654}
      #vr.458  <~ {#vr.655}
      ~idx.459  <~ {idx2.106, idx2.290, ~idx.656}
      #vf.460  <~ {#vf.657}
      #vk.461  <~ {#vk.658}
      #vk.462  <~ {#vk.659}
      #vk.463  <~ {#vk.660}
      #vk.465  <~ {#vk.662}
      #vf.466  <~ {#vf.663}
      #vr.467  <~ {#vr.488, #vr.504, #vr.524, #vr.664}
      $A.468  <~ {$A.489, $A.505, $A.525, $A.665}
      ~idx.468  <~ {~idx.489, ~idx.505, ~idx.525, ~idx.665}
      m.468  <~ {m.489, m.505, m.525, m.665}
      #vf.469  <~ {#vf.490, #vf.506, #vf.526, #vf.666}
      #vk.470  <~ {#vk.491, #vk.507, #vk.527, #vk.667}
      #vk.471  <~ {#vk.492, #vk.508, #vk.528, #vk.668}
      #vk.472  <~ {#vk.493, #vk.509, #vk.529, #vk.669}
      #vk.474  <~ {#vk.495, #vk.511, #vk.531, #vk.671}
      #vf.475  <~ {#vf.496, #vf.512, #vf.532, #vf.672}
      <ct_l($A.7, $B.5, ~rst.61, ~rl.20), 
       ct_k($A.7, $B.5, ~rst.61, ~rk.20), 
       ct_s($A.7, $B.5, ~sst.58, ~rst.61, ~rs.20)>  <~ {m.7, m.14, m2.18,
                                                        m2.27, m2.29, m2.38, m2.54, m2.56, m2.67,
                                                        m2.69, m2.71, m2.73, m2.90, m2.92, m.132,
                                                        m.163, m.190, m.217, m.248, m.275, m.316,
                                                        m.347}
      <ct_l($A.12, $B.5, ~rst.61, ~rl.31), 
       ct_k($A.12, $B.5, ~rst.61, ~rk.31), 
       ct_s($A.12, $B.5, ~sst.75, ~rst.61, ~rs.31)>  <~ {m.12, m1.18,
                                                         m1.27, m1.29, m1.38, m1.54, m1.56, m1.67,
                                                         m1.69, m1.71, m1.73, m1.90, m1.92, m.123,
                                                         m.154, m.181, m.208, m.235, m.266, m.307,
                                                         m.338}
      <ct_l($A.16, $B.5, ~rst.61, ~rl.49), 
       ct_k($A.16, $B.5, ~rst.61, ~rk.49), 
       ct_s($A.16, $B.5, ~sst.108, ~rst.61, ~rs.49)>  <~ {m.16, m.36,
                                                          m1.47, m1.83, m1.104, m1.288, m.419,
                                                          m.616}
      session_id($A.7, $B.5, sender_pk($A.7, ~sst.58),
                 receiver_pk($B.5, ~rst.61), sender_prekey($A.7, ~sst.58),
                 receiver_prekey($B.5, ~rst.61),
                 <ct_l($A.7, $B.5, ~rst.61, ~rl.20), 
                  ct_k($A.7, $B.5, ~rst.61, ~rk.20), 
                  ct_s($A.7, $B.5, ~sst.58, ~rst.61, ~rs.20)>)  <~ {sid.7, sid.14}
      session_id($A.12, $B.5, sender_pk($A.12, ~sst.75),
                 receiver_pk($B.5, ~rst.61), sender_prekey($A.12, ~sst.75),
                 receiver_prekey($B.5, ~rst.61),
                 <ct_l($A.12, $B.5, ~rst.61, ~rl.31), 
                  ct_k($A.12, $B.5, ~rst.61, ~rk.31), 
                  ct_s($A.12, $B.5, ~sst.75, ~rst.61, ~rs.31)>)  <~ {sid.12}
      session_id($A.16, $B.5, sender_pk($A.16, ~sst.108),
                 receiver_pk($B.5, ~rst.61), sender_prekey($A.16, ~sst.108),
                 receiver_prekey($B.5, ~rst.61),
                 <ct_l($A.16, $B.5, ~rst.61, ~rl.49), 
                  ct_k($A.16, $B.5, ~rst.61, ~rk.49), 
                  ct_s($A.16, $B.5, ~sst.108, ~rst.61, ~rs.49)>)  <~ {sid.16, sid.36}
      session_key(secret_l($A.7, $B.5, ~rst.61, ~rl.20),
                  secret_k($A.7, $B.5, ~rst.61, ~rk.20),
                  secret_s($A.7, $B.5, ~sst.58, ~rst.61, ~rs.20),
                  session_id($A.7, $B.5, sender_pk($A.7, ~sst.58),
                             receiver_pk($B.5, ~rst.61), sender_prekey($A.7, ~sst.58),
                             receiver_prekey($B.5, ~rst.61),
                             <ct_l($A.7, $B.5, ~rst.61, ~rl.20), 
                              ct_k($A.7, $B.5, ~rst.61, ~rk.20), 
                              ct_s($A.7, $B.5, ~sst.58, ~rst.61, ~rs.20)>))  <~ {k.7, k.14}
      session_key(secret_l($A.12, $B.5, ~rst.61, ~rl.31),
                  secret_k($A.12, $B.5, ~rst.61, ~rk.31),
                  secret_s($A.12, $B.5, ~sst.75, ~rst.61, ~rs.31),
                  session_id($A.12, $B.5, sender_pk($A.12, ~sst.75),
                             receiver_pk($B.5, ~rst.61), sender_prekey($A.12, ~sst.75),
                             receiver_prekey($B.5, ~rst.61),
                             <ct_l($A.12, $B.5, ~rst.61, ~rl.31), 
                              ct_k($A.12, $B.5, ~rst.61, ~rk.31), 
                              ct_s($A.12, $B.5, ~sst.75, ~rst.61, ~rs.31)>))  <~ {k.12}
      session_key(secret_l($A.16, $B.5, ~rst.61, ~rl.49),
                  secret_k($A.16, $B.5, ~rst.61, ~rk.49),
                  secret_s($A.16, $B.5, ~sst.108, ~rst.61, ~rs.49),
                  session_id($A.16, $B.5, sender_pk($A.16, ~sst.108),
                             receiver_pk($B.5, ~rst.61), sender_prekey($A.16, ~sst.108),
                             receiver_prekey($B.5, ~rst.61),
                             <ct_l($A.16, $B.5, ~rst.61, ~rl.49), 
                              ct_k($A.16, $B.5, ~rst.61, ~rk.49), 
                              ct_s($A.16, $B.5, ~sst.108, ~rst.61, ~rs.49)>))  <~ {k.16, k.36}
    conj:
  
  lemmas: ∀ x #i. (Neq( x, x ) @ #i) ⇒ ⊥
  
  allowed cases: raw
  
  solved formulas:
  
  unsolved constraints:
    !KU( <$A.114, $B.5, m.114>
    ) @ #vk.116 // nr: 129" (probably constructible)"
    
    !KU( $A.114 ) @ #vk.117 // nr: 130" (currently deducible)"
    
    !KU( <$B.5, m.114>
    ) @ #vk.118 // nr: 131" (probably constructible)"
    
    !KU( $B.5 ) @ #vk.119 // nr: 132" (currently deducible)"
    
    !KU( m.114 ) @ #vk.120 // nr: 133" (probably constructible)"
    
    !KU( <$A.12, $B.5, ct_l($A.12, $B.5, ~rst.61, ~rl.31), 
          ct_k($A.12, $B.5, ~rst.61, ~rk.31), 
          ct_s($A.12, $B.5, ~sst.75, ~rst.61, ~rs.31)>
    ) @ #vk.125 // nr: 136" (currently deducible)"
    
    !KU( $A.12 ) @ #vk.126 // nr: 137" (currently deducible)"
    
    !KU( <$B.5, ct_l($A.12, $B.5, ~rst.61, ~rl.31), 
          ct_k($A.12, $B.5, ~rst.61, ~rk.31), 
          ct_s($A.12, $B.5, ~sst.75, ~rst.61, ~rs.31)>
    ) @ #vk.127 // nr: 138" (currently deducible)"
    
    !KU( <ct_l($A.12, $B.5, ~rst.61, ~rl.31), 
          ct_k($A.12, $B.5, ~rst.61, ~rk.31), 
          ct_s($A.12, $B.5, ~sst.75, ~rst.61, ~rs.31)>
    ) @ #vk.129 // nr: 237" (currently deducible)"
    
    !KU( <$A.7, $B.5, ct_l($A.7, $B.5, ~rst.61, ~rl.20), 
          ct_k($A.7, $B.5, ~rst.61, ~rk.20), 
          ct_s($A.7, $B.5, ~sst.58, ~rst.61, ~rs.20)>
    ) @ #vk.134 // nr: 144" (currently deducible)"
    
    !KU( $A.7 ) @ #vk.135 // nr: 145" (currently deducible)"
    
    !KU( <$B.5, ct_l($A.7, $B.5, ~rst.61, ~rl.20), 
          ct_k($A.7, $B.5, ~rst.61, ~rk.20), 
          ct_s($A.7, $B.5, ~sst.58, ~rst.61, ~rs.20)>
    ) @ #vk.136 // nr: 146" (currently deducible)"
    
    !KU( <ct_l($A.7, $B.5, ~rst.61, ~rl.20), 
          ct_k($A.7, $B.5, ~rst.61, ~rk.20), 
          ct_s($A.7, $B.5, ~sst.58, ~rst.61, ~rs.20)>
    ) @ #vk.138 // nr: 149" (currently deducible)"
    
    !KU( ct_l($A.7, $B.5, ~rst.61, ~rl.20)
    ) @ #vk.140 // nr: 150" (currently deducible)"
    
    !KU( <ct_k($A.7, $B.5, ~rst.61, ~rk.20), 
          ct_s($A.7, $B.5, ~sst.58, ~rst.61, ~rs.20)>
    ) @ #vk.141 // nr: 151" (currently deducible)"
    
    !KU( ct_k($A.7, $B.5, ~rst.61, ~rk.20)
    ) @ #vk.142 // nr: 152" (currently deducible)"
    
    !KU( ct_s($A.7, $B.5, ~sst.58, ~rst.61, ~rs.20)
    ) @ #vk.143 // nr: 153" (currently deducible)"
    
    !KU( ct_l($A.12, $B.5, ~rst.61, ~rl.31)
    ) @ #vk.243 // nr: 238" (currently deducible)"
    
    !KU( <ct_k($A.12, $B.5, ~rst.61, ~rk.31), 
          ct_s($A.12, $B.5, ~sst.75, ~rst.61, ~rs.31)>
    ) @ #vk.244 // nr: 239" (currently deducible)"
    
    !KU( ct_k($A.12, $B.5, ~rst.61, ~rk.31)
    ) @ #vk.245 // nr: 240" (currently deducible)"
    
    !KU( ct_s($A.12, $B.5, ~sst.75, ~rst.61, ~rs.31)
    ) @ #vk.246 // nr: 241" (currently deducible)"
    
    !KU( <$A.356, $B.5, m.356>
    ) @ #vk.358 // nr: 343" (probably constructible)"
    
    !KU( $A.356 ) @ #vk.359 // nr: 344" (currently deducible)"
    
    !KU( <$B.5, m.356>
    ) @ #vk.360 // nr: 345" (probably constructible)"
    
    !KU( m.356 ) @ #vk.362 // nr: 347" (probably constructible)"
    
    !KU( <$A1.45, $B.5, m1.45>
    ) @ #vk.367 // nr: 350" (probably constructible)"
    
    !KU( $A1.45 ) @ #vk.368 // nr: 351" (currently deducible)"
    
    !KU( <$B.5, m1.45>
    ) @ #vk.369 // nr: 352" (probably constructible)"
    
    !KU( m1.45 ) @ #vk.371 // nr: 355" (probably constructible)"
    
    !KU( <$A2.45, $B.5, m2.45>
    ) @ #vk.376 // nr: 358" (probably constructible)"
    
    !KU( $A2.45 ) @ #vk.377 // nr: 359" (currently deducible)"
    
    !KU( <$B.5, m2.45>
    ) @ #vk.378 // nr: 360" (probably constructible)"
    
    !KU( m2.45 ) @ #vk.380 // nr: 363" (probably constructible)"
    
    !KU( <$A.383, $B.5, m.383>
    ) @ #vk.385 // nr: 366" (probably constructible)"
    
    !KU( $A.383 ) @ #vk.386 // nr: 367" (currently deducible)"
    
    !KU( <$B.5, m.383>
    ) @ #vk.387 // nr: 368" (probably constructible)"
    
    !KU( m.383 ) @ #vk.389 // nr: 370" (probably constructible)"
    
    !KU( <$A1.102, $B.5, m1.102>
    ) @ #vk.394 // nr: 373" (probably constructible)"
    
    !KU( $A1.102 ) @ #vk.395 // nr: 374" (currently deducible)"
    
    !KU( <$B.5, m1.102>
    ) @ #vk.396 // nr: 375" (probably constructible)"
    
    !KU( m1.102 ) @ #vk.398 // nr: 378" (probably constructible)"
    
    !KU( <$A2.102, $B.5, m2.102>
    ) @ #vk.403 // nr: 381" (probably constructible)"
    
    !KU( $A2.102 ) @ #vk.404 // nr: 382" (currently deducible)"
    
    !KU( <$B.5, m2.102>
    ) @ #vk.405 // nr: 383" (probably constructible)"
    
    !KU( m2.102 ) @ #vk.407 // nr: 386" (probably constructible)"
    
    !KU( <$A.410, $B.5, m.410>
    ) @ #vk.412 // nr: 389" (probably constructible)"
    
    !KU( $A.410 ) @ #vk.413 // nr: 390" (currently deducible)"
    
    !KU( <$B.5, m.410>
    ) @ #vk.414 // nr: 391" (probably constructible)"
    
    !KU( m.410 ) @ #vk.416 // nr: 393" (probably constructible)"
    
    !KU( <$A.16, $B.5, ct_l($A.16, $B.5, ~rst.61, ~rl.49), 
          ct_k($A.16, $B.5, ~rst.61, ~rk.49), 
          ct_s($A.16, $B.5, ~sst.108, ~rst.61, ~rs.49)>
    ) @ #vk.421 // nr: 396" (currently deducible)"
    
    !KU( $A.16 ) @ #vk.422 // nr: 397" (currently deducible)"
    
    !KU( <$B.5, ct_l($A.16, $B.5, ~rst.61, ~rl.49), 
          ct_k($A.16, $B.5, ~rst.61, ~rk.49), 
          ct_s($A.16, $B.5, ~sst.108, ~rst.61, ~rs.49)>
    ) @ #vk.423 // nr: 398" (currently deducible)"
    
    !KU( <ct_l($A.16, $B.5, ~rst.61, ~rl.49), 
          ct_k($A.16, $B.5, ~rst.61, ~rk.49), 
          ct_s($A.16, $B.5, ~sst.108, ~rst.61, ~rs.49)>
    ) @ #vk.425 // nr: 401" (currently deducible)"
    
    !KU( ct_l($A.16, $B.5, ~rst.61, ~rl.49)
    ) @ #vk.427 // nr: 402" (currently deducible)"
    
    !KU( <ct_k($A.16, $B.5, ~rst.61, ~rk.49), 
          ct_s($A.16, $B.5, ~sst.108, ~rst.61, ~rs.49)>
    ) @ #vk.428 // nr: 403" (currently deducible)"
    
    !KU( ct_k($A.16, $B.5, ~rst.61, ~rk.49)
    ) @ #vk.429 // nr: 404" (currently deducible)"
    
    !KU( ct_s($A.16, $B.5, ~sst.108, ~rst.61, ~rs.49)
    ) @ #vk.430 // nr: 405" (currently deducible)"
    
    !KU( <$A2.47, $B.5, m2.47>
    ) @ #vk.434 // nr: 408" (probably constructible)"
    
    !KU( $A2.47 ) @ #vk.435 // nr: 409" (currently deducible)"
    
    !KU( <$B.5, m2.47>
    ) @ #vk.436 // nr: 410" (probably constructible)"
    
    !KU( m2.47 ) @ #vk.438 // nr: 413" (probably constructible)"
    
    !KU( <$A.441, $B.5, m.441>
    ) @ #vk.443 // nr: 416" (probably constructible)"
    
    !KU( $A.441 ) @ #vk.444 // nr: 417" (currently deducible)"
    
    !KU( <$B.5, m.441>
    ) @ #vk.445 // nr: 418" (probably constructible)"
    
    !KU( m.441 ) @ #vk.447 // nr: 420" (probably constructible)"
    
    !KU( <$A1.106, $B.5, m1.106>
    ) @ #vk.452 // nr: 423" (probably constructible)"
    
    !KU( $A1.106 ) @ #vk.453 // nr: 424" (currently deducible)"
    
    !KU( <$B.5, m1.106>
    ) @ #vk.454 // nr: 425" (probably constructible)"
    
    !KU( m1.106 ) @ #vk.456 // nr: 428" (probably constructible)"
    
    !KU( <$A2.106, $B.5, m2.106>
    ) @ #vk.461 // nr: 431" (probably constructible)"
    
    !KU( $A2.106 ) @ #vk.462 // nr: 432" (currently deducible)"
    
    !KU( <$B.5, m2.106>
    ) @ #vk.463 // nr: 433" (probably constructible)"
    
    !KU( m2.106 ) @ #vk.465 // nr: 436" (probably constructible)"
    
    !KU( <$A.468, $B.5, m.468>
    ) @ #vk.470 // nr: 439" (probably constructible)"
    
    !KU( $A.468 ) @ #vk.471 // nr: 440" (currently deducible)"
    
    !KU( <$B.5, m.468>
    ) @ #vk.472 // nr: 441" (probably constructible)"
    
    !KU( m.468 ) @ #vk.474 // nr: 443" (probably constructible)"
    
    !KU( <$A.480, $B.5, m.480>
    ) @ #vk.482 // nr: 448" (probably constructible)"
    
    !KU( $A.480 ) @ #vk.483 // nr: 449" (currently deducible)"
    
    !KU( <$B.5, m.480>
    ) @ #vk.484 // nr: 450" (probably constructible)"
    
    !KU( m.480 ) @ #vk.486 // nr: 452" (probably constructible)"
    
    !KU( <$A.356, $B.5, m.356>
    ) @ #vk.555 // nr: 528" (probably constructible)"
    
    !KU( $A.356 ) @ #vk.556 // nr: 529" (currently deducible)"
    
    !KU( <$B.5, m.356>
    ) @ #vk.557 // nr: 530" (probably constructible)"
    
    !KU( m.356 ) @ #vk.559 // nr: 656" (probably constructible)"
    
    !KU( <$A.383, $B.5, m.383>
    ) @ #vk.582 // nr: 551" (probably constructible)"
    
    !KU( $A.383 ) @ #vk.583 // nr: 552" (currently deducible)"
    
    !KU( <$B.5, m.383>
    ) @ #vk.584 // nr: 553" (probably constructible)"
    
    !KU( m.383 ) @ #vk.586 // nr: 657" (probably constructible)"
    
    !KU( <$A.410, $B.5, m.410>
    ) @ #vk.609 // nr: 574" (probably constructible)"
    
    !KU( $A.410 ) @ #vk.610 // nr: 575" (currently deducible)"
    
    !KU( <$B.5, m.410>
    ) @ #vk.611 // nr: 576" (probably constructible)"
    
    !KU( m.410 ) @ #vk.613 // nr: 658" (probably constructible)"
    
    !KU( <$A.441, $B.5, m.441>
    ) @ #vk.640 // nr: 601" (probably constructible)"
    
    !KU( $A.441 ) @ #vk.641 // nr: 602" (currently deducible)"
    
    !KU( <$B.5, m.441>
    ) @ #vk.642 // nr: 603" (probably constructible)"
    
    !KU( m.441 ) @ #vk.644 // nr: 659" (probably constructible)"
    
    ReceiverState( $B.5, ~rst.61
    ) ▶₀ #vr.24 // nr: 31 (from rule CompromiseReceiverState) (loop breaker)" (loop breaker)"
    
    OpenStage1( $B.5, ~bid.9, ~rst.61
    ) ▶₀ #vr.355 // nr: 342 (from rule AddSlot2)" (useful2)"
    
    OpenStage0( $B.5, ~bid.9, ~rst.61
    ) ▶₀ #vr.364 // nr: 349 (from rule AddSlot1)" (useful2)"
    
    OpenStage1( $B.5, ~bid.9, ~rst.61
    ) ▶₀ #vr.373 // nr: 357 (from rule AddSlot2)" (useful2)"
    
    OpenStage1( $B.5, ~bid.9, ~rst.61
    ) ▶₀ #vr.382 // nr: 365 (from rule AddSlot2)" (useful2)"
    
    OpenStage0( $B.5, ~bid.9, ~rst.61
    ) ▶₀ #vr.391 // nr: 372 (from rule AddSlot1)" (useful2)"
    
    OpenStage1( $B.5, ~bid.9, ~rst.61
    ) ▶₀ #vr.400 // nr: 380 (from rule AddSlot2)" (useful2)"
    
    OpenStage1( $B.5, ~bid.9, ~rst.61
    ) ▶₀ #vr.409 // nr: 388 (from rule AddSlot2)" (useful2)"
    
    OpenStage0( $B.5, ~bid.9, ~rst.61
    ) ▶₀ #vr.418 // nr: 395 (from rule AddSlot1)" (useful2)"
    
    OpenStage1( $B.5, ~bid.9, ~rst.61
    ) ▶₀ #vr.431 // nr: 407 (from rule AddSlot2)" (useful2)"
    
    OpenStage1( $B.5, ~bid.9, ~rst.61
    ) ▶₀ #vr.440 // nr: 415 (from rule AddSlot2)" (useful2)"
    
    OpenStage0( $B.5, ~bid.9, ~rst.61
    ) ▶₀ #vr.449 // nr: 422 (from rule AddSlot1)" (useful2)"
    
    OpenStage1( $B.5, ~bid.9, ~rst.61
    ) ▶₀ #vr.458 // nr: 430 (from rule AddSlot2)" (useful2)"
    
    OpenStage0( $B.5, ~bid.9, ~rst.61
    ) ▶₀ #vr.467 // nr: 438 (from rule AddSlot1)" (useful2)"
    
    OpenStage0( $B.5, ~bid.9, ~rst.61
    ) ▶₀ #vr.479 // nr: 447 (from rule AddSlot1)" (useful2)"
    
    splitEqs(106) // nr: 629" (useful2)"
  
  solved constraints:
    ClosedBatch( $B.5, ~bid.9, ~rst.61 ) ▶₀ #i // nr: 0" (useful2)"
    
    SealedStage2( $B.5, ~bid.9, ~rst.61
    ) ▶₀ #vr.4 // nr: 2 (from rule CompleteBatch)" (useful2)"
    
    BatchEndToken( $B.5, ~bid.9, ~rst.61
    ) ▶₁ #vr.4 // nr: 3 (from rule CompleteBatch)" (useful2)"
    
    Slot1DoneFact( $B.5, ~bid.9, ~rst.61
    ) ▶₂ #vr.4 // nr: 4 (from rule CompleteBatch)" (useful2)"
    
    Slot2DoneFact( $B.5, ~bid.9, ~rst.61
    ) ▶₃ #vr.4 // nr: 5 (from rule CompleteBatch)" (useful2)"
    
    SealedStage1( $B.5, ~bid.9, ~rst.61
    ) ▶₀ #vr.6 // nr: 7 (from rule ProcessSlot2)" (useful2)"
    
    CheckedSlot2( $B.5, ~bid.9, ~rst.61, ~idx.132, $A.7,
                  <ct_l($A.7, $B.5, ~rst.61, ~rl.20), 
                   ct_k($A.7, $B.5, ~rst.61, ~rk.20), 
                   ct_s($A.7, $B.5, ~sst.58, ~rst.61, ~rs.20)>
    ) ▶₁ #vr.6 // nr: 8 (from rule ProcessSlot2)" (useful2)"
    
    !HonestSession( $A.7, $B.5, ~rst.61,
                    <ct_l($A.7, $B.5, ~rst.61, ~rl.20), 
                     ct_k($A.7, $B.5, ~rst.61, ~rk.20), 
                     ct_s($A.7, $B.5, ~sst.58, ~rst.61, ~rs.20)>,
                    session_id($A.7, $B.5, sender_pk($A.7, ~sst.58),
                               receiver_pk($B.5, ~rst.61), sender_prekey($A.7, ~sst.58),
                               receiver_prekey($B.5, ~rst.61),
                               <ct_l($A.7, $B.5, ~rst.61, ~rl.20), 
                                ct_k($A.7, $B.5, ~rst.61, ~rk.20), 
                                ct_s($A.7, $B.5, ~sst.58, ~rst.61, ~rs.20)>),
                    session_key(secret_l($A.7, $B.5, ~rst.61, ~rl.20),
                                secret_k($A.7, $B.5, ~rst.61, ~rk.20),
                                secret_s($A.7, $B.5, ~sst.58, ~rst.61, ~rs.20),
                                session_id($A.7, $B.5, sender_pk($A.7, ~sst.58),
                                           receiver_pk($B.5, ~rst.61), sender_prekey($A.7, ~sst.58),
                                           receiver_prekey($B.5, ~rst.61),
                                           <ct_l($A.7, $B.5, ~rst.61, ~rl.20), 
                                            ct_k($A.7, $B.5, ~rst.61, ~rk.20), 
                                            ct_s($A.7, $B.5, ~sst.58, ~rst.61, ~rs.20)>))
    ) ▶₂ #vr.6 // nr: 9 (from rule ProcessSlot2)" (useful2)"
    
    ReceiverState( $B.5, ~rst.61
    ) ▶₀ #vr.8 // nr: 11 (from rule CreateBatch)" (useful2)"
    
    SealedStage0( $B.5, ~bid.9, ~rst.61
    ) ▶₀ #vr.11 // nr: 13 (from rule ProcessSlot1)" (useful2)"
    
    CheckedSlot1( $B.5, ~bid.9, ~rst.61, ~idx.123, $A.12,
                  <ct_l($A.12, $B.5, ~rst.61, ~rl.31), 
                   ct_k($A.12, $B.5, ~rst.61, ~rk.31), 
                   ct_s($A.12, $B.5, ~sst.75, ~rst.61, ~rs.31)>
    ) ▶₁ #vr.11 // nr: 14 (from rule ProcessSlot1)" (useful2)"
    
    !HonestSession( $A.12, $B.5, ~rst.61,
                    <ct_l($A.12, $B.5, ~rst.61, ~rl.31), 
                     ct_k($A.12, $B.5, ~rst.61, ~rk.31), 
                     ct_s($A.12, $B.5, ~sst.75, ~rst.61, ~rs.31)>,
                    session_id($A.12, $B.5, sender_pk($A.12, ~sst.75),
                               receiver_pk($B.5, ~rst.61), sender_prekey($A.12, ~sst.75),
                               receiver_prekey($B.5, ~rst.61),
                               <ct_l($A.12, $B.5, ~rst.61, ~rl.31), 
                                ct_k($A.12, $B.5, ~rst.61, ~rk.31), 
                                ct_s($A.12, $B.5, ~sst.75, ~rst.61, ~rs.31)>),
                    session_key(secret_l($A.12, $B.5, ~rst.61, ~rl.31),
                                secret_k($A.12, $B.5, ~rst.61, ~rk.31),
                                secret_s($A.12, $B.5, ~sst.75, ~rst.61, ~rs.31),
                                session_id($A.12, $B.5, sender_pk($A.12, ~sst.75),
                                           receiver_pk($B.5, ~rst.61),
                                           sender_prekey($A.12, ~sst.75),
                                           receiver_prekey($B.5, ~rst.61),
                                           <ct_l($A.12, $B.5, ~rst.61, ~rl.31), 
                                            ct_k($A.12, $B.5, ~rst.61, ~rk.31), 
                                            ct_s($A.12, $B.5, ~sst.75, ~rst.61, ~rs.31)>))
    ) ▶₂ #vr.11 // nr: 15 (from rule ProcessSlot1)" (useful2)"
    
    SealedStage0( $B.5, ~bid.9, ~rst.61
    ) ▶₀ #vr.15 // nr: 21 (from rule ProcessSlot1)" (useful2)"
    
    CheckedSlot1( $B.5, ~bid.9, ~rst.61, ~idx.419, $A.16,
                  <ct_l($A.16, $B.5, ~rst.61, ~rl.49), 
                   ct_k($A.16, $B.5, ~rst.61, ~rk.49), 
                   ct_s($A.16, $B.5, ~sst.108, ~rst.61, ~rs.49)>
    ) ▶₁ #vr.15 // nr: 22 (from rule ProcessSlot1)" (useful2)"
    
    !HonestSession( $A.16, $B.5, ~rst.61,
                    <ct_l($A.16, $B.5, ~rst.61, ~rl.49), 
                     ct_k($A.16, $B.5, ~rst.61, ~rk.49), 
                     ct_s($A.16, $B.5, ~sst.108, ~rst.61, ~rs.49)>,
                    session_id($A.16, $B.5, sender_pk($A.16, ~sst.108),
                               receiver_pk($B.5, ~rst.61), sender_prekey($A.16, ~sst.108),
                               receiver_prekey($B.5, ~rst.61),
                               <ct_l($A.16, $B.5, ~rst.61, ~rl.49), 
                                ct_k($A.16, $B.5, ~rst.61, ~rk.49), 
                                ct_s($A.16, $B.5, ~sst.108, ~rst.61, ~rs.49)>),
                    session_key(secret_l($A.16, $B.5, ~rst.61, ~rl.49),
                                secret_k($A.16, $B.5, ~rst.61, ~rk.49),
                                secret_s($A.16, $B.5, ~sst.108, ~rst.61, ~rs.49),
                                session_id($A.16, $B.5, sender_pk($A.16, ~sst.108),
                                           receiver_pk($B.5, ~rst.61),
                                           sender_prekey($A.16, ~sst.108),
                                           receiver_prekey($B.5, ~rst.61),
                                           <ct_l($A.16, $B.5, ~rst.61, ~rl.49), 
                                            ct_k($A.16, $B.5, ~rst.61, ~rk.49), 
                                            ct_s($A.16, $B.5, ~sst.108, ~rst.61, ~rs.49)>))
    ) ▶₂ #vr.15 // nr: 23 (from rule ProcessSlot1)" (useful2)"
    
    DedupPending( $B.5, ~bid.9, ~rst.61, ~idx.123, $A.12,
                  <ct_l($A.12, $B.5, ~rst.61, ~rl.31), 
                   ct_k($A.12, $B.5, ~rst.61, ~rk.31), 
                   ct_s($A.12, $B.5, ~sst.75, ~rst.61, ~rs.31)>,
                  ~idx.132, $A.7,
                  <ct_l($A.7, $B.5, ~rst.61, ~rl.20), 
                   ct_k($A.7, $B.5, ~rst.61, ~rk.20), 
                   ct_s($A.7, $B.5, ~sst.58, ~rst.61, ~rs.20)>
    ) ▶₀ #vr.17 // nr: 25 (from rule PassDistinctBatch)" (useful2)"
    
    DedupDecisionToken( $B.5, ~bid.9, ~rst.61
    ) ▶₁ #vr.17 // nr: 26 (from rule PassDistinctBatch)" (useful2)"
    
    !SenderState( $A.7, ~sst.58
    ) ▶₀ #vr.19 // nr: 28 (from rule SenderCreatesMessage)" (useful2)"
    
    !ReceiverPublicState( $B.5, ~rst.61
    ) ▶₁ #vr.19 // nr: 29 (from rule SenderCreatesMessage)" (useful2)"
    
    ReceiverCompromiseToken( $B.5, ~rst.61
    ) ▶₁ #vr.24 // nr: 32 (from rule CompromiseReceiverState)" (useful2)"
    
    !SenderState( $A.12, ~sst.75
    ) ▶₀ #vr.30 // nr: 40 (from rule SenderCreatesMessage)" (useful2)"
    
    !ReceiverPublicState( $B.5, ~rst.61
    ) ▶₁ #vr.30 // nr: 41 (from rule SenderCreatesMessage)" (useful2)"
    
    DedupPending( $B.5, ~bid.9, ~rst.61, ~idx.365, $A1.45, m1.45,
                  ~idx.374, $A2.45, m2.45
    ) ▶₀ #vr.44 // nr: 53 (from rule PassDistinctBatch)" (useful2)"
    
    DedupDecisionToken( $B.5, ~bid.9, ~rst.61
    ) ▶₁ #vr.44 // nr: 54 (from rule PassDistinctBatch)" (useful2)"
    
    DedupPending( $B.5, ~bid.9, ~rst.61, ~idx.419, $A.16,
                  <ct_l($A.16, $B.5, ~rst.61, ~rl.49), 
                   ct_k($A.16, $B.5, ~rst.61, ~rk.49), 
                   ct_s($A.16, $B.5, ~sst.108, ~rst.61, ~rs.49)>,
                  ~idx.432, $A2.47, m2.47
    ) ▶₀ #vr.46 // nr: 56 (from rule PassDistinctBatch)" (useful2)"
    
    DedupDecisionToken( $B.5, ~bid.9, ~rst.61
    ) ▶₁ #vr.46 // nr: 57 (from rule PassDistinctBatch)" (useful2)"
    
    !SenderState( $A.16, ~sst.108
    ) ▶₀ #vr.48 // nr: 59 (from rule SenderCreatesMessage)" (useful2)"
    
    !ReceiverPublicState( $B.5, ~rst.61
    ) ▶₁ #vr.48 // nr: 60 (from rule SenderCreatesMessage)" (useful2)"
    
    OpenStage2( $B.5, ~bid.9, ~rst.61
    ) ▶₀ #vr.53 // nr: 62 (from rule SealBatch)" (useful2)"
    
    AddedSlot1( $B.5, ~bid.9, ~rst.61, ~idx.123, $A.12,
                <ct_l($A.12, $B.5, ~rst.61, ~rl.31), 
                 ct_k($A.12, $B.5, ~rst.61, ~rk.31), 
                 ct_s($A.12, $B.5, ~sst.75, ~rst.61, ~rs.31)>
    ) ▶₁ #vr.53 // nr: 63 (from rule SealBatch)" (useful2)"
    
    AddedSlot2( $B.5, ~bid.9, ~rst.61, ~idx.132, $A.7,
                <ct_l($A.7, $B.5, ~rst.61, ~rl.20), 
                 ct_k($A.7, $B.5, ~rst.61, ~rk.20), 
                 ct_s($A.7, $B.5, ~sst.58, ~rst.61, ~rs.20)>
    ) ▶₂ #vr.53 // nr: 64 (from rule SealBatch)" (useful2)"
    
    OpenStage2( $B.5, ~bid.9, ~rst.61
    ) ▶₀ #vr.99 // nr: 110 (from rule SealBatch)" (useful2)"
    
    AddedSlot1( $B.5, ~bid.9, ~rst.61, ~idx.365, $A1.45, m1.45
    ) ▶₁ #vr.99 // nr: 111 (from rule SealBatch)" (useful2)"
    
    AddedSlot2( $B.5, ~bid.9, ~rst.61, ~idx.374, $A2.45, m2.45
    ) ▶₂ #vr.99 // nr: 112 (from rule SealBatch)" (useful2)"
    
    OpenStage2( $B.5, ~bid.9, ~rst.61
    ) ▶₀ #vr.101 // nr: 114 (from rule SealBatch)" (useful2)"
    
    AddedSlot1( $B.5, ~bid.9, ~rst.61, ~idx.392, $A1.102, m1.102
    ) ▶₁ #vr.101 // nr: 115 (from rule SealBatch)" (useful2)"
    
    AddedSlot2( $B.5, ~bid.9, ~rst.61, ~idx.401, $A2.102, m2.102
    ) ▶₂ #vr.101 // nr: 116 (from rule SealBatch)" (useful2)"
    
    OpenStage2( $B.5, ~bid.9, ~rst.61
    ) ▶₀ #vr.103 // nr: 118 (from rule SealBatch)" (useful2)"
    
    AddedSlot1( $B.5, ~bid.9, ~rst.61, ~idx.419, $A.16,
                <ct_l($A.16, $B.5, ~rst.61, ~rl.49), 
                 ct_k($A.16, $B.5, ~rst.61, ~rk.49), 
                 ct_s($A.16, $B.5, ~sst.108, ~rst.61, ~rs.49)>
    ) ▶₁ #vr.103 // nr: 119 (from rule SealBatch)" (useful2)"
    
    AddedSlot2( $B.5, ~bid.9, ~rst.61, ~idx.432, $A2.47, m2.47
    ) ▶₂ #vr.103 // nr: 120 (from rule SealBatch)" (useful2)"
    
    OpenStage2( $B.5, ~bid.9, ~rst.61
    ) ▶₀ #vr.105 // nr: 122 (from rule SealBatch)" (useful2)"
    
    AddedSlot1( $B.5, ~bid.9, ~rst.61, ~idx.450, $A1.106, m1.106
    ) ▶₁ #vr.105 // nr: 123 (from rule SealBatch)" (useful2)"
    
    AddedSlot2( $B.5, ~bid.9, ~rst.61, ~idx.459, $A2.106, m2.106
    ) ▶₂ #vr.105 // nr: 124 (from rule SealBatch)" (useful2)"
    
    OpenStage1( $B.5, ~bid.9, ~rst.61
    ) ▶₀ #vr.113 // nr: 128 (from rule AddSlot2)" (useful2)"
    
    OpenStage0( $B.5, ~bid.9, ~rst.61
    ) ▶₀ #vr.122 // nr: 135 (from rule AddSlot1)" (useful2)"
    
    OpenStage1( $B.5, ~bid.9, ~rst.61
    ) ▶₀ #vr.131 // nr: 143 (from rule AddSlot2)" (useful2)"
Simplifier iteration 11:

The reduction-rules for
were applied to the following constraint system.

  nodes:
    #vr.3: instance (modulo AC) CompleteBatch:
              [
              SealedStage2( $B.4, ~bid.8, ~rst.60 ),
              BatchEndToken( $B.4, ~bid.8, ~rst.60 ),
              Slot1DoneFact( $B.4, ~bid.8, ~rst.60 ),
              Slot2DoneFact( $B.4, ~bid.8, ~rst.60 )
              ]
             --[
             UseBatchEndToken( $B.4, ~bid.8, ~rst.60 ),
             BatchComplete( $B.4, ~bid.8, ~rst.60 ),
             BatchClosed( $B.4, ~bid.8, ~rst.60 ),
             ConsumeReceiverState( $B.4, ~rst.60 )
             ]->
              [
              ClosedBatch( $B.4, ~bid.8, ~rst.60 ),
              UsedReceiverState( $B.4, ~rst.60 )
              ]
    #vr.5: instance (modulo AC) ProcessSlot2:
              [
              SealedStage1( $B.4, ~bid.8, ~rst.60 ),
              CheckedSlot2( $B.4, ~bid.8, ~rst.60, ~idx.131, $A.6,
                            <ct_l($A.6, $B.4, ~rst.60, ~rl.19), 
                             ct_k($A.6, $B.4, ~rst.60, ~rk.19), 
                             ct_s($A.6, $B.4, ~sst.57, ~rst.60, ~rs.19)>
              ),
              !HonestSession( $A.6, $B.4, ~rst.60,
                              <ct_l($A.6, $B.4, ~rst.60, ~rl.19), 
                               ct_k($A.6, $B.4, ~rst.60, ~rk.19), 
                               ct_s($A.6, $B.4, ~sst.57, ~rst.60, ~rs.19)>,
                              session_id($A.6, $B.4, sender_pk($A.6, ~sst.57),
                                         receiver_pk($B.4, ~rst.60), sender_prekey($A.6, ~sst.57),
                                         receiver_prekey($B.4, ~rst.60),
                                         <ct_l($A.6, $B.4, ~rst.60, ~rl.19), 
                                          ct_k($A.6, $B.4, ~rst.60, ~rk.19), 
                                          ct_s($A.6, $B.4, ~sst.57, ~rst.60, ~rs.19)>),
                              session_key(secret_l($A.6, $B.4, ~rst.60, ~rl.19),
                                          secret_k($A.6, $B.4, ~rst.60, ~rk.19),
                                          secret_s($A.6, $B.4, ~sst.57, ~rst.60, ~rs.19),
                                          session_id($A.6, $B.4, sender_pk($A.6, ~sst.57),
                                                     receiver_pk($B.4, ~rst.60),
                                                     sender_prekey($A.6, ~sst.57),
                                                     receiver_prekey($B.4, ~rst.60),
                                                     <ct_l($A.6, $B.4, ~rst.60, ~rl.19), 
                                                      ct_k($A.6, $B.4, ~rst.60, ~rk.19), 
                                                      ct_s($A.6, $B.4, ~sst.57, ~rst.60, ~rs.19)>))
              )
              ]
             --[
             BatchSlot( $B.4, ~bid.8, ~idx.131, $A.6,
                        <ct_l($A.6, $B.4, ~rst.60, ~rl.19), 
                         ct_k($A.6, $B.4, ~rst.60, ~rk.19), 
                         ct_s($A.6, $B.4, ~sst.57, ~rst.60, ~rs.19)>
             ),
             ReceiverAccept( $B.4, $A.6, ~bid.8, ~idx.131, ~rst.60,
                             <ct_l($A.6, $B.4, ~rst.60, ~rl.19), 
                              ct_k($A.6, $B.4, ~rst.60, ~rk.19), 
                              ct_s($A.6, $B.4, ~sst.57, ~rst.60, ~rs.19)>,
                             session_id($A.6, $B.4, sender_pk($A.6, ~sst.57),
                                        receiver_pk($B.4, ~rst.60), sender_prekey($A.6, ~sst.57),
                                        receiver_prekey($B.4, ~rst.60),
                                        <ct_l($A.6, $B.4, ~rst.60, ~rl.19), 
                                         ct_k($A.6, $B.4, ~rst.60, ~rk.19), 
                                         ct_s($A.6, $B.4, ~sst.57, ~rst.60, ~rs.19)>),
                             session_key(secret_l($A.6, $B.4, ~rst.60, ~rl.19),
                                         secret_k($A.6, $B.4, ~rst.60, ~rk.19),
                                         secret_s($A.6, $B.4, ~sst.57, ~rst.60, ~rs.19),
                                         session_id($A.6, $B.4, sender_pk($A.6, ~sst.57),
                                                    receiver_pk($B.4, ~rst.60),
                                                    sender_prekey($A.6, ~sst.57),
                                                    receiver_prekey($B.4, ~rst.60),
                                                    <ct_l($A.6, $B.4, ~rst.60, ~rl.19), 
                                                     ct_k($A.6, $B.4, ~rst.60, ~rk.19), 
                                                     ct_s($A.6, $B.4, ~sst.57, ~rst.60, ~rs.19)>))
             ),
             SlotProcessed( $B.4, ~bid.8, ~idx.131, $A.6,
                            <ct_l($A.6, $B.4, ~rst.60, ~rl.19), 
                             ct_k($A.6, $B.4, ~rst.60, ~rk.19), 
                             ct_s($A.6, $B.4, ~sst.57, ~rst.60, ~rs.19)>
             ),
             Slot2Done( $B.4, ~bid.8, ~rst.60 )
             ]->
              [
              SealedStage2( $B.4, ~bid.8, ~rst.60 ),
              Slot2DoneFact( $B.4, ~bid.8, ~rst.60 )
              ]
    #vr.7: instance (modulo AC) CreateBatch:
              [ ReceiverState( $B.4, ~rst.60 ), Fr( ~bid.8 ) ]
             --[ BatchCreated( $B.4, ~bid.8, ~rst.60 ) ]->
              [
              OpenStage0( $B.4, ~bid.8, ~rst.60 ),
              BatchEndToken( $B.4, ~bid.8, ~rst.60 ),
              BatchCompromiseToken( $B.4, ~bid.8, ~rst.60 )
              ]
    #vf.9: instance (modulo AC) Fresh:
              [ ] --> [ Fr( ~bid.8 ) ]
    #vr.10: instance (modulo AC) ProcessSlot1:
               [
               SealedStage0( $B.4, ~bid.8, ~rst.60 ),
               CheckedSlot1( $B.4, ~bid.8, ~rst.60, ~idx.122, $A.11,
                             <ct_l($A.11, $B.4, ~rst.60, ~rl.30), 
                              ct_k($A.11, $B.4, ~rst.60, ~rk.30), 
                              ct_s($A.11, $B.4, ~sst.74, ~rst.60, ~rs.30)>
               ),
               !HonestSession( $A.11, $B.4, ~rst.60,
                               <ct_l($A.11, $B.4, ~rst.60, ~rl.30), 
                                ct_k($A.11, $B.4, ~rst.60, ~rk.30), 
                                ct_s($A.11, $B.4, ~sst.74, ~rst.60, ~rs.30)>,
                               session_id($A.11, $B.4, sender_pk($A.11, ~sst.74),
                                          receiver_pk($B.4, ~rst.60), sender_prekey($A.11, ~sst.74),
                                          receiver_prekey($B.4, ~rst.60),
                                          <ct_l($A.11, $B.4, ~rst.60, ~rl.30), 
                                           ct_k($A.11, $B.4, ~rst.60, ~rk.30), 
                                           ct_s($A.11, $B.4, ~sst.74, ~rst.60, ~rs.30)>),
                               session_key(secret_l($A.11, $B.4, ~rst.60, ~rl.30),
                                           secret_k($A.11, $B.4, ~rst.60, ~rk.30),
                                           secret_s($A.11, $B.4, ~sst.74, ~rst.60, ~rs.30),
                                           session_id($A.11, $B.4, sender_pk($A.11, ~sst.74),
                                                      receiver_pk($B.4, ~rst.60),
                                                      sender_prekey($A.11, ~sst.74),
                                                      receiver_prekey($B.4, ~rst.60),
                                                      <ct_l($A.11, $B.4, ~rst.60, ~rl.30), 
                                                       ct_k($A.11, $B.4, ~rst.60, ~rk.30), 
                                                       ct_s($A.11, $B.4, ~sst.74, ~rst.60, ~rs.30)
                                                      >))
               )
               ]
              --[
              BatchSlot( $B.4, ~bid.8, ~idx.122, $A.11,
                         <ct_l($A.11, $B.4, ~rst.60, ~rl.30), 
                          ct_k($A.11, $B.4, ~rst.60, ~rk.30), 
                          ct_s($A.11, $B.4, ~sst.74, ~rst.60, ~rs.30)>
              ),
              ReceiverAccept( $B.4, $A.11, ~bid.8, ~idx.122, ~rst.60,
                              <ct_l($A.11, $B.4, ~rst.60, ~rl.30), 
                               ct_k($A.11, $B.4, ~rst.60, ~rk.30), 
                               ct_s($A.11, $B.4, ~sst.74, ~rst.60, ~rs.30)>,
                              session_id($A.11, $B.4, sender_pk($A.11, ~sst.74),
                                         receiver_pk($B.4, ~rst.60), sender_prekey($A.11, ~sst.74),
                                         receiver_prekey($B.4, ~rst.60),
                                         <ct_l($A.11, $B.4, ~rst.60, ~rl.30), 
                                          ct_k($A.11, $B.4, ~rst.60, ~rk.30), 
                                          ct_s($A.11, $B.4, ~sst.74, ~rst.60, ~rs.30)>),
                              session_key(secret_l($A.11, $B.4, ~rst.60, ~rl.30),
                                          secret_k($A.11, $B.4, ~rst.60, ~rk.30),
                                          secret_s($A.11, $B.4, ~sst.74, ~rst.60, ~rs.30),
                                          session_id($A.11, $B.4, sender_pk($A.11, ~sst.74),
                                                     receiver_pk($B.4, ~rst.60),
                                                     sender_prekey($A.11, ~sst.74),
                                                     receiver_prekey($B.4, ~rst.60),
                                                     <ct_l($A.11, $B.4, ~rst.60, ~rl.30), 
                                                      ct_k($A.11, $B.4, ~rst.60, ~rk.30), 
                                                      ct_s($A.11, $B.4, ~sst.74, ~rst.60, ~rs.30)>))
              ),
              SlotProcessed( $B.4, ~bid.8, ~idx.122, $A.11,
                             <ct_l($A.11, $B.4, ~rst.60, ~rl.30), 
                              ct_k($A.11, $B.4, ~rst.60, ~rk.30), 
                              ct_s($A.11, $B.4, ~sst.74, ~rst.60, ~rs.30)>
              ),
              Slot1Done( $B.4, ~bid.8, ~rst.60 )
              ]->
               [
               SealedStage1( $B.4, ~bid.8, ~rst.60 ),
               Slot1DoneFact( $B.4, ~bid.8, ~rst.60 )
               ]
    #vr.14: instance (modulo AC) ProcessSlot1:
               [
               SealedStage0( $B.4, ~bid.8, ~rst.60 ),
               CheckedSlot1( $B.4, ~bid.8, ~rst.60, ~idx.418, $A.15,
                             <ct_l($A.15, $B.4, ~rst.60, ~rl.48), 
                              ct_k($A.15, $B.4, ~rst.60, ~rk.48), 
                              ct_s($A.15, $B.4, ~sst.107, ~rst.60, ~rs.48)>
               ),
               !HonestSession( $A.15, $B.4, ~rst.60,
                               <ct_l($A.15, $B.4, ~rst.60, ~rl.48), 
                                ct_k($A.15, $B.4, ~rst.60, ~rk.48), 
                                ct_s($A.15, $B.4, ~sst.107, ~rst.60, ~rs.48)>,
                               session_id($A.15, $B.4, sender_pk($A.15, ~sst.107),
                                          receiver_pk($B.4, ~rst.60),
                                          sender_prekey($A.15, ~sst.107),
                                          receiver_prekey($B.4, ~rst.60),
                                          <ct_l($A.15, $B.4, ~rst.60, ~rl.48), 
                                           ct_k($A.15, $B.4, ~rst.60, ~rk.48), 
                                           ct_s($A.15, $B.4, ~sst.107, ~rst.60, ~rs.48)>),
                               session_key(secret_l($A.15, $B.4, ~rst.60, ~rl.48),
                                           secret_k($A.15, $B.4, ~rst.60, ~rk.48),
                                           secret_s($A.15, $B.4, ~sst.107, ~rst.60, ~rs.48),
                                           session_id($A.15, $B.4, sender_pk($A.15, ~sst.107),
                                                      receiver_pk($B.4, ~rst.60),
                                                      sender_prekey($A.15, ~sst.107),
                                                      receiver_prekey($B.4, ~rst.60),
                                                      <ct_l($A.15, $B.4, ~rst.60, ~rl.48), 
                                                       ct_k($A.15, $B.4, ~rst.60, ~rk.48), 
                                                       ct_s($A.15, $B.4, ~sst.107, ~rst.60, ~rs.48)
                                                      >))
               )
               ]
              --[
              BatchSlot( $B.4, ~bid.8, ~idx.418, $A.15,
                         <ct_l($A.15, $B.4, ~rst.60, ~rl.48), 
                          ct_k($A.15, $B.4, ~rst.60, ~rk.48), 
                          ct_s($A.15, $B.4, ~sst.107, ~rst.60, ~rs.48)>
              ),
              ReceiverAccept( $B.4, $A.15, ~bid.8, ~idx.418, ~rst.60,
                              <ct_l($A.15, $B.4, ~rst.60, ~rl.48), 
                               ct_k($A.15, $B.4, ~rst.60, ~rk.48), 
                               ct_s($A.15, $B.4, ~sst.107, ~rst.60, ~rs.48)>,
                              session_id($A.15, $B.4, sender_pk($A.15, ~sst.107),
                                         receiver_pk($B.4, ~rst.60), sender_prekey($A.15, ~sst.107),
                                         receiver_prekey($B.4, ~rst.60),
                                         <ct_l($A.15, $B.4, ~rst.60, ~rl.48), 
                                          ct_k($A.15, $B.4, ~rst.60, ~rk.48), 
                                          ct_s($A.15, $B.4, ~sst.107, ~rst.60, ~rs.48)>),
                              session_key(secret_l($A.15, $B.4, ~rst.60, ~rl.48),
                                          secret_k($A.15, $B.4, ~rst.60, ~rk.48),
                                          secret_s($A.15, $B.4, ~sst.107, ~rst.60, ~rs.48),
                                          session_id($A.15, $B.4, sender_pk($A.15, ~sst.107),
                                                     receiver_pk($B.4, ~rst.60),
                                                     sender_prekey($A.15, ~sst.107),
                                                     receiver_prekey($B.4, ~rst.60),
                                                     <ct_l($A.15, $B.4, ~rst.60, ~rl.48), 
                                                      ct_k($A.15, $B.4, ~rst.60, ~rk.48), 
                                                      ct_s($A.15, $B.4, ~sst.107, ~rst.60, ~rs.48)
                                                     >))
              ),
              SlotProcessed( $B.4, ~bid.8, ~idx.418, $A.15,
                             <ct_l($A.15, $B.4, ~rst.60, ~rl.48), 
                              ct_k($A.15, $B.4, ~rst.60, ~rk.48), 
                              ct_s($A.15, $B.4, ~sst.107, ~rst.60, ~rs.48)>
              ),
              Slot1Done( $B.4, ~bid.8, ~rst.60 )
              ]->
               [
               SealedStage1( $B.4, ~bid.8, ~rst.60 ),
               Slot1DoneFact( $B.4, ~bid.8, ~rst.60 )
               ]
    #vr.16: instance (modulo AC) PassDistinctBatch:
               [
               DedupPending( $B.4, ~bid.8, ~rst.60, ~idx.122, $A.11,
                             <ct_l($A.11, $B.4, ~rst.60, ~rl.30), 
                              ct_k($A.11, $B.4, ~rst.60, ~rk.30), 
                              ct_s($A.11, $B.4, ~sst.74, ~rst.60, ~rs.30)>,
                             ~idx.131, $A.6,
                             <ct_l($A.6, $B.4, ~rst.60, ~rl.19), 
                              ct_k($A.6, $B.4, ~rst.60, ~rk.19), 
                              ct_s($A.6, $B.4, ~sst.57, ~rst.60, ~rs.19)>
               ),
               DedupDecisionToken( $B.4, ~bid.8, ~rst.60 )
               ]
              --[
              Neq( <ct_l($A.11, $B.4, ~rst.60, ~rl.30), 
                    ct_k($A.11, $B.4, ~rst.60, ~rk.30), 
                    ct_s($A.11, $B.4, ~sst.74, ~rst.60, ~rs.30)>,
                   <ct_l($A.6, $B.4, ~rst.60, ~rl.19), 
                    ct_k($A.6, $B.4, ~rst.60, ~rk.19), 
                    ct_s($A.6, $B.4, ~sst.57, ~rst.60, ~rs.19)>
              ),
              DedupPassed( $B.4, ~bid.8, ~rst.60, ~idx.122, $A.11,
                           <ct_l($A.11, $B.4, ~rst.60, ~rl.30), 
                            ct_k($A.11, $B.4, ~rst.60, ~rk.30), 
                            ct_s($A.11, $B.4, ~sst.74, ~rst.60, ~rs.30)>,
                           ~idx.131, $A.6,
                           <ct_l($A.6, $B.4, ~rst.60, ~rl.19), 
                            ct_k($A.6, $B.4, ~rst.60, ~rk.19), 
                            ct_s($A.6, $B.4, ~sst.57, ~rst.60, ~rs.19)>
              ),
              UseDedupDecisionToken( $B.4, ~bid.8, ~rst.60 )
              ]->
               [
               CheckedSlot1( $B.4, ~bid.8, ~rst.60, ~idx.122, $A.11,
                             <ct_l($A.11, $B.4, ~rst.60, ~rl.30), 
                              ct_k($A.11, $B.4, ~rst.60, ~rk.30), 
                              ct_s($A.11, $B.4, ~sst.74, ~rst.60, ~rs.30)>
               ),
               CheckedSlot2( $B.4, ~bid.8, ~rst.60, ~idx.131, $A.6,
                             <ct_l($A.6, $B.4, ~rst.60, ~rl.19), 
                              ct_k($A.6, $B.4, ~rst.60, ~rk.19), 
                              ct_s($A.6, $B.4, ~sst.57, ~rst.60, ~rs.19)>
               ),
               SealedStage0( $B.4, ~bid.8, ~rst.60 )
               ]
    #vr.18: instance (modulo AC) SenderCreatesMessage:
               [
               !SenderState( $A.6, ~sst.57 ),
               !ReceiverPublicState( $B.4, ~rst.60 ), Fr( ~rl.19 ), Fr( ~rk.19 ),
               Fr( ~rs.19 )
               ]
              --[
              SenderSession( $A.6, $B.4,
                             <ct_l($A.6, $B.4, ~rst.60, ~rl.19), 
                              ct_k($A.6, $B.4, ~rst.60, ~rk.19), 
                              ct_s($A.6, $B.4, ~sst.57, ~rst.60, ~rs.19)>,
                             session_id($A.6, $B.4, sender_pk($A.6, ~sst.57),
                                        receiver_pk($B.4, ~rst.60), sender_prekey($A.6, ~sst.57),
                                        receiver_prekey($B.4, ~rst.60),
                                        <ct_l($A.6, $B.4, ~rst.60, ~rl.19), 
                                         ct_k($A.6, $B.4, ~rst.60, ~rk.19), 
                                         ct_s($A.6, $B.4, ~sst.57, ~rst.60, ~rs.19)>),
                             session_key(secret_l($A.6, $B.4, ~rst.60, ~rl.19),
                                         secret_k($A.6, $B.4, ~rst.60, ~rk.19),
                                         secret_s($A.6, $B.4, ~sst.57, ~rst.60, ~rs.19),
                                         session_id($A.6, $B.4, sender_pk($A.6, ~sst.57),
                                                    receiver_pk($B.4, ~rst.60),
                                                    sender_prekey($A.6, ~sst.57),
                                                    receiver_prekey($B.4, ~rst.60),
                                                    <ct_l($A.6, $B.4, ~rst.60, ~rl.19), 
                                                     ct_k($A.6, $B.4, ~rst.60, ~rk.19), 
                                                     ct_s($A.6, $B.4, ~sst.57, ~rst.60, ~rs.19)>))
              )
              ]->
               [
               Out( <$A.6, $B.4, ct_l($A.6, $B.4, ~rst.60, ~rl.19), 
                     ct_k($A.6, $B.4, ~rst.60, ~rk.19), 
                     ct_s($A.6, $B.4, ~sst.57, ~rst.60, ~rs.19)>
               ),
               !HonestSession( $A.6, $B.4, ~rst.60,
                               <ct_l($A.6, $B.4, ~rst.60, ~rl.19), 
                                ct_k($A.6, $B.4, ~rst.60, ~rk.19), 
                                ct_s($A.6, $B.4, ~sst.57, ~rst.60, ~rs.19)>,
                               session_id($A.6, $B.4, sender_pk($A.6, ~sst.57),
                                          receiver_pk($B.4, ~rst.60), sender_prekey($A.6, ~sst.57),
                                          receiver_prekey($B.4, ~rst.60),
                                          <ct_l($A.6, $B.4, ~rst.60, ~rl.19), 
                                           ct_k($A.6, $B.4, ~rst.60, ~rk.19), 
                                           ct_s($A.6, $B.4, ~sst.57, ~rst.60, ~rs.19)>),
                               session_key(secret_l($A.6, $B.4, ~rst.60, ~rl.19),
                                           secret_k($A.6, $B.4, ~rst.60, ~rk.19),
                                           secret_s($A.6, $B.4, ~sst.57, ~rst.60, ~rs.19),
                                           session_id($A.6, $B.4, sender_pk($A.6, ~sst.57),
                                                      receiver_pk($B.4, ~rst.60),
                                                      sender_prekey($A.6, ~sst.57),
                                                      receiver_prekey($B.4, ~rst.60),
                                                      <ct_l($A.6, $B.4, ~rst.60, ~rl.19), 
                                                       ct_k($A.6, $B.4, ~rst.60, ~rk.19), 
                                                       ct_s($A.6, $B.4, ~sst.57, ~rst.60, ~rs.19)>))
               )
               ]
    #vf.20: instance (modulo AC) Fresh:
               [ ] --> [ Fr( ~rl.19 ) ]
    #vf.21: instance (modulo AC) Fresh:
               [ ] --> [ Fr( ~rk.19 ) ]
    #vf.22: instance (modulo AC) Fresh:
               [ ] --> [ Fr( ~rs.19 ) ]
    #vr.23: instance (modulo AC) CompromiseReceiverState:
               [
               ReceiverState( $B.4, ~rst.60 ),
               ReceiverCompromiseToken( $B.4, ~rst.60 )
               ]
              --[ CompromiseReceiverState( $B.4, ~rst.60 ) ]->
               [
               ReceiverState( $B.4, ~rst.60 ),
               !CompromisedReceiverState( $B.4, ~rst.60 ), Out( ~rst.60 )
               ]
    #vr.29: instance (modulo AC) SenderCreatesMessage:
               [
               !SenderState( $A.11, ~sst.74 ),
               !ReceiverPublicState( $B.4, ~rst.60 ), Fr( ~rl.30 ), Fr( ~rk.30 ),
               Fr( ~rs.30 )
               ]
              --[
              SenderSession( $A.11, $B.4,
                             <ct_l($A.11, $B.4, ~rst.60, ~rl.30), 
                              ct_k($A.11, $B.4, ~rst.60, ~rk.30), 
                              ct_s($A.11, $B.4, ~sst.74, ~rst.60, ~rs.30)>,
                             session_id($A.11, $B.4, sender_pk($A.11, ~sst.74),
                                        receiver_pk($B.4, ~rst.60), sender_prekey($A.11, ~sst.74),
                                        receiver_prekey($B.4, ~rst.60),
                                        <ct_l($A.11, $B.4, ~rst.60, ~rl.30), 
                                         ct_k($A.11, $B.4, ~rst.60, ~rk.30), 
                                         ct_s($A.11, $B.4, ~sst.74, ~rst.60, ~rs.30)>),
                             session_key(secret_l($A.11, $B.4, ~rst.60, ~rl.30),
                                         secret_k($A.11, $B.4, ~rst.60, ~rk.30),
                                         secret_s($A.11, $B.4, ~sst.74, ~rst.60, ~rs.30),
                                         session_id($A.11, $B.4, sender_pk($A.11, ~sst.74),
                                                    receiver_pk($B.4, ~rst.60),
                                                    sender_prekey($A.11, ~sst.74),
                                                    receiver_prekey($B.4, ~rst.60),
                                                    <ct_l($A.11, $B.4, ~rst.60, ~rl.30), 
                                                     ct_k($A.11, $B.4, ~rst.60, ~rk.30), 
                                                     ct_s($A.11, $B.4, ~sst.74, ~rst.60, ~rs.30)>))
              )
              ]->
               [
               Out( <$A.11, $B.4, ct_l($A.11, $B.4, ~rst.60, ~rl.30), 
                     ct_k($A.11, $B.4, ~rst.60, ~rk.30), 
                     ct_s($A.11, $B.4, ~sst.74, ~rst.60, ~rs.30)>
               ),
               !HonestSession( $A.11, $B.4, ~rst.60,
                               <ct_l($A.11, $B.4, ~rst.60, ~rl.30), 
                                ct_k($A.11, $B.4, ~rst.60, ~rk.30), 
                                ct_s($A.11, $B.4, ~sst.74, ~rst.60, ~rs.30)>,
                               session_id($A.11, $B.4, sender_pk($A.11, ~sst.74),
                                          receiver_pk($B.4, ~rst.60), sender_prekey($A.11, ~sst.74),
                                          receiver_prekey($B.4, ~rst.60),
                                          <ct_l($A.11, $B.4, ~rst.60, ~rl.30), 
                                           ct_k($A.11, $B.4, ~rst.60, ~rk.30), 
                                           ct_s($A.11, $B.4, ~sst.74, ~rst.60, ~rs.30)>),
                               session_key(secret_l($A.11, $B.4, ~rst.60, ~rl.30),
                                           secret_k($A.11, $B.4, ~rst.60, ~rk.30),
                                           secret_s($A.11, $B.4, ~sst.74, ~rst.60, ~rs.30),
                                           session_id($A.11, $B.4, sender_pk($A.11, ~sst.74),
                                                      receiver_pk($B.4, ~rst.60),
                                                      sender_prekey($A.11, ~sst.74),
                                                      receiver_prekey($B.4, ~rst.60),
                                                      <ct_l($A.11, $B.4, ~rst.60, ~rl.30), 
                                                       ct_k($A.11, $B.4, ~rst.60, ~rk.30), 
                                                       ct_s($A.11, $B.4, ~sst.74, ~rst.60, ~rs.30)
                                                      >))
               )
               ]
    #vf.31: instance (modulo AC) Fresh:
               [ ] --> [ Fr( ~rl.30 ) ]
    #vf.32: instance (modulo AC) Fresh:
               [ ] --> [ Fr( ~rk.30 ) ]
    #vf.33: instance (modulo AC) Fresh:
               [ ] --> [ Fr( ~rs.30 ) ]
    #vr.43: instance (modulo AC) PassDistinctBatch:
               [
               DedupPending( $B.4, ~bid.8, ~rst.60, ~idx.364, $A1.44, m1.44,
                             ~idx.373, $A2.44, m2.44
               ),
               DedupDecisionToken( $B.4, ~bid.8, ~rst.60 )
               ]
              --[
              Neq( m1.44, m2.44 ),
              DedupPassed( $B.4, ~bid.8, ~rst.60, ~idx.364, $A1.44, m1.44,
                           ~idx.373, $A2.44, m2.44
              ),
              UseDedupDecisionToken( $B.4, ~bid.8, ~rst.60 )
              ]->
               [
               CheckedSlot1( $B.4, ~bid.8, ~rst.60, ~idx.364, $A1.44, m1.44 ),
               CheckedSlot2( $B.4, ~bid.8, ~rst.60, ~idx.373, $A2.44, m2.44 ),
               SealedStage0( $B.4, ~bid.8, ~rst.60 )
               ]
    #vr.45: instance (modulo AC) PassDistinctBatch:
               [
               DedupPending( $B.4, ~bid.8, ~rst.60, ~idx.418, $A.15,
                             <ct_l($A.15, $B.4, ~rst.60, ~rl.48), 
                              ct_k($A.15, $B.4, ~rst.60, ~rk.48), 
                              ct_s($A.15, $B.4, ~sst.107, ~rst.60, ~rs.48)>,
                             ~idx.431, $A2.46, m2.46
               ),
               DedupDecisionToken( $B.4, ~bid.8, ~rst.60 )
               ]
              --[
              Neq( <ct_l($A.15, $B.4, ~rst.60, ~rl.48), 
                    ct_k($A.15, $B.4, ~rst.60, ~rk.48), 
                    ct_s($A.15, $B.4, ~sst.107, ~rst.60, ~rs.48)>,
                   m2.46
              ),
              DedupPassed( $B.4, ~bid.8, ~rst.60, ~idx.418, $A.15,
                           <ct_l($A.15, $B.4, ~rst.60, ~rl.48), 
                            ct_k($A.15, $B.4, ~rst.60, ~rk.48), 
                            ct_s($A.15, $B.4, ~sst.107, ~rst.60, ~rs.48)>,
                           ~idx.431, $A2.46, m2.46
              ),
              UseDedupDecisionToken( $B.4, ~bid.8, ~rst.60 )
              ]->
               [
               CheckedSlot1( $B.4, ~bid.8, ~rst.60, ~idx.418, $A.15,
                             <ct_l($A.15, $B.4, ~rst.60, ~rl.48), 
                              ct_k($A.15, $B.4, ~rst.60, ~rk.48), 
                              ct_s($A.15, $B.4, ~sst.107, ~rst.60, ~rs.48)>
               ),
               CheckedSlot2( $B.4, ~bid.8, ~rst.60, ~idx.431, $A2.46, m2.46 ),
               SealedStage0( $B.4, ~bid.8, ~rst.60 )
               ]
    #vr.47: instance (modulo AC) SenderCreatesMessage:
               [
               !SenderState( $A.15, ~sst.107 ),
               !ReceiverPublicState( $B.4, ~rst.60 ), Fr( ~rl.48 ), Fr( ~rk.48 ),
               Fr( ~rs.48 )
               ]
              --[
              SenderSession( $A.15, $B.4,
                             <ct_l($A.15, $B.4, ~rst.60, ~rl.48), 
                              ct_k($A.15, $B.4, ~rst.60, ~rk.48), 
                              ct_s($A.15, $B.4, ~sst.107, ~rst.60, ~rs.48)>,
                             session_id($A.15, $B.4, sender_pk($A.15, ~sst.107),
                                        receiver_pk($B.4, ~rst.60), sender_prekey($A.15, ~sst.107),
                                        receiver_prekey($B.4, ~rst.60),
                                        <ct_l($A.15, $B.4, ~rst.60, ~rl.48), 
                                         ct_k($A.15, $B.4, ~rst.60, ~rk.48), 
                                         ct_s($A.15, $B.4, ~sst.107, ~rst.60, ~rs.48)>),
                             session_key(secret_l($A.15, $B.4, ~rst.60, ~rl.48),
                                         secret_k($A.15, $B.4, ~rst.60, ~rk.48),
                                         secret_s($A.15, $B.4, ~sst.107, ~rst.60, ~rs.48),
                                         session_id($A.15, $B.4, sender_pk($A.15, ~sst.107),
                                                    receiver_pk($B.4, ~rst.60),
                                                    sender_prekey($A.15, ~sst.107),
                                                    receiver_prekey($B.4, ~rst.60),
                                                    <ct_l($A.15, $B.4, ~rst.60, ~rl.48), 
                                                     ct_k($A.15, $B.4, ~rst.60, ~rk.48), 
                                                     ct_s($A.15, $B.4, ~sst.107, ~rst.60, ~rs.48)>))
              )
              ]->
               [
               Out( <$A.15, $B.4, ct_l($A.15, $B.4, ~rst.60, ~rl.48), 
                     ct_k($A.15, $B.4, ~rst.60, ~rk.48), 
                     ct_s($A.15, $B.4, ~sst.107, ~rst.60, ~rs.48)>
               ),
               !HonestSession( $A.15, $B.4, ~rst.60,
                               <ct_l($A.15, $B.4, ~rst.60, ~rl.48), 
                                ct_k($A.15, $B.4, ~rst.60, ~rk.48), 
                                ct_s($A.15, $B.4, ~sst.107, ~rst.60, ~rs.48)>,
                               session_id($A.15, $B.4, sender_pk($A.15, ~sst.107),
                                          receiver_pk($B.4, ~rst.60),
                                          sender_prekey($A.15, ~sst.107),
                                          receiver_prekey($B.4, ~rst.60),
                                          <ct_l($A.15, $B.4, ~rst.60, ~rl.48), 
                                           ct_k($A.15, $B.4, ~rst.60, ~rk.48), 
                                           ct_s($A.15, $B.4, ~sst.107, ~rst.60, ~rs.48)>),
                               session_key(secret_l($A.15, $B.4, ~rst.60, ~rl.48),
                                           secret_k($A.15, $B.4, ~rst.60, ~rk.48),
                                           secret_s($A.15, $B.4, ~sst.107, ~rst.60, ~rs.48),
                                           session_id($A.15, $B.4, sender_pk($A.15, ~sst.107),
                                                      receiver_pk($B.4, ~rst.60),
                                                      sender_prekey($A.15, ~sst.107),
                                                      receiver_prekey($B.4, ~rst.60),
                                                      <ct_l($A.15, $B.4, ~rst.60, ~rl.48), 
                                                       ct_k($A.15, $B.4, ~rst.60, ~rk.48), 
                                                       ct_s($A.15, $B.4, ~sst.107, ~rst.60, ~rs.48)
                                                      >))
               )
               ]
    #vf.49: instance (modulo AC) Fresh:
               [ ] --> [ Fr( ~rl.48 ) ]
    #vf.50: instance (modulo AC) Fresh:
               [ ] --> [ Fr( ~rk.48 ) ]
    #vf.51: instance (modulo AC) Fresh:
               [ ] --> [ Fr( ~rs.48 ) ]
    #vr.52: instance (modulo AC) SealBatch:
               [
               OpenStage2( $B.4, ~bid.8, ~rst.60 ),
               AddedSlot1( $B.4, ~bid.8, ~rst.60, ~idx.122, $A.11,
                           <ct_l($A.11, $B.4, ~rst.60, ~rl.30), 
                            ct_k($A.11, $B.4, ~rst.60, ~rk.30), 
                            ct_s($A.11, $B.4, ~sst.74, ~rst.60, ~rs.30)>
               ),
               AddedSlot2( $B.4, ~bid.8, ~rst.60, ~idx.131, $A.6,
                           <ct_l($A.6, $B.4, ~rst.60, ~rl.19), 
                            ct_k($A.6, $B.4, ~rst.60, ~rk.19), 
                            ct_s($A.6, $B.4, ~sst.57, ~rst.60, ~rs.19)>
               )
               ]
              --[ SealBatchEvent( $B.4, ~bid.8, ~rst.60 ) ]->
               [
               DedupPending( $B.4, ~bid.8, ~rst.60, ~idx.122, $A.11,
                             <ct_l($A.11, $B.4, ~rst.60, ~rl.30), 
                              ct_k($A.11, $B.4, ~rst.60, ~rk.30), 
                              ct_s($A.11, $B.4, ~sst.74, ~rst.60, ~rs.30)>,
                             ~idx.131, $A.6,
                             <ct_l($A.6, $B.4, ~rst.60, ~rl.19), 
                              ct_k($A.6, $B.4, ~rst.60, ~rk.19), 
                              ct_s($A.6, $B.4, ~sst.57, ~rst.60, ~rs.19)>
               ),
               DedupDecisionToken( $B.4, ~bid.8, ~rst.60 )
               ]
    #vr.56: instance (modulo AC) InitSenderState:
               [ Fr( ~sst.57 ) ]
              --[ SenderStateCreated( $A.6, ~sst.57 ) ]->
               [
               !SenderState( $A.6, ~sst.57 ),
               SenderCompromiseToken( $A.6, ~sst.57 )
               ]
    #vf.58: instance (modulo AC) Fresh:
               [ ] --> [ Fr( ~sst.57 ) ]
    #vr.59: instance (modulo AC) InitReceiverState:
               [ Fr( ~rst.60 ) ]
              --[ ReceiverStateCreated( $B.4, ~rst.60 ) ]->
               [
               ReceiverState( $B.4, ~rst.60 ),
               !ReceiverPublicState( $B.4, ~rst.60 ),
               ReceiverCompromiseToken( $B.4, ~rst.60 )
               ]
    #vf.61: instance (modulo AC) Fresh:
               [ ] --> [ Fr( ~rst.60 ) ]
    #vr.73: instance (modulo AC) InitSenderState:
               [ Fr( ~sst.74 ) ]
              --[ SenderStateCreated( $A.11, ~sst.74 ) ]->
               [
               !SenderState( $A.11, ~sst.74 ),
               SenderCompromiseToken( $A.11, ~sst.74 )
               ]
    #vf.75: instance (modulo AC) Fresh:
               [ ] --> [ Fr( ~sst.74 ) ]
    #vr.98: instance (modulo AC) SealBatch:
               [
               OpenStage2( $B.4, ~bid.8, ~rst.60 ),
               AddedSlot1( $B.4, ~bid.8, ~rst.60, ~idx.364, $A1.44, m1.44 ),
               AddedSlot2( $B.4, ~bid.8, ~rst.60, ~idx.373, $A2.44, m2.44 )
               ]
              --[ SealBatchEvent( $B.4, ~bid.8, ~rst.60 ) ]->
               [
               DedupPending( $B.4, ~bid.8, ~rst.60, ~idx.364, $A1.44, m1.44,
                             ~idx.373, $A2.44, m2.44
               ),
               DedupDecisionToken( $B.4, ~bid.8, ~rst.60 )
               ]
    #vr.100: instance (modulo AC) SealBatch:
                [
                OpenStage2( $B.4, ~bid.8, ~rst.60 ),
                AddedSlot1( $B.4, ~bid.8, ~rst.60, ~idx.391, $A1.101, m1.101 ),
                AddedSlot2( $B.4, ~bid.8, ~rst.60, ~idx.400, $A2.101, m2.101 )
                ]
               --[ SealBatchEvent( $B.4, ~bid.8, ~rst.60 ) ]->
                [
                DedupPending( $B.4, ~bid.8, ~rst.60, ~idx.391, $A1.101, m1.101,
                              ~idx.400, $A2.101, m2.101
                ),
                DedupDecisionToken( $B.4, ~bid.8, ~rst.60 )
                ]
    #vr.102: instance (modulo AC) SealBatch:
                [
                OpenStage2( $B.4, ~bid.8, ~rst.60 ),
                AddedSlot1( $B.4, ~bid.8, ~rst.60, ~idx.418, $A.15,
                            <ct_l($A.15, $B.4, ~rst.60, ~rl.48), 
                             ct_k($A.15, $B.4, ~rst.60, ~rk.48), 
                             ct_s($A.15, $B.4, ~sst.107, ~rst.60, ~rs.48)>
                ),
                AddedSlot2( $B.4, ~bid.8, ~rst.60, ~idx.431, $A2.46, m2.46 )
                ]
               --[ SealBatchEvent( $B.4, ~bid.8, ~rst.60 ) ]->
                [
                DedupPending( $B.4, ~bid.8, ~rst.60, ~idx.418, $A.15,
                              <ct_l($A.15, $B.4, ~rst.60, ~rl.48), 
                               ct_k($A.15, $B.4, ~rst.60, ~rk.48), 
                               ct_s($A.15, $B.4, ~sst.107, ~rst.60, ~rs.48)>,
                              ~idx.431, $A2.46, m2.46
                ),
                DedupDecisionToken( $B.4, ~bid.8, ~rst.60 )
                ]
    #vr.104: instance (modulo AC) SealBatch:
                [
                OpenStage2( $B.4, ~bid.8, ~rst.60 ),
                AddedSlot1( $B.4, ~bid.8, ~rst.60, ~idx.449, $A1.105, m1.105 ),
                AddedSlot2( $B.4, ~bid.8, ~rst.60, ~idx.458, $A2.105, m2.105 )
                ]
               --[ SealBatchEvent( $B.4, ~bid.8, ~rst.60 ) ]->
                [
                DedupPending( $B.4, ~bid.8, ~rst.60, ~idx.449, $A1.105, m1.105,
                              ~idx.458, $A2.105, m2.105
                ),
                DedupDecisionToken( $B.4, ~bid.8, ~rst.60 )
                ]
    #vr.106: instance (modulo AC) InitSenderState:
                [ Fr( ~sst.107 ) ]
               --[ SenderStateCreated( $A.15, ~sst.107 ) ]->
                [
                !SenderState( $A.15, ~sst.107 ),
                SenderCompromiseToken( $A.15, ~sst.107 )
                ]
    #vf.108: instance (modulo AC) Fresh:
                [ ] --> [ Fr( ~sst.107 ) ]
    #vr.112: instance (modulo AC) AddSlot2:
                [
                OpenStage1( $B.4, ~bid.8, ~rst.60 ), In( <$A.113, $B.4, m.113> ),
                Fr( ~idx.113 )
                ]
               --[
               SlotAdded( $B.4, ~bid.8, ~idx.113, $A.113, m.113 ),
               Slot2Added( $B.4, ~bid.8, ~rst.60, ~idx.113, $A.113, m.113 )
               ]->
                [
                OpenStage2( $B.4, ~bid.8, ~rst.60 ),
                AddedSlot2( $B.4, ~bid.8, ~rst.60, ~idx.113, $A.113, m.113 )
                ]
    #vf.114: instance (modulo AC) isend:
                [ !KU( <$A.113, $B.4, m.113> ) ]
               --[ K( <$A.113, $B.4, m.113> ) ]->
                [ In( <$A.113, $B.4, m.113> ) ]
    #vf.120: instance (modulo AC) Fresh:
                [ ] --> [ Fr( ~idx.113 ) ]
    #vr.121: instance (modulo AC) AddSlot1:
                [
                OpenStage0( $B.4, ~bid.8, ~rst.60 ),
                In( <$A.11, $B.4, ct_l($A.11, $B.4, ~rst.60, ~rl.30), 
                     ct_k($A.11, $B.4, ~rst.60, ~rk.30), 
                     ct_s($A.11, $B.4, ~sst.74, ~rst.60, ~rs.30)>
                ),
                Fr( ~idx.122 )
                ]
               --[
               SlotAdded( $B.4, ~bid.8, ~idx.122, $A.11,
                          <ct_l($A.11, $B.4, ~rst.60, ~rl.30), 
                           ct_k($A.11, $B.4, ~rst.60, ~rk.30), 
                           ct_s($A.11, $B.4, ~sst.74, ~rst.60, ~rs.30)>
               ),
               Slot1Added( $B.4, ~bid.8, ~rst.60, ~idx.122, $A.11,
                           <ct_l($A.11, $B.4, ~rst.60, ~rl.30), 
                            ct_k($A.11, $B.4, ~rst.60, ~rk.30), 
                            ct_s($A.11, $B.4, ~sst.74, ~rst.60, ~rs.30)>
               )
               ]->
                [
                OpenStage1( $B.4, ~bid.8, ~rst.60 ),
                AddedSlot1( $B.4, ~bid.8, ~rst.60, ~idx.122, $A.11,
                            <ct_l($A.11, $B.4, ~rst.60, ~rl.30), 
                             ct_k($A.11, $B.4, ~rst.60, ~rk.30), 
                             ct_s($A.11, $B.4, ~sst.74, ~rst.60, ~rs.30)>
                )
                ]
    #vf.123: instance (modulo AC) isend:
                [
                !KU( <$A.11, $B.4, ct_l($A.11, $B.4, ~rst.60, ~rl.30), 
                      ct_k($A.11, $B.4, ~rst.60, ~rk.30), 
                      ct_s($A.11, $B.4, ~sst.74, ~rst.60, ~rs.30)>
                )
                ]
               --[
               K( <$A.11, $B.4, ct_l($A.11, $B.4, ~rst.60, ~rl.30), 
                   ct_k($A.11, $B.4, ~rst.60, ~rk.30), 
                   ct_s($A.11, $B.4, ~sst.74, ~rst.60, ~rs.30)>
               )
               ]->
                [
                In( <$A.11, $B.4, ct_l($A.11, $B.4, ~rst.60, ~rl.30), 
                     ct_k($A.11, $B.4, ~rst.60, ~rk.30), 
                     ct_s($A.11, $B.4, ~sst.74, ~rst.60, ~rs.30)>
                )
                ]
    #vf.129: instance (modulo AC) Fresh:
                [ ] --> [ Fr( ~idx.122 ) ]
    #vr.130: instance (modulo AC) AddSlot2:
                [
                OpenStage1( $B.4, ~bid.8, ~rst.60 ),
                In( <$A.6, $B.4, ct_l($A.6, $B.4, ~rst.60, ~rl.19), 
                     ct_k($A.6, $B.4, ~rst.60, ~rk.19), 
                     ct_s($A.6, $B.4, ~sst.57, ~rst.60, ~rs.19)>
                ),
                Fr( ~idx.131 )
                ]
               --[
               SlotAdded( $B.4, ~bid.8, ~idx.131, $A.6,
                          <ct_l($A.6, $B.4, ~rst.60, ~rl.19), 
                           ct_k($A.6, $B.4, ~rst.60, ~rk.19), 
                           ct_s($A.6, $B.4, ~sst.57, ~rst.60, ~rs.19)>
               ),
               Slot2Added( $B.4, ~bid.8, ~rst.60, ~idx.131, $A.6,
                           <ct_l($A.6, $B.4, ~rst.60, ~rl.19), 
                            ct_k($A.6, $B.4, ~rst.60, ~rk.19), 
                            ct_s($A.6, $B.4, ~sst.57, ~rst.60, ~rs.19)>
               )
               ]->
                [
                OpenStage2( $B.4, ~bid.8, ~rst.60 ),
                AddedSlot2( $B.4, ~bid.8, ~rst.60, ~idx.131, $A.6,
                            <ct_l($A.6, $B.4, ~rst.60, ~rl.19), 
                             ct_k($A.6, $B.4, ~rst.60, ~rk.19), 
                             ct_s($A.6, $B.4, ~sst.57, ~rst.60, ~rs.19)>
                )
                ]
    #vf.132: instance (modulo AC) isend:
                [
                !KU( <$A.6, $B.4, ct_l($A.6, $B.4, ~rst.60, ~rl.19), 
                      ct_k($A.6, $B.4, ~rst.60, ~rk.19), 
                      ct_s($A.6, $B.4, ~sst.57, ~rst.60, ~rs.19)>
                )
                ]
               --[
               K( <$A.6, $B.4, ct_l($A.6, $B.4, ~rst.60, ~rl.19), 
                   ct_k($A.6, $B.4, ~rst.60, ~rk.19), 
                   ct_s($A.6, $B.4, ~sst.57, ~rst.60, ~rs.19)>
               )
               ]->
                [
                In( <$A.6, $B.4, ct_l($A.6, $B.4, ~rst.60, ~rl.19), 
                     ct_k($A.6, $B.4, ~rst.60, ~rk.19), 
                     ct_s($A.6, $B.4, ~sst.57, ~rst.60, ~rs.19)>
                )
                ]
    #vf.138: instance (modulo AC) Fresh:
                [ ] --> [ Fr( ~idx.131 ) ]
    #vr.354: instance (modulo AC) AddSlot2:
                [
                OpenStage1( $B.4, ~bid.8, ~rst.60 ), In( <$A.355, $B.4, m.355> ),
                Fr( ~idx.355 )
                ]
               --[
               SlotAdded( $B.4, ~bid.8, ~idx.355, $A.355, m.355 ),
               Slot2Added( $B.4, ~bid.8, ~rst.60, ~idx.355, $A.355, m.355 )
               ]->
                [
                OpenStage2( $B.4, ~bid.8, ~rst.60 ),
                AddedSlot2( $B.4, ~bid.8, ~rst.60, ~idx.355, $A.355, m.355 )
                ]
    #vf.356: instance (modulo AC) isend:
                [ !KU( <$A.355, $B.4, m.355> ) ]
               --[ K( <$A.355, $B.4, m.355> ) ]->
                [ In( <$A.355, $B.4, m.355> ) ]
    #vf.362: instance (modulo AC) Fresh:
                [ ] --> [ Fr( ~idx.355 ) ]
    #vr.363: instance (modulo AC) AddSlot1:
                [
                OpenStage0( $B.4, ~bid.8, ~rst.60 ), In( <$A1.44, $B.4, m1.44> ),
                Fr( ~idx.364 )
                ]
               --[
               SlotAdded( $B.4, ~bid.8, ~idx.364, $A1.44, m1.44 ),
               Slot1Added( $B.4, ~bid.8, ~rst.60, ~idx.364, $A1.44, m1.44 )
               ]->
                [
                OpenStage1( $B.4, ~bid.8, ~rst.60 ),
                AddedSlot1( $B.4, ~bid.8, ~rst.60, ~idx.364, $A1.44, m1.44 )
                ]
    #vf.365: instance (modulo AC) isend:
                [ !KU( <$A1.44, $B.4, m1.44> ) ]
               --[ K( <$A1.44, $B.4, m1.44> ) ]->
                [ In( <$A1.44, $B.4, m1.44> ) ]
    #vf.371: instance (modulo AC) Fresh:
                [ ] --> [ Fr( ~idx.364 ) ]
    #vr.372: instance (modulo AC) AddSlot2:
                [
                OpenStage1( $B.4, ~bid.8, ~rst.60 ), In( <$A2.44, $B.4, m2.44> ),
                Fr( ~idx.373 )
                ]
               --[
               SlotAdded( $B.4, ~bid.8, ~idx.373, $A2.44, m2.44 ),
               Slot2Added( $B.4, ~bid.8, ~rst.60, ~idx.373, $A2.44, m2.44 )
               ]->
                [
                OpenStage2( $B.4, ~bid.8, ~rst.60 ),
                AddedSlot2( $B.4, ~bid.8, ~rst.60, ~idx.373, $A2.44, m2.44 )
                ]
    #vf.374: instance (modulo AC) isend:
                [ !KU( <$A2.44, $B.4, m2.44> ) ]
               --[ K( <$A2.44, $B.4, m2.44> ) ]->
                [ In( <$A2.44, $B.4, m2.44> ) ]
    #vf.380: instance (modulo AC) Fresh:
                [ ] --> [ Fr( ~idx.373 ) ]
    #vr.381: instance (modulo AC) AddSlot2:
                [
                OpenStage1( $B.4, ~bid.8, ~rst.60 ), In( <$A.382, $B.4, m.382> ),
                Fr( ~idx.382 )
                ]
               --[
               SlotAdded( $B.4, ~bid.8, ~idx.382, $A.382, m.382 ),
               Slot2Added( $B.4, ~bid.8, ~rst.60, ~idx.382, $A.382, m.382 )
               ]->
                [
                OpenStage2( $B.4, ~bid.8, ~rst.60 ),
                AddedSlot2( $B.4, ~bid.8, ~rst.60, ~idx.382, $A.382, m.382 )
                ]
    #vf.383: instance (modulo AC) isend:
                [ !KU( <$A.382, $B.4, m.382> ) ]
               --[ K( <$A.382, $B.4, m.382> ) ]->
                [ In( <$A.382, $B.4, m.382> ) ]
    #vf.389: instance (modulo AC) Fresh:
                [ ] --> [ Fr( ~idx.382 ) ]
    #vr.390: instance (modulo AC) AddSlot1:
                [
                OpenStage0( $B.4, ~bid.8, ~rst.60 ), In( <$A1.101, $B.4, m1.101> ),
                Fr( ~idx.391 )
                ]
               --[
               SlotAdded( $B.4, ~bid.8, ~idx.391, $A1.101, m1.101 ),
               Slot1Added( $B.4, ~bid.8, ~rst.60, ~idx.391, $A1.101, m1.101 )
               ]->
                [
                OpenStage1( $B.4, ~bid.8, ~rst.60 ),
                AddedSlot1( $B.4, ~bid.8, ~rst.60, ~idx.391, $A1.101, m1.101 )
                ]
    #vf.392: instance (modulo AC) isend:
                [ !KU( <$A1.101, $B.4, m1.101> ) ]
               --[ K( <$A1.101, $B.4, m1.101> ) ]->
                [ In( <$A1.101, $B.4, m1.101> ) ]
    #vf.398: instance (modulo AC) Fresh:
                [ ] --> [ Fr( ~idx.391 ) ]
    #vr.399: instance (modulo AC) AddSlot2:
                [
                OpenStage1( $B.4, ~bid.8, ~rst.60 ), In( <$A2.101, $B.4, m2.101> ),
                Fr( ~idx.400 )
                ]
               --[
               SlotAdded( $B.4, ~bid.8, ~idx.400, $A2.101, m2.101 ),
               Slot2Added( $B.4, ~bid.8, ~rst.60, ~idx.400, $A2.101, m2.101 )
               ]->
                [
                OpenStage2( $B.4, ~bid.8, ~rst.60 ),
                AddedSlot2( $B.4, ~bid.8, ~rst.60, ~idx.400, $A2.101, m2.101 )
                ]
    #vf.401: instance (modulo AC) isend:
                [ !KU( <$A2.101, $B.4, m2.101> ) ]
               --[ K( <$A2.101, $B.4, m2.101> ) ]->
                [ In( <$A2.101, $B.4, m2.101> ) ]
    #vf.407: instance (modulo AC) Fresh:
                [ ] --> [ Fr( ~idx.400 ) ]
    #vr.408: instance (modulo AC) AddSlot2:
                [
                OpenStage1( $B.4, ~bid.8, ~rst.60 ), In( <$A.409, $B.4, m.409> ),
                Fr( ~idx.409 )
                ]
               --[
               SlotAdded( $B.4, ~bid.8, ~idx.409, $A.409, m.409 ),
               Slot2Added( $B.4, ~bid.8, ~rst.60, ~idx.409, $A.409, m.409 )
               ]->
                [
                OpenStage2( $B.4, ~bid.8, ~rst.60 ),
                AddedSlot2( $B.4, ~bid.8, ~rst.60, ~idx.409, $A.409, m.409 )
                ]
    #vf.410: instance (modulo AC) isend:
                [ !KU( <$A.409, $B.4, m.409> ) ]
               --[ K( <$A.409, $B.4, m.409> ) ]->
                [ In( <$A.409, $B.4, m.409> ) ]
    #vf.416: instance (modulo AC) Fresh:
                [ ] --> [ Fr( ~idx.409 ) ]
    #vr.417: instance (modulo AC) AddSlot1:
                [
                OpenStage0( $B.4, ~bid.8, ~rst.60 ),
                In( <$A.15, $B.4, ct_l($A.15, $B.4, ~rst.60, ~rl.48), 
                     ct_k($A.15, $B.4, ~rst.60, ~rk.48), 
                     ct_s($A.15, $B.4, ~sst.107, ~rst.60, ~rs.48)>
                ),
                Fr( ~idx.418 )
                ]
               --[
               SlotAdded( $B.4, ~bid.8, ~idx.418, $A.15,
                          <ct_l($A.15, $B.4, ~rst.60, ~rl.48), 
                           ct_k($A.15, $B.4, ~rst.60, ~rk.48), 
                           ct_s($A.15, $B.4, ~sst.107, ~rst.60, ~rs.48)>
               ),
               Slot1Added( $B.4, ~bid.8, ~rst.60, ~idx.418, $A.15,
                           <ct_l($A.15, $B.4, ~rst.60, ~rl.48), 
                            ct_k($A.15, $B.4, ~rst.60, ~rk.48), 
                            ct_s($A.15, $B.4, ~sst.107, ~rst.60, ~rs.48)>
               )
               ]->
                [
                OpenStage1( $B.4, ~bid.8, ~rst.60 ),
                AddedSlot1( $B.4, ~bid.8, ~rst.60, ~idx.418, $A.15,
                            <ct_l($A.15, $B.4, ~rst.60, ~rl.48), 
                             ct_k($A.15, $B.4, ~rst.60, ~rk.48), 
                             ct_s($A.15, $B.4, ~sst.107, ~rst.60, ~rs.48)>
                )
                ]
    #vf.419: instance (modulo AC) isend:
                [
                !KU( <$A.15, $B.4, ct_l($A.15, $B.4, ~rst.60, ~rl.48), 
                      ct_k($A.15, $B.4, ~rst.60, ~rk.48), 
                      ct_s($A.15, $B.4, ~sst.107, ~rst.60, ~rs.48)>
                )
                ]
               --[
               K( <$A.15, $B.4, ct_l($A.15, $B.4, ~rst.60, ~rl.48), 
                   ct_k($A.15, $B.4, ~rst.60, ~rk.48), 
                   ct_s($A.15, $B.4, ~sst.107, ~rst.60, ~rs.48)>
               )
               ]->
                [
                In( <$A.15, $B.4, ct_l($A.15, $B.4, ~rst.60, ~rl.48), 
                     ct_k($A.15, $B.4, ~rst.60, ~rk.48), 
                     ct_s($A.15, $B.4, ~sst.107, ~rst.60, ~rs.48)>
                )
                ]
    #vf.425: instance (modulo AC) Fresh:
                [ ] --> [ Fr( ~idx.418 ) ]
    #vr.430: instance (modulo AC) AddSlot2:
                [
                OpenStage1( $B.4, ~bid.8, ~rst.60 ), In( <$A2.46, $B.4, m2.46> ),
                Fr( ~idx.431 )
                ]
               --[
               SlotAdded( $B.4, ~bid.8, ~idx.431, $A2.46, m2.46 ),
               Slot2Added( $B.4, ~bid.8, ~rst.60, ~idx.431, $A2.46, m2.46 )
               ]->
                [
                OpenStage2( $B.4, ~bid.8, ~rst.60 ),
                AddedSlot2( $B.4, ~bid.8, ~rst.60, ~idx.431, $A2.46, m2.46 )
                ]
    #vf.432: instance (modulo AC) isend:
                [ !KU( <$A2.46, $B.4, m2.46> ) ]
               --[ K( <$A2.46, $B.4, m2.46> ) ]->
                [ In( <$A2.46, $B.4, m2.46> ) ]
    #vf.438: instance (modulo AC) Fresh:
                [ ] --> [ Fr( ~idx.431 ) ]
    #vr.439: instance (modulo AC) AddSlot2:
                [
                OpenStage1( $B.4, ~bid.8, ~rst.60 ), In( <$A.440, $B.4, m.440> ),
                Fr( ~idx.440 )
                ]
               --[
               SlotAdded( $B.4, ~bid.8, ~idx.440, $A.440, m.440 ),
               Slot2Added( $B.4, ~bid.8, ~rst.60, ~idx.440, $A.440, m.440 )
               ]->
                [
                OpenStage2( $B.4, ~bid.8, ~rst.60 ),
                AddedSlot2( $B.4, ~bid.8, ~rst.60, ~idx.440, $A.440, m.440 )
                ]
    #vf.441: instance (modulo AC) isend:
                [ !KU( <$A.440, $B.4, m.440> ) ]
               --[ K( <$A.440, $B.4, m.440> ) ]->
                [ In( <$A.440, $B.4, m.440> ) ]
    #vf.447: instance (modulo AC) Fresh:
                [ ] --> [ Fr( ~idx.440 ) ]
    #vr.448: instance (modulo AC) AddSlot1:
                [
                OpenStage0( $B.4, ~bid.8, ~rst.60 ), In( <$A1.105, $B.4, m1.105> ),
                Fr( ~idx.449 )
                ]
               --[
               SlotAdded( $B.4, ~bid.8, ~idx.449, $A1.105, m1.105 ),
               Slot1Added( $B.4, ~bid.8, ~rst.60, ~idx.449, $A1.105, m1.105 )
               ]->
                [
                OpenStage1( $B.4, ~bid.8, ~rst.60 ),
                AddedSlot1( $B.4, ~bid.8, ~rst.60, ~idx.449, $A1.105, m1.105 )
                ]
    #vf.450: instance (modulo AC) isend:
                [ !KU( <$A1.105, $B.4, m1.105> ) ]
               --[ K( <$A1.105, $B.4, m1.105> ) ]->
                [ In( <$A1.105, $B.4, m1.105> ) ]
    #vf.456: instance (modulo AC) Fresh:
                [ ] --> [ Fr( ~idx.449 ) ]
    #vr.457: instance (modulo AC) AddSlot2:
                [
                OpenStage1( $B.4, ~bid.8, ~rst.60 ), In( <$A2.105, $B.4, m2.105> ),
                Fr( ~idx.458 )
                ]
               --[
               SlotAdded( $B.4, ~bid.8, ~idx.458, $A2.105, m2.105 ),
               Slot2Added( $B.4, ~bid.8, ~rst.60, ~idx.458, $A2.105, m2.105 )
               ]->
                [
                OpenStage2( $B.4, ~bid.8, ~rst.60 ),
                AddedSlot2( $B.4, ~bid.8, ~rst.60, ~idx.458, $A2.105, m2.105 )
                ]
    #vf.459: instance (modulo AC) isend:
                [ !KU( <$A2.105, $B.4, m2.105> ) ]
               --[ K( <$A2.105, $B.4, m2.105> ) ]->
                [ In( <$A2.105, $B.4, m2.105> ) ]
    #vf.465: instance (modulo AC) Fresh:
                [ ] --> [ Fr( ~idx.458 ) ]
    #vr.466: instance (modulo AC) AddSlot1:
                [
                OpenStage0( $B.4, ~bid.8, ~rst.60 ), In( <$A.467, $B.4, m.467> ),
                Fr( ~idx.467 )
                ]
               --[
               SlotAdded( $B.4, ~bid.8, ~idx.467, $A.467, m.467 ),
               Slot1Added( $B.4, ~bid.8, ~rst.60, ~idx.467, $A.467, m.467 )
               ]->
                [
                OpenStage1( $B.4, ~bid.8, ~rst.60 ),
                AddedSlot1( $B.4, ~bid.8, ~rst.60, ~idx.467, $A.467, m.467 )
                ]
    #vf.468: instance (modulo AC) isend:
                [ !KU( <$A.467, $B.4, m.467> ) ]
               --[ K( <$A.467, $B.4, m.467> ) ]->
                [ In( <$A.467, $B.4, m.467> ) ]
    #vf.474: instance (modulo AC) Fresh:
                [ ] --> [ Fr( ~idx.467 ) ]
    #vr.478: instance (modulo AC) AddSlot1:
                [
                OpenStage0( $B.4, ~bid.8, ~rst.60 ), In( <$A.479, $B.4, m.479> ),
                Fr( ~idx.479 )
                ]
               --[
               SlotAdded( $B.4, ~bid.8, ~idx.479, $A.479, m.479 ),
               Slot1Added( $B.4, ~bid.8, ~rst.60, ~idx.479, $A.479, m.479 )
               ]->
                [
                OpenStage1( $B.4, ~bid.8, ~rst.60 ),
                AddedSlot1( $B.4, ~bid.8, ~rst.60, ~idx.479, $A.479, m.479 )
                ]
    #vf.480: instance (modulo AC) isend:
                [ !KU( <$A.479, $B.4, m.479> ) ]
               --[ K( <$A.479, $B.4, m.479> ) ]->
                [ In( <$A.479, $B.4, m.479> ) ]
    #vf.486: instance (modulo AC) Fresh:
                [ ] --> [ Fr( ~idx.479 ) ]
    #vf.553: instance (modulo AC) isend:
                [ !KU( <$A.355, $B.4, m.355> ) ]
               --[ K( <$A.355, $B.4, m.355> ) ]->
                [ In( <$A.355, $B.4, m.355> ) ]
    #vf.559: instance (modulo AC) Fresh:
                [ ] --> [ Fr( ~idx.355 ) ]
    #vf.562: instance (modulo AC) isend:
                [ !KU( <$A1.44, $B.4, m1.44> ) ]
               --[ K( <$A1.44, $B.4, m1.44> ) ]->
                [ In( <$A1.44, $B.4, m1.44> ) ]
    #vf.571: instance (modulo AC) isend:
                [ !KU( <$A2.44, $B.4, m2.44> ) ]
               --[ K( <$A2.44, $B.4, m2.44> ) ]->
                [ In( <$A2.44, $B.4, m2.44> ) ]
    #vf.580: instance (modulo AC) isend:
                [ !KU( <$A.382, $B.4, m.382> ) ]
               --[ K( <$A.382, $B.4, m.382> ) ]->
                [ In( <$A.382, $B.4, m.382> ) ]
    #vf.586: instance (modulo AC) Fresh:
                [ ] --> [ Fr( ~idx.382 ) ]
    #vf.589: instance (modulo AC) isend:
                [ !KU( <$A1.101, $B.4, m1.101> ) ]
               --[ K( <$A1.101, $B.4, m1.101> ) ]->
                [ In( <$A1.101, $B.4, m1.101> ) ]
    #vf.598: instance (modulo AC) isend:
                [ !KU( <$A2.101, $B.4, m2.101> ) ]
               --[ K( <$A2.101, $B.4, m2.101> ) ]->
                [ In( <$A2.101, $B.4, m2.101> ) ]
    #vf.607: instance (modulo AC) isend:
                [ !KU( <$A.409, $B.4, m.409> ) ]
               --[ K( <$A.409, $B.4, m.409> ) ]->
                [ In( <$A.409, $B.4, m.409> ) ]
    #vf.613: instance (modulo AC) Fresh:
                [ ] --> [ Fr( ~idx.409 ) ]
    #vf.629: instance (modulo AC) isend:
                [ !KU( <$A2.46, $B.4, m2.46> ) ]
               --[ K( <$A2.46, $B.4, m2.46> ) ]->
                [ In( <$A2.46, $B.4, m2.46> ) ]
    #vf.638: instance (modulo AC) isend:
                [ !KU( <$A.440, $B.4, m.440> ) ]
               --[ K( <$A.440, $B.4, m.440> ) ]->
                [ In( <$A.440, $B.4, m.440> ) ]
    #vf.644: instance (modulo AC) Fresh:
                [ ] --> [ Fr( ~idx.440 ) ]
    #vf.647: instance (modulo AC) isend:
                [ !KU( <$A1.105, $B.4, m1.105> ) ]
               --[ K( <$A1.105, $B.4, m1.105> ) ]->
                [ In( <$A1.105, $B.4, m1.105> ) ]
    #vf.656: instance (modulo AC) isend:
                [ !KU( <$A2.105, $B.4, m2.105> ) ]
               --[ K( <$A2.105, $B.4, m2.105> ) ]->
                [ In( <$A2.105, $B.4, m2.105> ) ]
  actions:
    !KU( <$A.113, $B.4, m.113> ) @ #vk.115, !KU( $A.113 ) @ #vk.116,
    !KU( <$B.4, m.113> ) @ #vk.117, !KU( $B.4 ) @ #vk.118,
    !KU( m.113 ) @ #vk.119,
    !KU( <$A.11, $B.4, ct_l($A.11, $B.4, ~rst.60, ~rl.30), 
          ct_k($A.11, $B.4, ~rst.60, ~rk.30), 
          ct_s($A.11, $B.4, ~sst.74, ~rst.60, ~rs.30)>
    ) @ #vk.124,
    !KU( $A.11 ) @ #vk.125,
    !KU( <$B.4, ct_l($A.11, $B.4, ~rst.60, ~rl.30), 
          ct_k($A.11, $B.4, ~rst.60, ~rk.30), 
          ct_s($A.11, $B.4, ~sst.74, ~rst.60, ~rs.30)>
    ) @ #vk.126,
    !KU( <ct_l($A.11, $B.4, ~rst.60, ~rl.30), 
          ct_k($A.11, $B.4, ~rst.60, ~rk.30), 
          ct_s($A.11, $B.4, ~sst.74, ~rst.60, ~rs.30)>
    ) @ #vk.128,
    !KU( <$A.6, $B.4, ct_l($A.6, $B.4, ~rst.60, ~rl.19), 
          ct_k($A.6, $B.4, ~rst.60, ~rk.19), 
          ct_s($A.6, $B.4, ~sst.57, ~rst.60, ~rs.19)>
    ) @ #vk.133,
    !KU( $A.6 ) @ #vk.134,
    !KU( <$B.4, ct_l($A.6, $B.4, ~rst.60, ~rl.19), 
          ct_k($A.6, $B.4, ~rst.60, ~rk.19), 
          ct_s($A.6, $B.4, ~sst.57, ~rst.60, ~rs.19)>
    ) @ #vk.135,
    !KU( <ct_l($A.6, $B.4, ~rst.60, ~rl.19), 
          ct_k($A.6, $B.4, ~rst.60, ~rk.19), 
          ct_s($A.6, $B.4, ~sst.57, ~rst.60, ~rs.19)>
    ) @ #vk.137,
    !KU( ct_l($A.6, $B.4, ~rst.60, ~rl.19) ) @ #vk.139,
    !KU( <ct_k($A.6, $B.4, ~rst.60, ~rk.19), 
          ct_s($A.6, $B.4, ~sst.57, ~rst.60, ~rs.19)>
    ) @ #vk.140,
    !KU( ct_k($A.6, $B.4, ~rst.60, ~rk.19) ) @ #vk.141,
    !KU( ct_s($A.6, $B.4, ~sst.57, ~rst.60, ~rs.19) ) @ #vk.142,
    !KU( ct_l($A.11, $B.4, ~rst.60, ~rl.30) ) @ #vk.242,
    !KU( <ct_k($A.11, $B.4, ~rst.60, ~rk.30), 
          ct_s($A.11, $B.4, ~sst.74, ~rst.60, ~rs.30)>
    ) @ #vk.243,
    !KU( ct_k($A.11, $B.4, ~rst.60, ~rk.30) ) @ #vk.244,
    !KU( ct_s($A.11, $B.4, ~sst.74, ~rst.60, ~rs.30) ) @ #vk.245,
    !KU( <$A.355, $B.4, m.355> ) @ #vk.357, !KU( $A.355 ) @ #vk.358,
    !KU( <$B.4, m.355> ) @ #vk.359, !KU( m.355 ) @ #vk.361,
    !KU( <$A1.44, $B.4, m1.44> ) @ #vk.366, !KU( $A1.44 ) @ #vk.367,
    !KU( <$B.4, m1.44> ) @ #vk.368, !KU( m1.44 ) @ #vk.370,
    !KU( <$A2.44, $B.4, m2.44> ) @ #vk.375, !KU( $A2.44 ) @ #vk.376,
    !KU( <$B.4, m2.44> ) @ #vk.377, !KU( m2.44 ) @ #vk.379,
    !KU( <$A.382, $B.4, m.382> ) @ #vk.384, !KU( $A.382 ) @ #vk.385,
    !KU( <$B.4, m.382> ) @ #vk.386, !KU( m.382 ) @ #vk.388,
    !KU( <$A1.101, $B.4, m1.101> ) @ #vk.393, !KU( $A1.101 ) @ #vk.394,
    !KU( <$B.4, m1.101> ) @ #vk.395, !KU( m1.101 ) @ #vk.397,
    !KU( <$A2.101, $B.4, m2.101> ) @ #vk.402, !KU( $A2.101 ) @ #vk.403,
    !KU( <$B.4, m2.101> ) @ #vk.404, !KU( m2.101 ) @ #vk.406,
    !KU( <$A.409, $B.4, m.409> ) @ #vk.411, !KU( $A.409 ) @ #vk.412,
    !KU( <$B.4, m.409> ) @ #vk.413, !KU( m.409 ) @ #vk.415,
    !KU( <$A.15, $B.4, ct_l($A.15, $B.4, ~rst.60, ~rl.48), 
          ct_k($A.15, $B.4, ~rst.60, ~rk.48), 
          ct_s($A.15, $B.4, ~sst.107, ~rst.60, ~rs.48)>
    ) @ #vk.420,
    !KU( $A.15 ) @ #vk.421,
    !KU( <$B.4, ct_l($A.15, $B.4, ~rst.60, ~rl.48), 
          ct_k($A.15, $B.4, ~rst.60, ~rk.48), 
          ct_s($A.15, $B.4, ~sst.107, ~rst.60, ~rs.48)>
    ) @ #vk.422,
    !KU( <ct_l($A.15, $B.4, ~rst.60, ~rl.48), 
          ct_k($A.15, $B.4, ~rst.60, ~rk.48), 
          ct_s($A.15, $B.4, ~sst.107, ~rst.60, ~rs.48)>
    ) @ #vk.424,
    !KU( ct_l($A.15, $B.4, ~rst.60, ~rl.48) ) @ #vk.426,
    !KU( <ct_k($A.15, $B.4, ~rst.60, ~rk.48), 
          ct_s($A.15, $B.4, ~sst.107, ~rst.60, ~rs.48)>
    ) @ #vk.427,
    !KU( ct_k($A.15, $B.4, ~rst.60, ~rk.48) ) @ #vk.428,
    !KU( ct_s($A.15, $B.4, ~sst.107, ~rst.60, ~rs.48) ) @ #vk.429,
    !KU( <$A2.46, $B.4, m2.46> ) @ #vk.433, !KU( $A2.46 ) @ #vk.434,
    !KU( <$B.4, m2.46> ) @ #vk.435, !KU( m2.46 ) @ #vk.437,
    !KU( <$A.440, $B.4, m.440> ) @ #vk.442, !KU( $A.440 ) @ #vk.443,
    !KU( <$B.4, m.440> ) @ #vk.444, !KU( m.440 ) @ #vk.446,
    !KU( <$A1.105, $B.4, m1.105> ) @ #vk.451, !KU( $A1.105 ) @ #vk.452,
    !KU( <$B.4, m1.105> ) @ #vk.453, !KU( m1.105 ) @ #vk.455,
    !KU( <$A2.105, $B.4, m2.105> ) @ #vk.460, !KU( $A2.105 ) @ #vk.461,
    !KU( <$B.4, m2.105> ) @ #vk.462, !KU( m2.105 ) @ #vk.464,
    !KU( <$A.467, $B.4, m.467> ) @ #vk.469, !KU( $A.467 ) @ #vk.470,
    !KU( <$B.4, m.467> ) @ #vk.471, !KU( m.467 ) @ #vk.473,
    !KU( <$A.479, $B.4, m.479> ) @ #vk.481, !KU( $A.479 ) @ #vk.482,
    !KU( <$B.4, m.479> ) @ #vk.483, !KU( m.479 ) @ #vk.485,
    !KU( <$A.355, $B.4, m.355> ) @ #vk.554, !KU( $A.355 ) @ #vk.555,
    !KU( <$B.4, m.355> ) @ #vk.556, !KU( m.355 ) @ #vk.558,
    !KU( <$A.382, $B.4, m.382> ) @ #vk.581, !KU( $A.382 ) @ #vk.582,
    !KU( <$B.4, m.382> ) @ #vk.583, !KU( m.382 ) @ #vk.585,
    !KU( <$A.409, $B.4, m.409> ) @ #vk.608, !KU( $A.409 ) @ #vk.609,
    !KU( <$B.4, m.409> ) @ #vk.610, !KU( m.409 ) @ #vk.612,
    !KU( <$A.440, $B.4, m.440> ) @ #vk.639, !KU( $A.440 ) @ #vk.640,
    !KU( <$B.4, m.440> ) @ #vk.641, !KU( m.440 ) @ #vk.643
  edges:
    (#vr.3, 1) >--> (#i, 0), (#vr.5, 0) >--> (#vr.3, 0),
    (#vr.5, 1) >--> (#vr.3, 3), (#vr.7, 0) >--> (#vr.121, 0),
    (#vr.7, 1) >--> (#vr.3, 1), (#vf.9, 0) >--> (#vr.7, 1),
    (#vr.10, 1) >--> (#vr.3, 2), (#vr.14, 0) >--> (#vr.5, 0),
    (#vr.16, 0) >--> (#vr.10, 1), (#vr.16, 1) >--> (#vr.5, 1),
    (#vr.16, 2) >--> (#vr.10, 0), (#vr.18, 1) >--> (#vr.5, 2),
    (#vf.20, 0) >--> (#vr.18, 2), (#vf.21, 0) >--> (#vr.18, 3),
    (#vf.22, 0) >--> (#vr.18, 4), (#vr.23, 0) >--> (#vr.7, 0),
    (#vr.29, 1) >--> (#vr.10, 2), (#vf.31, 0) >--> (#vr.29, 2),
    (#vf.32, 0) >--> (#vr.29, 3), (#vf.33, 0) >--> (#vr.29, 4),
    (#vr.43, 2) >--> (#vr.14, 0), (#vr.45, 0) >--> (#vr.14, 1),
    (#vr.47, 1) >--> (#vr.14, 2), (#vf.49, 0) >--> (#vr.47, 2),
    (#vf.50, 0) >--> (#vr.47, 3), (#vf.51, 0) >--> (#vr.47, 4),
    (#vr.52, 0) >--> (#vr.16, 0), (#vr.52, 1) >--> (#vr.16, 1),
    (#vr.56, 0) >--> (#vr.18, 0), (#vf.58, 0) >--> (#vr.56, 0),
    (#vr.59, 1) >--> (#vr.18, 1), (#vr.59, 1) >--> (#vr.29, 1),
    (#vr.59, 1) >--> (#vr.47, 1), (#vr.59, 2) >--> (#vr.23, 1),
    (#vf.61, 0) >--> (#vr.59, 0), (#vr.73, 0) >--> (#vr.29, 0),
    (#vf.75, 0) >--> (#vr.73, 0), (#vr.98, 0) >--> (#vr.43, 0),
    (#vr.100, 1) >--> (#vr.43, 1), (#vr.102, 0) >--> (#vr.45, 0),
    (#vr.104, 1) >--> (#vr.45, 1), (#vr.106, 0) >--> (#vr.47, 0),
    (#vf.108, 0) >--> (#vr.106, 0), (#vr.112, 0) >--> (#vr.52, 0),
    (#vf.114, 0) >--> (#vr.112, 1), (#vf.120, 0) >--> (#vr.112, 2),
    (#vr.121, 1) >--> (#vr.52, 1), (#vf.123, 0) >--> (#vr.121, 1),
    (#vf.129, 0) >--> (#vr.121, 2), (#vr.130, 1) >--> (#vr.52, 2),
    (#vf.132, 0) >--> (#vr.130, 1), (#vf.138, 0) >--> (#vr.130, 2),
    (#vr.354, 0) >--> (#vr.98, 0), (#vf.356, 0) >--> (#vr.354, 1),
    (#vf.362, 0) >--> (#vr.354, 2), (#vr.363, 1) >--> (#vr.98, 1),
    (#vf.365, 0) >--> (#vr.363, 1), (#vf.371, 0) >--> (#vr.363, 2),
    (#vr.372, 1) >--> (#vr.98, 2), (#vf.374, 0) >--> (#vr.372, 1),
    (#vf.380, 0) >--> (#vr.372, 2), (#vr.381, 0) >--> (#vr.100, 0),
    (#vf.383, 0) >--> (#vr.381, 1), (#vf.389, 0) >--> (#vr.381, 2),
    (#vr.390, 1) >--> (#vr.100, 1), (#vf.392, 0) >--> (#vr.390, 1),
    (#vf.398, 0) >--> (#vr.390, 2), (#vr.399, 1) >--> (#vr.100, 2),
    (#vf.401, 0) >--> (#vr.399, 1), (#vf.407, 0) >--> (#vr.399, 2),
    (#vr.408, 0) >--> (#vr.102, 0), (#vf.410, 0) >--> (#vr.408, 1),
    (#vf.416, 0) >--> (#vr.408, 2), (#vr.417, 1) >--> (#vr.102, 1),
    (#vf.419, 0) >--> (#vr.417, 1), (#vf.425, 0) >--> (#vr.417, 2),
    (#vr.430, 1) >--> (#vr.102, 2), (#vf.432, 0) >--> (#vr.430, 1),
    (#vf.438, 0) >--> (#vr.430, 2), (#vr.439, 0) >--> (#vr.104, 0),
    (#vf.441, 0) >--> (#vr.439, 1), (#vf.447, 0) >--> (#vr.439, 2),
    (#vr.448, 1) >--> (#vr.104, 1), (#vf.450, 0) >--> (#vr.448, 1),
    (#vf.456, 0) >--> (#vr.448, 2), (#vr.457, 1) >--> (#vr.104, 2),
    (#vf.459, 0) >--> (#vr.457, 1), (#vf.465, 0) >--> (#vr.457, 2),
    (#vr.466, 0) >--> (#vr.112, 0), (#vf.468, 0) >--> (#vr.466, 1),
    (#vf.474, 0) >--> (#vr.466, 2), (#vr.478, 0) >--> (#vr.130, 0),
    (#vf.480, 0) >--> (#vr.478, 1), (#vf.486, 0) >--> (#vr.478, 2),
    (#vf.553, 0) >--> (#vr.354, 1), (#vf.559, 0) >--> (#vr.354, 2),
    (#vf.562, 0) >--> (#vr.363, 1), (#vf.571, 0) >--> (#vr.372, 1),
    (#vf.580, 0) >--> (#vr.381, 1), (#vf.586, 0) >--> (#vr.381, 2),
    (#vf.589, 0) >--> (#vr.390, 1), (#vf.598, 0) >--> (#vr.399, 1),
    (#vf.607, 0) >--> (#vr.408, 1), (#vf.613, 0) >--> (#vr.408, 2),
    (#vf.629, 0) >--> (#vr.430, 1), (#vf.638, 0) >--> (#vr.439, 1),
    (#vf.644, 0) >--> (#vr.439, 2), (#vf.647, 0) >--> (#vr.448, 1),
    (#vf.656, 0) >--> (#vr.457, 1)
  less:
    #vr.7 < #vr.3: induced by fresh value,
    #vr.7 < #vr.5: induced by fresh value,
    #vr.7 < #vr.10: induced by fresh value,
    #vr.7 < #vr.14: induced by fresh value,
    #vr.7 < #vr.16: induced by fresh value,
    #vr.7 < #vr.43: induced by fresh value,
    #vr.7 < #vr.45: induced by fresh value,
    #vr.7 < #vr.52: induced by fresh value,
    #vr.7 < #vr.98: induced by fresh value,
    #vr.7 < #vr.100: induced by fresh value,
    #vr.7 < #vr.102: induced by fresh value,
    #vr.7 < #vr.104: induced by fresh value,
    #vr.7 < #vr.112: induced by fresh value,
    #vr.7 < #vr.121: induced by fresh value,
    #vr.7 < #vr.130: induced by fresh value,
    #vr.7 < #vr.354: induced by fresh value,
    #vr.7 < #vr.363: induced by fresh value,
    #vr.7 < #vr.372: induced by fresh value,
    #vr.7 < #vr.381: induced by fresh value,
    #vr.7 < #vr.390: induced by fresh value,
    #vr.7 < #vr.399: induced by fresh value,
    #vr.7 < #vr.408: induced by fresh value,
    #vr.7 < #vr.417: induced by fresh value,
    #vr.7 < #vr.430: induced by fresh value,
    #vr.7 < #vr.439: induced by fresh value,
    #vr.7 < #vr.448: induced by fresh value,
    #vr.7 < #vr.457: induced by fresh value,
    #vr.7 < #vr.466: induced by fresh value,
    #vr.7 < #vr.478: induced by fresh value,
    #vr.18 < #vr.5: induced by fresh value,
    #vr.18 < #vr.16: induced by fresh value,
    #vr.18 < #vr.52: induced by fresh value,
    #vr.18 < #vr.130: induced by fresh value,
    #vr.18 < #vf.132: induced by fresh value,
    #vr.29 < #vr.10: induced by fresh value,
    #vr.29 < #vr.16: induced by fresh value,
    #vr.29 < #vr.52: induced by fresh value,
    #vr.29 < #vr.121: induced by fresh value,
    #vr.29 < #vf.123: induced by fresh value,
    #vr.47 < #vr.14: induced by fresh value,
    #vr.47 < #vr.45: induced by fresh value,
    #vr.47 < #vr.102: induced by fresh value,
    #vr.47 < #vr.417: induced by fresh value,
    #vr.47 < #vf.419: induced by fresh value,
    #vr.56 < #vr.5: induced by fresh value,
    #vr.56 < #vr.16: induced by fresh value,
    #vr.56 < #vr.18: induced by fresh value,
    #vr.56 < #vr.52: induced by fresh value,
    #vr.56 < #vr.130: induced by fresh value,
    #vr.56 < #vf.132: induced by fresh value,
    #vr.59 < #vr.3: induced by fresh value,
    #vr.59 < #vr.5: induced by fresh value,
    #vr.59 < #vr.7: induced by fresh value,
    #vr.59 < #vr.10: induced by fresh value,
    #vr.59 < #vr.14: induced by fresh value,
    #vr.59 < #vr.16: induced by fresh value,
    #vr.59 < #vr.18: induced by fresh value,
    #vr.59 < #vr.23: induced by fresh value,
    #vr.59 < #vr.29: induced by fresh value,
    #vr.59 < #vr.43: induced by fresh value,
    #vr.59 < #vr.45: induced by fresh value,
    #vr.59 < #vr.47: induced by fresh value,
    #vr.59 < #vr.52: induced by fresh value,
    #vr.59 < #vr.98: induced by fresh value,
    #vr.59 < #vr.100: induced by fresh value,
    #vr.59 < #vr.102: induced by fresh value,
    #vr.59 < #vr.104: induced by fresh value,
    #vr.59 < #vr.112: induced by fresh value,
    #vr.59 < #vr.121: induced by fresh value,
    #vr.59 < #vf.123: induced by fresh value,
    #vr.59 < #vr.130: induced by fresh value,
    #vr.59 < #vf.132: induced by fresh value,
    #vr.59 < #vr.354: induced by fresh value,
    #vr.59 < #vr.363: induced by fresh value,
    #vr.59 < #vr.372: induced by fresh value,
    #vr.59 < #vr.381: induced by fresh value,
    #vr.59 < #vr.390: induced by fresh value,
    #vr.59 < #vr.399: induced by fresh value,
    #vr.59 < #vr.408: induced by fresh value,
    #vr.59 < #vr.417: induced by fresh value,
    #vr.59 < #vf.419: induced by fresh value,
    #vr.59 < #vr.430: induced by fresh value,
    #vr.59 < #vr.439: induced by fresh value,
    #vr.59 < #vr.448: induced by fresh value,
    #vr.59 < #vr.457: induced by fresh value,
    #vr.59 < #vr.466: induced by fresh value,
    #vr.59 < #vr.478: induced by fresh value,
    #vr.73 < #vr.10: induced by fresh value,
    #vr.73 < #vr.16: induced by fresh value,
    #vr.73 < #vr.29: induced by fresh value,
    #vr.73 < #vr.52: induced by fresh value,
    #vr.73 < #vr.121: induced by fresh value,
    #vr.73 < #vf.123: induced by fresh value,
    #vr.106 < #vr.14: induced by fresh value,
    #vr.106 < #vr.45: induced by fresh value,
    #vr.106 < #vr.47: induced by fresh value,
    #vr.106 < #vr.102: induced by fresh value,
    #vr.106 < #vr.417: induced by fresh value,
    #vr.106 < #vf.419: induced by fresh value,
    #vk.115 < #vf.114: induced by adversary,
    #vk.116 < #vk.115: induced by adversary,
    #vk.117 < #vk.115: induced by adversary,
    #vk.118 < #vk.117: induced by adversary,
    #vk.118 < #vk.126: induced by adversary,
    #vk.118 < #vk.135: induced by adversary,
    #vk.118 < #vk.359: induced by adversary,
    #vk.118 < #vk.368: induced by adversary,
    #vk.118 < #vk.377: induced by adversary,
    #vk.118 < #vk.386: induced by adversary,
    #vk.118 < #vk.395: induced by adversary,
    #vk.118 < #vk.404: induced by adversary,
    #vk.118 < #vk.413: induced by adversary,
    #vk.118 < #vk.422: induced by adversary,
    #vk.118 < #vk.435: induced by adversary,
    #vk.118 < #vk.444: induced by adversary,
    #vk.118 < #vk.453: induced by adversary,
    #vk.118 < #vk.462: induced by adversary,
    #vk.118 < #vk.471: induced by adversary,
    #vk.118 < #vk.483: induced by adversary,
    #vk.118 < #vk.556: induced by adversary,
    #vk.118 < #vk.583: induced by adversary,
    #vk.118 < #vk.610: induced by adversary,
    #vk.118 < #vk.641: induced by adversary,
    #vk.119 < #vk.117: induced by adversary,
    #vr.121 < #vr.10: induced by fresh value,
    #vr.121 < #vr.16: induced by fresh value,
    #vr.121 < #vr.52: induced by fresh value,
    #vk.124 < #vf.123: induced by adversary,
    #vk.125 < #vk.124: induced by adversary,
    #vk.126 < #vk.124: induced by adversary,
    #vk.128 < #vk.126: induced by adversary,
    #vr.130 < #vr.5: induced by fresh value,
    #vr.130 < #vr.16: induced by fresh value,
    #vr.130 < #vr.52: induced by fresh value,
    #vk.133 < #vf.132: induced by adversary,
    #vk.134 < #vk.133: induced by adversary,
    #vk.135 < #vk.133: induced by adversary,
    #vk.137 < #vk.135: induced by adversary,
    #vk.139 < #vk.137: induced by adversary,
    #vk.140 < #vk.137: induced by adversary,
    #vk.141 < #vk.140: induced by adversary,
    #vk.142 < #vk.140: induced by adversary,
    #vk.242 < #vk.128: induced by adversary,
    #vk.243 < #vk.128: induced by adversary,
    #vk.244 < #vk.243: induced by adversary,
    #vk.245 < #vk.243: induced by adversary,
    #vk.357 < #vf.356: induced by adversary,
    #vk.358 < #vk.357: induced by adversary,
    #vk.359 < #vk.357: induced by adversary,
    #vk.361 < #vk.359: induced by adversary,
    #vr.363 < #vr.43: induced by fresh value,
    #vr.363 < #vr.98: induced by fresh value,
    #vk.366 < #vf.365: induced by adversary,
    #vk.366 < #vf.562: induced by adversary,
    #vk.367 < #vk.366: induced by adversary,
    #vk.368 < #vk.366: induced by adversary,
    #vk.370 < #vk.368: induced by adversary,
    #vr.372 < #vr.43: induced by fresh value,
    #vr.372 < #vr.98: induced by fresh value,
    #vk.375 < #vf.374: induced by adversary,
    #vk.375 < #vf.571: induced by adversary,
    #vk.376 < #vk.375: induced by adversary,
    #vk.377 < #vk.375: induced by adversary,
    #vk.379 < #vk.377: induced by adversary,
    #vk.384 < #vf.383: induced by adversary,
    #vk.385 < #vk.384: induced by adversary,
    #vk.386 < #vk.384: induced by adversary,
    #vk.388 < #vk.386: induced by adversary,
    #vr.390 < #vr.100: induced by fresh value,
    #vk.393 < #vf.392: induced by adversary,
    #vk.393 < #vf.589: induced by adversary,
    #vk.394 < #vk.393: induced by adversary,
    #vk.395 < #vk.393: induced by adversary,
    #vk.397 < #vk.395: induced by adversary,
    #vr.399 < #vr.100: induced by fresh value,
    #vk.402 < #vf.401: induced by adversary,
    #vk.402 < #vf.598: induced by adversary,
    #vk.403 < #vk.402: induced by adversary,
    #vk.404 < #vk.402: induced by adversary,
    #vk.406 < #vk.404: induced by adversary,
    #vk.411 < #vf.410: induced by adversary,
    #vk.412 < #vk.411: induced by adversary,
    #vk.413 < #vk.411: induced by adversary,
    #vk.415 < #vk.413: induced by adversary,
    #vr.417 < #vr.14: induced by fresh value,
    #vr.417 < #vr.45: induced by fresh value,
    #vr.417 < #vr.102: induced by fresh value,
    #vk.420 < #vf.419: induced by adversary,
    #vk.421 < #vk.420: induced by adversary,
    #vk.422 < #vk.420: induced by adversary,
    #vk.424 < #vk.422: induced by adversary,
    #vk.426 < #vk.424: induced by adversary,
    #vk.427 < #vk.424: induced by adversary,
    #vk.428 < #vk.427: induced by adversary,
    #vk.429 < #vk.427: induced by adversary,
    #vr.430 < #vr.45: induced by fresh value,
    #vr.430 < #vr.102: induced by fresh value,
    #vk.433 < #vf.432: induced by adversary,
    #vk.433 < #vf.629: induced by adversary,
    #vk.434 < #vk.433: induced by adversary,
    #vk.435 < #vk.433: induced by adversary,
    #vk.437 < #vk.435: induced by adversary,
    #vk.442 < #vf.441: induced by adversary,
    #vk.443 < #vk.442: induced by adversary,
    #vk.444 < #vk.442: induced by adversary,
    #vk.446 < #vk.444: induced by adversary,
    #vr.448 < #vr.104: induced by fresh value,
    #vk.451 < #vf.450: induced by adversary,
    #vk.451 < #vf.647: induced by adversary,
    #vk.452 < #vk.451: induced by adversary,
    #vk.453 < #vk.451: induced by adversary,
    #vk.455 < #vk.453: induced by adversary,
    #vr.457 < #vr.104: induced by fresh value,
    #vk.460 < #vf.459: induced by adversary,
    #vk.460 < #vf.656: induced by adversary,
    #vk.461 < #vk.460: induced by adversary,
    #vk.462 < #vk.460: induced by adversary,
    #vk.464 < #vk.462: induced by adversary,
    #vk.469 < #vf.468: induced by adversary,
    #vk.470 < #vk.469: induced by adversary,
    #vk.471 < #vk.469: induced by adversary,
    #vk.473 < #vk.471: induced by adversary,
    #vk.481 < #vf.480: induced by adversary,
    #vk.482 < #vk.481: induced by adversary,
    #vk.483 < #vk.481: induced by adversary,
    #vk.485 < #vk.483: induced by adversary,
    #vk.554 < #vf.553: induced by adversary,
    #vk.555 < #vk.554: induced by adversary,
    #vk.556 < #vk.554: induced by adversary,
    #vk.558 < #vk.556: induced by adversary,
    #vk.581 < #vf.580: induced by adversary,
    #vk.582 < #vk.581: induced by adversary,
    #vk.583 < #vk.581: induced by adversary,
    #vk.585 < #vk.583: induced by adversary,
    #vk.608 < #vf.607: induced by adversary,
    #vk.609 < #vk.608: induced by adversary,
    #vk.610 < #vk.608: induced by adversary,
    #vk.612 < #vk.610: induced by adversary,
    #vk.639 < #vf.638: induced by adversary,
    #vk.640 < #vk.639: induced by adversary,
    #vk.641 < #vk.639: induced by adversary,
    #vk.643 < #vk.641: induced by adversary
  unsolved constraints:
    !KU( <$A.113, $B.4, m.113>
    ) @ #vk.115 // nr: 129" (probably constructible)"
    
    !KU( $A.113 ) @ #vk.116 // nr: 130" (currently deducible)"
    
    !KU( <$B.4, m.113>
    ) @ #vk.117 // nr: 131" (probably constructible)"
    
    !KU( $B.4 ) @ #vk.118 // nr: 132" (currently deducible)"
    
    !KU( m.113 ) @ #vk.119 // nr: 133" (probably constructible)"
    
    !KU( <$A.11, $B.4, ct_l($A.11, $B.4, ~rst.60, ~rl.30), 
          ct_k($A.11, $B.4, ~rst.60, ~rk.30), 
          ct_s($A.11, $B.4, ~sst.74, ~rst.60, ~rs.30)>
    ) @ #vk.124 // nr: 136" (currently deducible)"
    
    !KU( $A.11 ) @ #vk.125 // nr: 137" (currently deducible)"
    
    !KU( <$B.4, ct_l($A.11, $B.4, ~rst.60, ~rl.30), 
          ct_k($A.11, $B.4, ~rst.60, ~rk.30), 
          ct_s($A.11, $B.4, ~sst.74, ~rst.60, ~rs.30)>
    ) @ #vk.126 // nr: 138" (currently deducible)"
    
    !KU( <ct_l($A.11, $B.4, ~rst.60, ~rl.30), 
          ct_k($A.11, $B.4, ~rst.60, ~rk.30), 
          ct_s($A.11, $B.4, ~sst.74, ~rst.60, ~rs.30)>
    ) @ #vk.128 // nr: 237" (currently deducible)"
    
    !KU( <$A.6, $B.4, ct_l($A.6, $B.4, ~rst.60, ~rl.19), 
          ct_k($A.6, $B.4, ~rst.60, ~rk.19), 
          ct_s($A.6, $B.4, ~sst.57, ~rst.60, ~rs.19)>
    ) @ #vk.133 // nr: 144" (currently deducible)"
    
    !KU( $A.6 ) @ #vk.134 // nr: 145" (currently deducible)"
    
    !KU( <$B.4, ct_l($A.6, $B.4, ~rst.60, ~rl.19), 
          ct_k($A.6, $B.4, ~rst.60, ~rk.19), 
          ct_s($A.6, $B.4, ~sst.57, ~rst.60, ~rs.19)>
    ) @ #vk.135 // nr: 146" (currently deducible)"
    
    !KU( <ct_l($A.6, $B.4, ~rst.60, ~rl.19), 
          ct_k($A.6, $B.4, ~rst.60, ~rk.19), 
          ct_s($A.6, $B.4, ~sst.57, ~rst.60, ~rs.19)>
    ) @ #vk.137 // nr: 149" (currently deducible)"
    
    !KU( ct_l($A.6, $B.4, ~rst.60, ~rl.19)
    ) @ #vk.139 // nr: 150" (currently deducible)"
    
    !KU( <ct_k($A.6, $B.4, ~rst.60, ~rk.19), 
          ct_s($A.6, $B.4, ~sst.57, ~rst.60, ~rs.19)>
    ) @ #vk.140 // nr: 151" (currently deducible)"
    
    !KU( ct_k($A.6, $B.4, ~rst.60, ~rk.19)
    ) @ #vk.141 // nr: 152" (currently deducible)"
    
    !KU( ct_s($A.6, $B.4, ~sst.57, ~rst.60, ~rs.19)
    ) @ #vk.142 // nr: 153" (currently deducible)"
    
    !KU( ct_l($A.11, $B.4, ~rst.60, ~rl.30)
    ) @ #vk.242 // nr: 238" (currently deducible)"
    
    !KU( <ct_k($A.11, $B.4, ~rst.60, ~rk.30), 
          ct_s($A.11, $B.4, ~sst.74, ~rst.60, ~rs.30)>
    ) @ #vk.243 // nr: 239" (currently deducible)"
    
    !KU( ct_k($A.11, $B.4, ~rst.60, ~rk.30)
    ) @ #vk.244 // nr: 240" (currently deducible)"
    
    !KU( ct_s($A.11, $B.4, ~sst.74, ~rst.60, ~rs.30)
    ) @ #vk.245 // nr: 241" (currently deducible)"
    
    !KU( <$A.355, $B.4, m.355>
    ) @ #vk.357 // nr: 343" (probably constructible)"
    
    !KU( $A.355 ) @ #vk.358 // nr: 344" (currently deducible)"
    
    !KU( <$B.4, m.355>
    ) @ #vk.359 // nr: 345" (probably constructible)"
    
    !KU( m.355 ) @ #vk.361 // nr: 347" (probably constructible)"
    
    !KU( <$A1.44, $B.4, m1.44>
    ) @ #vk.366 // nr: 350" (probably constructible)"
    
    !KU( $A1.44 ) @ #vk.367 // nr: 351" (currently deducible)"
    
    !KU( <$B.4, m1.44>
    ) @ #vk.368 // nr: 352" (probably constructible)"
    
    !KU( m1.44 ) @ #vk.370 // nr: 355" (probably constructible)"
    
    !KU( <$A2.44, $B.4, m2.44>
    ) @ #vk.375 // nr: 358" (probably constructible)"
    
    !KU( $A2.44 ) @ #vk.376 // nr: 359" (currently deducible)"
    
    !KU( <$B.4, m2.44>
    ) @ #vk.377 // nr: 360" (probably constructible)"
    
    !KU( m2.44 ) @ #vk.379 // nr: 363" (probably constructible)"
    
    !KU( <$A.382, $B.4, m.382>
    ) @ #vk.384 // nr: 366" (probably constructible)"
    
    !KU( $A.382 ) @ #vk.385 // nr: 367" (currently deducible)"
    
    !KU( <$B.4, m.382>
    ) @ #vk.386 // nr: 368" (probably constructible)"
    
    !KU( m.382 ) @ #vk.388 // nr: 370" (probably constructible)"
    
    !KU( <$A1.101, $B.4, m1.101>
    ) @ #vk.393 // nr: 373" (probably constructible)"
    
    !KU( $A1.101 ) @ #vk.394 // nr: 374" (currently deducible)"
    
    !KU( <$B.4, m1.101>
    ) @ #vk.395 // nr: 375" (probably constructible)"
    
    !KU( m1.101 ) @ #vk.397 // nr: 378" (probably constructible)"
    
    !KU( <$A2.101, $B.4, m2.101>
    ) @ #vk.402 // nr: 381" (probably constructible)"
    
    !KU( $A2.101 ) @ #vk.403 // nr: 382" (currently deducible)"
    
    !KU( <$B.4, m2.101>
    ) @ #vk.404 // nr: 383" (probably constructible)"
    
    !KU( m2.101 ) @ #vk.406 // nr: 386" (probably constructible)"
    
    !KU( <$A.409, $B.4, m.409>
    ) @ #vk.411 // nr: 389" (probably constructible)"
    
    !KU( $A.409 ) @ #vk.412 // nr: 390" (currently deducible)"
    
    !KU( <$B.4, m.409>
    ) @ #vk.413 // nr: 391" (probably constructible)"
    
    !KU( m.409 ) @ #vk.415 // nr: 393" (probably constructible)"
    
    !KU( <$A.15, $B.4, ct_l($A.15, $B.4, ~rst.60, ~rl.48), 
          ct_k($A.15, $B.4, ~rst.60, ~rk.48), 
          ct_s($A.15, $B.4, ~sst.107, ~rst.60, ~rs.48)>
    ) @ #vk.420 // nr: 396" (currently deducible)"
    
    !KU( $A.15 ) @ #vk.421 // nr: 397" (currently deducible)"
    
    !KU( <$B.4, ct_l($A.15, $B.4, ~rst.60, ~rl.48), 
          ct_k($A.15, $B.4, ~rst.60, ~rk.48), 
          ct_s($A.15, $B.4, ~sst.107, ~rst.60, ~rs.48)>
    ) @ #vk.422 // nr: 398" (currently deducible)"
    
    !KU( <ct_l($A.15, $B.4, ~rst.60, ~rl.48), 
          ct_k($A.15, $B.4, ~rst.60, ~rk.48), 
          ct_s($A.15, $B.4, ~sst.107, ~rst.60, ~rs.48)>
    ) @ #vk.424 // nr: 401" (currently deducible)"
    
    !KU( ct_l($A.15, $B.4, ~rst.60, ~rl.48)
    ) @ #vk.426 // nr: 402" (currently deducible)"
    
    !KU( <ct_k($A.15, $B.4, ~rst.60, ~rk.48), 
          ct_s($A.15, $B.4, ~sst.107, ~rst.60, ~rs.48)>
    ) @ #vk.427 // nr: 403" (currently deducible)"
    
    !KU( ct_k($A.15, $B.4, ~rst.60, ~rk.48)
    ) @ #vk.428 // nr: 404" (currently deducible)"
    
    !KU( ct_s($A.15, $B.4, ~sst.107, ~rst.60, ~rs.48)
    ) @ #vk.429 // nr: 405" (currently deducible)"
    
    !KU( <$A2.46, $B.4, m2.46>
    ) @ #vk.433 // nr: 408" (probably constructible)"
    
    !KU( $A2.46 ) @ #vk.434 // nr: 409" (currently deducible)"
    
    !KU( <$B.4, m2.46>
    ) @ #vk.435 // nr: 410" (probably constructible)"
    
    !KU( m2.46 ) @ #vk.437 // nr: 413" (probably constructible)"
    
    !KU( <$A.440, $B.4, m.440>
    ) @ #vk.442 // nr: 416" (probably constructible)"
    
    !KU( $A.440 ) @ #vk.443 // nr: 417" (currently deducible)"
    
    !KU( <$B.4, m.440>
    ) @ #vk.444 // nr: 418" (probably constructible)"
    
    !KU( m.440 ) @ #vk.446 // nr: 420" (probably constructible)"
    
    !KU( <$A1.105, $B.4, m1.105>
    ) @ #vk.451 // nr: 423" (probably constructible)"
    
    !KU( $A1.105 ) @ #vk.452 // nr: 424" (currently deducible)"
    
    !KU( <$B.4, m1.105>
    ) @ #vk.453 // nr: 425" (probably constructible)"
    
    !KU( m1.105 ) @ #vk.455 // nr: 428" (probably constructible)"
    
    !KU( <$A2.105, $B.4, m2.105>
    ) @ #vk.460 // nr: 431" (probably constructible)"
    
    !KU( $A2.105 ) @ #vk.461 // nr: 432" (currently deducible)"
    
    !KU( <$B.4, m2.105>
    ) @ #vk.462 // nr: 433" (probably constructible)"
    
    !KU( m2.105 ) @ #vk.464 // nr: 436" (probably constructible)"
    
    !KU( <$A.467, $B.4, m.467>
    ) @ #vk.469 // nr: 439" (probably constructible)"
    
    !KU( $A.467 ) @ #vk.470 // nr: 440" (currently deducible)"
    
    !KU( <$B.4, m.467>
    ) @ #vk.471 // nr: 441" (probably constructible)"
    
    !KU( m.467 ) @ #vk.473 // nr: 443" (probably constructible)"
    
    !KU( <$A.479, $B.4, m.479>
    ) @ #vk.481 // nr: 448" (probably constructible)"
    
    !KU( $A.479 ) @ #vk.482 // nr: 449" (currently deducible)"
    
    !KU( <$B.4, m.479>
    ) @ #vk.483 // nr: 450" (probably constructible)"
    
    !KU( m.479 ) @ #vk.485 // nr: 452" (probably constructible)"
    
    !KU( <$A.355, $B.4, m.355>
    ) @ #vk.554 // nr: 528" (probably constructible)"
    
    !KU( $A.355 ) @ #vk.555 // nr: 529" (currently deducible)"
    
    !KU( <$B.4, m.355>
    ) @ #vk.556 // nr: 530" (probably constructible)"
    
    !KU( m.355 ) @ #vk.558 // nr: 656" (probably constructible)"
    
    !KU( <$A.382, $B.4, m.382>
    ) @ #vk.581 // nr: 551" (probably constructible)"
    
    !KU( $A.382 ) @ #vk.582 // nr: 552" (currently deducible)"
    
    !KU( <$B.4, m.382>
    ) @ #vk.583 // nr: 553" (probably constructible)"
    
    !KU( m.382 ) @ #vk.585 // nr: 657" (probably constructible)"
    
    !KU( <$A.409, $B.4, m.409>
    ) @ #vk.608 // nr: 574" (probably constructible)"
    
    !KU( $A.409 ) @ #vk.609 // nr: 575" (currently deducible)"
    
    !KU( <$B.4, m.409>
    ) @ #vk.610 // nr: 576" (probably constructible)"
    
    !KU( m.409 ) @ #vk.612 // nr: 658" (probably constructible)"
    
    !KU( <$A.440, $B.4, m.440>
    ) @ #vk.639 // nr: 601" (probably constructible)"
    
    !KU( $A.440 ) @ #vk.640 // nr: 602" (currently deducible)"
    
    !KU( <$B.4, m.440>
    ) @ #vk.641 // nr: 603" (probably constructible)"
    
    !KU( m.440 ) @ #vk.643 // nr: 659" (probably constructible)"
    
    ReceiverState( $B.4, ~rst.60
    ) ▶₀ #vr.23 // nr: 31 (from rule CompromiseReceiverState) (loop breaker)" (loop breaker)"
    
    OpenStage1( $B.4, ~bid.8, ~rst.60
    ) ▶₀ #vr.354 // nr: 342 (from rule AddSlot2)" (useful2)"
    
    OpenStage0( $B.4, ~bid.8, ~rst.60
    ) ▶₀ #vr.363 // nr: 349 (from rule AddSlot1)" (useful2)"
    
    OpenStage1( $B.4, ~bid.8, ~rst.60
    ) ▶₀ #vr.372 // nr: 357 (from rule AddSlot2)" (useful2)"
    
    OpenStage1( $B.4, ~bid.8, ~rst.60
    ) ▶₀ #vr.381 // nr: 365 (from rule AddSlot2)" (useful2)"
    
    OpenStage0( $B.4, ~bid.8, ~rst.60
    ) ▶₀ #vr.390 // nr: 372 (from rule AddSlot1)" (useful2)"
    
    OpenStage1( $B.4, ~bid.8, ~rst.60
    ) ▶₀ #vr.399 // nr: 380 (from rule AddSlot2)" (useful2)"
    
    OpenStage1( $B.4, ~bid.8, ~rst.60
    ) ▶₀ #vr.408 // nr: 388 (from rule AddSlot2)" (useful2)"
    
    OpenStage0( $B.4, ~bid.8, ~rst.60
    ) ▶₀ #vr.417 // nr: 395 (from rule AddSlot1)" (useful2)"
    
    OpenStage1( $B.4, ~bid.8, ~rst.60
    ) ▶₀ #vr.430 // nr: 407 (from rule AddSlot2)" (useful2)"
    
    OpenStage1( $B.4, ~bid.8, ~rst.60
    ) ▶₀ #vr.439 // nr: 415 (from rule AddSlot2)" (useful2)"
    
    OpenStage0( $B.4, ~bid.8, ~rst.60
    ) ▶₀ #vr.448 // nr: 422 (from rule AddSlot1)" (useful2)"
    
    OpenStage1( $B.4, ~bid.8, ~rst.60
    ) ▶₀ #vr.457 // nr: 430 (from rule AddSlot2)" (useful2)"
    
    OpenStage0( $B.4, ~bid.8, ~rst.60
    ) ▶₀ #vr.466 // nr: 438 (from rule AddSlot1)" (useful2)"
    
    OpenStage0( $B.4, ~bid.8, ~rst.60
    ) ▶₀ #vr.478 // nr: 447 (from rule AddSlot1)" (useful2)"
    
    splitEqs(106) // nr: 629" (useful2)"
  last: none
  
  formulas:
  
  subterms:
  
  equations:
    subst:
      $B.4  <~ {t.1, $B.6, $B.8, $B.11, $B.13, $B.15, $B.17, $B.19,
                $B.24, $B.26, $B.28, $B.30, $B.35, $B.37, $B.39, $B.44, $B.46,
                $B.48, $B.53, $B.55, $B.60, $B.63, $B.66, $B.68, $B.70, $B.72,
                $B.77, $B.80, $B.82, $B.84, $B.89, $B.91, $B.96, $B.99, $B.101,
                $B.103, $B.105, $B.110, $B.113, $B.122, $B.131, $B.144, $B.153,
                $B.162, $B.171, $B.180, $B.189, $B.198, $B.207, $B.216, $B.225,
                $B.234, $B.247, $B.256, $B.265, $B.274, $B.283, $B.285, $B.287,
                $B.289, $B.294, $B.297, $B.306, $B.315, $B.328, $B.337, $B.346,
                $B.355, $B.364, $B.373, $B.382, $B.391, $B.400, $B.409, $B.418,
                $B.431, $B.440, $B.449, $B.458, $B.467, $B.476, $B.479, $B.488,
                $B.497, $B.504, $B.513, $B.524, $B.533, $B.552, $B.561, $B.570,
                $B.579, $B.588, $B.597, $B.606, $B.615, $B.628, $B.637, $B.646,
                $B.655, $B.664, $B.673}
      #vr.5  <~ {#vr.12}
      $A.6  <~ {$A.13, $A2.17, $A.19, $A2.26, $A2.28, $A2.37, $A.39,
                $A2.53, $A2.55, $A.57, $A2.66, $A2.68, $A2.70, $A2.72, $A2.89,
                $A2.91, $A.93, $A.131, $A.162, $A.189, $A.216, $A.247, $A.274,
                $A.315, $A.346}
      #vr.7  <~ {#vr.475, #vr.496, #vr.512, #vr.532, #vr.672}
      ~bid.8  <~ {bid.4, bid.6, bid.11, bid.13, bid.15, bid.17, bid.26,
                  bid.28, bid.35, bid.37, bid.44, bid.46, bid.53, bid.55, bid.66,
                  bid.68, bid.70, bid.72, bid.80, bid.82, bid.89, bid.91, bid.99,
                  bid.101, bid.103, bid.105, bid.113, bid.122, bid.131, bid.144,
                  bid.153, bid.162, bid.171, bid.180, bid.189, bid.198, bid.207,
                  bid.216, bid.225, bid.234, bid.247, bid.256, bid.265, bid.274,
                  bid.283, bid.285, bid.287, bid.289, bid.297, bid.306, bid.315,
                  bid.328, bid.337, bid.346, bid.355, bid.364, bid.373, bid.382,
                  bid.391, bid.400, bid.409, bid.418, bid.431, bid.440, bid.449,
                  bid.458, bid.467, ~bid.476, bid.479, bid.488, ~bid.497, bid.504,
                  ~bid.513, bid.524, ~bid.533, bid.552, bid.561, bid.570, bid.579,
                  bid.588, bid.597, bid.606, bid.615, bid.628, bid.637, bid.646,
                  bid.655, bid.664, ~bid.673}
      #vf.9  <~ {#vf.477, #vf.498, #vf.514, #vf.534, #vf.674}
      $A.11  <~ {$A1.17, $A1.26, $A1.28, $A.30, $A1.37, $A1.53, $A1.55,
                 $A1.66, $A1.68, $A1.70, $A1.72, $A.74, $A1.89, $A1.91, $A.122,
                 $A.153, $A.180, $A.207, $A.234, $A.265, $A.306, $A.337}
      #vr.14  <~ {#vr.34}
      $A.15  <~ {$A.35, $A1.46, $A.48, $A1.82, $A.84, $A1.103, $A.107,
                 $A1.287, $A.291, $A.418, $A.615}
      #vr.16  <~ {#vr.25, #vr.27, #vr.36}
      #vr.18  <~ {#vr.38}
      ~rk.19  <~ {~rk.39}
      ~rl.19  <~ {~rl.39}
      ~rs.19  <~ {~rs.39}
      #vf.20  <~ {#vf.40}
      #vf.21  <~ {#vf.41}
      #vf.22  <~ {#vf.42}
      #vr.43  <~ {#vr.79}
      $A1.44  <~ {$A1.80, $A1.99, $A1.283, $A.364, $A.561}
      $A2.44  <~ {$A2.80, $A2.99, $A2.283, $A.373, $A.570}
      m1.44  <~ {m1.80, m1.99, m1.283, m.364, m.561}
      m2.44  <~ {m2.80, m2.99, m2.283, m.373, m.570}
      #vr.45  <~ {#vr.81}
      $A2.46  <~ {$A2.82, $A2.103, $A2.287, $A.431, $A.628}
      m2.46  <~ {m2.82, m2.103, m2.287, m.431, m.628}
      #vr.47  <~ {#vr.83}
      ~rk.48  <~ {~rk.84}
      ~rl.48  <~ {~rl.84}
      ~rs.48  <~ {~rs.84}
      #vf.49  <~ {#vf.85}
      #vf.50  <~ {#vf.86}
      #vf.51  <~ {#vf.87}
      #vr.52  <~ {#vr.54, #vr.65, #vr.67, #vr.69, #vr.71, #vr.88, #vr.90}
      #vr.56  <~ {#vr.92}
      ~sst.57  <~ {sst.19, sst.39, ~sst.93}
      #vf.58  <~ {#vf.94}
      #vr.59  <~ {#vr.62, #vr.76, #vr.95, #vr.109, #vr.293}
      ~rst.60  <~ {t.2, rst.4, rst.6, rst.8, rst.11, rst.13, rst.15,
                   rst.17, rst.19, rst.24, rst.26, rst.28, rst.30, rst.35, rst.37,
                   rst.39, rst.44, rst.46, rst.48, rst.53, rst.55, ~rst.63, rst.66,
                   rst.68, rst.70, rst.72, ~rst.77, rst.80, rst.82, rst.84, rst.89,
                   rst.91, ~rst.96, rst.99, rst.101, rst.103, rst.105, ~rst.110,
                   rst.113, rst.122, rst.131, rst.144, rst.153, rst.162, rst.171,
                   rst.180, rst.189, rst.198, rst.207, rst.216, rst.225, rst.234,
                   rst.247, rst.256, rst.265, rst.274, rst.283, rst.285, rst.287,
                   rst.289, ~rst.294, rst.297, rst.306, rst.315, rst.328, rst.337,
                   rst.346, rst.355, rst.364, rst.373, rst.382, rst.391, rst.400,
                   rst.409, rst.418, rst.431, rst.440, rst.449, rst.458, rst.467,
                   rst.476, rst.479, rst.488, rst.497, rst.504, rst.513, rst.524,
                   rst.533, rst.552, rst.561, rst.570, rst.579, rst.588, rst.597,
                   rst.606, rst.615, rst.628, rst.637, rst.646, rst.655, rst.664,
                   rst.673}
      #vf.61  <~ {#vf.64, #vf.78, #vf.97, #vf.111, #vf.295}
      ~sst.74  <~ {sst.30}
      #vr.98  <~ {#vr.282}
      #vr.100  <~ {#vr.284}
      $A1.101  <~ {$A1.285, $A.391, $A.588}
      $A2.101  <~ {$A2.285, $A.400, $A.597}
      m1.101  <~ {m1.285, m.391, m.588}
      m2.101  <~ {m2.285, m.400, m.597}
      #vr.102  <~ {#vr.286}
      #vr.104  <~ {#vr.288}
      $A1.105  <~ {$A1.289, $A.449, $A.646}
      $A2.105  <~ {$A2.289, $A.458, $A.655}
      m1.105  <~ {m1.289, m.449, m.646}
      m2.105  <~ {m2.289, m.458, m.655}
      #vr.106  <~ {#vr.290}
      ~sst.107  <~ {sst.48, sst.84, ~sst.291}
      #vf.108  <~ {#vf.292}
      #vr.112  <~ {#vr.143, #vr.170, #vr.197, #vr.224, #vr.255, #vr.296,
                   #vr.327}
      $A.113  <~ {$A.144, $A.171, $A.198, $A.225, $A.256, $A.297, $A.328}
      ~idx.113  <~ {~idx.144, ~idx.171, ~idx.198, ~idx.225, ~idx.256,
                    ~idx.297, ~idx.328}
      m.113  <~ {m.144, m.171, m.198, m.225, m.256, m.297, m.328}
      #vf.114  <~ {#vf.145, #vf.172, #vf.199, #vf.226, #vf.257, #vf.298,
                   #vf.329}
      #vk.115  <~ {#vk.146, #vk.173, #vk.200, #vk.227, #vk.258, #vk.299,
                   #vk.330}
      #vk.116  <~ {#vk.147, #vk.174, #vk.201, #vk.228, #vk.259, #vk.300,
                   #vk.331}
      #vk.117  <~ {#vk.148, #vk.175, #vk.202, #vk.229, #vk.260, #vk.301,
                   #vk.332}
      #vk.118  <~ {#vk.127, #vk.136, #vk.149, #vk.158, #vk.167, #vk.176,
                   #vk.185, #vk.194, #vk.203, #vk.212, #vk.221, #vk.230, #vk.239,
                   #vk.252, #vk.261, #vk.270, #vk.279, #vk.302, #vk.311, #vk.320,
                   #vk.333, #vk.342, #vk.351, #vk.360, #vk.369, #vk.378, #vk.387,
                   #vk.396, #vk.405, #vk.414, #vk.423, #vk.436, #vk.445, #vk.454,
                   #vk.463, #vk.472, #vk.484, #vk.493, #vk.509, #vk.529, #vk.557,
                   #vk.566, #vk.575, #vk.584, #vk.593, #vk.602, #vk.611, #vk.620,
                   #vk.633, #vk.642, #vk.651, #vk.660, #vk.669}
      #vk.119  <~ {#vk.150, #vk.177, #vk.204, #vk.231, #vk.262, #vk.303,
                   #vk.334}
      #vf.120  <~ {#vf.151, #vf.178, #vf.205, #vf.232, #vf.263, #vf.304,
                   #vf.335}
      #vr.121  <~ {#vr.152, #vr.179, #vr.206, #vr.233, #vr.264, #vr.305,
                   #vr.336}
      ~idx.122  <~ {idx.11, idx1.17, idx1.26, idx1.28, idx1.37, idx1.53,
                    idx1.55, idx1.66, idx1.68, idx1.70, idx1.72, idx1.89, idx1.91,
                    ~idx.153, ~idx.180, ~idx.207, ~idx.234, ~idx.265, ~idx.306,
                    ~idx.337}
      #vf.123  <~ {#vf.154, #vf.181, #vf.208, #vf.235, #vf.266, #vf.307,
                   #vf.338}
      #vk.124  <~ {#vk.155, #vk.182, #vk.209, #vk.236, #vk.267, #vk.308,
                   #vk.339}
      #vk.125  <~ {#vk.156, #vk.183, #vk.210, #vk.237, #vk.268, #vk.309,
                   #vk.340}
      #vk.126  <~ {#vk.157, #vk.184, #vk.211, #vk.238, #vk.269, #vk.310,
                   #vk.341}
      #vk.128  <~ {#vk.159, #vk.186, #vk.213, #vk.240, #vk.271, #vk.312,
                   #vk.343}
      #vf.129  <~ {#vf.160, #vf.187, #vf.214, #vf.241, #vf.272, #vf.313,
                   #vf.344}
      #vr.130  <~ {#vr.161, #vr.188, #vr.215, #vr.246, #vr.273, #vr.314,
                   #vr.345}
      ~idx.131  <~ {idx.6, idx.13, idx2.17, idx2.26, idx2.28, idx2.37,
                    idx2.53, idx2.55, idx2.66, idx2.68, idx2.70, idx2.72, idx2.89,
                    idx2.91, ~idx.162, ~idx.189, ~idx.216, ~idx.247, ~idx.274,
                    ~idx.315, ~idx.346}
      #vf.132  <~ {#vf.163, #vf.190, #vf.217, #vf.248, #vf.275, #vf.316,
                   #vf.347}
      #vk.133  <~ {#vk.164, #vk.191, #vk.218, #vk.249, #vk.276, #vk.317,
                   #vk.348}
      #vk.134  <~ {#vk.165, #vk.192, #vk.219, #vk.250, #vk.277, #vk.318,
                   #vk.349}
      #vk.135  <~ {#vk.166, #vk.193, #vk.220, #vk.251, #vk.278, #vk.319,
                   #vk.350}
      #vk.137  <~ {#vk.168, #vk.195, #vk.222, #vk.253, #vk.280, #vk.321,
                   #vk.352}
      #vf.138  <~ {#vf.169, #vf.196, #vf.223, #vf.254, #vf.281, #vf.322,
                   #vf.353}
      #vk.139  <~ {#vk.323, #vk.499, #vk.515, #vk.519, #vk.539, #vk.547,
                   #vk.683}
      #vk.140  <~ {#vk.324, #vk.500, #vk.516, #vk.520, #vk.540, #vk.548,
                   #vk.684}
      #vk.141  <~ {#vk.325, #vk.501, #vk.517, #vk.521, #vk.541, #vk.549,
                   #vk.685}
      #vk.142  <~ {#vk.326, #vk.502, #vk.518, #vk.522, #vk.542, #vk.550,
                   #vk.686}
      #vk.242  <~ {#vk.535, #vk.543, #vk.675, #vk.679}
      #vk.243  <~ {#vk.536, #vk.544, #vk.676, #vk.680}
      #vk.244  <~ {#vk.537, #vk.545, #vk.677, #vk.681}
      #vk.245  <~ {#vk.538, #vk.546, #vk.678, #vk.682}
      #vr.354  <~ {#vr.551}
      $A.355  <~ {$A.552}
      ~idx.355  <~ {~idx.552}
      m.355  <~ {m.552}
      #vf.356  <~ {#vf.553}
      #vk.357  <~ {#vk.554}
      #vk.358  <~ {#vk.555}
      #vk.359  <~ {#vk.556}
      #vk.361  <~ {#vk.558}
      #vf.362  <~ {#vf.559}
      #vr.363  <~ {#vr.560}
      ~idx.364  <~ {idx1.44, idx1.80, idx1.99, idx1.283, ~idx.561}
      #vf.365  <~ {#vf.562}
      #vk.366  <~ {#vk.563}
      #vk.367  <~ {#vk.564}
      #vk.368  <~ {#vk.565}
      #vk.370  <~ {#vk.567}
      #vf.371  <~ {#vf.568}
      #vr.372  <~ {#vr.569}
      ~idx.373  <~ {idx2.44, idx2.80, idx2.99, idx2.283, ~idx.570}
      #vf.374  <~ {#vf.571}
      #vk.375  <~ {#vk.572}
      #vk.376  <~ {#vk.573}
      #vk.377  <~ {#vk.574}
      #vk.379  <~ {#vk.576}
      #vf.380  <~ {#vf.577}
      #vr.381  <~ {#vr.578}
      $A.382  <~ {$A.579}
      ~idx.382  <~ {~idx.579}
      m.382  <~ {m.579}
      #vf.383  <~ {#vf.580}
      #vk.384  <~ {#vk.581}
      #vk.385  <~ {#vk.582}
      #vk.386  <~ {#vk.583}
      #vk.388  <~ {#vk.585}
      #vf.389  <~ {#vf.586}
      #vr.390  <~ {#vr.587}
      ~idx.391  <~ {idx1.101, idx1.285, ~idx.588}
      #vf.392  <~ {#vf.589}
      #vk.393  <~ {#vk.590}
      #vk.394  <~ {#vk.591}
      #vk.395  <~ {#vk.592}
      #vk.397  <~ {#vk.594}
      #vf.398  <~ {#vf.595}
      #vr.399  <~ {#vr.596}
      ~idx.400  <~ {idx2.101, idx2.285, ~idx.597}
      #vf.401  <~ {#vf.598}
      #vk.402  <~ {#vk.599}
      #vk.403  <~ {#vk.600}
      #vk.404  <~ {#vk.601}
      #vk.406  <~ {#vk.603}
      #vf.407  <~ {#vf.604}
      #vr.408  <~ {#vr.605}
      $A.409  <~ {$A.606}
      ~idx.409  <~ {~idx.606}
      m.409  <~ {m.606}
      #vf.410  <~ {#vf.607}
      #vk.411  <~ {#vk.608}
      #vk.412  <~ {#vk.609}
      #vk.413  <~ {#vk.610}
      #vk.415  <~ {#vk.612}
      #vf.416  <~ {#vf.613}
      #vr.417  <~ {#vr.614}
      ~idx.418  <~ {idx.15, idx.35, idx1.46, idx1.82, idx1.103, idx1.287,
                    ~idx.615}
      #vf.419  <~ {#vf.616}
      #vk.420  <~ {#vk.617}
      #vk.421  <~ {#vk.618}
      #vk.422  <~ {#vk.619}
      #vk.424  <~ {#vk.621}
      #vf.425  <~ {#vf.622}
      #vk.426  <~ {#vk.623}
      #vk.427  <~ {#vk.624}
      #vk.428  <~ {#vk.625}
      #vk.429  <~ {#vk.626}
      #vr.430  <~ {#vr.627}
      ~idx.431  <~ {idx2.46, idx2.82, idx2.103, idx2.287, ~idx.628}
      #vf.432  <~ {#vf.629}
      #vk.433  <~ {#vk.630}
      #vk.434  <~ {#vk.631}
      #vk.435  <~ {#vk.632}
      #vk.437  <~ {#vk.634}
      #vf.438  <~ {#vf.635}
      #vr.439  <~ {#vr.636}
      $A.440  <~ {$A.637}
      ~idx.440  <~ {~idx.637}
      m.440  <~ {m.637}
      #vf.441  <~ {#vf.638}
      #vk.442  <~ {#vk.639}
      #vk.443  <~ {#vk.640}
      #vk.444  <~ {#vk.641}
      #vk.446  <~ {#vk.643}
      #vf.447  <~ {#vf.644}
      #vr.448  <~ {#vr.645}
      ~idx.449  <~ {idx1.105, idx1.289, ~idx.646}
      #vf.450  <~ {#vf.647}
      #vk.451  <~ {#vk.648}
      #vk.452  <~ {#vk.649}
      #vk.453  <~ {#vk.650}
      #vk.455  <~ {#vk.652}
      #vf.456  <~ {#vf.653}
      #vr.457  <~ {#vr.654}
      ~idx.458  <~ {idx2.105, idx2.289, ~idx.655}
      #vf.459  <~ {#vf.656}
      #vk.460  <~ {#vk.657}
      #vk.461  <~ {#vk.658}
      #vk.462  <~ {#vk.659}
      #vk.464  <~ {#vk.661}
      #vf.465  <~ {#vf.662}
      #vr.466  <~ {#vr.487, #vr.503, #vr.523, #vr.663}
      $A.467  <~ {$A.488, $A.504, $A.524, $A.664}
      ~idx.467  <~ {~idx.488, ~idx.504, ~idx.524, ~idx.664}
      m.467  <~ {m.488, m.504, m.524, m.664}
      #vf.468  <~ {#vf.489, #vf.505, #vf.525, #vf.665}
      #vk.469  <~ {#vk.490, #vk.506, #vk.526, #vk.666}
      #vk.470  <~ {#vk.491, #vk.507, #vk.527, #vk.667}
      #vk.471  <~ {#vk.492, #vk.508, #vk.528, #vk.668}
      #vk.473  <~ {#vk.494, #vk.510, #vk.530, #vk.670}
      #vf.474  <~ {#vf.495, #vf.511, #vf.531, #vf.671}
      <ct_l($A.6, $B.4, ~rst.60, ~rl.19), 
       ct_k($A.6, $B.4, ~rst.60, ~rk.19), 
       ct_s($A.6, $B.4, ~sst.57, ~rst.60, ~rs.19)>  <~ {m.6, m.13, m2.17,
                                                        m2.26, m2.28, m2.37, m2.53, m2.55, m2.66,
                                                        m2.68, m2.70, m2.72, m2.89, m2.91, m.131,
                                                        m.162, m.189, m.216, m.247, m.274, m.315,
                                                        m.346}
      <ct_l($A.11, $B.4, ~rst.60, ~rl.30), 
       ct_k($A.11, $B.4, ~rst.60, ~rk.30), 
       ct_s($A.11, $B.4, ~sst.74, ~rst.60, ~rs.30)>  <~ {m.11, m1.17,
                                                         m1.26, m1.28, m1.37, m1.53, m1.55, m1.66,
                                                         m1.68, m1.70, m1.72, m1.89, m1.91, m.122,
                                                         m.153, m.180, m.207, m.234, m.265, m.306,
                                                         m.337}
      <ct_l($A.15, $B.4, ~rst.60, ~rl.48), 
       ct_k($A.15, $B.4, ~rst.60, ~rk.48), 
       ct_s($A.15, $B.4, ~sst.107, ~rst.60, ~rs.48)>  <~ {m.15, m.35,
                                                          m1.46, m1.82, m1.103, m1.287, m.418,
                                                          m.615}
      session_id($A.6, $B.4, sender_pk($A.6, ~sst.57),
                 receiver_pk($B.4, ~rst.60), sender_prekey($A.6, ~sst.57),
                 receiver_prekey($B.4, ~rst.60),
                 <ct_l($A.6, $B.4, ~rst.60, ~rl.19), 
                  ct_k($A.6, $B.4, ~rst.60, ~rk.19), 
                  ct_s($A.6, $B.4, ~sst.57, ~rst.60, ~rs.19)>)  <~ {sid.6, sid.13}
      session_id($A.11, $B.4, sender_pk($A.11, ~sst.74),
                 receiver_pk($B.4, ~rst.60), sender_prekey($A.11, ~sst.74),
                 receiver_prekey($B.4, ~rst.60),
                 <ct_l($A.11, $B.4, ~rst.60, ~rl.30), 
                  ct_k($A.11, $B.4, ~rst.60, ~rk.30), 
                  ct_s($A.11, $B.4, ~sst.74, ~rst.60, ~rs.30)>)  <~ {sid.11}
      session_id($A.15, $B.4, sender_pk($A.15, ~sst.107),
                 receiver_pk($B.4, ~rst.60), sender_prekey($A.15, ~sst.107),
                 receiver_prekey($B.4, ~rst.60),
                 <ct_l($A.15, $B.4, ~rst.60, ~rl.48), 
                  ct_k($A.15, $B.4, ~rst.60, ~rk.48), 
                  ct_s($A.15, $B.4, ~sst.107, ~rst.60, ~rs.48)>)  <~ {sid.15, sid.35}
      session_key(secret_l($A.6, $B.4, ~rst.60, ~rl.19),
                  secret_k($A.6, $B.4, ~rst.60, ~rk.19),
                  secret_s($A.6, $B.4, ~sst.57, ~rst.60, ~rs.19),
                  session_id($A.6, $B.4, sender_pk($A.6, ~sst.57),
                             receiver_pk($B.4, ~rst.60), sender_prekey($A.6, ~sst.57),
                             receiver_prekey($B.4, ~rst.60),
                             <ct_l($A.6, $B.4, ~rst.60, ~rl.19), 
                              ct_k($A.6, $B.4, ~rst.60, ~rk.19), 
                              ct_s($A.6, $B.4, ~sst.57, ~rst.60, ~rs.19)>))  <~ {k.6, k.13}
      session_key(secret_l($A.11, $B.4, ~rst.60, ~rl.30),
                  secret_k($A.11, $B.4, ~rst.60, ~rk.30),
                  secret_s($A.11, $B.4, ~sst.74, ~rst.60, ~rs.30),
                  session_id($A.11, $B.4, sender_pk($A.11, ~sst.74),
                             receiver_pk($B.4, ~rst.60), sender_prekey($A.11, ~sst.74),
                             receiver_prekey($B.4, ~rst.60),
                             <ct_l($A.11, $B.4, ~rst.60, ~rl.30), 
                              ct_k($A.11, $B.4, ~rst.60, ~rk.30), 
                              ct_s($A.11, $B.4, ~sst.74, ~rst.60, ~rs.30)>))  <~ {k.11}
      session_key(secret_l($A.15, $B.4, ~rst.60, ~rl.48),
                  secret_k($A.15, $B.4, ~rst.60, ~rk.48),
                  secret_s($A.15, $B.4, ~sst.107, ~rst.60, ~rs.48),
                  session_id($A.15, $B.4, sender_pk($A.15, ~sst.107),
                             receiver_pk($B.4, ~rst.60), sender_prekey($A.15, ~sst.107),
                             receiver_prekey($B.4, ~rst.60),
                             <ct_l($A.15, $B.4, ~rst.60, ~rl.48), 
                              ct_k($A.15, $B.4, ~rst.60, ~rk.48), 
                              ct_s($A.15, $B.4, ~sst.107, ~rst.60, ~rs.48)>))  <~ {k.15, k.35}
    conj:
  
  lemmas: ∀ x #i. (Neq( x, x ) @ #i) ⇒ ⊥
  
  allowed cases: raw
  
  solved formulas:
  
  unsolved constraints:
    !KU( <$A.113, $B.4, m.113>
    ) @ #vk.115 // nr: 129" (probably constructible)"
    
    !KU( $A.113 ) @ #vk.116 // nr: 130" (currently deducible)"
    
    !KU( <$B.4, m.113>
    ) @ #vk.117 // nr: 131" (probably constructible)"
    
    !KU( $B.4 ) @ #vk.118 // nr: 132" (currently deducible)"
    
    !KU( m.113 ) @ #vk.119 // nr: 133" (probably constructible)"
    
    !KU( <$A.11, $B.4, ct_l($A.11, $B.4, ~rst.60, ~rl.30), 
          ct_k($A.11, $B.4, ~rst.60, ~rk.30), 
          ct_s($A.11, $B.4, ~sst.74, ~rst.60, ~rs.30)>
    ) @ #vk.124 // nr: 136" (currently deducible)"
    
    !KU( $A.11 ) @ #vk.125 // nr: 137" (currently deducible)"
    
    !KU( <$B.4, ct_l($A.11, $B.4, ~rst.60, ~rl.30), 
          ct_k($A.11, $B.4, ~rst.60, ~rk.30), 
          ct_s($A.11, $B.4, ~sst.74, ~rst.60, ~rs.30)>
    ) @ #vk.126 // nr: 138" (currently deducible)"
    
    !KU( <ct_l($A.11, $B.4, ~rst.60, ~rl.30), 
          ct_k($A.11, $B.4, ~rst.60, ~rk.30), 
          ct_s($A.11, $B.4, ~sst.74, ~rst.60, ~rs.30)>
    ) @ #vk.128 // nr: 237" (currently deducible)"
    
    !KU( <$A.6, $B.4, ct_l($A.6, $B.4, ~rst.60, ~rl.19), 
          ct_k($A.6, $B.4, ~rst.60, ~rk.19), 
          ct_s($A.6, $B.4, ~sst.57, ~rst.60, ~rs.19)>
    ) @ #vk.133 // nr: 144" (currently deducible)"
    
    !KU( $A.6 ) @ #vk.134 // nr: 145" (currently deducible)"
    
    !KU( <$B.4, ct_l($A.6, $B.4, ~rst.60, ~rl.19), 
          ct_k($A.6, $B.4, ~rst.60, ~rk.19), 
          ct_s($A.6, $B.4, ~sst.57, ~rst.60, ~rs.19)>
    ) @ #vk.135 // nr: 146" (currently deducible)"
    
    !KU( <ct_l($A.6, $B.4, ~rst.60, ~rl.19), 
          ct_k($A.6, $B.4, ~rst.60, ~rk.19), 
          ct_s($A.6, $B.4, ~sst.57, ~rst.60, ~rs.19)>
    ) @ #vk.137 // nr: 149" (currently deducible)"
    
    !KU( ct_l($A.6, $B.4, ~rst.60, ~rl.19)
    ) @ #vk.139 // nr: 150" (currently deducible)"
    
    !KU( <ct_k($A.6, $B.4, ~rst.60, ~rk.19), 
          ct_s($A.6, $B.4, ~sst.57, ~rst.60, ~rs.19)>
    ) @ #vk.140 // nr: 151" (currently deducible)"
    
    !KU( ct_k($A.6, $B.4, ~rst.60, ~rk.19)
    ) @ #vk.141 // nr: 152" (currently deducible)"
    
    !KU( ct_s($A.6, $B.4, ~sst.57, ~rst.60, ~rs.19)
    ) @ #vk.142 // nr: 153" (currently deducible)"
    
    !KU( ct_l($A.11, $B.4, ~rst.60, ~rl.30)
    ) @ #vk.242 // nr: 238" (currently deducible)"
    
    !KU( <ct_k($A.11, $B.4, ~rst.60, ~rk.30), 
          ct_s($A.11, $B.4, ~sst.74, ~rst.60, ~rs.30)>
    ) @ #vk.243 // nr: 239" (currently deducible)"
    
    !KU( ct_k($A.11, $B.4, ~rst.60, ~rk.30)
    ) @ #vk.244 // nr: 240" (currently deducible)"
    
    !KU( ct_s($A.11, $B.4, ~sst.74, ~rst.60, ~rs.30)
    ) @ #vk.245 // nr: 241" (currently deducible)"
    
    !KU( <$A.355, $B.4, m.355>
    ) @ #vk.357 // nr: 343" (probably constructible)"
    
    !KU( $A.355 ) @ #vk.358 // nr: 344" (currently deducible)"
    
    !KU( <$B.4, m.355>
    ) @ #vk.359 // nr: 345" (probably constructible)"
    
    !KU( m.355 ) @ #vk.361 // nr: 347" (probably constructible)"
    
    !KU( <$A1.44, $B.4, m1.44>
    ) @ #vk.366 // nr: 350" (probably constructible)"
    
    !KU( $A1.44 ) @ #vk.367 // nr: 351" (currently deducible)"
    
    !KU( <$B.4, m1.44>
    ) @ #vk.368 // nr: 352" (probably constructible)"
    
    !KU( m1.44 ) @ #vk.370 // nr: 355" (probably constructible)"
    
    !KU( <$A2.44, $B.4, m2.44>
    ) @ #vk.375 // nr: 358" (probably constructible)"
    
    !KU( $A2.44 ) @ #vk.376 // nr: 359" (currently deducible)"
    
    !KU( <$B.4, m2.44>
    ) @ #vk.377 // nr: 360" (probably constructible)"
    
    !KU( m2.44 ) @ #vk.379 // nr: 363" (probably constructible)"
    
    !KU( <$A.382, $B.4, m.382>
    ) @ #vk.384 // nr: 366" (probably constructible)"
    
    !KU( $A.382 ) @ #vk.385 // nr: 367" (currently deducible)"
    
    !KU( <$B.4, m.382>
    ) @ #vk.386 // nr: 368" (probably constructible)"
    
    !KU( m.382 ) @ #vk.388 // nr: 370" (probably constructible)"
    
    !KU( <$A1.101, $B.4, m1.101>
    ) @ #vk.393 // nr: 373" (probably constructible)"
    
    !KU( $A1.101 ) @ #vk.394 // nr: 374" (currently deducible)"
    
    !KU( <$B.4, m1.101>
    ) @ #vk.395 // nr: 375" (probably constructible)"
    
    !KU( m1.101 ) @ #vk.397 // nr: 378" (probably constructible)"
    
    !KU( <$A2.101, $B.4, m2.101>
    ) @ #vk.402 // nr: 381" (probably constructible)"
    
    !KU( $A2.101 ) @ #vk.403 // nr: 382" (currently deducible)"
    
    !KU( <$B.4, m2.101>
    ) @ #vk.404 // nr: 383" (probably constructible)"
    
    !KU( m2.101 ) @ #vk.406 // nr: 386" (probably constructible)"
    
    !KU( <$A.409, $B.4, m.409>
    ) @ #vk.411 // nr: 389" (probably constructible)"
    
    !KU( $A.409 ) @ #vk.412 // nr: 390" (currently deducible)"
    
    !KU( <$B.4, m.409>
    ) @ #vk.413 // nr: 391" (probably constructible)"
    
    !KU( m.409 ) @ #vk.415 // nr: 393" (probably constructible)"
    
    !KU( <$A.15, $B.4, ct_l($A.15, $B.4, ~rst.60, ~rl.48), 
          ct_k($A.15, $B.4, ~rst.60, ~rk.48), 
          ct_s($A.15, $B.4, ~sst.107, ~rst.60, ~rs.48)>
    ) @ #vk.420 // nr: 396" (currently deducible)"
    
    !KU( $A.15 ) @ #vk.421 // nr: 397" (currently deducible)"
    
    !KU( <$B.4, ct_l($A.15, $B.4, ~rst.60, ~rl.48), 
          ct_k($A.15, $B.4, ~rst.60, ~rk.48), 
          ct_s($A.15, $B.4, ~sst.107, ~rst.60, ~rs.48)>
    ) @ #vk.422 // nr: 398" (currently deducible)"
    
    !KU( <ct_l($A.15, $B.4, ~rst.60, ~rl.48), 
          ct_k($A.15, $B.4, ~rst.60, ~rk.48), 
          ct_s($A.15, $B.4, ~sst.107, ~rst.60, ~rs.48)>
    ) @ #vk.424 // nr: 401" (currently deducible)"
    
    !KU( ct_l($A.15, $B.4, ~rst.60, ~rl.48)
    ) @ #vk.426 // nr: 402" (currently deducible)"
    
    !KU( <ct_k($A.15, $B.4, ~rst.60, ~rk.48), 
          ct_s($A.15, $B.4, ~sst.107, ~rst.60, ~rs.48)>
    ) @ #vk.427 // nr: 403" (currently deducible)"
    
    !KU( ct_k($A.15, $B.4, ~rst.60, ~rk.48)
    ) @ #vk.428 // nr: 404" (currently deducible)"
    
    !KU( ct_s($A.15, $B.4, ~sst.107, ~rst.60, ~rs.48)
    ) @ #vk.429 // nr: 405" (currently deducible)"
    
    !KU( <$A2.46, $B.4, m2.46>
    ) @ #vk.433 // nr: 408" (probably constructible)"
    
    !KU( $A2.46 ) @ #vk.434 // nr: 409" (currently deducible)"
    
    !KU( <$B.4, m2.46>
    ) @ #vk.435 // nr: 410" (probably constructible)"
    
    !KU( m2.46 ) @ #vk.437 // nr: 413" (probably constructible)"
    
    !KU( <$A.440, $B.4, m.440>
    ) @ #vk.442 // nr: 416" (probably constructible)"
    
    !KU( $A.440 ) @ #vk.443 // nr: 417" (currently deducible)"
    
    !KU( <$B.4, m.440>
    ) @ #vk.444 // nr: 418" (probably constructible)"
    
    !KU( m.440 ) @ #vk.446 // nr: 420" (probably constructible)"
    
    !KU( <$A1.105, $B.4, m1.105>
    ) @ #vk.451 // nr: 423" (probably constructible)"
    
    !KU( $A1.105 ) @ #vk.452 // nr: 424" (currently deducible)"
    
    !KU( <$B.4, m1.105>
    ) @ #vk.453 // nr: 425" (probably constructible)"
    
    !KU( m1.105 ) @ #vk.455 // nr: 428" (probably constructible)"
    
    !KU( <$A2.105, $B.4, m2.105>
    ) @ #vk.460 // nr: 431" (probably constructible)"
    
    !KU( $A2.105 ) @ #vk.461 // nr: 432" (currently deducible)"
    
    !KU( <$B.4, m2.105>
    ) @ #vk.462 // nr: 433" (probably constructible)"
    
    !KU( m2.105 ) @ #vk.464 // nr: 436" (probably constructible)"
    
    !KU( <$A.467, $B.4, m.467>
    ) @ #vk.469 // nr: 439" (probably constructible)"
    
    !KU( $A.467 ) @ #vk.470 // nr: 440" (currently deducible)"
    
    !KU( <$B.4, m.467>
    ) @ #vk.471 // nr: 441" (probably constructible)"
    
    !KU( m.467 ) @ #vk.473 // nr: 443" (probably constructible)"
    
    !KU( <$A.479, $B.4, m.479>
    ) @ #vk.481 // nr: 448" (probably constructible)"
    
    !KU( $A.479 ) @ #vk.482 // nr: 449" (currently deducible)"
    
    !KU( <$B.4, m.479>
    ) @ #vk.483 // nr: 450" (probably constructible)"
    
    !KU( m.479 ) @ #vk.485 // nr: 452" (probably constructible)"
    
    !KU( <$A.355, $B.4, m.355>
    ) @ #vk.554 // nr: 528" (probably constructible)"
    
    !KU( $A.355 ) @ #vk.555 // nr: 529" (currently deducible)"
    
    !KU( <$B.4, m.355>
    ) @ #vk.556 // nr: 530" (probably constructible)"
    
    !KU( m.355 ) @ #vk.558 // nr: 656" (probably constructible)"
    
    !KU( <$A.382, $B.4, m.382>
    ) @ #vk.581 // nr: 551" (probably constructible)"
    
    !KU( $A.382 ) @ #vk.582 // nr: 552" (currently deducible)"
    
    !KU( <$B.4, m.382>
    ) @ #vk.583 // nr: 553" (probably constructible)"
    
    !KU( m.382 ) @ #vk.585 // nr: 657" (probably constructible)"
    
    !KU( <$A.409, $B.4, m.409>
    ) @ #vk.608 // nr: 574" (probably constructible)"
    
    !KU( $A.409 ) @ #vk.609 // nr: 575" (currently deducible)"
    
    !KU( <$B.4, m.409>
    ) @ #vk.610 // nr: 576" (probably constructible)"
    
    !KU( m.409 ) @ #vk.612 // nr: 658" (probably constructible)"
    
    !KU( <$A.440, $B.4, m.440>
    ) @ #vk.639 // nr: 601" (probably constructible)"
    
    !KU( $A.440 ) @ #vk.640 // nr: 602" (currently deducible)"
    
    !KU( <$B.4, m.440>
    ) @ #vk.641 // nr: 603" (probably constructible)"
    
    !KU( m.440 ) @ #vk.643 // nr: 659" (probably constructible)"
    
    ReceiverState( $B.4, ~rst.60
    ) ▶₀ #vr.23 // nr: 31 (from rule CompromiseReceiverState) (loop breaker)" (loop breaker)"
    
    OpenStage1( $B.4, ~bid.8, ~rst.60
    ) ▶₀ #vr.354 // nr: 342 (from rule AddSlot2)" (useful2)"
    
    OpenStage0( $B.4, ~bid.8, ~rst.60
    ) ▶₀ #vr.363 // nr: 349 (from rule AddSlot1)" (useful2)"
    
    OpenStage1( $B.4, ~bid.8, ~rst.60
    ) ▶₀ #vr.372 // nr: 357 (from rule AddSlot2)" (useful2)"
    
    OpenStage1( $B.4, ~bid.8, ~rst.60
    ) ▶₀ #vr.381 // nr: 365 (from rule AddSlot2)" (useful2)"
    
    OpenStage0( $B.4, ~bid.8, ~rst.60
    ) ▶₀ #vr.390 // nr: 372 (from rule AddSlot1)" (useful2)"
    
    OpenStage1( $B.4, ~bid.8, ~rst.60
    ) ▶₀ #vr.399 // nr: 380 (from rule AddSlot2)" (useful2)"
    
    OpenStage1( $B.4, ~bid.8, ~rst.60
    ) ▶₀ #vr.408 // nr: 388 (from rule AddSlot2)" (useful2)"
    
    OpenStage0( $B.4, ~bid.8, ~rst.60
    ) ▶₀ #vr.417 // nr: 395 (from rule AddSlot1)" (useful2)"
    
    OpenStage1( $B.4, ~bid.8, ~rst.60
    ) ▶₀ #vr.430 // nr: 407 (from rule AddSlot2)" (useful2)"
    
    OpenStage1( $B.4, ~bid.8, ~rst.60
    ) ▶₀ #vr.439 // nr: 415 (from rule AddSlot2)" (useful2)"
    
    OpenStage0( $B.4, ~bid.8, ~rst.60
    ) ▶₀ #vr.448 // nr: 422 (from rule AddSlot1)" (useful2)"
    
    OpenStage1( $B.4, ~bid.8, ~rst.60
    ) ▶₀ #vr.457 // nr: 430 (from rule AddSlot2)" (useful2)"
    
    OpenStage0( $B.4, ~bid.8, ~rst.60
    ) ▶₀ #vr.466 // nr: 438 (from rule AddSlot1)" (useful2)"
    
    OpenStage0( $B.4, ~bid.8, ~rst.60
    ) ▶₀ #vr.478 // nr: 447 (from rule AddSlot1)" (useful2)"
    
    splitEqs(106) // nr: 629" (useful2)"
  
  solved constraints:
    UsedReceiverState( $B.4, ~rst.60 ) ▶₀ #i // nr: 0" (useful2)"
    
    SealedStage2( $B.4, ~bid.8, ~rst.60
    ) ▶₀ #vr.3 // nr: 2 (from rule CompleteBatch)" (useful2)"
    
    BatchEndToken( $B.4, ~bid.8, ~rst.60
    ) ▶₁ #vr.3 // nr: 3 (from rule CompleteBatch)" (useful2)"
    
    Slot1DoneFact( $B.4, ~bid.8, ~rst.60
    ) ▶₂ #vr.3 // nr: 4 (from rule CompleteBatch)" (useful2)"
    
    Slot2DoneFact( $B.4, ~bid.8, ~rst.60
    ) ▶₃ #vr.3 // nr: 5 (from rule CompleteBatch)" (useful2)"
    
    SealedStage1( $B.4, ~bid.8, ~rst.60
    ) ▶₀ #vr.5 // nr: 7 (from rule ProcessSlot2)" (useful2)"
    
    CheckedSlot2( $B.4, ~bid.8, ~rst.60, ~idx.131, $A.6,
                  <ct_l($A.6, $B.4, ~rst.60, ~rl.19), 
                   ct_k($A.6, $B.4, ~rst.60, ~rk.19), 
                   ct_s($A.6, $B.4, ~sst.57, ~rst.60, ~rs.19)>
    ) ▶₁ #vr.5 // nr: 8 (from rule ProcessSlot2)" (useful2)"
    
    !HonestSession( $A.6, $B.4, ~rst.60,
                    <ct_l($A.6, $B.4, ~rst.60, ~rl.19), 
                     ct_k($A.6, $B.4, ~rst.60, ~rk.19), 
                     ct_s($A.6, $B.4, ~sst.57, ~rst.60, ~rs.19)>,
                    session_id($A.6, $B.4, sender_pk($A.6, ~sst.57),
                               receiver_pk($B.4, ~rst.60), sender_prekey($A.6, ~sst.57),
                               receiver_prekey($B.4, ~rst.60),
                               <ct_l($A.6, $B.4, ~rst.60, ~rl.19), 
                                ct_k($A.6, $B.4, ~rst.60, ~rk.19), 
                                ct_s($A.6, $B.4, ~sst.57, ~rst.60, ~rs.19)>),
                    session_key(secret_l($A.6, $B.4, ~rst.60, ~rl.19),
                                secret_k($A.6, $B.4, ~rst.60, ~rk.19),
                                secret_s($A.6, $B.4, ~sst.57, ~rst.60, ~rs.19),
                                session_id($A.6, $B.4, sender_pk($A.6, ~sst.57),
                                           receiver_pk($B.4, ~rst.60), sender_prekey($A.6, ~sst.57),
                                           receiver_prekey($B.4, ~rst.60),
                                           <ct_l($A.6, $B.4, ~rst.60, ~rl.19), 
                                            ct_k($A.6, $B.4, ~rst.60, ~rk.19), 
                                            ct_s($A.6, $B.4, ~sst.57, ~rst.60, ~rs.19)>))
    ) ▶₂ #vr.5 // nr: 9 (from rule ProcessSlot2)" (useful2)"
    
    ReceiverState( $B.4, ~rst.60
    ) ▶₀ #vr.7 // nr: 11 (from rule CreateBatch)" (useful2)"
    
    SealedStage0( $B.4, ~bid.8, ~rst.60
    ) ▶₀ #vr.10 // nr: 13 (from rule ProcessSlot1)" (useful2)"
    
    CheckedSlot1( $B.4, ~bid.8, ~rst.60, ~idx.122, $A.11,
                  <ct_l($A.11, $B.4, ~rst.60, ~rl.30), 
                   ct_k($A.11, $B.4, ~rst.60, ~rk.30), 
                   ct_s($A.11, $B.4, ~sst.74, ~rst.60, ~rs.30)>
    ) ▶₁ #vr.10 // nr: 14 (from rule ProcessSlot1)" (useful2)"
    
    !HonestSession( $A.11, $B.4, ~rst.60,
                    <ct_l($A.11, $B.4, ~rst.60, ~rl.30), 
                     ct_k($A.11, $B.4, ~rst.60, ~rk.30), 
                     ct_s($A.11, $B.4, ~sst.74, ~rst.60, ~rs.30)>,
                    session_id($A.11, $B.4, sender_pk($A.11, ~sst.74),
                               receiver_pk($B.4, ~rst.60), sender_prekey($A.11, ~sst.74),
                               receiver_prekey($B.4, ~rst.60),
                               <ct_l($A.11, $B.4, ~rst.60, ~rl.30), 
                                ct_k($A.11, $B.4, ~rst.60, ~rk.30), 
                                ct_s($A.11, $B.4, ~sst.74, ~rst.60, ~rs.30)>),
                    session_key(secret_l($A.11, $B.4, ~rst.60, ~rl.30),
                                secret_k($A.11, $B.4, ~rst.60, ~rk.30),
                                secret_s($A.11, $B.4, ~sst.74, ~rst.60, ~rs.30),
                                session_id($A.11, $B.4, sender_pk($A.11, ~sst.74),
                                           receiver_pk($B.4, ~rst.60),
                                           sender_prekey($A.11, ~sst.74),
                                           receiver_prekey($B.4, ~rst.60),
                                           <ct_l($A.11, $B.4, ~rst.60, ~rl.30), 
                                            ct_k($A.11, $B.4, ~rst.60, ~rk.30), 
                                            ct_s($A.11, $B.4, ~sst.74, ~rst.60, ~rs.30)>))
    ) ▶₂ #vr.10 // nr: 15 (from rule ProcessSlot1)" (useful2)"
    
    SealedStage0( $B.4, ~bid.8, ~rst.60
    ) ▶₀ #vr.14 // nr: 21 (from rule ProcessSlot1)" (useful2)"
    
    CheckedSlot1( $B.4, ~bid.8, ~rst.60, ~idx.418, $A.15,
                  <ct_l($A.15, $B.4, ~rst.60, ~rl.48), 
                   ct_k($A.15, $B.4, ~rst.60, ~rk.48), 
                   ct_s($A.15, $B.4, ~sst.107, ~rst.60, ~rs.48)>
    ) ▶₁ #vr.14 // nr: 22 (from rule ProcessSlot1)" (useful2)"
    
    !HonestSession( $A.15, $B.4, ~rst.60,
                    <ct_l($A.15, $B.4, ~rst.60, ~rl.48), 
                     ct_k($A.15, $B.4, ~rst.60, ~rk.48), 
                     ct_s($A.15, $B.4, ~sst.107, ~rst.60, ~rs.48)>,
                    session_id($A.15, $B.4, sender_pk($A.15, ~sst.107),
                               receiver_pk($B.4, ~rst.60), sender_prekey($A.15, ~sst.107),
                               receiver_prekey($B.4, ~rst.60),
                               <ct_l($A.15, $B.4, ~rst.60, ~rl.48), 
                                ct_k($A.15, $B.4, ~rst.60, ~rk.48), 
                                ct_s($A.15, $B.4, ~sst.107, ~rst.60, ~rs.48)>),
                    session_key(secret_l($A.15, $B.4, ~rst.60, ~rl.48),
                                secret_k($A.15, $B.4, ~rst.60, ~rk.48),
                                secret_s($A.15, $B.4, ~sst.107, ~rst.60, ~rs.48),
                                session_id($A.15, $B.4, sender_pk($A.15, ~sst.107),
                                           receiver_pk($B.4, ~rst.60),
                                           sender_prekey($A.15, ~sst.107),
                                           receiver_prekey($B.4, ~rst.60),
                                           <ct_l($A.15, $B.4, ~rst.60, ~rl.48), 
                                            ct_k($A.15, $B.4, ~rst.60, ~rk.48), 
                                            ct_s($A.15, $B.4, ~sst.107, ~rst.60, ~rs.48)>))
    ) ▶₂ #vr.14 // nr: 23 (from rule ProcessSlot1)" (useful2)"
    
    DedupPending( $B.4, ~bid.8, ~rst.60, ~idx.122, $A.11,
                  <ct_l($A.11, $B.4, ~rst.60, ~rl.30), 
                   ct_k($A.11, $B.4, ~rst.60, ~rk.30), 
                   ct_s($A.11, $B.4, ~sst.74, ~rst.60, ~rs.30)>,
                  ~idx.131, $A.6,
                  <ct_l($A.6, $B.4, ~rst.60, ~rl.19), 
                   ct_k($A.6, $B.4, ~rst.60, ~rk.19), 
                   ct_s($A.6, $B.4, ~sst.57, ~rst.60, ~rs.19)>
    ) ▶₀ #vr.16 // nr: 25 (from rule PassDistinctBatch)" (useful2)"
    
    DedupDecisionToken( $B.4, ~bid.8, ~rst.60
    ) ▶₁ #vr.16 // nr: 26 (from rule PassDistinctBatch)" (useful2)"
    
    !SenderState( $A.6, ~sst.57
    ) ▶₀ #vr.18 // nr: 28 (from rule SenderCreatesMessage)" (useful2)"
    
    !ReceiverPublicState( $B.4, ~rst.60
    ) ▶₁ #vr.18 // nr: 29 (from rule SenderCreatesMessage)" (useful2)"
    
    ReceiverCompromiseToken( $B.4, ~rst.60
    ) ▶₁ #vr.23 // nr: 32 (from rule CompromiseReceiverState)" (useful2)"
    
    !SenderState( $A.11, ~sst.74
    ) ▶₀ #vr.29 // nr: 40 (from rule SenderCreatesMessage)" (useful2)"
    
    !ReceiverPublicState( $B.4, ~rst.60
    ) ▶₁ #vr.29 // nr: 41 (from rule SenderCreatesMessage)" (useful2)"
    
    DedupPending( $B.4, ~bid.8, ~rst.60, ~idx.364, $A1.44, m1.44,
                  ~idx.373, $A2.44, m2.44
    ) ▶₀ #vr.43 // nr: 53 (from rule PassDistinctBatch)" (useful2)"
    
    DedupDecisionToken( $B.4, ~bid.8, ~rst.60
    ) ▶₁ #vr.43 // nr: 54 (from rule PassDistinctBatch)" (useful2)"
    
    DedupPending( $B.4, ~bid.8, ~rst.60, ~idx.418, $A.15,
                  <ct_l($A.15, $B.4, ~rst.60, ~rl.48), 
                   ct_k($A.15, $B.4, ~rst.60, ~rk.48), 
                   ct_s($A.15, $B.4, ~sst.107, ~rst.60, ~rs.48)>,
                  ~idx.431, $A2.46, m2.46
    ) ▶₀ #vr.45 // nr: 56 (from rule PassDistinctBatch)" (useful2)"
    
    DedupDecisionToken( $B.4, ~bid.8, ~rst.60
    ) ▶₁ #vr.45 // nr: 57 (from rule PassDistinctBatch)" (useful2)"
    
    !SenderState( $A.15, ~sst.107
    ) ▶₀ #vr.47 // nr: 59 (from rule SenderCreatesMessage)" (useful2)"
    
    !ReceiverPublicState( $B.4, ~rst.60
    ) ▶₁ #vr.47 // nr: 60 (from rule SenderCreatesMessage)" (useful2)"
    
    OpenStage2( $B.4, ~bid.8, ~rst.60
    ) ▶₀ #vr.52 // nr: 62 (from rule SealBatch)" (useful2)"
    
    AddedSlot1( $B.4, ~bid.8, ~rst.60, ~idx.122, $A.11,
                <ct_l($A.11, $B.4, ~rst.60, ~rl.30), 
                 ct_k($A.11, $B.4, ~rst.60, ~rk.30), 
                 ct_s($A.11, $B.4, ~sst.74, ~rst.60, ~rs.30)>
    ) ▶₁ #vr.52 // nr: 63 (from rule SealBatch)" (useful2)"
    
    AddedSlot2( $B.4, ~bid.8, ~rst.60, ~idx.131, $A.6,
                <ct_l($A.6, $B.4, ~rst.60, ~rl.19), 
                 ct_k($A.6, $B.4, ~rst.60, ~rk.19), 
                 ct_s($A.6, $B.4, ~sst.57, ~rst.60, ~rs.19)>
    ) ▶₂ #vr.52 // nr: 64 (from rule SealBatch)" (useful2)"
    
    OpenStage2( $B.4, ~bid.8, ~rst.60
    ) ▶₀ #vr.98 // nr: 110 (from rule SealBatch)" (useful2)"
    
    AddedSlot1( $B.4, ~bid.8, ~rst.60, ~idx.364, $A1.44, m1.44
    ) ▶₁ #vr.98 // nr: 111 (from rule SealBatch)" (useful2)"
    
    AddedSlot2( $B.4, ~bid.8, ~rst.60, ~idx.373, $A2.44, m2.44
    ) ▶₂ #vr.98 // nr: 112 (from rule SealBatch)" (useful2)"
    
    OpenStage2( $B.4, ~bid.8, ~rst.60
    ) ▶₀ #vr.100 // nr: 114 (from rule SealBatch)" (useful2)"
    
    AddedSlot1( $B.4, ~bid.8, ~rst.60, ~idx.391, $A1.101, m1.101
    ) ▶₁ #vr.100 // nr: 115 (from rule SealBatch)" (useful2)"
    
    AddedSlot2( $B.4, ~bid.8, ~rst.60, ~idx.400, $A2.101, m2.101
    ) ▶₂ #vr.100 // nr: 116 (from rule SealBatch)" (useful2)"
    
    OpenStage2( $B.4, ~bid.8, ~rst.60
    ) ▶₀ #vr.102 // nr: 118 (from rule SealBatch)" (useful2)"
    
    AddedSlot1( $B.4, ~bid.8, ~rst.60, ~idx.418, $A.15,
                <ct_l($A.15, $B.4, ~rst.60, ~rl.48), 
                 ct_k($A.15, $B.4, ~rst.60, ~rk.48), 
                 ct_s($A.15, $B.4, ~sst.107, ~rst.60, ~rs.48)>
    ) ▶₁ #vr.102 // nr: 119 (from rule SealBatch)" (useful2)"
    
    AddedSlot2( $B.4, ~bid.8, ~rst.60, ~idx.431, $A2.46, m2.46
    ) ▶₂ #vr.102 // nr: 120 (from rule SealBatch)" (useful2)"
    
    OpenStage2( $B.4, ~bid.8, ~rst.60
    ) ▶₀ #vr.104 // nr: 122 (from rule SealBatch)" (useful2)"
    
    AddedSlot1( $B.4, ~bid.8, ~rst.60, ~idx.449, $A1.105, m1.105
    ) ▶₁ #vr.104 // nr: 123 (from rule SealBatch)" (useful2)"
    
    AddedSlot2( $B.4, ~bid.8, ~rst.60, ~idx.458, $A2.105, m2.105
    ) ▶₂ #vr.104 // nr: 124 (from rule SealBatch)" (useful2)"
    
    OpenStage1( $B.4, ~bid.8, ~rst.60
    ) ▶₀ #vr.112 // nr: 128 (from rule AddSlot2)" (useful2)"
    
    OpenStage0( $B.4, ~bid.8, ~rst.60
    ) ▶₀ #vr.121 // nr: 135 (from rule AddSlot1)" (useful2)"
    
    OpenStage1( $B.4, ~bid.8, ~rst.60
    ) ▶₀ #vr.130 // nr: 143 (from rule AddSlot2)" (useful2)"
[Saturating Sources] Done
theory Kwaay_Replay_Fixed

begin

// Function signature and definition of the equational theory E

functions: ct_k/4[private,constructor], ct_l/4[private,constructor],
           ct_s/5[private,constructor], fst/1, pair/2,
           receiver_pk/2[private,constructor],
           receiver_prekey/2[private,constructor], secret_k/4[private,constructor],
           secret_l/4[private,constructor], secret_s/5[private,constructor],
           sender_pk/2[private,constructor], sender_prekey/2[private,constructor],
           session_id/7[private,constructor], session_key/4[private,constructor],
           snd/1
equations: fst(<x.1, x.2>) = x.1, snd(<x.1, x.2>) = x.2

restriction Inequality:
  "∀ x #i. (Neq( x, x ) @ #i) ⇒ (⊥)"
  // safety formula

  /*
  expanded formula:
  "∀ x #i. (Neq( x, x ) @ #i) ⇒ (⊥)"
  */

rule (modulo E) InitReceiverState:
   [ Fr( ~rst ) ]
  --[ ReceiverStateCreated( $B, ~rst ) ]->
   [
   ReceiverState( $B, ~rst ), !ReceiverPublicState( $B, ~rst ),
   ReceiverCompromiseToken( $B, ~rst )
   ]

  /* has exactly the trivial AC variant */

rule (modulo E) InitSenderState:
   [ Fr( ~sst ) ]
  --[ SenderStateCreated( $A, ~sst ) ]->
   [ !SenderState( $A, ~sst ), SenderCompromiseToken( $A, ~sst ) ]

  /* has exactly the trivial AC variant */

rule (modulo E) SenderCreatesMessage:
   [
   !SenderState( $A, sst ), !ReceiverPublicState( $B, rst ), Fr( ~rl ),
   Fr( ~rk ), Fr( ~rs )
   ]
  --[
  SenderSession( $A, $B,
                 <ct_l($A, $B, rst, ~rl), ct_k($A, $B, rst, ~rk), 
                  ct_s($A, $B, sst, rst, ~rs)>,
                 session_id($A, $B, sender_pk($A, sst), receiver_pk($B, rst),
                            sender_prekey($A, sst), receiver_prekey($B, rst),
                            <ct_l($A, $B, rst, ~rl), ct_k($A, $B, rst, ~rk), 
                             ct_s($A, $B, sst, rst, ~rs)>),
                 session_key(secret_l($A, $B, rst, ~rl), secret_k($A, $B, rst, ~rk),
                             secret_s($A, $B, sst, rst, ~rs),
                             session_id($A, $B, sender_pk($A, sst), receiver_pk($B, rst),
                                        sender_prekey($A, sst), receiver_prekey($B, rst),
                                        <ct_l($A, $B, rst, ~rl), ct_k($A, $B, rst, ~rk), 
                                         ct_s($A, $B, sst, rst, ~rs)>))
  )
  ]->
   [
   Out( <$A, $B, ct_l($A, $B, rst, ~rl), ct_k($A, $B, rst, ~rk), 
         ct_s($A, $B, sst, rst, ~rs)>
   ),
   !HonestSession( $A, $B, rst,
                   <ct_l($A, $B, rst, ~rl), ct_k($A, $B, rst, ~rk), 
                    ct_s($A, $B, sst, rst, ~rs)>,
                   session_id($A, $B, sender_pk($A, sst), receiver_pk($B, rst),
                              sender_prekey($A, sst), receiver_prekey($B, rst),
                              <ct_l($A, $B, rst, ~rl), ct_k($A, $B, rst, ~rk), 
                               ct_s($A, $B, sst, rst, ~rs)>),
                   session_key(secret_l($A, $B, rst, ~rl), secret_k($A, $B, rst, ~rk),
                               secret_s($A, $B, sst, rst, ~rs),
                               session_id($A, $B, sender_pk($A, sst), receiver_pk($B, rst),
                                          sender_prekey($A, sst), receiver_prekey($B, rst),
                                          <ct_l($A, $B, rst, ~rl), ct_k($A, $B, rst, ~rk), 
                                           ct_s($A, $B, sst, rst, ~rs)>))
   )
   ]

  /* has exactly the trivial AC variant */

rule (modulo E) CreateBatch:
   [ ReceiverState( $B, rst ), Fr( ~bid ) ]
  --[ BatchCreated( $B, ~bid, rst ) ]->
   [
   OpenStage0( $B, ~bid, rst ), BatchEndToken( $B, ~bid, rst ),
   BatchCompromiseToken( $B, ~bid, rst )
   ]

  /* has exactly the trivial AC variant */

rule (modulo E) AddSlot1:
   [ OpenStage0( $B, bid, rst ), In( <$A, $B, m> ), Fr( ~idx ) ]
  --[
  SlotAdded( $B, bid, ~idx, $A, m ),
  Slot1Added( $B, bid, rst, ~idx, $A, m )
  ]->
   [ OpenStage1( $B, bid, rst ), AddedSlot1( $B, bid, rst, ~idx, $A, m ) ]

  /* has exactly the trivial AC variant */

rule (modulo E) AddSlot2:
   [ OpenStage1( $B, bid, rst ), In( <$A, $B, m> ), Fr( ~idx ) ]
  --[
  SlotAdded( $B, bid, ~idx, $A, m ),
  Slot2Added( $B, bid, rst, ~idx, $A, m )
  ]->
   [ OpenStage2( $B, bid, rst ), AddedSlot2( $B, bid, rst, ~idx, $A, m ) ]

  /* has exactly the trivial AC variant */

rule (modulo E) SealBatch:
   [
   OpenStage2( $B, bid, rst ), AddedSlot1( $B, bid, rst, idx1, $A1, m1 ),
   AddedSlot2( $B, bid, rst, idx2, $A2, m2 )
   ]
  --[ SealBatchEvent( $B, bid, rst ) ]->
   [
   DedupPending( $B, bid, rst, idx1, $A1, m1, idx2, $A2, m2 ),
   DedupDecisionToken( $B, bid, rst )
   ]

  /* has exactly the trivial AC variant */

rule (modulo E) RejectDuplicateBatch:
   [
   DedupPending( $B, bid, rst, idx1, $A1, m, idx2, $A2, m ),
   DedupDecisionToken( $B, bid, rst ), BatchEndToken( $B, bid, rst )
   ]
  --[
  DuplicateDetected( $B, bid, rst, idx1, $A1, idx2, $A2, m ),
  UseDedupDecisionToken( $B, bid, rst ), UseBatchEndToken( $B, bid, rst ),
  BatchFail( $B, bid, rst ), BatchClosed( $B, bid, rst ),
  ConsumeReceiverState( $B, rst )
  ]->
   [ ClosedBatch( $B, bid, rst ), UsedReceiverState( $B, rst ) ]

  /* has exactly the trivial AC variant */

rule (modulo E) PassDistinctBatch:
   [
   DedupPending( $B, bid, rst, idx1, $A1, m1, idx2, $A2, m2 ),
   DedupDecisionToken( $B, bid, rst )
   ]
  --[
  Neq( m1, m2 ), DedupPassed( $B, bid, rst, idx1, $A1, m1, idx2, $A2, m2 ),
  UseDedupDecisionToken( $B, bid, rst )
  ]->
   [
   CheckedSlot1( $B, bid, rst, idx1, $A1, m1 ),
   CheckedSlot2( $B, bid, rst, idx2, $A2, m2 ), SealedStage0( $B, bid, rst )
   ]

  /* has exactly the trivial AC variant */

rule (modulo E) ProcessSlot1:
   [
   SealedStage0( $B, bid, rst ), CheckedSlot1( $B, bid, rst, idx, $A, m ),
   !HonestSession( $A, $B, rst, m, sid, k )
   ]
  --[
  BatchSlot( $B, bid, idx, $A, m ),
  ReceiverAccept( $B, $A, bid, idx, rst, m, sid, k ),
  SlotProcessed( $B, bid, idx, $A, m ), Slot1Done( $B, bid, rst )
  ]->
   [ SealedStage1( $B, bid, rst ), Slot1DoneFact( $B, bid, rst ) ]

  /* has exactly the trivial AC variant */

rule (modulo E) ProcessSlot2:
   [
   SealedStage1( $B, bid, rst ), CheckedSlot2( $B, bid, rst, idx, $A, m ),
   !HonestSession( $A, $B, rst, m, sid, k )
   ]
  --[
  BatchSlot( $B, bid, idx, $A, m ),
  ReceiverAccept( $B, $A, bid, idx, rst, m, sid, k ),
  SlotProcessed( $B, bid, idx, $A, m ), Slot2Done( $B, bid, rst )
  ]->
   [ SealedStage2( $B, bid, rst ), Slot2DoneFact( $B, bid, rst ) ]

  /* has exactly the trivial AC variant */

rule (modulo E) CompleteBatch:
   [
   SealedStage2( $B, bid, rst ), BatchEndToken( $B, bid, rst ),
   Slot1DoneFact( $B, bid, rst ), Slot2DoneFact( $B, bid, rst )
   ]
  --[
  UseBatchEndToken( $B, bid, rst ), BatchComplete( $B, bid, rst ),
  BatchClosed( $B, bid, rst ), ConsumeReceiverState( $B, rst )
  ]->
   [ ClosedBatch( $B, bid, rst ), UsedReceiverState( $B, rst ) ]

  /* has exactly the trivial AC variant */

rule (modulo E) FailSlot1:
   [
   SealedStage0( $B, bid, rst ), BatchEndToken( $B, bid, rst ),
   CheckedSlot1( $B, bid, rst, idx, $A, m )
   ]
  --[
  UseBatchEndToken( $B, bid, rst ),
  BatchSlotFail( $B, bid, idx, $A, rst, m ), BatchFail( $B, bid, rst ),
  BatchClosed( $B, bid, rst ), ConsumeReceiverState( $B, rst )
  ]->
   [ ClosedBatch( $B, bid, rst ), UsedReceiverState( $B, rst ) ]

  /* has exactly the trivial AC variant */

rule (modulo E) FailSlot2:
   [
   SealedStage1( $B, bid, rst ), BatchEndToken( $B, bid, rst ),
   CheckedSlot2( $B, bid, rst, idx, $A, m )
   ]
  --[
  UseBatchEndToken( $B, bid, rst ),
  BatchSlotFail( $B, bid, idx, $A, rst, m ), BatchFail( $B, bid, rst ),
  BatchClosed( $B, bid, rst ), ConsumeReceiverState( $B, rst )
  ]->
   [ ClosedBatch( $B, bid, rst ), UsedReceiverState( $B, rst ) ]

  /* has exactly the trivial AC variant */

rule (modulo E) CompromiseReceiverState:
   [ ReceiverState( $B, rst ), ReceiverCompromiseToken( $B, rst ) ]
  --[ CompromiseReceiverState( $B, rst ) ]->
   [
   ReceiverState( $B, rst ), !CompromisedReceiverState( $B, rst ),
   Out( rst )
   ]

  // loop breaker: [0]
  /* has exactly the trivial AC variant */

rule (modulo E) CompromiseActiveReceiverState:
   [ BatchCompromiseToken( $B, bid, rst ) ]
  --[ CompromiseReceiverState( $B, rst ) ]->
   [ !CompromisedReceiverState( $B, rst ), Out( rst ) ]

  /* has exactly the trivial AC variant */

rule (modulo E) CompromiseSenderState:
   [ !SenderState( $A, sst ), SenderCompromiseToken( $A, sst ) ]
  --[ CompromiseSenderState( $A, sst ) ]->
   [ !CompromisedSenderState( $A, sst ), Out( sst ) ]

  /* has exactly the trivial AC variant */

lemma normal_single_accept:
  exists-trace
  "∃ A B m sid k bid idx rst #s #r.
    ((SenderSession( A, B, m, sid, k ) @ #s) ∧
     (ReceiverAccept( B, A, bid, idx, rst, m, sid, k ) @ #r)) ∧
    (#s < #r)"
/*
guarded formula characterizing all satisfying traces:
"∃ A B m sid k bid idx rst #s #r.
  (SenderSession( A, B, m, sid, k ) @ #s) ∧
  (ReceiverAccept( B, A, bid, idx, rst, m, sid, k ) @ #r)
 ∧
  #s < #r"
*/
by sorry

lemma normal_batch_complete:
  exists-trace
  "∃ A B m sid k bid idx rst #s #r #c.
    ((((SenderSession( A, B, m, sid, k ) @ #s) ∧
       (ReceiverAccept( B, A, bid, idx, rst, m, sid, k ) @ #r)) ∧
      (BatchComplete( B, bid, rst ) @ #c)) ∧
     (#s < #r)) ∧
    (#r < #c)"
/*
guarded formula characterizing all satisfying traces:
"∃ A B m sid k bid idx rst #s #r #c.
  (SenderSession( A, B, m, sid, k ) @ #s) ∧
  (ReceiverAccept( B, A, bid, idx, rst, m, sid, k ) @ #r) ∧
  (BatchComplete( B, bid, rst ) @ #c)
 ∧
  (#s < #r) ∧ (#r < #c)"
*/
by sorry

lemma one_send_two_accepts_exists:
  exists-trace
  "∃ A B m sid k bid idx1 idx2 rst #s #r1 #r2 #c.
    (((((((((((SenderSession( A, B, m, sid, k ) @ #s) ∧
              (ReceiverAccept( B, A, bid, idx1, rst, m, sid, k ) @ #r1)) ∧
             (ReceiverAccept( B, A, bid, idx2, rst, m, sid, k ) @ #r2)) ∧
            (BatchComplete( B, bid, rst ) @ #c)) ∧
           (¬(idx1 = idx2))) ∧
          (#s < #r1)) ∧
         (#s < #r2)) ∧
        (#r1 < #c)) ∧
       (#r2 < #c)) ∧
      (∀ #s2. (SenderSession( A, B, m, sid, k ) @ #s2) ⇒ (#s2 = #s))) ∧
     (¬(∃ X st #cr. CompromiseReceiverState( X, st ) @ #cr))) ∧
    (¬(∃ X st #cs. CompromiseSenderState( X, st ) @ #cs))"
/*
guarded formula characterizing all satisfying traces:
"∃ A B m sid k bid idx1 idx2 rst #s #r1 #r2 #c.
  (SenderSession( A, B, m, sid, k ) @ #s) ∧
  (ReceiverAccept( B, A, bid, idx1, rst, m, sid, k ) @ #r1) ∧
  (ReceiverAccept( B, A, bid, idx2, rst, m, sid, k ) @ #r2) ∧
  (BatchComplete( B, bid, rst ) @ #c)
 ∧
  (¬(idx1 = idx2)) ∧
  (#s < #r1) ∧
  (#s < #r2) ∧
  (#r1 < #c) ∧
  (#r2 < #c) ∧
  (∀ #s2. (SenderSession( A, B, m, sid, k ) @ #s2) ⇒ #s2 = #s) ∧
  (∀ X st #cr. (CompromiseReceiverState( X, st ) @ #cr) ⇒ ⊥) ∧
  (∀ X st #cs. (CompromiseSenderState( X, st ) @ #cs) ⇒ ⊥)"
*/
by sorry

lemma same_message_accepted_at_most_once:
  all-traces
  "∀ A B m sid k bid idx1 idx2 rst #r1 #r2.
    ((ReceiverAccept( B, A, bid, idx1, rst, m, sid, k ) @ #r1) ∧
     (ReceiverAccept( B, A, bid, idx2, rst, m, sid, k ) @ #r2)) ⇒
    (idx1 = idx2)"
/*
guarded formula characterizing all counter-examples:
"∃ A B m sid k bid idx1 idx2 rst #r1 #r2.
  (ReceiverAccept( B, A, bid, idx1, rst, m, sid, k ) @ #r1) ∧
  (ReceiverAccept( B, A, bid, idx2, rst, m, sid, k ) @ #r2)
 ∧
  ¬(idx1 = idx2)"
*/
by sorry

lemma full_message_unique_send:
  all-traces
  "∀ A B m sid k #s1 #s2.
    ((SenderSession( A, B, m, sid, k ) @ #s1) ∧
     (SenderSession( A, B, m, sid, k ) @ #s2)) ⇒
    (#s1 = #s2)"
/*
guarded formula characterizing all counter-examples:
"∃ A B m sid k #s1 #s2.
  (SenderSession( A, B, m, sid, k ) @ #s1) ∧
  (SenderSession( A, B, m, sid, k ) @ #s2)
 ∧
  ¬(#s1 = #s2)"
*/
by sorry

lemma receiver_accept_has_sender:
  all-traces
  "∀ A B m sid k bid idx rst #r.
    (ReceiverAccept( B, A, bid, idx, rst, m, sid, k ) @ #r) ⇒
    (∃ #s. (SenderSession( A, B, m, sid, k ) @ #s) ∧ (#s < #r))"
/*
guarded formula characterizing all counter-examples:
"∃ A B m sid k bid idx rst #r.
  (ReceiverAccept( B, A, bid, idx, rst, m, sid, k ) @ #r)
 ∧
  ∀ #s. (SenderSession( A, B, m, sid, k ) @ #s) ⇒ ¬(#s < #r)"
*/
by sorry

lemma injective_receiver_accept:
  all-traces
  "∀ A B m sid k bid idx1 idx2 rst #s #r1 #r2.
    (((SenderSession( A, B, m, sid, k ) @ #s) ∧
      (ReceiverAccept( B, A, bid, idx1, rst, m, sid, k ) @ #r1)) ∧
     (ReceiverAccept( B, A, bid, idx2, rst, m, sid, k ) @ #r2)) ⇒
    (#r1 = #r2)"
/*
guarded formula characterizing all counter-examples:
"∃ A B m sid k bid idx1 idx2 rst #s #r1 #r2.
  (SenderSession( A, B, m, sid, k ) @ #s) ∧
  (ReceiverAccept( B, A, bid, idx1, rst, m, sid, k ) @ #r1) ∧
  (ReceiverAccept( B, A, bid, idx2, rst, m, sid, k ) @ #r2)
 ∧
  ¬(#r1 = #r2)"
*/
by sorry

lemma slot_indices_distinct:
  all-traces
  "∀ B bid rst idx1 idx2 A1 A2 m1 m2 #i #j.
    ((Slot1Added( B, bid, rst, idx1, A1, m1 ) @ #i) ∧
     (Slot2Added( B, bid, rst, idx2, A2, m2 ) @ #j)) ⇒
    (¬(idx1 = idx2))"
/*
guarded formula characterizing all counter-examples:
"∃ B bid rst idx1 idx2 A1 A2 m1 m2 #i #j.
  (Slot1Added( B, bid, rst, idx1, A1, m1 ) @ #i) ∧
  (Slot2Added( B, bid, rst, idx2, A2, m2 ) @ #j)
 ∧
  idx1 = idx2"
*/
by sorry

lemma process_requires_slot_added:
  all-traces
  "∀ B A bid idx rst m sid k #i.
    (ReceiverAccept( B, A, bid, idx, rst, m, sid, k ) @ #i) ⇒
    (∃ #j. (SlotAdded( B, bid, idx, A, m ) @ #j) ∧ (#j < #i))"
/*
guarded formula characterizing all counter-examples:
"∃ B A bid idx rst m sid k #i.
  (ReceiverAccept( B, A, bid, idx, rst, m, sid, k ) @ #i)
 ∧
  ∀ #j. (SlotAdded( B, bid, idx, A, m ) @ #j) ⇒ ¬(#j < #i)"
*/
by sorry

lemma process_requires_seal:
  all-traces
  "∀ B A bid idx rst m sid k #i.
    (ReceiverAccept( B, A, bid, idx, rst, m, sid, k ) @ #i) ⇒
    (∃ #j. (SealBatchEvent( B, bid, rst ) @ #j) ∧ (#j < #i))"
/*
guarded formula characterizing all counter-examples:
"∃ B A bid idx rst m sid k #i.
  (ReceiverAccept( B, A, bid, idx, rst, m, sid, k ) @ #i)
 ∧
  ∀ #j. (SealBatchEvent( B, bid, rst ) @ #j) ⇒ ¬(#j < #i)"
*/
by sorry

lemma complete_requires_all_slots_processed:
  all-traces
  "∀ B bid rst idx A m #i #j.
    ((BatchComplete( B, bid, rst ) @ #i) ∧
     (SlotAdded( B, bid, idx, A, m ) @ #j)) ⇒
    (∃ #p.
      ((SlotProcessed( B, bid, idx, A, m ) @ #p) ∧ (#j < #p)) ∧ (#p < #i))"
/*
guarded formula characterizing all counter-examples:
"∃ B bid rst idx A m #i #j.
  (BatchComplete( B, bid, rst ) @ #i) ∧
  (SlotAdded( B, bid, idx, A, m ) @ #j)
 ∧
  ∀ #p.
   (SlotProcessed( B, bid, idx, A, m ) @ #p)
  ⇒
   ((¬(#j < #p)) ∨ (¬(#p < #i)))"
*/
by sorry

lemma no_add_after_seal:
  all-traces
  "∀ B bid rst idx A m #i #j.
    ((SealBatchEvent( B, bid, rst ) @ #i) ∧
     (SlotAdded( B, bid, idx, A, m ) @ #j)) ⇒
    (#j < #i)"
/*
guarded formula characterizing all counter-examples:
"∃ B bid rst idx A m #i #j.
  (SealBatchEvent( B, bid, rst ) @ #i) ∧
  (SlotAdded( B, bid, idx, A, m ) @ #j)
 ∧
  ¬(#j < #i)"
*/
by sorry

lemma no_accept_after_close:
  all-traces
  "∀ B A bid idx rst m sid k #i #j.
    ((BatchClosed( B, bid, rst ) @ #i) ∧
     (ReceiverAccept( B, A, bid, idx, rst, m, sid, k ) @ #j)) ⇒
    (#j < #i)"
/*
guarded formula characterizing all counter-examples:
"∃ B A bid idx rst m sid k #i #j.
  (BatchClosed( B, bid, rst ) @ #i) ∧
  (ReceiverAccept( B, A, bid, idx, rst, m, sid, k ) @ #j)
 ∧
  ¬(#j < #i)"
*/
by sorry

lemma batch_complete_consumes_state:
  all-traces
  "∀ B bid rst #i.
    (BatchComplete( B, bid, rst ) @ #i) ⇒
    (ConsumeReceiverState( B, rst ) @ #i)"
/*
guarded formula characterizing all counter-examples:
"∃ B bid rst #i.
  (BatchComplete( B, bid, rst ) @ #i)
 ∧
  ¬(ConsumeReceiverState( B, rst ) @ #i)"
*/
by sorry

lemma batch_fail_consumes_state:
  all-traces
  "∀ B bid rst #i.
    (BatchFail( B, bid, rst ) @ #i) ⇒ (ConsumeReceiverState( B, rst ) @ #i)"
/*
guarded formula characterizing all counter-examples:
"∃ B bid rst #i.
  (BatchFail( B, bid, rst ) @ #i) ∧ ¬(ConsumeReceiverState( B, rst ) @ #i)"
*/
by sorry

lemma batch_end_token_single_use:
  all-traces
  "∀ B bid rst #i #j.
    ((UseBatchEndToken( B, bid, rst ) @ #i) ∧
     (UseBatchEndToken( B, bid, rst ) @ #j)) ⇒
    (#i = #j)"
/*
guarded formula characterizing all counter-examples:
"∃ B bid rst #i #j.
  (UseBatchEndToken( B, bid, rst ) @ #i) ∧
  (UseBatchEndToken( B, bid, rst ) @ #j)
 ∧
  ¬(#i = #j)"
*/
by sorry

lemma receiver_state_single_batch:
  all-traces
  "∀ B bid1 bid2 rst #i #j.
    ((BatchCreated( B, bid1, rst ) @ #i) ∧
     (BatchCreated( B, bid2, rst ) @ #j)) ⇒
    ((#i = #j) ∧ (bid1 = bid2))"
/*
guarded formula characterizing all counter-examples:
"∃ B bid1 bid2 rst #i #j.
  (BatchCreated( B, bid1, rst ) @ #i) ∧ (BatchCreated( B, bid2, rst ) @ #j)
 ∧
  ((¬(#i = #j)) ∨ (¬(bid1 = bid2)))"
*/
simplify
solve( (¬(#i = #j))  ∥ (¬(~bid = ~bid.1)) )
  case case_1
  solve( (#i < #j)  ∥ (#j < #i) )
    case case_1
    solve( ReceiverState( $B, rst ) ▶₀ #i )
      case CompromiseReceiverState
      solve( ReceiverState( $B, ~rst ) ▶₀ #j )
        case CompromiseReceiverState
        by contradiction /* cyclic */
      next
        case InitReceiverState
        by solve( ReceiverState( $B, ~rst ) ▶₀ #vr )
      qed
    next
      case InitReceiverState
      solve( ReceiverState( $B, ~rst ) ▶₀ #j )
        case CompromiseReceiverState
        by solve( ReceiverState( $B, ~rst ) ▶₀ #vr.1 )
      next
        case InitReceiverState
        by contradiction /* cyclic */
      qed
    qed
  next
    case case_2
    solve( ReceiverState( $B, rst ) ▶₀ #i )
      case CompromiseReceiverState
      solve( ReceiverState( $B, ~rst ) ▶₀ #j )
        case CompromiseReceiverState
        by contradiction /* cyclic */
      next
        case InitReceiverState
        by solve( ReceiverState( $B, ~rst ) ▶₀ #vr )
      qed
    next
      case InitReceiverState
      solve( ReceiverState( $B, ~rst ) ▶₀ #j )
        case CompromiseReceiverState
        by solve( ReceiverState( $B, ~rst ) ▶₀ #vr.1 )
      next
        case InitReceiverState
        by contradiction /* cyclic */
      qed
    qed
  qed
next
  case case_2
  solve( ReceiverState( $B, rst ) ▶₀ #i )
    case CompromiseReceiverState
    solve( ReceiverState( $B, ~rst ) ▶₀ #j )
      case CompromiseReceiverState
      by contradiction /* from formulas */
    next
      case InitReceiverState
      by solve( ReceiverState( $B, ~rst ) ▶₀ #vr )
    qed
  next
    case InitReceiverState
    solve( ReceiverState( $B, ~rst ) ▶₀ #j )
      case CompromiseReceiverState
      by solve( ReceiverState( $B, ~rst ) ▶₀ #vr.1 )
    next
      case InitReceiverState
      by contradiction /* from formulas */
    qed
  qed
qed

lemma receiver_state_single_batch_end:
  all-traces
  "∀ B rst #i #j.
    ((ConsumeReceiverState( B, rst ) @ #i) ∧
     (ConsumeReceiverState( B, rst ) @ #j)) ⇒
    (#i = #j)"
/*
guarded formula characterizing all counter-examples:
"∃ B rst #i #j.
  (ConsumeReceiverState( B, rst ) @ #i) ∧
  (ConsumeReceiverState( B, rst ) @ #j)
 ∧
  ¬(#i = #j)"
*/
by sorry

lemma duplicate_batch_fail_exists:
  exists-trace
  "∃ A B m sid k bid idx1 idx2 rst #s #a1 #a2 #seal #d.
    ((((((((((((((((SenderSession( A, B, m, sid, k ) @ #s) ∧
                   (Slot1Added( B, bid, rst, idx1, A, m ) @ #a1)) ∧
                  (Slot2Added( B, bid, rst, idx2, A, m ) @ #a2)) ∧
                 (SealBatchEvent( B, bid, rst ) @ #seal)) ∧
                (DuplicateDetected( B, bid, rst, idx1, A, idx2, A, m ) @ #d)) ∧
               (UseDedupDecisionToken( B, bid, rst ) @ #d)) ∧
              (BatchFail( B, bid, rst ) @ #d)) ∧
             (BatchClosed( B, bid, rst ) @ #d)) ∧
            (ConsumeReceiverState( B, rst ) @ #d)) ∧
           (¬(idx1 = idx2))) ∧
          (#s < #a1)) ∧
         (#a1 < #a2)) ∧
        (#a2 < #seal)) ∧
       (#seal < #d)) ∧
      (∀ #s2. (SenderSession( A, B, m, sid, k ) @ #s2) ⇒ (#s2 = #s))) ∧
     (¬(∃ X st #cr. CompromiseReceiverState( X, st ) @ #cr))) ∧
    (¬(∃ X st #cs. CompromiseSenderState( X, st ) @ #cs))"
/*
guarded formula characterizing all satisfying traces:
"∃ A B m sid k bid idx1 idx2 rst #s #a1 #a2 #seal #d.
  (SenderSession( A, B, m, sid, k ) @ #s) ∧
  (Slot1Added( B, bid, rst, idx1, A, m ) @ #a1) ∧
  (Slot2Added( B, bid, rst, idx2, A, m ) @ #a2) ∧
  (SealBatchEvent( B, bid, rst ) @ #seal) ∧
  (DuplicateDetected( B, bid, rst, idx1, A, idx2, A, m ) @ #d) ∧
  (UseDedupDecisionToken( B, bid, rst ) @ #d) ∧
  (BatchFail( B, bid, rst ) @ #d) ∧
  (BatchClosed( B, bid, rst ) @ #d) ∧
  (ConsumeReceiverState( B, rst ) @ #d)
 ∧
  (¬(idx1 = idx2)) ∧
  (#s < #a1) ∧
  (#a1 < #a2) ∧
  (#a2 < #seal) ∧
  (#seal < #d) ∧
  (∀ #s2. (SenderSession( A, B, m, sid, k ) @ #s2) ⇒ #s2 = #s) ∧
  (∀ X st #cr. (CompromiseReceiverState( X, st ) @ #cr) ⇒ ⊥) ∧
  (∀ X st #cs. (CompromiseSenderState( X, st ) @ #cs) ⇒ ⊥)"
*/
by sorry

lemma duplicate_detected_before_any_accept:
  all-traces
  "∀ B bid rst idx1 A1 idx2 A2 m #d.
    (DuplicateDetected( B, bid, rst, idx1, A1, idx2, A2, m ) @ #d) ⇒
    (¬(∃ A idx m2 sid k #r.
        (ReceiverAccept( B, A, bid, idx, rst, m2, sid, k ) @ #r) ∧ (#r < #d)))"
/*
guarded formula characterizing all counter-examples:
"∃ B bid rst idx1 A1 idx2 A2 m #d.
  (DuplicateDetected( B, bid, rst, idx1, A1, idx2, A2, m ) @ #d)
 ∧
  ∃ A idx m2 sid k #r.
   (ReceiverAccept( B, A, bid, idx, rst, m2, sid, k ) @ #r) ∧ #r < #d"
*/
by sorry

lemma duplicate_batch_has_no_accept:
  all-traces
  "∀ B bid rst idx1 A1 idx2 A2 m #d.
    (DuplicateDetected( B, bid, rst, idx1, A1, idx2, A2, m ) @ #d) ⇒
    (¬(∃ A idx m2 sid k #r.
        ReceiverAccept( B, A, bid, idx, rst, m2, sid, k ) @ #r))"
/*
guarded formula characterizing all counter-examples:
"∃ B bid rst idx1 A1 idx2 A2 m #d.
  (DuplicateDetected( B, bid, rst, idx1, A1, idx2, A2, m ) @ #d)
 ∧
  ∃ A idx m2 sid k #r.
   (ReceiverAccept( B, A, bid, idx, rst, m2, sid, k ) @ #r)"
*/
by sorry

lemma process_requires_dedup_pass:
  all-traces
  "∀ B A bid idx rst m sid k #r.
    (ReceiverAccept( B, A, bid, idx, rst, m, sid, k ) @ #r) ⇒
    (∃ idx1 A1 m1 idx2 A2 m2 #p.
      ((DedupPassed( B, bid, rst, idx1, A1, m1, idx2, A2, m2 ) @ #p) ∧
       (#p < #r)) ∧
      ((((idx = idx1) ∧ (A = A1)) ∧ (m = m1)) ∨
       (((idx = idx2) ∧ (A = A2)) ∧ (m = m2))))"
/*
guarded formula characterizing all counter-examples:
"∃ B A bid idx rst m sid k #r.
  (ReceiverAccept( B, A, bid, idx, rst, m, sid, k ) @ #r)
 ∧
  ∀ idx1 A1 m1 idx2 A2 m2 #p.
   (DedupPassed( B, bid, rst, idx1, A1, m1, idx2, A2, m2 ) @ #p)
  ⇒
   ((¬(#p < #r)) ∨
    ((((¬(idx = idx1)) ∨ (¬(A = A1)) ∨ (¬(m = m1)))) ∧
     (((¬(idx = idx2)) ∨ (¬(A = A2)) ∨ (¬(m = m2))))))"
*/
by sorry

lemma dedup_pass_messages_distinct:
  all-traces
  "∀ B bid rst idx1 A1 m1 idx2 A2 m2 #p.
    (DedupPassed( B, bid, rst, idx1, A1, m1, idx2, A2, m2 ) @ #p) ⇒
    (¬(m1 = m2))"
/*
guarded formula characterizing all counter-examples:
"∃ B bid rst idx1 A1 m1 idx2 A2 m2 #p.
  (DedupPassed( B, bid, rst, idx1, A1, m1, idx2, A2, m2 ) @ #p) ∧ m1 = m2"
*/
by sorry

lemma dedup_decision_single_use:
  all-traces
  "∀ B bid rst #d1 #d2.
    ((UseDedupDecisionToken( B, bid, rst ) @ #d1) ∧
     (UseDedupDecisionToken( B, bid, rst ) @ #d2)) ⇒
    (#d1 = #d2)"
/*
guarded formula characterizing all counter-examples:
"∃ B bid rst #d1 #d2.
  (UseDedupDecisionToken( B, bid, rst ) @ #d1) ∧
  (UseDedupDecisionToken( B, bid, rst ) @ #d2)
 ∧
  ¬(#d1 = #d2)"
*/
by sorry

lemma dedup_outcomes_exclusive:
  all-traces
  "∀ B bid rst idx1 A1 idx2 A2 m pidx1 PA1 pm1 pidx2 PA2 pm2 #d #p.
    ((DuplicateDetected( B, bid, rst, idx1, A1, idx2, A2, m ) @ #d) ∧
     (DedupPassed( B, bid, rst, pidx1, PA1, pm1, pidx2, PA2, pm2 ) @ #p)) ⇒
    (⊥)"
/*
guarded formula characterizing all counter-examples:
"∃ B bid rst idx1 A1 idx2 A2 m pidx1 PA1 pm1 pidx2 PA2 pm2 #d #p.
  (DuplicateDetected( B, bid, rst, idx1, A1, idx2, A2, m ) @ #d) ∧
  (DedupPassed( B, bid, rst, pidx1, PA1, pm1, pidx2, PA2, pm2 ) @ #p)"
*/
by sorry

lemma normal_distinct_batch_complete:
  exists-trace
  "∃ A B m1 m2 sid1 sid2 k1 k2 bid idx1 idx2 rst #s1 #s2 #p #r1 #r2 #c.
    ((((((((((((((((SenderSession( A, B, m1, sid1, k1 ) @ #s1) ∧
                   (SenderSession( A, B, m2, sid2, k2 ) @ #s2)) ∧
                  (DedupPassed( B, bid, rst, idx1, A, m1, idx2, A, m2 ) @ #p)) ∧
                 (ReceiverAccept( B, A, bid, idx1, rst, m1, sid1, k1 ) @ #r1)) ∧
                (ReceiverAccept( B, A, bid, idx2, rst, m2, sid2, k2 ) @ #r2)) ∧
               (BatchComplete( B, bid, rst ) @ #c)) ∧
              (¬(m1 = m2))) ∧
             (¬(idx1 = idx2))) ∧
            (¬(#r1 = #r2))) ∧
           (#s1 < #p)) ∧
          (#s2 < #p)) ∧
         (#p < #r1)) ∧
        (#p < #r2)) ∧
       (#r1 < #c)) ∧
      (#r2 < #c)) ∧
     (¬(∃ X st #cr. CompromiseReceiverState( X, st ) @ #cr))) ∧
    (¬(∃ X st #cs. CompromiseSenderState( X, st ) @ #cs))"
/*
guarded formula characterizing all satisfying traces:
"∃ A B m1 m2 sid1 sid2 k1 k2 bid idx1 idx2 rst #s1 #s2 #p #r1 #r2 #c.
  (SenderSession( A, B, m1, sid1, k1 ) @ #s1) ∧
  (SenderSession( A, B, m2, sid2, k2 ) @ #s2) ∧
  (DedupPassed( B, bid, rst, idx1, A, m1, idx2, A, m2 ) @ #p) ∧
  (ReceiverAccept( B, A, bid, idx1, rst, m1, sid1, k1 ) @ #r1) ∧
  (ReceiverAccept( B, A, bid, idx2, rst, m2, sid2, k2 ) @ #r2) ∧
  (BatchComplete( B, bid, rst ) @ #c)
 ∧
  (¬(m1 = m2)) ∧
  (¬(idx1 = idx2)) ∧
  (¬(#r1 = #r2)) ∧
  (#s1 < #p) ∧
  (#s2 < #p) ∧
  (#p < #r1) ∧
  (#p < #r2) ∧
  (#r1 < #c) ∧
  (#r2 < #c) ∧
  (∀ X st #cr. (CompromiseReceiverState( X, st ) @ #cr) ⇒ ⊥) ∧
  (∀ X st #cs. (CompromiseSenderState( X, st ) @ #cs) ⇒ ⊥)"
*/
by sorry

lemma normal_distinct_fail_slot1_exists:
  exists-trace
  "∃ A B m1 m2 sid1 sid2 k1 k2 bid idx1 idx2 rst #s1 #s2 #p #f.
    ((((((SenderSession( A, B, m1, sid1, k1 ) @ #s1) ∧
         (SenderSession( A, B, m2, sid2, k2 ) @ #s2)) ∧
        (DedupPassed( B, bid, rst, idx1, A, m1, idx2, A, m2 ) @ #p)) ∧
       (BatchSlotFail( B, bid, idx1, A, rst, m1 ) @ #f)) ∧
      (BatchFail( B, bid, rst ) @ #f)) ∧
     (¬(m1 = m2))) ∧
    (#p < #f)"
/*
guarded formula characterizing all satisfying traces:
"∃ A B m1 m2 sid1 sid2 k1 k2 bid idx1 idx2 rst #s1 #s2 #p #f.
  (SenderSession( A, B, m1, sid1, k1 ) @ #s1) ∧
  (SenderSession( A, B, m2, sid2, k2 ) @ #s2) ∧
  (DedupPassed( B, bid, rst, idx1, A, m1, idx2, A, m2 ) @ #p) ∧
  (BatchSlotFail( B, bid, idx1, A, rst, m1 ) @ #f) ∧
  (BatchFail( B, bid, rst ) @ #f)
 ∧
  (¬(m1 = m2)) ∧ (#p < #f)"
*/
by sorry

lemma normal_distinct_fail_slot2_exists:
  exists-trace
  "∃ A B m1 m2 sid1 sid2 k1 k2 bid idx1 idx2 rst #s1 #s2 #p #r #f.
    ((((((((SenderSession( A, B, m1, sid1, k1 ) @ #s1) ∧
           (SenderSession( A, B, m2, sid2, k2 ) @ #s2)) ∧
          (DedupPassed( B, bid, rst, idx1, A, m1, idx2, A, m2 ) @ #p)) ∧
         (ReceiverAccept( B, A, bid, idx1, rst, m1, sid1, k1 ) @ #r)) ∧
        (BatchSlotFail( B, bid, idx2, A, rst, m2 ) @ #f)) ∧
       (BatchFail( B, bid, rst ) @ #f)) ∧
      (¬(m1 = m2))) ∧
     (#p < #r)) ∧
    (#r < #f)"
/*
guarded formula characterizing all satisfying traces:
"∃ A B m1 m2 sid1 sid2 k1 k2 bid idx1 idx2 rst #s1 #s2 #p #r #f.
  (SenderSession( A, B, m1, sid1, k1 ) @ #s1) ∧
  (SenderSession( A, B, m2, sid2, k2 ) @ #s2) ∧
  (DedupPassed( B, bid, rst, idx1, A, m1, idx2, A, m2 ) @ #p) ∧
  (ReceiverAccept( B, A, bid, idx1, rst, m1, sid1, k1 ) @ #r) ∧
  (BatchSlotFail( B, bid, idx2, A, rst, m2 ) @ #f) ∧
  (BatchFail( B, bid, rst ) @ #f)
 ∧
  (¬(m1 = m2)) ∧ (#p < #r) ∧ (#r < #f)"
*/
by sorry

lemma batch_fail_complete_exclusive:
  all-traces
  "∀ B bid rst #f #c.
    ((BatchFail( B, bid, rst ) @ #f) ∧ (BatchComplete( B, bid, rst ) @ #c)) ⇒
    (⊥)"
/*
guarded formula characterizing all counter-examples:
"∃ B bid rst #f #c.
  (BatchFail( B, bid, rst ) @ #f) ∧ (BatchComplete( B, bid, rst ) @ #c)"
*/
by sorry

lemma state_consumed_on_duplicate_fail:
  all-traces
  "∀ B bid rst idx1 A1 idx2 A2 m #d.
    (DuplicateDetected( B, bid, rst, idx1, A1, idx2, A2, m ) @ #d) ⇒
    (((BatchFail( B, bid, rst ) @ #d) ∧ (BatchClosed( B, bid, rst ) @ #d)) ∧
     (ConsumeReceiverState( B, rst ) @ #d))"
/*
guarded formula characterizing all counter-examples:
"∃ B bid rst idx1 A1 idx2 A2 m #d.
  (DuplicateDetected( B, bid, rst, idx1, A1, idx2, A2, m ) @ #d)
 ∧
  ((¬(BatchFail( B, bid, rst ) @ #d)) ∨
   (¬(BatchClosed( B, bid, rst ) @ #d)) ∨
   (¬(ConsumeReceiverState( B, rst ) @ #d)))"
*/
by sorry

/* All wellformedness checks were successful. */

/*
Generated from:
Tamarin version 1.12.0
Maude version 3.5.1
Git revision: UNKNOWN, branch: UNKNOWN
Compiled at: 2026-03-08 10:05:47.616272992 UTC
*/

end

==============================================================================
summary of summaries:

analyzed: tamarin/replay/kwaay_replay_fixed.spthy

  processing time: 16.84s
  
  normal_single_accept (exists-trace): analysis incomplete (1 steps)
  normal_batch_complete (exists-trace): analysis incomplete (1 steps)
  one_send_two_accepts_exists (exists-trace): analysis incomplete (1 steps)
  same_message_accepted_at_most_once (all-traces): analysis incomplete (1 steps)
  full_message_unique_send (all-traces): analysis incomplete (1 steps)
  receiver_accept_has_sender (all-traces): analysis incomplete (1 steps)
  injective_receiver_accept (all-traces): analysis incomplete (1 steps)
  slot_indices_distinct (all-traces): analysis incomplete (1 steps)
  process_requires_slot_added (all-traces): analysis incomplete (1 steps)
  process_requires_seal (all-traces): analysis incomplete (1 steps)
  complete_requires_all_slots_processed (all-traces): analysis incomplete (1 steps)
  no_add_after_seal (all-traces): analysis incomplete (1 steps)
  no_accept_after_close (all-traces): analysis incomplete (1 steps)
  batch_complete_consumes_state (all-traces): analysis incomplete (1 steps)
  batch_fail_consumes_state (all-traces): analysis incomplete (1 steps)
  batch_end_token_single_use (all-traces): analysis incomplete (1 steps)
  receiver_state_single_batch (all-traces): verified (24 steps)
  receiver_state_single_batch_end (all-traces): analysis incomplete (1 steps)
  duplicate_batch_fail_exists (exists-trace): analysis incomplete (1 steps)
  duplicate_detected_before_any_accept (all-traces): analysis incomplete (1 steps)
  duplicate_batch_has_no_accept (all-traces): analysis incomplete (1 steps)
  process_requires_dedup_pass (all-traces): analysis incomplete (1 steps)
  dedup_pass_messages_distinct (all-traces): analysis incomplete (1 steps)
  dedup_decision_single_use (all-traces): analysis incomplete (1 steps)
  dedup_outcomes_exclusive (all-traces): analysis incomplete (1 steps)
  normal_distinct_batch_complete (exists-trace): analysis incomplete (1 steps)
  normal_distinct_fail_slot1_exists (exists-trace): analysis incomplete (1 steps)
  normal_distinct_fail_slot2_exists (exists-trace): analysis incomplete (1 steps)
  batch_fail_complete_exclusive (all-traces): analysis incomplete (1 steps)
  state_consumed_on_duplicate_fail (all-traces): analysis incomplete (1 steps)

==============================================================================
