maude tool: 'maude'
 checking version: 3.5.1. OK.
 checking installation: OK.
diffLemma
[Theory Kwaay_Deniability_Core_Diff] Theory loaded
[Theory Kwaay_Deniability_Core_Diff] Theory translated
[Theory Kwaay_Deniability_Core_Diff] Derivation checks started
[Saturating Sources] Step 1 (Max 5)
[Saturating Sources] Done
[Theory Kwaay_Deniability_Core_Diff] Derivation checks ended
[Theory Kwaay_Deniability_Core_Diff] Theory closed
[Saturating Sources] Step 1 (Max 5)
[Saturating Sources] Done
[Saturating Sources] Step 1 (Max 5)
[Saturating Sources] Done
theory Kwaay_Deniability_Core_Diff

begin

// Function signature and definition of the equational theory E

functions: ekem_ct/2, ekpk/1, fst/1, h/1, kpk/1, lkem_ct/2, pair/2, pk/2,
           receiver_payload/2, receiver_prekey/3, sender_payload/1, sender_prekey/2,
           sid_of/7, sign/2, skem_component/3, skem_rpk/1, skem_spk/1, snd/1, spk/1
equations: fst(<x.1, x.2>) = x.1, snd(<x.1, x.2>) = x.2

rule (modulo E) CoreTranscript_Diff:
   [
   Fr( ~sigSkA ), Fr( ~kemSkA ), Fr( ~senderSkA ), Fr( ~sigSkB ),
   Fr( ~kemSkB ), Fr( ~receiverSkB ), Fr( ~receiverEskB ), Fr( ~rhoL ),
   Fr( ~rhoK ), Fr( ~rhoS )
   ]
  --[
  CoreRealTranscript( $A, $B,
                      <$A, $B, pk(spk(~sigSkA), kpk(~kemSkA)), pk(spk(~sigSkB), kpk(~kemSkB)), 
                       sender_prekey(skem_spk(~senderSkA),
                                     sign(~sigSkA, sender_payload(skem_spk(~senderSkA)))), 
                       receiver_prekey(skem_rpk(~receiverSkB), ekpk(~receiverEskB),
                                       sign(~sigSkB,
                                            receiver_payload(skem_rpk(~receiverSkB), ekpk(~receiverEskB)))), 
                       <lkem_ct(kpk(~kemSkB), ~rhoL), ekem_ct(ekpk(~receiverEskB), ~rhoK), 
                        skem_component(skem_spk(~senderSkA), skem_rpk(~receiverSkB), ~rhoS)>, 
                       sid_of($A, $B, pk(spk(~sigSkA), kpk(~kemSkA)),
                              pk(spk(~sigSkB), kpk(~kemSkB)),
                              sender_prekey(skem_spk(~senderSkA),
                                            sign(~sigSkA, sender_payload(skem_spk(~senderSkA)))),
                              receiver_prekey(skem_rpk(~receiverSkB), ekpk(~receiverEskB),
                                              sign(~sigSkB,
                                                   receiver_payload(skem_rpk(~receiverSkB),
                                                                    ekpk(~receiverEskB)))),
                              <lkem_ct(kpk(~kemSkB), ~rhoL), ekem_ct(ekpk(~receiverEskB), ~rhoK), 
                               skem_component(skem_spk(~senderSkA), skem_rpk(~receiverSkB), ~rhoS)>)
                      >,
                      sid_of($A, $B, pk(spk(~sigSkA), kpk(~kemSkA)),
                             pk(spk(~sigSkB), kpk(~kemSkB)),
                             sender_prekey(skem_spk(~senderSkA),
                                           sign(~sigSkA, sender_payload(skem_spk(~senderSkA)))),
                             receiver_prekey(skem_rpk(~receiverSkB), ekpk(~receiverEskB),
                                             sign(~sigSkB,
                                                  receiver_payload(skem_rpk(~receiverSkB),
                                                                   ekpk(~receiverEskB)))),
                             <lkem_ct(kpk(~kemSkB), ~rhoL), ekem_ct(ekpk(~receiverEskB), ~rhoK), 
                              skem_component(skem_spk(~senderSkA), skem_rpk(~receiverSkB), ~rhoS)>)
  ),
  CoreSimulatedTranscript( $A, $B,
                           <$A, $B, pk(spk(~sigSkA), kpk(~kemSkA)), pk(spk(~sigSkB), kpk(~kemSkB)), 
                            sender_prekey(skem_spk(~senderSkA),
                                          sign(~sigSkA, sender_payload(skem_spk(~senderSkA)))), 
                            receiver_prekey(skem_rpk(~receiverSkB), ekpk(~receiverEskB),
                                            sign(~sigSkB,
                                                 receiver_payload(skem_rpk(~receiverSkB),
                                                                  ekpk(~receiverEskB)))), 
                            <lkem_ct(kpk(~kemSkB), ~rhoL), ekem_ct(ekpk(~receiverEskB), ~rhoK), 
                             skem_component(skem_spk(~senderSkA), skem_rpk(~receiverSkB), ~rhoS)>, 
                            sid_of($A, $B, pk(spk(~sigSkA), kpk(~kemSkA)),
                                   pk(spk(~sigSkB), kpk(~kemSkB)),
                                   sender_prekey(skem_spk(~senderSkA),
                                                 sign(~sigSkA, sender_payload(skem_spk(~senderSkA)))),
                                   receiver_prekey(skem_rpk(~receiverSkB), ekpk(~receiverEskB),
                                                   sign(~sigSkB,
                                                        receiver_payload(skem_rpk(~receiverSkB),
                                                                         ekpk(~receiverEskB)))),
                                   <lkem_ct(kpk(~kemSkB), ~rhoL), ekem_ct(ekpk(~receiverEskB), ~rhoK), 
                                    skem_component(skem_spk(~senderSkA), skem_rpk(~receiverSkB), ~rhoS)>)
                           >,
                           sid_of($A, $B, pk(spk(~sigSkA), kpk(~kemSkA)),
                                  pk(spk(~sigSkB), kpk(~kemSkB)),
                                  sender_prekey(skem_spk(~senderSkA),
                                                sign(~sigSkA, sender_payload(skem_spk(~senderSkA)))),
                                  receiver_prekey(skem_rpk(~receiverSkB), ekpk(~receiverEskB),
                                                  sign(~sigSkB,
                                                       receiver_payload(skem_rpk(~receiverSkB),
                                                                        ekpk(~receiverEskB)))),
                                  <lkem_ct(kpk(~kemSkB), ~rhoL), ekem_ct(ekpk(~receiverEskB), ~rhoK), 
                                   skem_component(skem_spk(~senderSkA), skem_rpk(~receiverSkB), ~rhoS)>)
  ),
  JudgeViewPublic( $A, $B )
  ]->
   [
   Out( pk(spk(~sigSkA), kpk(~kemSkA)) ),
   Out( pk(spk(~sigSkB), kpk(~kemSkB)) ),
   Out( sender_prekey(skem_spk(~senderSkA),
                      sign(~sigSkA, sender_payload(skem_spk(~senderSkA))))
   ),
   Out( receiver_prekey(skem_rpk(~receiverSkB), ekpk(~receiverEskB),
                        sign(~sigSkB,
                             receiver_payload(skem_rpk(~receiverSkB), ekpk(~receiverEskB))))
   ),
   Out( diff(<$A, $B, pk(spk(~sigSkA), kpk(~kemSkA)), 
              pk(spk(~sigSkB), kpk(~kemSkB)), 
              sender_prekey(skem_spk(~senderSkA),
                            sign(~sigSkA, sender_payload(skem_spk(~senderSkA)))), 
              receiver_prekey(skem_rpk(~receiverSkB), ekpk(~receiverEskB),
                              sign(~sigSkB,
                                   receiver_payload(skem_rpk(~receiverSkB), ekpk(~receiverEskB)))), 
              <lkem_ct(kpk(~kemSkB), ~rhoL), ekem_ct(ekpk(~receiverEskB), ~rhoK), 
               skem_component(skem_spk(~senderSkA), skem_rpk(~receiverSkB), ~rhoS)>, 
              sid_of($A, $B, pk(spk(~sigSkA), kpk(~kemSkA)),
                     pk(spk(~sigSkB), kpk(~kemSkB)),
                     sender_prekey(skem_spk(~senderSkA),
                                   sign(~sigSkA, sender_payload(skem_spk(~senderSkA)))),
                     receiver_prekey(skem_rpk(~receiverSkB), ekpk(~receiverEskB),
                                     sign(~sigSkB,
                                          receiver_payload(skem_rpk(~receiverSkB), ekpk(~receiverEskB)))),
                     <lkem_ct(kpk(~kemSkB), ~rhoL), ekem_ct(ekpk(~receiverEskB), ~rhoK), 
                      skem_component(skem_spk(~senderSkA), skem_rpk(~receiverSkB), ~rhoS)>)
             >, <$A, $B, pk(spk(~sigSkA), kpk(~kemSkA)), 
                 pk(spk(~sigSkB), kpk(~kemSkB)), 
                 sender_prekey(skem_spk(~senderSkA),
                               sign(~sigSkA, sender_payload(skem_spk(~senderSkA)))), 
                 receiver_prekey(skem_rpk(~receiverSkB), ekpk(~receiverEskB),
                                 sign(~sigSkB,
                                      receiver_payload(skem_rpk(~receiverSkB), ekpk(~receiverEskB)))), 
                 <lkem_ct(kpk(~kemSkB), ~rhoL), ekem_ct(ekpk(~receiverEskB), ~rhoK), 
                  skem_component(skem_spk(~senderSkA), skem_rpk(~receiverSkB), ~rhoS)>, 
                 sid_of($A, $B, pk(spk(~sigSkA), kpk(~kemSkA)),
                        pk(spk(~sigSkB), kpk(~kemSkB)),
                        sender_prekey(skem_spk(~senderSkA),
                                      sign(~sigSkA, sender_payload(skem_spk(~senderSkA)))),
                        receiver_prekey(skem_rpk(~receiverSkB), ekpk(~receiverEskB),
                                        sign(~sigSkB,
                                             receiver_payload(skem_rpk(~receiverSkB), ekpk(~receiverEskB)))),
                        <lkem_ct(kpk(~kemSkB), ~rhoL), ekem_ct(ekpk(~receiverEskB), ~rhoK), 
                         skem_component(skem_spk(~senderSkA), skem_rpk(~receiverSkB), ~rhoS)>)
                >)
   ),
   Out( diff(sid_of($A, $B, pk(spk(~sigSkA), kpk(~kemSkA)),
                    pk(spk(~sigSkB), kpk(~kemSkB)),
                    sender_prekey(skem_spk(~senderSkA),
                                  sign(~sigSkA, sender_payload(skem_spk(~senderSkA)))),
                    receiver_prekey(skem_rpk(~receiverSkB), ekpk(~receiverEskB),
                                    sign(~sigSkB,
                                         receiver_payload(skem_rpk(~receiverSkB), ekpk(~receiverEskB)))),
                    <lkem_ct(kpk(~kemSkB), ~rhoL), ekem_ct(ekpk(~receiverEskB), ~rhoK), 
                     skem_component(skem_spk(~senderSkA), skem_rpk(~receiverSkB), ~rhoS)
                    >), sid_of($A, $B, pk(spk(~sigSkA), kpk(~kemSkA)),
                               pk(spk(~sigSkB), kpk(~kemSkB)),
                               sender_prekey(skem_spk(~senderSkA),
                                             sign(~sigSkA, sender_payload(skem_spk(~senderSkA)))),
                               receiver_prekey(skem_rpk(~receiverSkB), ekpk(~receiverEskB),
                                               sign(~sigSkB,
                                                    receiver_payload(skem_rpk(~receiverSkB),
                                                                     ekpk(~receiverEskB)))),
                               <lkem_ct(kpk(~kemSkB), ~rhoL), ekem_ct(ekpk(~receiverEskB), ~rhoK), 
                                skem_component(skem_spk(~senderSkA), skem_rpk(~receiverSkB), ~rhoS)>))
   )
   ]

lemma executable_core_real_transcript [right]:
  exists-trace
  "∃ A B tr sidv #i. CoreRealTranscript( A, B, tr, sidv ) @ #i"
/*
guarded formula characterizing all satisfying traces:
"∃ A B tr sidv #i. (CoreRealTranscript( A, B, tr, sidv ) @ #i)"
*/
simplify
SOLVED // trace found

lemma executable_core_real_transcript [left]:
  exists-trace
  "∃ A B tr sidv #i. CoreRealTranscript( A, B, tr, sidv ) @ #i"
/*
guarded formula characterizing all satisfying traces:
"∃ A B tr sidv #i. (CoreRealTranscript( A, B, tr, sidv ) @ #i)"
*/
simplify
SOLVED // trace found

lemma executable_core_simulated_transcript [right]:
  exists-trace
  "∃ A B tr sidv #i. CoreSimulatedTranscript( A, B, tr, sidv ) @ #i"
/*
guarded formula characterizing all satisfying traces:
"∃ A B tr sidv #i. (CoreSimulatedTranscript( A, B, tr, sidv ) @ #i)"
*/
simplify
SOLVED // trace found

lemma executable_core_simulated_transcript [left]:
  exists-trace
  "∃ A B tr sidv #i. CoreSimulatedTranscript( A, B, tr, sidv ) @ #i"
/*
guarded formula characterizing all satisfying traces:
"∃ A B tr sidv #i. (CoreSimulatedTranscript( A, B, tr, sidv ) @ #i)"
*/
simplify
SOLVED // trace found

diffLemma Observational_equivalence:
rule-equivalence
  case Rule_CoreTranscript_Diff
  backward-search
    case LHS
    step( simplify )
    MIRRORED
  next
    case RHS
    step( simplify )
    MIRRORED
  qed
next
  case Rule_Destrd_0_fst
  backward-search
    case LHS
    step( simplify )
    step( solve( !KD( <x, x.1> ) ▶₀ #i ) )
      case CoreTranscript_Diff_case_1
      by step( contradiction /* impossible chain */ )
    next
      case CoreTranscript_Diff_case_2
      by step( contradiction /* impossible chain */ )
    next
      case CoreTranscript_Diff_case_3
      by step( contradiction /* impossible chain */ )
    next
      case CoreTranscript_Diff_case_4
      by step( contradiction /* impossible chain */ )
    next
      case CoreTranscript_Diff_case_5
      step( solve( (#vl, 0) ~~> (#i, 0) ) )
        case d_0_fst
        by step( contradiction /* impossible chain */ )
      next
        case d_0_snd
        step( solve( (#vr.1, 0) ~~> (#i, 0) ) )
          case d_0_fst
          by step( contradiction /* impossible chain */ )
        next
          case d_0_snd
          step( solve( (#vr.2, 0) ~~> (#i, 0) ) )
            case d_0_fst
            by step( contradiction /* impossible chain */ )
          next
            case d_0_snd
            step( solve( (#vr.3, 0) ~~> (#i, 0) ) )
              case d_0_fst
              by step( contradiction /* impossible chain */ )
            next
              case d_0_snd
              step( solve( (#vr.4, 0) ~~> (#i, 0) ) )
                case d_0_fst
                by step( contradiction /* impossible chain */ )
              next
                case d_0_snd
                step( solve( (#vr.5, 0) ~~> (#i, 0) ) )
                  case d_0_fst
                  by step( contradiction /* impossible chain */ )
                next
                  case d_0_snd
                  step( solve( (#vr.6, 0) ~~> (#i, 0) ) )
                    case d_0_fst
                    step( solve( (#vr.7, 0) ~~> (#i, 0) ) )
                      case d_0_fst
                      by step( contradiction /* impossible chain */ )
                    next
                      case d_0_snd
                      step( solve( (#vr.8, 0) ~~> (#i, 0) ) )
                        case d_0_fst
                        by step( contradiction /* impossible chain */ )
                      next
                        case d_0_snd
                        by step( contradiction /* impossible chain */ )
                      next
                        case pair
                        MIRRORED
                      qed
                    next
                      case pair
                      MIRRORED
                    qed
                  next
                    case d_0_snd
                    by step( solve( (#vr.7, 0) ~~> (#i, 0) ) )
                  next
                    case pair
                    MIRRORED
                  qed
                next
                  case pair
                  MIRRORED
                qed
              next
                case pair
                MIRRORED
              qed
            next
              case pair
              MIRRORED
            qed
          next
            case pair
            MIRRORED
          qed
        next
          case pair
          MIRRORED
        qed
      next
        case pair
        MIRRORED
      qed
    next
      case CoreTranscript_Diff_case_6
      by step( solve( (#vl, 0) ~~> (#i, 0) ) )
    qed
  next
    case RHS
    step( simplify )
    step( solve( !KD( <x, x.1> ) ▶₀ #i ) )
      case CoreTranscript_Diff_case_1
      by step( contradiction /* impossible chain */ )
    next
      case CoreTranscript_Diff_case_2
      by step( contradiction /* impossible chain */ )
    next
      case CoreTranscript_Diff_case_3
      by step( contradiction /* impossible chain */ )
    next
      case CoreTranscript_Diff_case_4
      by step( contradiction /* impossible chain */ )
    next
      case CoreTranscript_Diff_case_5
      step( solve( (#vl, 0) ~~> (#i, 0) ) )
        case d_0_fst
        by step( contradiction /* impossible chain */ )
      next
        case d_0_snd
        step( solve( (#vr.1, 0) ~~> (#i, 0) ) )
          case d_0_fst
          by step( contradiction /* impossible chain */ )
        next
          case d_0_snd
          step( solve( (#vr.2, 0) ~~> (#i, 0) ) )
            case d_0_fst
            by step( contradiction /* impossible chain */ )
          next
            case d_0_snd
            step( solve( (#vr.3, 0) ~~> (#i, 0) ) )
              case d_0_fst
              by step( contradiction /* impossible chain */ )
            next
              case d_0_snd
              step( solve( (#vr.4, 0) ~~> (#i, 0) ) )
                case d_0_fst
                by step( contradiction /* impossible chain */ )
              next
                case d_0_snd
                step( solve( (#vr.5, 0) ~~> (#i, 0) ) )
                  case d_0_fst
                  by step( contradiction /* impossible chain */ )
                next
                  case d_0_snd
                  step( solve( (#vr.6, 0) ~~> (#i, 0) ) )
                    case d_0_fst
                    step( solve( (#vr.7, 0) ~~> (#i, 0) ) )
                      case d_0_fst
                      by step( contradiction /* impossible chain */ )
                    next
                      case d_0_snd
                      step( solve( (#vr.8, 0) ~~> (#i, 0) ) )
                        case d_0_fst
                        by step( contradiction /* impossible chain */ )
                      next
                        case d_0_snd
                        by step( contradiction /* impossible chain */ )
                      next
                        case pair
                        MIRRORED
                      qed
                    next
                      case pair
                      MIRRORED
                    qed
                  next
                    case d_0_snd
                    by step( solve( (#vr.7, 0) ~~> (#i, 0) ) )
                  next
                    case pair
                    MIRRORED
                  qed
                next
                  case pair
                  MIRRORED
                qed
              next
                case pair
                MIRRORED
              qed
            next
              case pair
              MIRRORED
            qed
          next
            case pair
            MIRRORED
          qed
        next
          case pair
          MIRRORED
        qed
      next
        case pair
        MIRRORED
      qed
    next
      case CoreTranscript_Diff_case_6
      by step( solve( (#vl, 0) ~~> (#i, 0) ) )
    qed
  qed
next
  case Rule_Destrd_0_snd
  backward-search
    case LHS
    step( simplify )
    step( solve( !KD( <x, x.1> ) ▶₀ #i ) )
      case CoreTranscript_Diff_case_1
      by step( contradiction /* impossible chain */ )
    next
      case CoreTranscript_Diff_case_2
      by step( contradiction /* impossible chain */ )
    next
      case CoreTranscript_Diff_case_3
      by step( contradiction /* impossible chain */ )
    next
      case CoreTranscript_Diff_case_4
      by step( contradiction /* impossible chain */ )
    next
      case CoreTranscript_Diff_case_5
      step( solve( (#vl, 0) ~~> (#i, 0) ) )
        case d_0_fst
        by step( contradiction /* impossible chain */ )
      next
        case d_0_snd
        step( solve( (#vr.1, 0) ~~> (#i, 0) ) )
          case d_0_fst
          by step( contradiction /* impossible chain */ )
        next
          case d_0_snd
          step( solve( (#vr.2, 0) ~~> (#i, 0) ) )
            case d_0_fst
            by step( contradiction /* impossible chain */ )
          next
            case d_0_snd
            step( solve( (#vr.3, 0) ~~> (#i, 0) ) )
              case d_0_fst
              by step( contradiction /* impossible chain */ )
            next
              case d_0_snd
              step( solve( (#vr.4, 0) ~~> (#i, 0) ) )
                case d_0_fst
                by step( contradiction /* impossible chain */ )
              next
                case d_0_snd
                step( solve( (#vr.5, 0) ~~> (#i, 0) ) )
                  case d_0_fst
                  by step( contradiction /* impossible chain */ )
                next
                  case d_0_snd
                  step( solve( (#vr.6, 0) ~~> (#i, 0) ) )
                    case d_0_fst
                    step( solve( (#vr.7, 0) ~~> (#i, 0) ) )
                      case d_0_fst
                      by step( contradiction /* impossible chain */ )
                    next
                      case d_0_snd
                      step( solve( (#vr.8, 0) ~~> (#i, 0) ) )
                        case d_0_fst
                        by step( contradiction /* impossible chain */ )
                      next
                        case d_0_snd
                        by step( contradiction /* impossible chain */ )
                      next
                        case pair
                        MIRRORED
                      qed
                    next
                      case pair
                      MIRRORED
                    qed
                  next
                    case d_0_snd
                    by step( solve( (#vr.7, 0) ~~> (#i, 0) ) )
                  next
                    case pair
                    MIRRORED
                  qed
                next
                  case pair
                  MIRRORED
                qed
              next
                case pair
                MIRRORED
              qed
            next
              case pair
              MIRRORED
            qed
          next
            case pair
            MIRRORED
          qed
        next
          case pair
          MIRRORED
        qed
      next
        case pair
        MIRRORED
      qed
    next
      case CoreTranscript_Diff_case_6
      by step( solve( (#vl, 0) ~~> (#i, 0) ) )
    qed
  next
    case RHS
    step( simplify )
    step( solve( !KD( <x, x.1> ) ▶₀ #i ) )
      case CoreTranscript_Diff_case_1
      by step( contradiction /* impossible chain */ )
    next
      case CoreTranscript_Diff_case_2
      by step( contradiction /* impossible chain */ )
    next
      case CoreTranscript_Diff_case_3
      by step( contradiction /* impossible chain */ )
    next
      case CoreTranscript_Diff_case_4
      by step( contradiction /* impossible chain */ )
    next
      case CoreTranscript_Diff_case_5
      step( solve( (#vl, 0) ~~> (#i, 0) ) )
        case d_0_fst
        by step( contradiction /* impossible chain */ )
      next
        case d_0_snd
        step( solve( (#vr.1, 0) ~~> (#i, 0) ) )
          case d_0_fst
          by step( contradiction /* impossible chain */ )
        next
          case d_0_snd
          step( solve( (#vr.2, 0) ~~> (#i, 0) ) )
            case d_0_fst
            by step( contradiction /* impossible chain */ )
          next
            case d_0_snd
            step( solve( (#vr.3, 0) ~~> (#i, 0) ) )
              case d_0_fst
              by step( contradiction /* impossible chain */ )
            next
              case d_0_snd
              step( solve( (#vr.4, 0) ~~> (#i, 0) ) )
                case d_0_fst
                by step( contradiction /* impossible chain */ )
              next
                case d_0_snd
                step( solve( (#vr.5, 0) ~~> (#i, 0) ) )
                  case d_0_fst
                  by step( contradiction /* impossible chain */ )
                next
                  case d_0_snd
                  step( solve( (#vr.6, 0) ~~> (#i, 0) ) )
                    case d_0_fst
                    step( solve( (#vr.7, 0) ~~> (#i, 0) ) )
                      case d_0_fst
                      by step( contradiction /* impossible chain */ )
                    next
                      case d_0_snd
                      step( solve( (#vr.8, 0) ~~> (#i, 0) ) )
                        case d_0_fst
                        by step( contradiction /* impossible chain */ )
                      next
                        case d_0_snd
                        by step( contradiction /* impossible chain */ )
                      next
                        case pair
                        MIRRORED
                      qed
                    next
                      case pair
                      MIRRORED
                    qed
                  next
                    case d_0_snd
                    by step( solve( (#vr.7, 0) ~~> (#i, 0) ) )
                  next
                    case pair
                    MIRRORED
                  qed
                next
                  case pair
                  MIRRORED
                qed
              next
                case pair
                MIRRORED
              qed
            next
              case pair
              MIRRORED
            qed
          next
            case pair
            MIRRORED
          qed
        next
          case pair
          MIRRORED
        qed
      next
        case pair
        MIRRORED
      qed
    next
      case CoreTranscript_Diff_case_6
      by step( solve( (#vl, 0) ~~> (#i, 0) ) )
    qed
  qed
next
  case Rule_Equality
  backward-search
    case LHS
    step( simplify )
    step( solve( !KD( x ) ▶₁ #i ) )
      case CoreTranscript_Diff_case_1
      step( solve( (#vl, 0) ~~> (#i, 1) ) )
        case pk
        step( solve( !KU( pk(spk(~sigSkA), kpk(~kemSkA)) ) @ #vk ) )
          case CoreTranscript_Diff_case_1
          MIRRORED
        next
          case CoreTranscript_Diff_case_2
          MIRRORED
        next
          case c_pk
          step( solve( !KU( spk(~sigSkA) ) @ #vk.1 ) )
            case c_spk
            by step( solve( !KU( ~sigSkA ) @ #vk.3 ) )
          qed
        qed
      qed
    next
      case CoreTranscript_Diff_case_2
      step( solve( (#vl, 0) ~~> (#i, 1) ) )
        case pk
        step( solve( !KU( pk(spk(~sigSkB), kpk(~kemSkB)) ) @ #vk ) )
          case CoreTranscript_Diff_case_1
          MIRRORED
        next
          case CoreTranscript_Diff_case_2
          MIRRORED
        next
          case c_pk
          step( solve( !KU( spk(~sigSkB) ) @ #vk.1 ) )
            case c_spk
            by step( solve( !KU( ~sigSkB ) @ #vk.3 ) )
          qed
        qed
      qed
    next
      case CoreTranscript_Diff_case_3
      step( solve( (#vl, 0) ~~> (#i, 1) ) )
        case sender_prekey
        step( solve( !KU( sender_prekey(skem_spk(~senderSkA),
                                        sign(~sigSkA, sender_payload(skem_spk(~senderSkA))))
                     ) @ #vk ) )
          case CoreTranscript_Diff_case_1
          MIRRORED
        next
          case CoreTranscript_Diff_case_2
          MIRRORED
        next
          case c_sender_prekey
          step( solve( !KU( skem_spk(~senderSkA) ) @ #vk.1 ) )
            case c_skem_spk
            by step( solve( !KU( ~senderSkA ) @ #vk.3 ) )
          qed
        qed
      qed
    next
      case CoreTranscript_Diff_case_4
      step( solve( (#vl, 0) ~~> (#i, 1) ) )
        case receiver_prekey
        step( solve( !KU( receiver_prekey(skem_rpk(~receiverSkB),
                                          ekpk(~receiverEskB),
                                          sign(~sigSkB,
                                               receiver_payload(skem_rpk(~receiverSkB), ekpk(~receiverEskB))))
                     ) @ #vk ) )
          case CoreTranscript_Diff_case_1
          MIRRORED
        next
          case CoreTranscript_Diff_case_2
          MIRRORED
        next
          case c_receiver_prekey
          step( solve( !KU( skem_rpk(~receiverSkB) ) @ #vk.1 ) )
            case c_skem_rpk
            by step( solve( !KU( ~receiverSkB ) @ #vk.4 ) )
          qed
        qed
      qed
    next
      case CoreTranscript_Diff_case_5
      step( solve( (#vl, 0) ~~> (#i, 1) ) )
        case d_0_fst
        step( solve( (#vr.1, 0) ~~> (#i, 1) ) )
          case Var_pub_A
          step( solve( !KU( $A ) @ #vk ) )
            case coerce
            step( solve( !KD( $A ) ▶₀ #vk ) )
              case CoreTranscript_Diff_case_1
              by step( contradiction /* impossible chain */ )
            next
              case CoreTranscript_Diff_case_2
              by step( contradiction /* impossible chain */ )
            next
              case CoreTranscript_Diff_case_3
              by step( contradiction /* impossible chain */ )
            next
              case CoreTranscript_Diff_case_4
              by step( contradiction /* impossible chain */ )
            next
              case CoreTranscript_Diff_case_5
              by step( contradiction /* impossible chain */ )
            next
              case CoreTranscript_Diff_case_6
              by step( contradiction /* impossible chain */ )
            qed
          next
            case pub
            MIRRORED
          qed
        qed
      next
        case d_0_snd
        step( solve( (#vr.1, 0) ~~> (#i, 1) ) )
          case d_0_fst
          step( solve( (#vr.2, 0) ~~> (#i, 1) ) )
            case Var_pub_B
            step( solve( !KU( $B ) @ #vk ) )
              case coerce
              step( solve( !KD( $B ) ▶₀ #vk ) )
                case CoreTranscript_Diff_case_1
                by step( contradiction /* impossible chain */ )
              next
                case CoreTranscript_Diff_case_2
                by step( contradiction /* impossible chain */ )
              next
                case CoreTranscript_Diff_case_3
                by step( contradiction /* impossible chain */ )
              next
                case CoreTranscript_Diff_case_4
                by step( contradiction /* impossible chain */ )
              next
                case CoreTranscript_Diff_case_5
                by step( contradiction /* impossible chain */ )
              next
                case CoreTranscript_Diff_case_6
                by step( contradiction /* impossible chain */ )
              qed
            next
              case pub
              MIRRORED
            qed
          qed
        next
          case d_0_snd
          step( solve( (#vr.2, 0) ~~> (#i, 1) ) )
            case d_0_fst
            step( solve( (#vr.3, 0) ~~> (#i, 1) ) )
              case pk
              step( solve( !KU( pk(spk(~sigSkA), kpk(~kemSkA)) ) @ #vk ) )
                case CoreTranscript_Diff_case_1
                MIRRORED
              next
                case CoreTranscript_Diff_case_2
                MIRRORED
              next
                case c_pk
                step( solve( !KU( spk(~sigSkA) ) @ #vk.1 ) )
                  case c_spk
                  by step( solve( !KU( ~sigSkA ) @ #vk.3 ) )
                qed
              qed
            qed
          next
            case d_0_snd
            step( solve( (#vr.3, 0) ~~> (#i, 1) ) )
              case d_0_fst
              step( solve( (#vr.4, 0) ~~> (#i, 1) ) )
                case pk
                step( solve( !KU( pk(spk(~sigSkB), kpk(~kemSkB)) ) @ #vk ) )
                  case CoreTranscript_Diff_case_1
                  MIRRORED
                next
                  case CoreTranscript_Diff_case_2
                  MIRRORED
                next
                  case c_pk
                  step( solve( !KU( spk(~sigSkB) ) @ #vk.1 ) )
                    case c_spk
                    by step( solve( !KU( ~sigSkB ) @ #vk.3 ) )
                  qed
                qed
              qed
            next
              case d_0_snd
              step( solve( (#vr.4, 0) ~~> (#i, 1) ) )
                case d_0_fst
                step( solve( (#vr.5, 0) ~~> (#i, 1) ) )
                  case sender_prekey
                  step( solve( !KU( sender_prekey(skem_spk(~senderSkA),
                                                  sign(~sigSkA, sender_payload(skem_spk(~senderSkA))))
                               ) @ #vk ) )
                    case CoreTranscript_Diff_case_1
                    MIRRORED
                  next
                    case CoreTranscript_Diff_case_2
                    MIRRORED
                  next
                    case c_sender_prekey
                    step( solve( !KU( skem_spk(~senderSkA) ) @ #vk.1 ) )
                      case c_skem_spk
                      by step( solve( !KU( ~senderSkA ) @ #vk.3 ) )
                    qed
                  qed
                qed
              next
                case d_0_snd
                step( solve( (#vr.5, 0) ~~> (#i, 1) ) )
                  case d_0_fst
                  step( solve( (#vr.6, 0) ~~> (#i, 1) ) )
                    case receiver_prekey
                    step( solve( !KU( receiver_prekey(skem_rpk(~receiverSkB),
                                                      ekpk(~receiverEskB),
                                                      sign(~sigSkB,
                                                           receiver_payload(skem_rpk(~receiverSkB),
                                                                            ekpk(~receiverEskB))))
                                 ) @ #vk ) )
                      case CoreTranscript_Diff_case_1
                      MIRRORED
                    next
                      case CoreTranscript_Diff_case_2
                      MIRRORED
                    next
                      case c_receiver_prekey
                      step( solve( !KU( skem_rpk(~receiverSkB) ) @ #vk.1 ) )
                        case c_skem_rpk
                        by step( solve( !KU( ~receiverSkB ) @ #vk.4 ) )
                      qed
                    qed
                  qed
                next
                  case d_0_snd
                  step( solve( (#vr.6, 0) ~~> (#i, 1) ) )
                    case d_0_fst
                    step( solve( (#vr.7, 0) ~~> (#i, 1) ) )
                      case d_0_fst
                      step( solve( (#vr.8, 0) ~~> (#i, 1) ) )
                        case lkem_ct
                        step( solve( !KU( lkem_ct(kpk(~kemSkB), ~rhoL) ) @ #vk ) )
                          case CoreTranscript_Diff
                          MIRRORED
                        next
                          case c_lkem_ct
                          by step( solve( !KU( ~rhoL ) @ #vk.2 ) )
                        qed
                      qed
                    next
                      case d_0_snd
                      step( solve( (#vr.8, 0) ~~> (#i, 1) ) )
                        case d_0_fst
                        step( solve( (#vr.9, 0) ~~> (#i, 1) ) )
                          case ekem_ct
                          step( solve( !KU( ekem_ct(ekpk(~receiverEskB), ~rhoK) ) @ #vk ) )
                            case CoreTranscript_Diff
                            MIRRORED
                          next
                            case c_ekem_ct
                            by step( solve( !KU( ~rhoK ) @ #vk.2 ) )
                          qed
                        qed
                      next
                        case d_0_snd
                        step( solve( (#vr.9, 0) ~~> (#i, 1) ) )
                          case skem_component
                          step( solve( !KU( skem_component(skem_spk(~senderSkA),
                                                           skem_rpk(~receiverSkB), ~rhoS)
                                       ) @ #vk ) )
                            case CoreTranscript_Diff
                            MIRRORED
                          next
                            case c_skem_component
                            by step( solve( !KU( ~rhoS ) @ #vk.3 ) )
                          qed
                        qed
                      next
                        case pair
                        step( solve( !KU( ekem_ct(ekpk(~receiverEskB), ~rhoK) ) @ #vk.1 ) )
                          case CoreTranscript_Diff
                          step( solve( !KU( skem_component(skem_spk(~senderSkA),
                                                           skem_rpk(~receiverSkB), ~rhoS)
                                       ) @ #vk.2 ) )
                            case CoreTranscript_Diff
                            MIRRORED
                          next
                            case c_skem_component
                            by step( solve( !KU( ~rhoS ) @ #vk.5 ) )
                          qed
                        next
                          case c_ekem_ct
                          by step( solve( !KU( ~rhoK ) @ #vk.4 ) )
                        qed
                      qed
                    next
                      case pair
                      step( solve( !KU( lkem_ct(kpk(~kemSkB), ~rhoL) ) @ #vk.2 ) )
                        case CoreTranscript_Diff
                        step( solve( !KU( ekem_ct(ekpk(~receiverEskB), ~rhoK) ) @ #vk.3 ) )
                          case CoreTranscript_Diff
                          step( solve( !KU( skem_component(skem_spk(~senderSkA),
                                                           skem_rpk(~receiverSkB), ~rhoS)
                                       ) @ #vk.4 ) )
                            case CoreTranscript_Diff
                            MIRRORED
                          next
                            case c_skem_component
                            by step( solve( !KU( ~rhoS ) @ #vk.7 ) )
                          qed
                        next
                          case c_ekem_ct
                          by step( solve( !KU( ~rhoK ) @ #vk.6 ) )
                        qed
                      next
                        case c_lkem_ct
                        by step( solve( !KU( ~rhoL ) @ #vk.6 ) )
                      qed
                    qed
                  next
                    case d_0_snd
                    step( solve( (#vr.7, 0) ~~> (#i, 1) ) )
                      case sid_of
                      step( solve( !KU( sid_of($A, $B, pk(spk(~sigSkA), kpk(~kemSkA)),
                                               pk(spk(~sigSkB), kpk(~kemSkB)),
                                               sender_prekey(skem_spk(~senderSkA),
                                                             sign(~sigSkA,
                                                                  sender_payload(skem_spk(~senderSkA)))),
                                               receiver_prekey(skem_rpk(~receiverSkB), ekpk(~receiverEskB),
                                                               sign(~sigSkB,
                                                                    receiver_payload(skem_rpk(~receiverSkB),
                                                                                     ekpk(~receiverEskB)))),
                                               <lkem_ct(kpk(~kemSkB), ~rhoL), 
                                                ekem_ct(ekpk(~receiverEskB), ~rhoK), 
                                                skem_component(skem_spk(~senderSkA), skem_rpk(~receiverSkB),
                                                               ~rhoS)
                                               >)
                                   ) @ #vk ) )
                        case CoreTranscript_Diff_case_1
                        MIRRORED
                      next
                        case CoreTranscript_Diff_case_2
                        MIRRORED
                      next
                        case c_sid_of
                        step( solve( !KU( $A ) @ #vk.3 ) )
                          case coerce
                          step( solve( !KD( $A ) ▶₀ #vk.3 ) )
                            case CoreTranscript_Diff_case_1
                            by step( contradiction /* impossible chain */ )
                          next
                            case CoreTranscript_Diff_case_2
                            by step( contradiction /* impossible chain */ )
                          next
                            case CoreTranscript_Diff_case_3
                            by step( contradiction /* impossible chain */ )
                          next
                            case CoreTranscript_Diff_case_4
                            by step( contradiction /* impossible chain */ )
                          next
                            case CoreTranscript_Diff_case_5
                            by step( contradiction /* impossible chain */ )
                          next
                            case CoreTranscript_Diff_case_6
                            by step( contradiction /* impossible chain */ )
                          qed
                        next
                          case pub
                          step( solve( !KU( $B ) @ #vk.4 ) )
                            case coerce
                            step( solve( !KD( $B ) ▶₀ #vk.4 ) )
                              case CoreTranscript_Diff_case_1
                              by step( contradiction /* impossible chain */ )
                            next
                              case CoreTranscript_Diff_case_2
                              by step( contradiction /* impossible chain */ )
                            next
                              case CoreTranscript_Diff_case_3
                              by step( contradiction /* impossible chain */ )
                            next
                              case CoreTranscript_Diff_case_4
                              by step( contradiction /* impossible chain */ )
                            next
                              case CoreTranscript_Diff_case_5
                              by step( contradiction /* impossible chain */ )
                            next
                              case CoreTranscript_Diff_case_6
                              by step( contradiction /* impossible chain */ )
                            qed
                          next
                            case pub
                            step( solve( !KU( pk(spk(~sigSkA), kpk(~kemSkA)) ) @ #vk.5 ) )
                              case CoreTranscript_Diff_case_1
                              step( solve( !KU( pk(spk(~sigSkB), kpk(~kemSkB)) ) @ #vk.6 ) )
                                case CoreTranscript_Diff_case_1
                                step( solve( !KU( sender_prekey(skem_spk(~senderSkA),
                                                                sign(~sigSkA,
                                                                     sender_payload(skem_spk(~senderSkA))))
                                             ) @ #vk.7 ) )
                                  case CoreTranscript_Diff_case_1
                                  step( solve( !KU( receiver_prekey(skem_rpk(~receiverSkB),
                                                                    ekpk(~receiverEskB),
                                                                    sign(~sigSkB,
                                                                         receiver_payload(skem_rpk(~receiverSkB),
                                                                                          ekpk(~receiverEskB))))
                                               ) @ #vk.8 ) )
                                    case CoreTranscript_Diff_case_1
                                    step( solve( !KU( lkem_ct(kpk(~kemSkB), ~rhoL) ) @ #vk.9 ) )
                                      case CoreTranscript_Diff
                                      step( solve( !KU( ekem_ct(ekpk(~receiverEskB), ~rhoK) ) @ #vk.10 ) )
                                        case CoreTranscript_Diff
                                        step( solve( !KU( skem_component(skem_spk(~senderSkA),
                                                                         skem_rpk(~receiverSkB), ~rhoS)
                                                     ) @ #vk.11 ) )
                                          case CoreTranscript_Diff
                                          MIRRORED
                                        next
                                          case c_skem_component
                                          by step( solve( !KU( ~rhoS ) @ #vk.14 ) )
                                        qed
                                      next
                                        case c_ekem_ct
                                        by step( solve( !KU( ~rhoK ) @ #vk.13 ) )
                                      qed
                                    next
                                      case c_lkem_ct
                                      by step( solve( !KU( ~rhoL ) @ #vk.13 ) )
                                    qed
                                  next
                                    case CoreTranscript_Diff_case_2
                                    step( solve( !KU( lkem_ct(kpk(~kemSkB), ~rhoL) ) @ #vk.9 ) )
                                      case CoreTranscript_Diff
                                      step( solve( !KU( ekem_ct(ekpk(~receiverEskB), ~rhoK) ) @ #vk.10 ) )
                                        case CoreTranscript_Diff
                                        step( solve( !KU( skem_component(skem_spk(~senderSkA),
                                                                         skem_rpk(~receiverSkB), ~rhoS)
                                                     ) @ #vk.11 ) )
                                          case CoreTranscript_Diff
                                          MIRRORED
                                        next
                                          case c_skem_component
                                          by step( solve( !KU( ~rhoS ) @ #vk.14 ) )
                                        qed
                                      next
                                        case c_ekem_ct
                                        by step( solve( !KU( ~rhoK ) @ #vk.13 ) )
                                      qed
                                    next
                                      case c_lkem_ct
                                      by step( solve( !KU( ~rhoL ) @ #vk.13 ) )
                                    qed
                                  next
                                    case c_receiver_prekey
                                    step( solve( !KU( skem_rpk(~receiverSkB) ) @ #vk.12 ) )
                                      case c_skem_rpk
                                      by step( solve( !KU( ~receiverSkB ) @ #vk.15 ) )
                                    qed
                                  qed
                                next
                                  case CoreTranscript_Diff_case_2
                                  step( solve( !KU( receiver_prekey(skem_rpk(~receiverSkB),
                                                                    ekpk(~receiverEskB),
                                                                    sign(~sigSkB,
                                                                         receiver_payload(skem_rpk(~receiverSkB),
                                                                                          ekpk(~receiverEskB))))
                                               ) @ #vk.8 ) )
                                    case CoreTranscript_Diff_case_1
                                    step( solve( !KU( lkem_ct(kpk(~kemSkB), ~rhoL) ) @ #vk.9 ) )
                                      case CoreTranscript_Diff
                                      step( solve( !KU( ekem_ct(ekpk(~receiverEskB), ~rhoK) ) @ #vk.10 ) )
                                        case CoreTranscript_Diff
                                        step( solve( !KU( skem_component(skem_spk(~senderSkA),
                                                                         skem_rpk(~receiverSkB), ~rhoS)
                                                     ) @ #vk.11 ) )
                                          case CoreTranscript_Diff
                                          MIRRORED
                                        next
                                          case c_skem_component
                                          by step( solve( !KU( ~rhoS ) @ #vk.14 ) )
                                        qed
                                      next
                                        case c_ekem_ct
                                        by step( solve( !KU( ~rhoK ) @ #vk.13 ) )
                                      qed
                                    next
                                      case c_lkem_ct
                                      by step( solve( !KU( ~rhoL ) @ #vk.13 ) )
                                    qed
                                  next
                                    case CoreTranscript_Diff_case_2
                                    step( solve( !KU( lkem_ct(kpk(~kemSkB), ~rhoL) ) @ #vk.9 ) )
                                      case CoreTranscript_Diff
                                      step( solve( !KU( ekem_ct(ekpk(~receiverEskB), ~rhoK) ) @ #vk.10 ) )
                                        case CoreTranscript_Diff
                                        step( solve( !KU( skem_component(skem_spk(~senderSkA),
                                                                         skem_rpk(~receiverSkB), ~rhoS)
                                                     ) @ #vk.11 ) )
                                          case CoreTranscript_Diff
                                          MIRRORED
                                        next
                                          case c_skem_component
                                          by step( solve( !KU( ~rhoS ) @ #vk.14 ) )
                                        qed
                                      next
                                        case c_ekem_ct
                                        by step( solve( !KU( ~rhoK ) @ #vk.13 ) )
                                      qed
                                    next
                                      case c_lkem_ct
                                      by step( solve( !KU( ~rhoL ) @ #vk.13 ) )
                                    qed
                                  next
                                    case c_receiver_prekey
                                    step( solve( !KU( skem_rpk(~receiverSkB) ) @ #vk.12 ) )
                                      case c_skem_rpk
                                      by step( solve( !KU( ~receiverSkB ) @ #vk.15 ) )
                                    qed
                                  qed
                                next
                                  case c_sender_prekey
                                  step( solve( !KU( skem_spk(~senderSkA) ) @ #vk.12 ) )
                                    case c_skem_spk
                                    by step( solve( !KU( ~senderSkA ) @ #vk.14 ) )
                                  qed
                                qed
                              next
                                case CoreTranscript_Diff_case_2
                                step( solve( !KU( sender_prekey(skem_spk(~senderSkA),
                                                                sign(~sigSkA,
                                                                     sender_payload(skem_spk(~senderSkA))))
                                             ) @ #vk.7 ) )
                                  case CoreTranscript_Diff_case_1
                                  step( solve( !KU( receiver_prekey(skem_rpk(~receiverSkB),
                                                                    ekpk(~receiverEskB),
                                                                    sign(~sigSkB,
                                                                         receiver_payload(skem_rpk(~receiverSkB),
                                                                                          ekpk(~receiverEskB))))
                                               ) @ #vk.8 ) )
                                    case CoreTranscript_Diff_case_1
                                    step( solve( !KU( lkem_ct(kpk(~kemSkB), ~rhoL) ) @ #vk.9 ) )
                                      case CoreTranscript_Diff
                                      step( solve( !KU( ekem_ct(ekpk(~receiverEskB), ~rhoK) ) @ #vk.10 ) )
                                        case CoreTranscript_Diff
                                        step( solve( !KU( skem_component(skem_spk(~senderSkA),
                                                                         skem_rpk(~receiverSkB), ~rhoS)
                                                     ) @ #vk.11 ) )
                                          case CoreTranscript_Diff
                                          MIRRORED
                                        next
                                          case c_skem_component
                                          by step( solve( !KU( ~rhoS ) @ #vk.14 ) )
                                        qed
                                      next
                                        case c_ekem_ct
                                        by step( solve( !KU( ~rhoK ) @ #vk.13 ) )
                                      qed
                                    next
                                      case c_lkem_ct
                                      by step( solve( !KU( ~rhoL ) @ #vk.13 ) )
                                    qed
                                  next
                                    case CoreTranscript_Diff_case_2
                                    step( solve( !KU( lkem_ct(kpk(~kemSkB), ~rhoL) ) @ #vk.9 ) )
                                      case CoreTranscript_Diff
                                      step( solve( !KU( ekem_ct(ekpk(~receiverEskB), ~rhoK) ) @ #vk.10 ) )
                                        case CoreTranscript_Diff
                                        step( solve( !KU( skem_component(skem_spk(~senderSkA),
                                                                         skem_rpk(~receiverSkB), ~rhoS)
                                                     ) @ #vk.11 ) )
                                          case CoreTranscript_Diff
                                          MIRRORED
                                        next
                                          case c_skem_component
                                          by step( solve( !KU( ~rhoS ) @ #vk.14 ) )
                                        qed
                                      next
                                        case c_ekem_ct
                                        by step( solve( !KU( ~rhoK ) @ #vk.13 ) )
                                      qed
                                    next
                                      case c_lkem_ct
                                      by step( solve( !KU( ~rhoL ) @ #vk.13 ) )
                                    qed
                                  next
                                    case c_receiver_prekey
                                    step( solve( !KU( skem_rpk(~receiverSkB) ) @ #vk.12 ) )
                                      case c_skem_rpk
                                      by step( solve( !KU( ~receiverSkB ) @ #vk.15 ) )
                                    qed
                                  qed
                                next
                                  case CoreTranscript_Diff_case_2
                                  step( solve( !KU( receiver_prekey(skem_rpk(~receiverSkB),
                                                                    ekpk(~receiverEskB),
                                                                    sign(~sigSkB,
                                                                         receiver_payload(skem_rpk(~receiverSkB),
                                                                                          ekpk(~receiverEskB))))
                                               ) @ #vk.8 ) )
                                    case CoreTranscript_Diff_case_1
                                    step( solve( !KU( lkem_ct(kpk(~kemSkB), ~rhoL) ) @ #vk.9 ) )
                                      case CoreTranscript_Diff
                                      step( solve( !KU( ekem_ct(ekpk(~receiverEskB), ~rhoK) ) @ #vk.10 ) )
                                        case CoreTranscript_Diff
                                        step( solve( !KU( skem_component(skem_spk(~senderSkA),
                                                                         skem_rpk(~receiverSkB), ~rhoS)
                                                     ) @ #vk.11 ) )
                                          case CoreTranscript_Diff
                                          MIRRORED
                                        next
                                          case c_skem_component
                                          by step( solve( !KU( ~rhoS ) @ #vk.14 ) )
                                        qed
                                      next
                                        case c_ekem_ct
                                        by step( solve( !KU( ~rhoK ) @ #vk.13 ) )
                                      qed
                                    next
                                      case c_lkem_ct
                                      by step( solve( !KU( ~rhoL ) @ #vk.13 ) )
                                    qed
                                  next
                                    case CoreTranscript_Diff_case_2
                                    step( solve( !KU( lkem_ct(kpk(~kemSkB), ~rhoL) ) @ #vk.9 ) )
                                      case CoreTranscript_Diff
                                      step( solve( !KU( ekem_ct(ekpk(~receiverEskB), ~rhoK) ) @ #vk.10 ) )
                                        case CoreTranscript_Diff
                                        step( solve( !KU( skem_component(skem_spk(~senderSkA),
                                                                         skem_rpk(~receiverSkB), ~rhoS)
                                                     ) @ #vk.11 ) )
                                          case CoreTranscript_Diff
                                          MIRRORED
                                        next
                                          case c_skem_component
                                          by step( solve( !KU( ~rhoS ) @ #vk.14 ) )
                                        qed
                                      next
                                        case c_ekem_ct
                                        by step( solve( !KU( ~rhoK ) @ #vk.13 ) )
                                      qed
                                    next
                                      case c_lkem_ct
                                      by step( solve( !KU( ~rhoL ) @ #vk.13 ) )
                                    qed
                                  next
                                    case c_receiver_prekey
                                    step( solve( !KU( skem_rpk(~receiverSkB) ) @ #vk.12 ) )
                                      case c_skem_rpk
                                      by step( solve( !KU( ~receiverSkB ) @ #vk.15 ) )
                                    qed
                                  qed
                                next
                                  case c_sender_prekey
                                  step( solve( !KU( skem_spk(~senderSkA) ) @ #vk.12 ) )
                                    case c_skem_spk
                                    by step( solve( !KU( ~senderSkA ) @ #vk.14 ) )
                                  qed
                                qed
                              next
                                case c_pk
                                step( solve( !KU( spk(~sigSkB) ) @ #vk.12 ) )
                                  case c_spk
                                  by step( solve( !KU( ~sigSkB ) @ #vk.14 ) )
                                qed
                              qed
                            next
                              case CoreTranscript_Diff_case_2
                              step( solve( !KU( pk(spk(~sigSkB), kpk(~kemSkB)) ) @ #vk.6 ) )
                                case CoreTranscript_Diff_case_1
                                step( solve( !KU( sender_prekey(skem_spk(~senderSkA),
                                                                sign(~sigSkA,
                                                                     sender_payload(skem_spk(~senderSkA))))
                                             ) @ #vk.7 ) )
                                  case CoreTranscript_Diff_case_1
                                  step( solve( !KU( receiver_prekey(skem_rpk(~receiverSkB),
                                                                    ekpk(~receiverEskB),
                                                                    sign(~sigSkB,
                                                                         receiver_payload(skem_rpk(~receiverSkB),
                                                                                          ekpk(~receiverEskB))))
                                               ) @ #vk.8 ) )
                                    case CoreTranscript_Diff_case_1
                                    step( solve( !KU( lkem_ct(kpk(~kemSkB), ~rhoL) ) @ #vk.9 ) )
                                      case CoreTranscript_Diff
                                      step( solve( !KU( ekem_ct(ekpk(~receiverEskB), ~rhoK) ) @ #vk.10 ) )
                                        case CoreTranscript_Diff
                                        step( solve( !KU( skem_component(skem_spk(~senderSkA),
                                                                         skem_rpk(~receiverSkB), ~rhoS)
                                                     ) @ #vk.11 ) )
                                          case CoreTranscript_Diff
                                          MIRRORED
                                        next
                                          case c_skem_component
                                          by step( solve( !KU( ~rhoS ) @ #vk.14 ) )
                                        qed
                                      next
                                        case c_ekem_ct
                                        by step( solve( !KU( ~rhoK ) @ #vk.13 ) )
                                      qed
                                    next
                                      case c_lkem_ct
                                      by step( solve( !KU( ~rhoL ) @ #vk.13 ) )
                                    qed
                                  next
                                    case CoreTranscript_Diff_case_2
                                    step( solve( !KU( lkem_ct(kpk(~kemSkB), ~rhoL) ) @ #vk.9 ) )
                                      case CoreTranscript_Diff
                                      step( solve( !KU( ekem_ct(ekpk(~receiverEskB), ~rhoK) ) @ #vk.10 ) )
                                        case CoreTranscript_Diff
                                        step( solve( !KU( skem_component(skem_spk(~senderSkA),
                                                                         skem_rpk(~receiverSkB), ~rhoS)
                                                     ) @ #vk.11 ) )
                                          case CoreTranscript_Diff
                                          MIRRORED
                                        next
                                          case c_skem_component
                                          by step( solve( !KU( ~rhoS ) @ #vk.14 ) )
                                        qed
                                      next
                                        case c_ekem_ct
                                        by step( solve( !KU( ~rhoK ) @ #vk.13 ) )
                                      qed
                                    next
                                      case c_lkem_ct
                                      by step( solve( !KU( ~rhoL ) @ #vk.13 ) )
                                    qed
                                  next
                                    case c_receiver_prekey
                                    step( solve( !KU( skem_rpk(~receiverSkB) ) @ #vk.12 ) )
                                      case c_skem_rpk
                                      by step( solve( !KU( ~receiverSkB ) @ #vk.15 ) )
                                    qed
                                  qed
                                next
                                  case CoreTranscript_Diff_case_2
                                  step( solve( !KU( receiver_prekey(skem_rpk(~receiverSkB),
                                                                    ekpk(~receiverEskB),
                                                                    sign(~sigSkB,
                                                                         receiver_payload(skem_rpk(~receiverSkB),
                                                                                          ekpk(~receiverEskB))))
                                               ) @ #vk.8 ) )
                                    case CoreTranscript_Diff_case_1
                                    step( solve( !KU( lkem_ct(kpk(~kemSkB), ~rhoL) ) @ #vk.9 ) )
                                      case CoreTranscript_Diff
                                      step( solve( !KU( ekem_ct(ekpk(~receiverEskB), ~rhoK) ) @ #vk.10 ) )
                                        case CoreTranscript_Diff
                                        step( solve( !KU( skem_component(skem_spk(~senderSkA),
                                                                         skem_rpk(~receiverSkB), ~rhoS)
                                                     ) @ #vk.11 ) )
                                          case CoreTranscript_Diff
                                          MIRRORED
                                        next
                                          case c_skem_component
                                          by step( solve( !KU( ~rhoS ) @ #vk.14 ) )
                                        qed
                                      next
                                        case c_ekem_ct
                                        by step( solve( !KU( ~rhoK ) @ #vk.13 ) )
                                      qed
                                    next
                                      case c_lkem_ct
                                      by step( solve( !KU( ~rhoL ) @ #vk.13 ) )
                                    qed
                                  next
                                    case CoreTranscript_Diff_case_2
                                    step( solve( !KU( lkem_ct(kpk(~kemSkB), ~rhoL) ) @ #vk.9 ) )
                                      case CoreTranscript_Diff
                                      step( solve( !KU( ekem_ct(ekpk(~receiverEskB), ~rhoK) ) @ #vk.10 ) )
                                        case CoreTranscript_Diff
                                        step( solve( !KU( skem_component(skem_spk(~senderSkA),
                                                                         skem_rpk(~receiverSkB), ~rhoS)
                                                     ) @ #vk.11 ) )
                                          case CoreTranscript_Diff
                                          MIRRORED
                                        next
                                          case c_skem_component
                                          by step( solve( !KU( ~rhoS ) @ #vk.14 ) )
                                        qed
                                      next
                                        case c_ekem_ct
                                        by step( solve( !KU( ~rhoK ) @ #vk.13 ) )
                                      qed
                                    next
                                      case c_lkem_ct
                                      by step( solve( !KU( ~rhoL ) @ #vk.13 ) )
                                    qed
                                  next
                                    case c_receiver_prekey
                                    step( solve( !KU( skem_rpk(~receiverSkB) ) @ #vk.12 ) )
                                      case c_skem_rpk
                                      by step( solve( !KU( ~receiverSkB ) @ #vk.15 ) )
                                    qed
                                  qed
                                next
                                  case c_sender_prekey
                                  step( solve( !KU( skem_spk(~senderSkA) ) @ #vk.12 ) )
                                    case c_skem_spk
                                    by step( solve( !KU( ~senderSkA ) @ #vk.14 ) )
                                  qed
                                qed
                              next
                                case CoreTranscript_Diff_case_2
                                step( solve( !KU( sender_prekey(skem_spk(~senderSkA),
                                                                sign(~sigSkA,
                                                                     sender_payload(skem_spk(~senderSkA))))
                                             ) @ #vk.7 ) )
                                  case CoreTranscript_Diff_case_1
                                  step( solve( !KU( receiver_prekey(skem_rpk(~receiverSkB),
                                                                    ekpk(~receiverEskB),
                                                                    sign(~sigSkB,
                                                                         receiver_payload(skem_rpk(~receiverSkB),
                                                                                          ekpk(~receiverEskB))))
                                               ) @ #vk.8 ) )
                                    case CoreTranscript_Diff_case_1
                                    step( solve( !KU( lkem_ct(kpk(~kemSkB), ~rhoL) ) @ #vk.9 ) )
                                      case CoreTranscript_Diff
                                      step( solve( !KU( ekem_ct(ekpk(~receiverEskB), ~rhoK) ) @ #vk.10 ) )
                                        case CoreTranscript_Diff
                                        step( solve( !KU( skem_component(skem_spk(~senderSkA),
                                                                         skem_rpk(~receiverSkB), ~rhoS)
                                                     ) @ #vk.11 ) )
                                          case CoreTranscript_Diff
                                          MIRRORED
                                        next
                                          case c_skem_component
                                          by step( solve( !KU( ~rhoS ) @ #vk.14 ) )
                                        qed
                                      next
                                        case c_ekem_ct
                                        by step( solve( !KU( ~rhoK ) @ #vk.13 ) )
                                      qed
                                    next
                                      case c_lkem_ct
                                      by step( solve( !KU( ~rhoL ) @ #vk.13 ) )
                                    qed
                                  next
                                    case CoreTranscript_Diff_case_2
                                    step( solve( !KU( lkem_ct(kpk(~kemSkB), ~rhoL) ) @ #vk.9 ) )
                                      case CoreTranscript_Diff
                                      step( solve( !KU( ekem_ct(ekpk(~receiverEskB), ~rhoK) ) @ #vk.10 ) )
                                        case CoreTranscript_Diff
                                        step( solve( !KU( skem_component(skem_spk(~senderSkA),
                                                                         skem_rpk(~receiverSkB), ~rhoS)
                                                     ) @ #vk.11 ) )
                                          case CoreTranscript_Diff
                                          MIRRORED
                                        next
                                          case c_skem_component
                                          by step( solve( !KU( ~rhoS ) @ #vk.14 ) )
                                        qed
                                      next
                                        case c_ekem_ct
                                        by step( solve( !KU( ~rhoK ) @ #vk.13 ) )
                                      qed
                                    next
                                      case c_lkem_ct
                                      by step( solve( !KU( ~rhoL ) @ #vk.13 ) )
                                    qed
                                  next
                                    case c_receiver_prekey
                                    step( solve( !KU( skem_rpk(~receiverSkB) ) @ #vk.12 ) )
                                      case c_skem_rpk
                                      by step( solve( !KU( ~receiverSkB ) @ #vk.15 ) )
                                    qed
                                  qed
                                next
                                  case CoreTranscript_Diff_case_2
                                  step( solve( !KU( receiver_prekey(skem_rpk(~receiverSkB),
                                                                    ekpk(~receiverEskB),
                                                                    sign(~sigSkB,
                                                                         receiver_payload(skem_rpk(~receiverSkB),
                                                                                          ekpk(~receiverEskB))))
                                               ) @ #vk.8 ) )
                                    case CoreTranscript_Diff_case_1
                                    step( solve( !KU( lkem_ct(kpk(~kemSkB), ~rhoL) ) @ #vk.9 ) )
                                      case CoreTranscript_Diff
                                      step( solve( !KU( ekem_ct(ekpk(~receiverEskB), ~rhoK) ) @ #vk.10 ) )
                                        case CoreTranscript_Diff
                                        step( solve( !KU( skem_component(skem_spk(~senderSkA),
                                                                         skem_rpk(~receiverSkB), ~rhoS)
                                                     ) @ #vk.11 ) )
                                          case CoreTranscript_Diff
                                          MIRRORED
                                        next
                                          case c_skem_component
                                          by step( solve( !KU( ~rhoS ) @ #vk.14 ) )
                                        qed
                                      next
                                        case c_ekem_ct
                                        by step( solve( !KU( ~rhoK ) @ #vk.13 ) )
                                      qed
                                    next
                                      case c_lkem_ct
                                      by step( solve( !KU( ~rhoL ) @ #vk.13 ) )
                                    qed
                                  next
                                    case CoreTranscript_Diff_case_2
                                    step( solve( !KU( lkem_ct(kpk(~kemSkB), ~rhoL) ) @ #vk.9 ) )
                                      case CoreTranscript_Diff
                                      step( solve( !KU( ekem_ct(ekpk(~receiverEskB), ~rhoK) ) @ #vk.10 ) )
                                        case CoreTranscript_Diff
                                        step( solve( !KU( skem_component(skem_spk(~senderSkA),
                                                                         skem_rpk(~receiverSkB), ~rhoS)
                                                     ) @ #vk.11 ) )
                                          case CoreTranscript_Diff
                                          MIRRORED
                                        next
                                          case c_skem_component
                                          by step( solve( !KU( ~rhoS ) @ #vk.14 ) )
                                        qed
                                      next
                                        case c_ekem_ct
                                        by step( solve( !KU( ~rhoK ) @ #vk.13 ) )
                                      qed
                                    next
                                      case c_lkem_ct
                                      by step( solve( !KU( ~rhoL ) @ #vk.13 ) )
                                    qed
                                  next
                                    case c_receiver_prekey
                                    step( solve( !KU( skem_rpk(~receiverSkB) ) @ #vk.12 ) )
                                      case c_skem_rpk
                                      by step( solve( !KU( ~receiverSkB ) @ #vk.15 ) )
                                    qed
                                  qed
                                next
                                  case c_sender_prekey
                                  step( solve( !KU( skem_spk(~senderSkA) ) @ #vk.12 ) )
                                    case c_skem_spk
                                    by step( solve( !KU( ~senderSkA ) @ #vk.14 ) )
                                  qed
                                qed
                              next
                                case c_pk
                                step( solve( !KU( spk(~sigSkB) ) @ #vk.12 ) )
                                  case c_spk
                                  by step( solve( !KU( ~sigSkB ) @ #vk.14 ) )
                                qed
                              qed
                            next
                              case c_pk
                              step( solve( !KU( spk(~sigSkA) ) @ #vk.12 ) )
                                case c_spk
                                by step( solve( !KU( ~sigSkA ) @ #vk.14 ) )
                              qed
                            qed
                          qed
                        qed
                      qed
                    qed
                  next
                    case pair
                    step( solve( !KU( lkem_ct(kpk(~kemSkB), ~rhoL) ) @ #vk.3 ) )
                      case CoreTranscript_Diff
                      step( solve( !KU( ekem_ct(ekpk(~receiverEskB), ~rhoK) ) @ #vk.4 ) )
                        case CoreTranscript_Diff
                        step( solve( !KU( skem_component(skem_spk(~senderSkA),
                                                         skem_rpk(~receiverSkB), ~rhoS)
                                     ) @ #vk.5 ) )
                          case CoreTranscript_Diff
                          step( solve( !KU( sid_of($A, $B, pk(spk(~sigSkA), kpk(~kemSkA)),
                                                   pk(spk(~sigSkB), kpk(~kemSkB)),
                                                   sender_prekey(skem_spk(~senderSkA),
                                                                 sign(~sigSkA,
                                                                      sender_payload(skem_spk(~senderSkA)))),
                                                   receiver_prekey(skem_rpk(~receiverSkB),
                                                                   ekpk(~receiverEskB),
                                                                   sign(~sigSkB,
                                                                        receiver_payload(skem_rpk(~receiverSkB),
                                                                                         ekpk(~receiverEskB)))),
                                                   <lkem_ct(kpk(~kemSkB), ~rhoL), 
                                                    ekem_ct(ekpk(~receiverEskB), ~rhoK), 
                                                    skem_component(skem_spk(~senderSkA),
                                                                   skem_rpk(~receiverSkB), ~rhoS)
                                                   >)
                                       ) @ #vk.6 ) )
                            case CoreTranscript_Diff_case_1
                            MIRRORED
                          next
                            case CoreTranscript_Diff_case_2
                            MIRRORED
                          next
                            case c_sid_of
                            step( solve( !KU( $A ) @ #vk.7 ) )
                              case coerce
                              step( solve( !KD( $A ) ▶₀ #vk.7 ) )
                                case CoreTranscript_Diff_case_1
                                by step( contradiction /* impossible chain */ )
                              next
                                case CoreTranscript_Diff_case_2
                                by step( contradiction /* impossible chain */ )
                              next
                                case CoreTranscript_Diff_case_3
                                by step( contradiction /* impossible chain */ )
                              next
                                case CoreTranscript_Diff_case_4
                                by step( contradiction /* impossible chain */ )
                              next
                                case CoreTranscript_Diff_case_5
                                by step( contradiction /* impossible chain */ )
                              next
                                case CoreTranscript_Diff_case_6
                                by step( contradiction /* impossible chain */ )
                              qed
                            next
                              case pub
                              step( solve( !KU( $B ) @ #vk.8 ) )
                                case coerce
                                step( solve( !KD( $B ) ▶₀ #vk.8 ) )
                                  case CoreTranscript_Diff_case_1
                                  by step( contradiction /* impossible chain */ )
                                next
                                  case CoreTranscript_Diff_case_2
                                  by step( contradiction /* impossible chain */ )
                                next
                                  case CoreTranscript_Diff_case_3
                                  by step( contradiction /* impossible chain */ )
                                next
                                  case CoreTranscript_Diff_case_4
                                  by step( contradiction /* impossible chain */ )
                                next
                                  case CoreTranscript_Diff_case_5
                                  by step( contradiction /* impossible chain */ )
                                next
                                  case CoreTranscript_Diff_case_6
                                  by step( contradiction /* impossible chain */ )
                                qed
                              next
                                case pub
                                step( solve( !KU( pk(spk(~sigSkA), kpk(~kemSkA)) ) @ #vk.9 ) )
                                  case CoreTranscript_Diff_case_1
                                  step( solve( !KU( pk(spk(~sigSkB), kpk(~kemSkB)) ) @ #vk.10 ) )
                                    case CoreTranscript_Diff_case_1
                                    step( solve( !KU( sender_prekey(skem_spk(~senderSkA),
                                                                    sign(~sigSkA,
                                                                         sender_payload(skem_spk(~senderSkA))))
                                                 ) @ #vk.11 ) )
                                      case CoreTranscript_Diff_case_1
                                      step( solve( !KU( receiver_prekey(skem_rpk(~receiverSkB),
                                                                        ekpk(~receiverEskB),
                                                                        sign(~sigSkB,
                                                                             receiver_payload(skem_rpk(~receiverSkB),
                                                                                              ekpk(~receiverEskB))))
                                                   ) @ #vk.12 ) )
                                        case CoreTranscript_Diff_case_1
                                        MIRRORED
                                      next
                                        case CoreTranscript_Diff_case_2
                                        MIRRORED
                                      next
                                        case c_receiver_prekey
                                        step( solve( !KU( skem_rpk(~receiverSkB) ) @ #vk.13 ) )
                                          case c_skem_rpk
                                          by step( solve( !KU( ~receiverSkB ) @ #vk.16 ) )
                                        qed
                                      qed
                                    next
                                      case CoreTranscript_Diff_case_2
                                      step( solve( !KU( receiver_prekey(skem_rpk(~receiverSkB),
                                                                        ekpk(~receiverEskB),
                                                                        sign(~sigSkB,
                                                                             receiver_payload(skem_rpk(~receiverSkB),
                                                                                              ekpk(~receiverEskB))))
                                                   ) @ #vk.12 ) )
                                        case CoreTranscript_Diff_case_1
                                        MIRRORED
                                      next
                                        case CoreTranscript_Diff_case_2
                                        MIRRORED
                                      next
                                        case c_receiver_prekey
                                        step( solve( !KU( skem_rpk(~receiverSkB) ) @ #vk.13 ) )
                                          case c_skem_rpk
                                          by step( solve( !KU( ~receiverSkB ) @ #vk.16 ) )
                                        qed
                                      qed
                                    next
                                      case c_sender_prekey
                                      step( solve( !KU( skem_spk(~senderSkA) ) @ #vk.13 ) )
                                        case c_skem_spk
                                        by step( solve( !KU( ~senderSkA ) @ #vk.15 ) )
                                      qed
                                    qed
                                  next
                                    case CoreTranscript_Diff_case_2
                                    step( solve( !KU( sender_prekey(skem_spk(~senderSkA),
                                                                    sign(~sigSkA,
                                                                         sender_payload(skem_spk(~senderSkA))))
                                                 ) @ #vk.11 ) )
                                      case CoreTranscript_Diff_case_1
                                      step( solve( !KU( receiver_prekey(skem_rpk(~receiverSkB),
                                                                        ekpk(~receiverEskB),
                                                                        sign(~sigSkB,
                                                                             receiver_payload(skem_rpk(~receiverSkB),
                                                                                              ekpk(~receiverEskB))))
                                                   ) @ #vk.12 ) )
                                        case CoreTranscript_Diff_case_1
                                        MIRRORED
                                      next
                                        case CoreTranscript_Diff_case_2
                                        MIRRORED
                                      next
                                        case c_receiver_prekey
                                        step( solve( !KU( skem_rpk(~receiverSkB) ) @ #vk.13 ) )
                                          case c_skem_rpk
                                          by step( solve( !KU( ~receiverSkB ) @ #vk.16 ) )
                                        qed
                                      qed
                                    next
                                      case CoreTranscript_Diff_case_2
                                      step( solve( !KU( receiver_prekey(skem_rpk(~receiverSkB),
                                                                        ekpk(~receiverEskB),
                                                                        sign(~sigSkB,
                                                                             receiver_payload(skem_rpk(~receiverSkB),
                                                                                              ekpk(~receiverEskB))))
                                                   ) @ #vk.12 ) )
                                        case CoreTranscript_Diff_case_1
                                        MIRRORED
                                      next
                                        case CoreTranscript_Diff_case_2
                                        MIRRORED
                                      next
                                        case c_receiver_prekey
                                        step( solve( !KU( skem_rpk(~receiverSkB) ) @ #vk.13 ) )
                                          case c_skem_rpk
                                          by step( solve( !KU( ~receiverSkB ) @ #vk.16 ) )
                                        qed
                                      qed
                                    next
                                      case c_sender_prekey
                                      step( solve( !KU( skem_spk(~senderSkA) ) @ #vk.13 ) )
                                        case c_skem_spk
                                        by step( solve( !KU( ~senderSkA ) @ #vk.15 ) )
                                      qed
                                    qed
                                  next
                                    case c_pk
                                    step( solve( !KU( spk(~sigSkB) ) @ #vk.13 ) )
                                      case c_spk
                                      by step( solve( !KU( ~sigSkB ) @ #vk.15 ) )
                                    qed
                                  qed
                                next
                                  case CoreTranscript_Diff_case_2
                                  step( solve( !KU( pk(spk(~sigSkB), kpk(~kemSkB)) ) @ #vk.10 ) )
                                    case CoreTranscript_Diff_case_1
                                    step( solve( !KU( sender_prekey(skem_spk(~senderSkA),
                                                                    sign(~sigSkA,
                                                                         sender_payload(skem_spk(~senderSkA))))
                                                 ) @ #vk.11 ) )
                                      case CoreTranscript_Diff_case_1
                                      step( solve( !KU( receiver_prekey(skem_rpk(~receiverSkB),
                                                                        ekpk(~receiverEskB),
                                                                        sign(~sigSkB,
                                                                             receiver_payload(skem_rpk(~receiverSkB),
                                                                                              ekpk(~receiverEskB))))
                                                   ) @ #vk.12 ) )
                                        case CoreTranscript_Diff_case_1
                                        MIRRORED
                                      next
                                        case CoreTranscript_Diff_case_2
                                        MIRRORED
                                      next
                                        case c_receiver_prekey
                                        step( solve( !KU( skem_rpk(~receiverSkB) ) @ #vk.13 ) )
                                          case c_skem_rpk
                                          by step( solve( !KU( ~receiverSkB ) @ #vk.16 ) )
                                        qed
                                      qed
                                    next
                                      case CoreTranscript_Diff_case_2
                                      step( solve( !KU( receiver_prekey(skem_rpk(~receiverSkB),
                                                                        ekpk(~receiverEskB),
                                                                        sign(~sigSkB,
                                                                             receiver_payload(skem_rpk(~receiverSkB),
                                                                                              ekpk(~receiverEskB))))
                                                   ) @ #vk.12 ) )
                                        case CoreTranscript_Diff_case_1
                                        MIRRORED
                                      next
                                        case CoreTranscript_Diff_case_2
                                        MIRRORED
                                      next
                                        case c_receiver_prekey
                                        step( solve( !KU( skem_rpk(~receiverSkB) ) @ #vk.13 ) )
                                          case c_skem_rpk
                                          by step( solve( !KU( ~receiverSkB ) @ #vk.16 ) )
                                        qed
                                      qed
                                    next
                                      case c_sender_prekey
                                      step( solve( !KU( skem_spk(~senderSkA) ) @ #vk.13 ) )
                                        case c_skem_spk
                                        by step( solve( !KU( ~senderSkA ) @ #vk.15 ) )
                                      qed
                                    qed
                                  next
                                    case CoreTranscript_Diff_case_2
                                    step( solve( !KU( sender_prekey(skem_spk(~senderSkA),
                                                                    sign(~sigSkA,
                                                                         sender_payload(skem_spk(~senderSkA))))
                                                 ) @ #vk.11 ) )
                                      case CoreTranscript_Diff_case_1
                                      step( solve( !KU( receiver_prekey(skem_rpk(~receiverSkB),
                                                                        ekpk(~receiverEskB),
                                                                        sign(~sigSkB,
                                                                             receiver_payload(skem_rpk(~receiverSkB),
                                                                                              ekpk(~receiverEskB))))
                                                   ) @ #vk.12 ) )
                                        case CoreTranscript_Diff_case_1
                                        MIRRORED
                                      next
                                        case CoreTranscript_Diff_case_2
                                        MIRRORED
                                      next
                                        case c_receiver_prekey
                                        step( solve( !KU( skem_rpk(~receiverSkB) ) @ #vk.13 ) )
                                          case c_skem_rpk
                                          by step( solve( !KU( ~receiverSkB ) @ #vk.16 ) )
                                        qed
                                      qed
                                    next
                                      case CoreTranscript_Diff_case_2
                                      step( solve( !KU( receiver_prekey(skem_rpk(~receiverSkB),
                                                                        ekpk(~receiverEskB),
                                                                        sign(~sigSkB,
                                                                             receiver_payload(skem_rpk(~receiverSkB),
                                                                                              ekpk(~receiverEskB))))
                                                   ) @ #vk.12 ) )
                                        case CoreTranscript_Diff_case_1
                                        MIRRORED
                                      next
                                        case CoreTranscript_Diff_case_2
                                        MIRRORED
                                      next
                                        case c_receiver_prekey
                                        step( solve( !KU( skem_rpk(~receiverSkB) ) @ #vk.13 ) )
                                          case c_skem_rpk
                                          by step( solve( !KU( ~receiverSkB ) @ #vk.16 ) )
                                        qed
                                      qed
                                    next
                                      case c_sender_prekey
                                      step( solve( !KU( skem_spk(~senderSkA) ) @ #vk.13 ) )
                                        case c_skem_spk
                                        by step( solve( !KU( ~senderSkA ) @ #vk.15 ) )
                                      qed
                                    qed
                                  next
                                    case c_pk
                                    step( solve( !KU( spk(~sigSkB) ) @ #vk.13 ) )
                                      case c_spk
                                      by step( solve( !KU( ~sigSkB ) @ #vk.15 ) )
                                    qed
                                  qed
                                next
                                  case c_pk
                                  step( solve( !KU( spk(~sigSkA) ) @ #vk.13 ) )
                                    case c_spk
                                    by step( solve( !KU( ~sigSkA ) @ #vk.15 ) )
                                  qed
                                qed
                              qed
                            qed
                          qed
                        next
                          case c_skem_component
                          by step( solve( !KU( ~rhoS ) @ #vk.9 ) )
                        qed
                      next
                        case c_ekem_ct
                        by step( solve( !KU( ~rhoK ) @ #vk.8 ) )
                      qed
                    next
                      case c_lkem_ct
                      by step( solve( !KU( ~rhoL ) @ #vk.8 ) )
                    qed
                  qed
                next
                  case pair
                  step( solve( !KU( receiver_prekey(skem_rpk(~receiverSkB),
                                                    ekpk(~receiverEskB),
                                                    sign(~sigSkB,
                                                         receiver_payload(skem_rpk(~receiverSkB),
                                                                          ekpk(~receiverEskB))))
                               ) @ #vk.4 ) )
                    case CoreTranscript_Diff_case_1
                    step( solve( !KU( lkem_ct(kpk(~kemSkB), ~rhoL) ) @ #vk.5 ) )
                      case CoreTranscript_Diff
                      step( solve( !KU( ekem_ct(ekpk(~receiverEskB), ~rhoK) ) @ #vk.6 ) )
                        case CoreTranscript_Diff
                        step( solve( !KU( skem_component(skem_spk(~senderSkA),
                                                         skem_rpk(~receiverSkB), ~rhoS)
                                     ) @ #vk.7 ) )
                          case CoreTranscript_Diff
                          step( solve( !KU( sid_of($A, $B, pk(spk(~sigSkA), kpk(~kemSkA)),
                                                   pk(spk(~sigSkB), kpk(~kemSkB)),
                                                   sender_prekey(skem_spk(~senderSkA),
                                                                 sign(~sigSkA,
                                                                      sender_payload(skem_spk(~senderSkA)))),
                                                   receiver_prekey(skem_rpk(~receiverSkB),
                                                                   ekpk(~receiverEskB),
                                                                   sign(~sigSkB,
                                                                        receiver_payload(skem_rpk(~receiverSkB),
                                                                                         ekpk(~receiverEskB)))),
                                                   <lkem_ct(kpk(~kemSkB), ~rhoL), 
                                                    ekem_ct(ekpk(~receiverEskB), ~rhoK), 
                                                    skem_component(skem_spk(~senderSkA),
                                                                   skem_rpk(~receiverSkB), ~rhoS)
                                                   >)
                                       ) @ #vk.8 ) )
                            case CoreTranscript_Diff_case_1
                            MIRRORED
                          next
                            case CoreTranscript_Diff_case_2
                            MIRRORED
                          next
                            case c_sid_of
                            step( solve( !KU( $A ) @ #vk.9 ) )
                              case coerce
                              step( solve( !KD( $A ) ▶₀ #vk.9 ) )
                                case CoreTranscript_Diff_case_1
                                by step( contradiction /* impossible chain */ )
                              next
                                case CoreTranscript_Diff_case_2
                                by step( contradiction /* impossible chain */ )
                              next
                                case CoreTranscript_Diff_case_3
                                by step( contradiction /* impossible chain */ )
                              next
                                case CoreTranscript_Diff_case_4
                                by step( contradiction /* impossible chain */ )
                              next
                                case CoreTranscript_Diff_case_5
                                by step( contradiction /* impossible chain */ )
                              next
                                case CoreTranscript_Diff_case_6
                                by step( contradiction /* impossible chain */ )
                              qed
                            next
                              case pub
                              step( solve( !KU( $B ) @ #vk.10 ) )
                                case coerce
                                step( solve( !KD( $B ) ▶₀ #vk.10 ) )
                                  case CoreTranscript_Diff_case_1
                                  by step( contradiction /* impossible chain */ )
                                next
                                  case CoreTranscript_Diff_case_2
                                  by step( contradiction /* impossible chain */ )
                                next
                                  case CoreTranscript_Diff_case_3
                                  by step( contradiction /* impossible chain */ )
                                next
                                  case CoreTranscript_Diff_case_4
                                  by step( contradiction /* impossible chain */ )
                                next
                                  case CoreTranscript_Diff_case_5
                                  by step( contradiction /* impossible chain */ )
                                next
                                  case CoreTranscript_Diff_case_6
                                  by step( contradiction /* impossible chain */ )
                                qed
                              next
                                case pub
                                step( solve( !KU( pk(spk(~sigSkA), kpk(~kemSkA)) ) @ #vk.11 ) )
                                  case CoreTranscript_Diff_case_1
                                  step( solve( !KU( pk(spk(~sigSkB), kpk(~kemSkB)) ) @ #vk.12 ) )
                                    case CoreTranscript_Diff_case_1
                                    step( solve( !KU( sender_prekey(skem_spk(~senderSkA),
                                                                    sign(~sigSkA,
                                                                         sender_payload(skem_spk(~senderSkA))))
                                                 ) @ #vk.13 ) )
                                      case CoreTranscript_Diff_case_1
                                      MIRRORED
                                    next
                                      case CoreTranscript_Diff_case_2
                                      MIRRORED
                                    next
                                      case c_sender_prekey
                                      step( solve( !KU( skem_spk(~senderSkA) ) @ #vk.14 ) )
                                        case c_skem_spk
                                        by step( solve( !KU( ~senderSkA ) @ #vk.16 ) )
                                      qed
                                    qed
                                  next
                                    case CoreTranscript_Diff_case_2
                                    step( solve( !KU( sender_prekey(skem_spk(~senderSkA),
                                                                    sign(~sigSkA,
                                                                         sender_payload(skem_spk(~senderSkA))))
                                                 ) @ #vk.13 ) )
                                      case CoreTranscript_Diff_case_1
                                      MIRRORED
                                    next
                                      case CoreTranscript_Diff_case_2
                                      MIRRORED
                                    next
                                      case c_sender_prekey
                                      step( solve( !KU( skem_spk(~senderSkA) ) @ #vk.14 ) )
                                        case c_skem_spk
                                        by step( solve( !KU( ~senderSkA ) @ #vk.16 ) )
                                      qed
                                    qed
                                  next
                                    case c_pk
                                    step( solve( !KU( spk(~sigSkB) ) @ #vk.14 ) )
                                      case c_spk
                                      by step( solve( !KU( ~sigSkB ) @ #vk.16 ) )
                                    qed
                                  qed
                                next
                                  case CoreTranscript_Diff_case_2
                                  step( solve( !KU( pk(spk(~sigSkB), kpk(~kemSkB)) ) @ #vk.12 ) )
                                    case CoreTranscript_Diff_case_1
                                    step( solve( !KU( sender_prekey(skem_spk(~senderSkA),
                                                                    sign(~sigSkA,
                                                                         sender_payload(skem_spk(~senderSkA))))
                                                 ) @ #vk.13 ) )
                                      case CoreTranscript_Diff_case_1
                                      MIRRORED
                                    next
                                      case CoreTranscript_Diff_case_2
                                      MIRRORED
                                    next
                                      case c_sender_prekey
                                      step( solve( !KU( skem_spk(~senderSkA) ) @ #vk.14 ) )
                                        case c_skem_spk
                                        by step( solve( !KU( ~senderSkA ) @ #vk.16 ) )
                                      qed
                                    qed
                                  next
                                    case CoreTranscript_Diff_case_2
                                    step( solve( !KU( sender_prekey(skem_spk(~senderSkA),
                                                                    sign(~sigSkA,
                                                                         sender_payload(skem_spk(~senderSkA))))
                                                 ) @ #vk.13 ) )
                                      case CoreTranscript_Diff_case_1
                                      MIRRORED
                                    next
                                      case CoreTranscript_Diff_case_2
                                      MIRRORED
                                    next
                                      case c_sender_prekey
                                      step( solve( !KU( skem_spk(~senderSkA) ) @ #vk.14 ) )
                                        case c_skem_spk
                                        by step( solve( !KU( ~senderSkA ) @ #vk.16 ) )
                                      qed
                                    qed
                                  next
                                    case c_pk
                                    step( solve( !KU( spk(~sigSkB) ) @ #vk.14 ) )
                                      case c_spk
                                      by step( solve( !KU( ~sigSkB ) @ #vk.16 ) )
                                    qed
                                  qed
                                next
                                  case c_pk
                                  step( solve( !KU( spk(~sigSkA) ) @ #vk.14 ) )
                                    case c_spk
                                    by step( solve( !KU( ~sigSkA ) @ #vk.16 ) )
                                  qed
                                qed
                              qed
                            qed
                          qed
                        next
                          case c_skem_component
                          by step( solve( !KU( ~rhoS ) @ #vk.11 ) )
                        qed
                      next
                        case c_ekem_ct
                        by step( solve( !KU( ~rhoK ) @ #vk.10 ) )
                      qed
                    next
                      case c_lkem_ct
                      by step( solve( !KU( ~rhoL ) @ #vk.10 ) )
                    qed
                  next
                    case CoreTranscript_Diff_case_2
                    step( solve( !KU( lkem_ct(kpk(~kemSkB), ~rhoL) ) @ #vk.5 ) )
                      case CoreTranscript_Diff
                      step( solve( !KU( ekem_ct(ekpk(~receiverEskB), ~rhoK) ) @ #vk.6 ) )
                        case CoreTranscript_Diff
                        step( solve( !KU( skem_component(skem_spk(~senderSkA),
                                                         skem_rpk(~receiverSkB), ~rhoS)
                                     ) @ #vk.7 ) )
                          case CoreTranscript_Diff
                          step( solve( !KU( sid_of($A, $B, pk(spk(~sigSkA), kpk(~kemSkA)),
                                                   pk(spk(~sigSkB), kpk(~kemSkB)),
                                                   sender_prekey(skem_spk(~senderSkA),
                                                                 sign(~sigSkA,
                                                                      sender_payload(skem_spk(~senderSkA)))),
                                                   receiver_prekey(skem_rpk(~receiverSkB),
                                                                   ekpk(~receiverEskB),
                                                                   sign(~sigSkB,
                                                                        receiver_payload(skem_rpk(~receiverSkB),
                                                                                         ekpk(~receiverEskB)))),
                                                   <lkem_ct(kpk(~kemSkB), ~rhoL), 
                                                    ekem_ct(ekpk(~receiverEskB), ~rhoK), 
                                                    skem_component(skem_spk(~senderSkA),
                                                                   skem_rpk(~receiverSkB), ~rhoS)
                                                   >)
                                       ) @ #vk.8 ) )
                            case CoreTranscript_Diff_case_1
                            MIRRORED
                          next
                            case CoreTranscript_Diff_case_2
                            MIRRORED
                          next
                            case c_sid_of
                            step( solve( !KU( $A ) @ #vk.9 ) )
                              case coerce
                              step( solve( !KD( $A ) ▶₀ #vk.9 ) )
                                case CoreTranscript_Diff_case_1
                                by step( contradiction /* impossible chain */ )
                              next
                                case CoreTranscript_Diff_case_2
                                by step( contradiction /* impossible chain */ )
                              next
                                case CoreTranscript_Diff_case_3
                                by step( contradiction /* impossible chain */ )
                              next
                                case CoreTranscript_Diff_case_4
                                by step( contradiction /* impossible chain */ )
                              next
                                case CoreTranscript_Diff_case_5
                                by step( contradiction /* impossible chain */ )
                              next
                                case CoreTranscript_Diff_case_6
                                by step( contradiction /* impossible chain */ )
                              qed
                            next
                              case pub
                              step( solve( !KU( $B ) @ #vk.10 ) )
                                case coerce
                                step( solve( !KD( $B ) ▶₀ #vk.10 ) )
                                  case CoreTranscript_Diff_case_1
                                  by step( contradiction /* impossible chain */ )
                                next
                                  case CoreTranscript_Diff_case_2
                                  by step( contradiction /* impossible chain */ )
                                next
                                  case CoreTranscript_Diff_case_3
                                  by step( contradiction /* impossible chain */ )
                                next
                                  case CoreTranscript_Diff_case_4
                                  by step( contradiction /* impossible chain */ )
                                next
                                  case CoreTranscript_Diff_case_5
                                  by step( contradiction /* impossible chain */ )
                                next
                                  case CoreTranscript_Diff_case_6
                                  by step( contradiction /* impossible chain */ )
                                qed
                              next
                                case pub
                                step( solve( !KU( pk(spk(~sigSkA), kpk(~kemSkA)) ) @ #vk.11 ) )
                                  case CoreTranscript_Diff_case_1
                                  step( solve( !KU( pk(spk(~sigSkB), kpk(~kemSkB)) ) @ #vk.12 ) )
                                    case CoreTranscript_Diff_case_1
                                    step( solve( !KU( sender_prekey(skem_spk(~senderSkA),
                                                                    sign(~sigSkA,
                                                                         sender_payload(skem_spk(~senderSkA))))
                                                 ) @ #vk.13 ) )
                                      case CoreTranscript_Diff_case_1
                                      MIRRORED
                                    next
                                      case CoreTranscript_Diff_case_2
                                      MIRRORED
                                    next
                                      case c_sender_prekey
                                      step( solve( !KU( skem_spk(~senderSkA) ) @ #vk.14 ) )
                                        case c_skem_spk
                                        by step( solve( !KU( ~senderSkA ) @ #vk.16 ) )
                                      qed
                                    qed
                                  next
                                    case CoreTranscript_Diff_case_2
                                    step( solve( !KU( sender_prekey(skem_spk(~senderSkA),
                                                                    sign(~sigSkA,
                                                                         sender_payload(skem_spk(~senderSkA))))
                                                 ) @ #vk.13 ) )
                                      case CoreTranscript_Diff_case_1
                                      MIRRORED
                                    next
                                      case CoreTranscript_Diff_case_2
                                      MIRRORED
                                    next
                                      case c_sender_prekey
                                      step( solve( !KU( skem_spk(~senderSkA) ) @ #vk.14 ) )
                                        case c_skem_spk
                                        by step( solve( !KU( ~senderSkA ) @ #vk.16 ) )
                                      qed
                                    qed
                                  next
                                    case c_pk
                                    step( solve( !KU( spk(~sigSkB) ) @ #vk.14 ) )
                                      case c_spk
                                      by step( solve( !KU( ~sigSkB ) @ #vk.16 ) )
                                    qed
                                  qed
                                next
                                  case CoreTranscript_Diff_case_2
                                  step( solve( !KU( pk(spk(~sigSkB), kpk(~kemSkB)) ) @ #vk.12 ) )
                                    case CoreTranscript_Diff_case_1
                                    step( solve( !KU( sender_prekey(skem_spk(~senderSkA),
                                                                    sign(~sigSkA,
                                                                         sender_payload(skem_spk(~senderSkA))))
                                                 ) @ #vk.13 ) )
                                      case CoreTranscript_Diff_case_1
                                      MIRRORED
                                    next
                                      case CoreTranscript_Diff_case_2
                                      MIRRORED
                                    next
                                      case c_sender_prekey
                                      step( solve( !KU( skem_spk(~senderSkA) ) @ #vk.14 ) )
                                        case c_skem_spk
                                        by step( solve( !KU( ~senderSkA ) @ #vk.16 ) )
                                      qed
                                    qed
                                  next
                                    case CoreTranscript_Diff_case_2
                                    step( solve( !KU( sender_prekey(skem_spk(~senderSkA),
                                                                    sign(~sigSkA,
                                                                         sender_payload(skem_spk(~senderSkA))))
                                                 ) @ #vk.13 ) )
                                      case CoreTranscript_Diff_case_1
                                      MIRRORED
                                    next
                                      case CoreTranscript_Diff_case_2
                                      MIRRORED
                                    next
                                      case c_sender_prekey
                                      step( solve( !KU( skem_spk(~senderSkA) ) @ #vk.14 ) )
                                        case c_skem_spk
                                        by step( solve( !KU( ~senderSkA ) @ #vk.16 ) )
                                      qed
                                    qed
                                  next
                                    case c_pk
                                    step( solve( !KU( spk(~sigSkB) ) @ #vk.14 ) )
                                      case c_spk
                                      by step( solve( !KU( ~sigSkB ) @ #vk.16 ) )
                                    qed
                                  qed
                                next
                                  case c_pk
                                  step( solve( !KU( spk(~sigSkA) ) @ #vk.14 ) )
                                    case c_spk
                                    by step( solve( !KU( ~sigSkA ) @ #vk.16 ) )
                                  qed
                                qed
                              qed
                            qed
                          qed
                        next
                          case c_skem_component
                          by step( solve( !KU( ~rhoS ) @ #vk.11 ) )
                        qed
                      next
                        case c_ekem_ct
                        by step( solve( !KU( ~rhoK ) @ #vk.10 ) )
                      qed
                    next
                      case c_lkem_ct
                      by step( solve( !KU( ~rhoL ) @ #vk.10 ) )
                    qed
                  next
                    case c_receiver_prekey
                    step( solve( !KU( skem_rpk(~receiverSkB) ) @ #vk.9 ) )
                      case c_skem_rpk
                      by step( solve( !KU( ~receiverSkB ) @ #vk.12 ) )
                    qed
                  qed
                qed
              next
                case pair
                step( solve( !KU( sender_prekey(skem_spk(~senderSkA),
                                                sign(~sigSkA, sender_payload(skem_spk(~senderSkA))))
                             ) @ #vk.5 ) )
                  case CoreTranscript_Diff_case_1
                  step( solve( !KU( receiver_prekey(skem_rpk(~receiverSkB),
                                                    ekpk(~receiverEskB),
                                                    sign(~sigSkB,
                                                         receiver_payload(skem_rpk(~receiverSkB),
                                                                          ekpk(~receiverEskB))))
                               ) @ #vk.6 ) )
                    case CoreTranscript_Diff_case_1
                    step( solve( !KU( lkem_ct(kpk(~kemSkB), ~rhoL) ) @ #vk.7 ) )
                      case CoreTranscript_Diff
                      step( solve( !KU( ekem_ct(ekpk(~receiverEskB), ~rhoK) ) @ #vk.8 ) )
                        case CoreTranscript_Diff
                        step( solve( !KU( skem_component(skem_spk(~senderSkA),
                                                         skem_rpk(~receiverSkB), ~rhoS)
                                     ) @ #vk.9 ) )
                          case CoreTranscript_Diff
                          step( solve( !KU( sid_of($A, $B, pk(spk(~sigSkA), kpk(~kemSkA)),
                                                   pk(spk(~sigSkB), kpk(~kemSkB)),
                                                   sender_prekey(skem_spk(~senderSkA),
                                                                 sign(~sigSkA,
                                                                      sender_payload(skem_spk(~senderSkA)))),
                                                   receiver_prekey(skem_rpk(~receiverSkB),
                                                                   ekpk(~receiverEskB),
                                                                   sign(~sigSkB,
                                                                        receiver_payload(skem_rpk(~receiverSkB),
                                                                                         ekpk(~receiverEskB)))),
                                                   <lkem_ct(kpk(~kemSkB), ~rhoL), 
                                                    ekem_ct(ekpk(~receiverEskB), ~rhoK), 
                                                    skem_component(skem_spk(~senderSkA),
                                                                   skem_rpk(~receiverSkB), ~rhoS)
                                                   >)
                                       ) @ #vk.10 ) )
                            case CoreTranscript_Diff_case_1
                            MIRRORED
                          next
                            case CoreTranscript_Diff_case_2
                            MIRRORED
                          next
                            case c_sid_of
                            step( solve( !KU( $A ) @ #vk.11 ) )
                              case coerce
                              step( solve( !KD( $A ) ▶₀ #vk.11 ) )
                                case CoreTranscript_Diff_case_1
                                by step( contradiction /* impossible chain */ )
                              next
                                case CoreTranscript_Diff_case_2
                                by step( contradiction /* impossible chain */ )
                              next
                                case CoreTranscript_Diff_case_3
                                by step( contradiction /* impossible chain */ )
                              next
                                case CoreTranscript_Diff_case_4
                                by step( contradiction /* impossible chain */ )
                              next
                                case CoreTranscript_Diff_case_5
                                by step( contradiction /* impossible chain */ )
                              next
                                case CoreTranscript_Diff_case_6
                                by step( contradiction /* impossible chain */ )
                              qed
                            next
                              case pub
                              step( solve( !KU( $B ) @ #vk.12 ) )
                                case coerce
                                step( solve( !KD( $B ) ▶₀ #vk.12 ) )
                                  case CoreTranscript_Diff_case_1
                                  by step( contradiction /* impossible chain */ )
                                next
                                  case CoreTranscript_Diff_case_2
                                  by step( contradiction /* impossible chain */ )
                                next
                                  case CoreTranscript_Diff_case_3
                                  by step( contradiction /* impossible chain */ )
                                next
                                  case CoreTranscript_Diff_case_4
                                  by step( contradiction /* impossible chain */ )
                                next
                                  case CoreTranscript_Diff_case_5
                                  by step( contradiction /* impossible chain */ )
                                next
                                  case CoreTranscript_Diff_case_6
                                  by step( contradiction /* impossible chain */ )
                                qed
                              next
                                case pub
                                step( solve( !KU( pk(spk(~sigSkA), kpk(~kemSkA)) ) @ #vk.13 ) )
                                  case CoreTranscript_Diff_case_1
                                  step( solve( !KU( pk(spk(~sigSkB), kpk(~kemSkB)) ) @ #vk.14 ) )
                                    case CoreTranscript_Diff_case_1
                                    MIRRORED
                                  next
                                    case CoreTranscript_Diff_case_2
                                    MIRRORED
                                  next
                                    case c_pk
                                    step( solve( !KU( spk(~sigSkB) ) @ #vk.15 ) )
                                      case c_spk
                                      by step( solve( !KU( ~sigSkB ) @ #vk.17 ) )
                                    qed
                                  qed
                                next
                                  case CoreTranscript_Diff_case_2
                                  step( solve( !KU( pk(spk(~sigSkB), kpk(~kemSkB)) ) @ #vk.14 ) )
                                    case CoreTranscript_Diff_case_1
                                    MIRRORED
                                  next
                                    case CoreTranscript_Diff_case_2
                                    MIRRORED
                                  next
                                    case c_pk
                                    step( solve( !KU( spk(~sigSkB) ) @ #vk.15 ) )
                                      case c_spk
                                      by step( solve( !KU( ~sigSkB ) @ #vk.17 ) )
                                    qed
                                  qed
                                next
                                  case c_pk
                                  step( solve( !KU( spk(~sigSkA) ) @ #vk.15 ) )
                                    case c_spk
                                    by step( solve( !KU( ~sigSkA ) @ #vk.17 ) )
                                  qed
                                qed
                              qed
                            qed
                          qed
                        next
                          case c_skem_component
                          by step( solve( !KU( ~rhoS ) @ #vk.13 ) )
                        qed
                      next
                        case c_ekem_ct
                        by step( solve( !KU( ~rhoK ) @ #vk.12 ) )
                      qed
                    next
                      case c_lkem_ct
                      by step( solve( !KU( ~rhoL ) @ #vk.12 ) )
                    qed
                  next
                    case CoreTranscript_Diff_case_2
                    step( solve( !KU( lkem_ct(kpk(~kemSkB), ~rhoL) ) @ #vk.7 ) )
                      case CoreTranscript_Diff
                      step( solve( !KU( ekem_ct(ekpk(~receiverEskB), ~rhoK) ) @ #vk.8 ) )
                        case CoreTranscript_Diff
                        step( solve( !KU( skem_component(skem_spk(~senderSkA),
                                                         skem_rpk(~receiverSkB), ~rhoS)
                                     ) @ #vk.9 ) )
                          case CoreTranscript_Diff
                          step( solve( !KU( sid_of($A, $B, pk(spk(~sigSkA), kpk(~kemSkA)),
                                                   pk(spk(~sigSkB), kpk(~kemSkB)),
                                                   sender_prekey(skem_spk(~senderSkA),
                                                                 sign(~sigSkA,
                                                                      sender_payload(skem_spk(~senderSkA)))),
                                                   receiver_prekey(skem_rpk(~receiverSkB),
                                                                   ekpk(~receiverEskB),
                                                                   sign(~sigSkB,
                                                                        receiver_payload(skem_rpk(~receiverSkB),
                                                                                         ekpk(~receiverEskB)))),
                                                   <lkem_ct(kpk(~kemSkB), ~rhoL), 
                                                    ekem_ct(ekpk(~receiverEskB), ~rhoK), 
                                                    skem_component(skem_spk(~senderSkA),
                                                                   skem_rpk(~receiverSkB), ~rhoS)
                                                   >)
                                       ) @ #vk.10 ) )
                            case CoreTranscript_Diff_case_1
                            MIRRORED
                          next
                            case CoreTranscript_Diff_case_2
                            MIRRORED
                          next
                            case c_sid_of
                            step( solve( !KU( $A ) @ #vk.11 ) )
                              case coerce
                              step( solve( !KD( $A ) ▶₀ #vk.11 ) )
                                case CoreTranscript_Diff_case_1
                                by step( contradiction /* impossible chain */ )
                              next
                                case CoreTranscript_Diff_case_2
                                by step( contradiction /* impossible chain */ )
                              next
                                case CoreTranscript_Diff_case_3
                                by step( contradiction /* impossible chain */ )
                              next
                                case CoreTranscript_Diff_case_4
                                by step( contradiction /* impossible chain */ )
                              next
                                case CoreTranscript_Diff_case_5
                                by step( contradiction /* impossible chain */ )
                              next
                                case CoreTranscript_Diff_case_6
                                by step( contradiction /* impossible chain */ )
                              qed
                            next
                              case pub
                              step( solve( !KU( $B ) @ #vk.12 ) )
                                case coerce
                                step( solve( !KD( $B ) ▶₀ #vk.12 ) )
                                  case CoreTranscript_Diff_case_1
                                  by step( contradiction /* impossible chain */ )
                                next
                                  case CoreTranscript_Diff_case_2
                                  by step( contradiction /* impossible chain */ )
                                next
                                  case CoreTranscript_Diff_case_3
                                  by step( contradiction /* impossible chain */ )
                                next
                                  case CoreTranscript_Diff_case_4
                                  by step( contradiction /* impossible chain */ )
                                next
                                  case CoreTranscript_Diff_case_5
                                  by step( contradiction /* impossible chain */ )
                                next
                                  case CoreTranscript_Diff_case_6
                                  by step( contradiction /* impossible chain */ )
                                qed
                              next
                                case pub
                                step( solve( !KU( pk(spk(~sigSkA), kpk(~kemSkA)) ) @ #vk.13 ) )
                                  case CoreTranscript_Diff_case_1
                                  step( solve( !KU( pk(spk(~sigSkB), kpk(~kemSkB)) ) @ #vk.14 ) )
                                    case CoreTranscript_Diff_case_1
                                    MIRRORED
                                  next
                                    case CoreTranscript_Diff_case_2
                                    MIRRORED
                                  next
                                    case c_pk
                                    step( solve( !KU( spk(~sigSkB) ) @ #vk.15 ) )
                                      case c_spk
                                      by step( solve( !KU( ~sigSkB ) @ #vk.17 ) )
                                    qed
                                  qed
                                next
                                  case CoreTranscript_Diff_case_2
                                  step( solve( !KU( pk(spk(~sigSkB), kpk(~kemSkB)) ) @ #vk.14 ) )
                                    case CoreTranscript_Diff_case_1
                                    MIRRORED
                                  next
                                    case CoreTranscript_Diff_case_2
                                    MIRRORED
                                  next
                                    case c_pk
                                    step( solve( !KU( spk(~sigSkB) ) @ #vk.15 ) )
                                      case c_spk
                                      by step( solve( !KU( ~sigSkB ) @ #vk.17 ) )
                                    qed
                                  qed
                                next
                                  case c_pk
                                  step( solve( !KU( spk(~sigSkA) ) @ #vk.15 ) )
                                    case c_spk
                                    by step( solve( !KU( ~sigSkA ) @ #vk.17 ) )
                                  qed
                                qed
                              qed
                            qed
                          qed
                        next
                          case c_skem_component
                          by step( solve( !KU( ~rhoS ) @ #vk.13 ) )
                        qed
                      next
                        case c_ekem_ct
                        by step( solve( !KU( ~rhoK ) @ #vk.12 ) )
                      qed
                    next
                      case c_lkem_ct
                      by step( solve( !KU( ~rhoL ) @ #vk.12 ) )
                    qed
                  next
                    case c_receiver_prekey
                    step( solve( !KU( skem_rpk(~receiverSkB) ) @ #vk.11 ) )
                      case c_skem_rpk
                      by step( solve( !KU( ~receiverSkB ) @ #vk.14 ) )
                    qed
                  qed
                next
                  case CoreTranscript_Diff_case_2
                  step( solve( !KU( receiver_prekey(skem_rpk(~receiverSkB),
                                                    ekpk(~receiverEskB),
                                                    sign(~sigSkB,
                                                         receiver_payload(skem_rpk(~receiverSkB),
                                                                          ekpk(~receiverEskB))))
                               ) @ #vk.6 ) )
                    case CoreTranscript_Diff_case_1
                    step( solve( !KU( lkem_ct(kpk(~kemSkB), ~rhoL) ) @ #vk.7 ) )
                      case CoreTranscript_Diff
                      step( solve( !KU( ekem_ct(ekpk(~receiverEskB), ~rhoK) ) @ #vk.8 ) )
                        case CoreTranscript_Diff
                        step( solve( !KU( skem_component(skem_spk(~senderSkA),
                                                         skem_rpk(~receiverSkB), ~rhoS)
                                     ) @ #vk.9 ) )
                          case CoreTranscript_Diff
                          step( solve( !KU( sid_of($A, $B, pk(spk(~sigSkA), kpk(~kemSkA)),
                                                   pk(spk(~sigSkB), kpk(~kemSkB)),
                                                   sender_prekey(skem_spk(~senderSkA),
                                                                 sign(~sigSkA,
                                                                      sender_payload(skem_spk(~senderSkA)))),
                                                   receiver_prekey(skem_rpk(~receiverSkB),
                                                                   ekpk(~receiverEskB),
                                                                   sign(~sigSkB,
                                                                        receiver_payload(skem_rpk(~receiverSkB),
                                                                                         ekpk(~receiverEskB)))),
                                                   <lkem_ct(kpk(~kemSkB), ~rhoL), 
                                                    ekem_ct(ekpk(~receiverEskB), ~rhoK), 
                                                    skem_component(skem_spk(~senderSkA),
                                                                   skem_rpk(~receiverSkB), ~rhoS)
                                                   >)
                                       ) @ #vk.10 ) )
                            case CoreTranscript_Diff_case_1
                            MIRRORED
                          next
                            case CoreTranscript_Diff_case_2
                            MIRRORED
                          next
                            case c_sid_of
                            step( solve( !KU( $A ) @ #vk.11 ) )
                              case coerce
                              step( solve( !KD( $A ) ▶₀ #vk.11 ) )
                                case CoreTranscript_Diff_case_1
                                by step( contradiction /* impossible chain */ )
                              next
                                case CoreTranscript_Diff_case_2
                                by step( contradiction /* impossible chain */ )
                              next
                                case CoreTranscript_Diff_case_3
                                by step( contradiction /* impossible chain */ )
                              next
                                case CoreTranscript_Diff_case_4
                                by step( contradiction /* impossible chain */ )
                              next
                                case CoreTranscript_Diff_case_5
                                by step( contradiction /* impossible chain */ )
                              next
                                case CoreTranscript_Diff_case_6
                                by step( contradiction /* impossible chain */ )
                              qed
                            next
                              case pub
                              step( solve( !KU( $B ) @ #vk.12 ) )
                                case coerce
                                step( solve( !KD( $B ) ▶₀ #vk.12 ) )
                                  case CoreTranscript_Diff_case_1
                                  by step( contradiction /* impossible chain */ )
                                next
                                  case CoreTranscript_Diff_case_2
                                  by step( contradiction /* impossible chain */ )
                                next
                                  case CoreTranscript_Diff_case_3
                                  by step( contradiction /* impossible chain */ )
                                next
                                  case CoreTranscript_Diff_case_4
                                  by step( contradiction /* impossible chain */ )
                                next
                                  case CoreTranscript_Diff_case_5
                                  by step( contradiction /* impossible chain */ )
                                next
                                  case CoreTranscript_Diff_case_6
                                  by step( contradiction /* impossible chain */ )
                                qed
                              next
                                case pub
                                step( solve( !KU( pk(spk(~sigSkA), kpk(~kemSkA)) ) @ #vk.13 ) )
                                  case CoreTranscript_Diff_case_1
                                  step( solve( !KU( pk(spk(~sigSkB), kpk(~kemSkB)) ) @ #vk.14 ) )
                                    case CoreTranscript_Diff_case_1
                                    MIRRORED
                                  next
                                    case CoreTranscript_Diff_case_2
                                    MIRRORED
                                  next
                                    case c_pk
                                    step( solve( !KU( spk(~sigSkB) ) @ #vk.15 ) )
                                      case c_spk
                                      by step( solve( !KU( ~sigSkB ) @ #vk.17 ) )
                                    qed
                                  qed
                                next
                                  case CoreTranscript_Diff_case_2
                                  step( solve( !KU( pk(spk(~sigSkB), kpk(~kemSkB)) ) @ #vk.14 ) )
                                    case CoreTranscript_Diff_case_1
                                    MIRRORED
                                  next
                                    case CoreTranscript_Diff_case_2
                                    MIRRORED
                                  next
                                    case c_pk
                                    step( solve( !KU( spk(~sigSkB) ) @ #vk.15 ) )
                                      case c_spk
                                      by step( solve( !KU( ~sigSkB ) @ #vk.17 ) )
                                    qed
                                  qed
                                next
                                  case c_pk
                                  step( solve( !KU( spk(~sigSkA) ) @ #vk.15 ) )
                                    case c_spk
                                    by step( solve( !KU( ~sigSkA ) @ #vk.17 ) )
                                  qed
                                qed
                              qed
                            qed
                          qed
                        next
                          case c_skem_component
                          by step( solve( !KU( ~rhoS ) @ #vk.13 ) )
                        qed
                      next
                        case c_ekem_ct
                        by step( solve( !KU( ~rhoK ) @ #vk.12 ) )
                      qed
                    next
                      case c_lkem_ct
                      by step( solve( !KU( ~rhoL ) @ #vk.12 ) )
                    qed
                  next
                    case CoreTranscript_Diff_case_2
                    step( solve( !KU( lkem_ct(kpk(~kemSkB), ~rhoL) ) @ #vk.7 ) )
                      case CoreTranscript_Diff
                      step( solve( !KU( ekem_ct(ekpk(~receiverEskB), ~rhoK) ) @ #vk.8 ) )
                        case CoreTranscript_Diff
                        step( solve( !KU( skem_component(skem_spk(~senderSkA),
                                                         skem_rpk(~receiverSkB), ~rhoS)
                                     ) @ #vk.9 ) )
                          case CoreTranscript_Diff
                          step( solve( !KU( sid_of($A, $B, pk(spk(~sigSkA), kpk(~kemSkA)),
                                                   pk(spk(~sigSkB), kpk(~kemSkB)),
                                                   sender_prekey(skem_spk(~senderSkA),
                                                                 sign(~sigSkA,
                                                                      sender_payload(skem_spk(~senderSkA)))),
                                                   receiver_prekey(skem_rpk(~receiverSkB),
                                                                   ekpk(~receiverEskB),
                                                                   sign(~sigSkB,
                                                                        receiver_payload(skem_rpk(~receiverSkB),
                                                                                         ekpk(~receiverEskB)))),
                                                   <lkem_ct(kpk(~kemSkB), ~rhoL), 
                                                    ekem_ct(ekpk(~receiverEskB), ~rhoK), 
                                                    skem_component(skem_spk(~senderSkA),
                                                                   skem_rpk(~receiverSkB), ~rhoS)
                                                   >)
                                       ) @ #vk.10 ) )
                            case CoreTranscript_Diff_case_1
                            MIRRORED
                          next
                            case CoreTranscript_Diff_case_2
                            MIRRORED
                          next
                            case c_sid_of
                            step( solve( !KU( $A ) @ #vk.11 ) )
                              case coerce
                              step( solve( !KD( $A ) ▶₀ #vk.11 ) )
                                case CoreTranscript_Diff_case_1
                                by step( contradiction /* impossible chain */ )
                              next
                                case CoreTranscript_Diff_case_2
                                by step( contradiction /* impossible chain */ )
                              next
                                case CoreTranscript_Diff_case_3
                                by step( contradiction /* impossible chain */ )
                              next
                                case CoreTranscript_Diff_case_4
                                by step( contradiction /* impossible chain */ )
                              next
                                case CoreTranscript_Diff_case_5
                                by step( contradiction /* impossible chain */ )
                              next
                                case CoreTranscript_Diff_case_6
                                by step( contradiction /* impossible chain */ )
                              qed
                            next
                              case pub
                              step( solve( !KU( $B ) @ #vk.12 ) )
                                case coerce
                                step( solve( !KD( $B ) ▶₀ #vk.12 ) )
                                  case CoreTranscript_Diff_case_1
                                  by step( contradiction /* impossible chain */ )
                                next
                                  case CoreTranscript_Diff_case_2
                                  by step( contradiction /* impossible chain */ )
                                next
                                  case CoreTranscript_Diff_case_3
                                  by step( contradiction /* impossible chain */ )
                                next
                                  case CoreTranscript_Diff_case_4
                                  by step( contradiction /* impossible chain */ )
                                next
                                  case CoreTranscript_Diff_case_5
                                  by step( contradiction /* impossible chain */ )
                                next
                                  case CoreTranscript_Diff_case_6
                                  by step( contradiction /* impossible chain */ )
                                qed
                              next
                                case pub
                                step( solve( !KU( pk(spk(~sigSkA), kpk(~kemSkA)) ) @ #vk.13 ) )
                                  case CoreTranscript_Diff_case_1
                                  step( solve( !KU( pk(spk(~sigSkB), kpk(~kemSkB)) ) @ #vk.14 ) )
                                    case CoreTranscript_Diff_case_1
                                    MIRRORED
                                  next
                                    case CoreTranscript_Diff_case_2
                                    MIRRORED
                                  next
                                    case c_pk
                                    step( solve( !KU( spk(~sigSkB) ) @ #vk.15 ) )
                                      case c_spk
                                      by step( solve( !KU( ~sigSkB ) @ #vk.17 ) )
                                    qed
                                  qed
                                next
                                  case CoreTranscript_Diff_case_2
                                  step( solve( !KU( pk(spk(~sigSkB), kpk(~kemSkB)) ) @ #vk.14 ) )
                                    case CoreTranscript_Diff_case_1
                                    MIRRORED
                                  next
                                    case CoreTranscript_Diff_case_2
                                    MIRRORED
                                  next
                                    case c_pk
                                    step( solve( !KU( spk(~sigSkB) ) @ #vk.15 ) )
                                      case c_spk
                                      by step( solve( !KU( ~sigSkB ) @ #vk.17 ) )
                                    qed
                                  qed
                                next
                                  case c_pk
                                  step( solve( !KU( spk(~sigSkA) ) @ #vk.15 ) )
                                    case c_spk
                                    by step( solve( !KU( ~sigSkA ) @ #vk.17 ) )
                                  qed
                                qed
                              qed
                            qed
                          qed
                        next
                          case c_skem_component
                          by step( solve( !KU( ~rhoS ) @ #vk.13 ) )
                        qed
                      next
                        case c_ekem_ct
                        by step( solve( !KU( ~rhoK ) @ #vk.12 ) )
                      qed
                    next
                      case c_lkem_ct
                      by step( solve( !KU( ~rhoL ) @ #vk.12 ) )
                    qed
                  next
                    case c_receiver_prekey
                    step( solve( !KU( skem_rpk(~receiverSkB) ) @ #vk.11 ) )
                      case c_skem_rpk
                      by step( solve( !KU( ~receiverSkB ) @ #vk.14 ) )
                    qed
                  qed
                next
                  case c_sender_prekey
                  step( solve( !KU( skem_spk(~senderSkA) ) @ #vk.11 ) )
                    case c_skem_spk
                    by step( solve( !KU( ~senderSkA ) @ #vk.13 ) )
                  qed
                qed
              qed
            next
              case pair
              step( solve( !KU( pk(spk(~sigSkB), kpk(~kemSkB)) ) @ #vk.6 ) )
                case CoreTranscript_Diff_case_1
                step( solve( !KU( sender_prekey(skem_spk(~senderSkA),
                                                sign(~sigSkA, sender_payload(skem_spk(~senderSkA))))
                             ) @ #vk.7 ) )
                  case CoreTranscript_Diff_case_1
                  step( solve( !KU( receiver_prekey(skem_rpk(~receiverSkB),
                                                    ekpk(~receiverEskB),
                                                    sign(~sigSkB,
                                                         receiver_payload(skem_rpk(~receiverSkB),
                                                                          ekpk(~receiverEskB))))
                               ) @ #vk.8 ) )
                    case CoreTranscript_Diff_case_1
                    step( solve( !KU( lkem_ct(kpk(~kemSkB), ~rhoL) ) @ #vk.9 ) )
                      case CoreTranscript_Diff
                      step( solve( !KU( ekem_ct(ekpk(~receiverEskB), ~rhoK) ) @ #vk.10 ) )
                        case CoreTranscript_Diff
                        step( solve( !KU( skem_component(skem_spk(~senderSkA),
                                                         skem_rpk(~receiverSkB), ~rhoS)
                                     ) @ #vk.11 ) )
                          case CoreTranscript_Diff
                          step( solve( !KU( sid_of($A, $B, pk(spk(~sigSkA), kpk(~kemSkA)),
                                                   pk(spk(~sigSkB), kpk(~kemSkB)),
                                                   sender_prekey(skem_spk(~senderSkA),
                                                                 sign(~sigSkA,
                                                                      sender_payload(skem_spk(~senderSkA)))),
                                                   receiver_prekey(skem_rpk(~receiverSkB),
                                                                   ekpk(~receiverEskB),
                                                                   sign(~sigSkB,
                                                                        receiver_payload(skem_rpk(~receiverSkB),
                                                                                         ekpk(~receiverEskB)))),
                                                   <lkem_ct(kpk(~kemSkB), ~rhoL), 
                                                    ekem_ct(ekpk(~receiverEskB), ~rhoK), 
                                                    skem_component(skem_spk(~senderSkA),
                                                                   skem_rpk(~receiverSkB), ~rhoS)
                                                   >)
                                       ) @ #vk.12 ) )
                            case CoreTranscript_Diff_case_1
                            MIRRORED
                          next
                            case CoreTranscript_Diff_case_2
                            MIRRORED
                          next
                            case c_sid_of
                            step( solve( !KU( $A ) @ #vk.13 ) )
                              case coerce
                              step( solve( !KD( $A ) ▶₀ #vk.13 ) )
                                case CoreTranscript_Diff_case_1
                                by step( contradiction /* impossible chain */ )
                              next
                                case CoreTranscript_Diff_case_2
                                by step( contradiction /* impossible chain */ )
                              next
                                case CoreTranscript_Diff_case_3
                                by step( contradiction /* impossible chain */ )
                              next
                                case CoreTranscript_Diff_case_4
                                by step( contradiction /* impossible chain */ )
                              next
                                case CoreTranscript_Diff_case_5
                                by step( contradiction /* impossible chain */ )
                              next
                                case CoreTranscript_Diff_case_6
                                by step( contradiction /* impossible chain */ )
                              qed
                            next
                              case pub
                              step( solve( !KU( $B ) @ #vk.14 ) )
                                case coerce
                                step( solve( !KD( $B ) ▶₀ #vk.14 ) )
                                  case CoreTranscript_Diff_case_1
                                  by step( contradiction /* impossible chain */ )
                                next
                                  case CoreTranscript_Diff_case_2
                                  by step( contradiction /* impossible chain */ )
                                next
                                  case CoreTranscript_Diff_case_3
                                  by step( contradiction /* impossible chain */ )
                                next
                                  case CoreTranscript_Diff_case_4
                                  by step( contradiction /* impossible chain */ )
                                next
                                  case CoreTranscript_Diff_case_5
                                  by step( contradiction /* impossible chain */ )
                                next
                                  case CoreTranscript_Diff_case_6
                                  by step( contradiction /* impossible chain */ )
                                qed
                              next
                                case pub
                                step( solve( !KU( pk(spk(~sigSkA), kpk(~kemSkA)) ) @ #vk.15 ) )
                                  case CoreTranscript_Diff_case_1
                                  MIRRORED
                                next
                                  case CoreTranscript_Diff_case_2
                                  MIRRORED
                                next
                                  case c_pk
                                  step( solve( !KU( spk(~sigSkA) ) @ #vk.16 ) )
                                    case c_spk
                                    by step( solve( !KU( ~sigSkA ) @ #vk.18 ) )
                                  qed
                                qed
                              qed
                            qed
                          qed
                        next
                          case c_skem_component
                          by step( solve( !KU( ~rhoS ) @ #vk.15 ) )
                        qed
                      next
                        case c_ekem_ct
                        by step( solve( !KU( ~rhoK ) @ #vk.14 ) )
                      qed
                    next
                      case c_lkem_ct
                      by step( solve( !KU( ~rhoL ) @ #vk.14 ) )
                    qed
                  next
                    case CoreTranscript_Diff_case_2
                    step( solve( !KU( lkem_ct(kpk(~kemSkB), ~rhoL) ) @ #vk.9 ) )
                      case CoreTranscript_Diff
                      step( solve( !KU( ekem_ct(ekpk(~receiverEskB), ~rhoK) ) @ #vk.10 ) )
                        case CoreTranscript_Diff
                        step( solve( !KU( skem_component(skem_spk(~senderSkA),
                                                         skem_rpk(~receiverSkB), ~rhoS)
                                     ) @ #vk.11 ) )
                          case CoreTranscript_Diff
                          step( solve( !KU( sid_of($A, $B, pk(spk(~sigSkA), kpk(~kemSkA)),
                                                   pk(spk(~sigSkB), kpk(~kemSkB)),
                                                   sender_prekey(skem_spk(~senderSkA),
                                                                 sign(~sigSkA,
                                                                      sender_payload(skem_spk(~senderSkA)))),
                                                   receiver_prekey(skem_rpk(~receiverSkB),
                                                                   ekpk(~receiverEskB),
                                                                   sign(~sigSkB,
                                                                        receiver_payload(skem_rpk(~receiverSkB),
                                                                                         ekpk(~receiverEskB)))),
                                                   <lkem_ct(kpk(~kemSkB), ~rhoL), 
                                                    ekem_ct(ekpk(~receiverEskB), ~rhoK), 
                                                    skem_component(skem_spk(~senderSkA),
                                                                   skem_rpk(~receiverSkB), ~rhoS)
                                                   >)
                                       ) @ #vk.12 ) )
                            case CoreTranscript_Diff_case_1
                            MIRRORED
                          next
                            case CoreTranscript_Diff_case_2
                            MIRRORED
                          next
                            case c_sid_of
                            step( solve( !KU( $A ) @ #vk.13 ) )
                              case coerce
                              step( solve( !KD( $A ) ▶₀ #vk.13 ) )
                                case CoreTranscript_Diff_case_1
                                by step( contradiction /* impossible chain */ )
                              next
                                case CoreTranscript_Diff_case_2
                                by step( contradiction /* impossible chain */ )
                              next
                                case CoreTranscript_Diff_case_3
                                by step( contradiction /* impossible chain */ )
                              next
                                case CoreTranscript_Diff_case_4
                                by step( contradiction /* impossible chain */ )
                              next
                                case CoreTranscript_Diff_case_5
                                by step( contradiction /* impossible chain */ )
                              next
                                case CoreTranscript_Diff_case_6
                                by step( contradiction /* impossible chain */ )
                              qed
                            next
                              case pub
                              step( solve( !KU( $B ) @ #vk.14 ) )
                                case coerce
                                step( solve( !KD( $B ) ▶₀ #vk.14 ) )
                                  case CoreTranscript_Diff_case_1
                                  by step( contradiction /* impossible chain */ )
                                next
                                  case CoreTranscript_Diff_case_2
                                  by step( contradiction /* impossible chain */ )
                                next
                                  case CoreTranscript_Diff_case_3
                                  by step( contradiction /* impossible chain */ )
                                next
                                  case CoreTranscript_Diff_case_4
                                  by step( contradiction /* impossible chain */ )
                                next
                                  case CoreTranscript_Diff_case_5
                                  by step( contradiction /* impossible chain */ )
                                next
                                  case CoreTranscript_Diff_case_6
                                  by step( contradiction /* impossible chain */ )
                                qed
                              next
                                case pub
                                step( solve( !KU( pk(spk(~sigSkA), kpk(~kemSkA)) ) @ #vk.15 ) )
                                  case CoreTranscript_Diff_case_1
                                  MIRRORED
                                next
                                  case CoreTranscript_Diff_case_2
                                  MIRRORED
                                next
                                  case c_pk
                                  step( solve( !KU( spk(~sigSkA) ) @ #vk.16 ) )
                                    case c_spk
                                    by step( solve( !KU( ~sigSkA ) @ #vk.18 ) )
                                  qed
                                qed
                              qed
                            qed
                          qed
                        next
                          case c_skem_component
                          by step( solve( !KU( ~rhoS ) @ #vk.15 ) )
                        qed
                      next
                        case c_ekem_ct
                        by step( solve( !KU( ~rhoK ) @ #vk.14 ) )
                      qed
                    next
                      case c_lkem_ct
                      by step( solve( !KU( ~rhoL ) @ #vk.14 ) )
                    qed
                  next
                    case c_receiver_prekey
                    step( solve( !KU( skem_rpk(~receiverSkB) ) @ #vk.13 ) )
                      case c_skem_rpk
                      by step( solve( !KU( ~receiverSkB ) @ #vk.16 ) )
                    qed
                  qed
                next
                  case CoreTranscript_Diff_case_2
                  step( solve( !KU( receiver_prekey(skem_rpk(~receiverSkB),
                                                    ekpk(~receiverEskB),
                                                    sign(~sigSkB,
                                                         receiver_payload(skem_rpk(~receiverSkB),
                                                                          ekpk(~receiverEskB))))
                               ) @ #vk.8 ) )
                    case CoreTranscript_Diff_case_1
                    step( solve( !KU( lkem_ct(kpk(~kemSkB), ~rhoL) ) @ #vk.9 ) )
                      case CoreTranscript_Diff
                      step( solve( !KU( ekem_ct(ekpk(~receiverEskB), ~rhoK) ) @ #vk.10 ) )
                        case CoreTranscript_Diff
                        step( solve( !KU( skem_component(skem_spk(~senderSkA),
                                                         skem_rpk(~receiverSkB), ~rhoS)
                                     ) @ #vk.11 ) )
                          case CoreTranscript_Diff
                          step( solve( !KU( sid_of($A, $B, pk(spk(~sigSkA), kpk(~kemSkA)),
                                                   pk(spk(~sigSkB), kpk(~kemSkB)),
                                                   sender_prekey(skem_spk(~senderSkA),
                                                                 sign(~sigSkA,
                                                                      sender_payload(skem_spk(~senderSkA)))),
                                                   receiver_prekey(skem_rpk(~receiverSkB),
                                                                   ekpk(~receiverEskB),
                                                                   sign(~sigSkB,
                                                                        receiver_payload(skem_rpk(~receiverSkB),
                                                                                         ekpk(~receiverEskB)))),
                                                   <lkem_ct(kpk(~kemSkB), ~rhoL), 
                                                    ekem_ct(ekpk(~receiverEskB), ~rhoK), 
                                                    skem_component(skem_spk(~senderSkA),
                                                                   skem_rpk(~receiverSkB), ~rhoS)
                                                   >)
                                       ) @ #vk.12 ) )
                            case CoreTranscript_Diff_case_1
                            MIRRORED
                          next
                            case CoreTranscript_Diff_case_2
                            MIRRORED
                          next
                            case c_sid_of
                            step( solve( !KU( $A ) @ #vk.13 ) )
                              case coerce
                              step( solve( !KD( $A ) ▶₀ #vk.13 ) )
                                case CoreTranscript_Diff_case_1
                                by step( contradiction /* impossible chain */ )
                              next
                                case CoreTranscript_Diff_case_2
                                by step( contradiction /* impossible chain */ )
                              next
                                case CoreTranscript_Diff_case_3
                                by step( contradiction /* impossible chain */ )
                              next
                                case CoreTranscript_Diff_case_4
                                by step( contradiction /* impossible chain */ )
                              next
                                case CoreTranscript_Diff_case_5
                                by step( contradiction /* impossible chain */ )
                              next
                                case CoreTranscript_Diff_case_6
                                by step( contradiction /* impossible chain */ )
                              qed
                            next
                              case pub
                              step( solve( !KU( $B ) @ #vk.14 ) )
                                case coerce
                                step( solve( !KD( $B ) ▶₀ #vk.14 ) )
                                  case CoreTranscript_Diff_case_1
                                  by step( contradiction /* impossible chain */ )
                                next
                                  case CoreTranscript_Diff_case_2
                                  by step( contradiction /* impossible chain */ )
                                next
                                  case CoreTranscript_Diff_case_3
                                  by step( contradiction /* impossible chain */ )
                                next
                                  case CoreTranscript_Diff_case_4
                                  by step( contradiction /* impossible chain */ )
                                next
                                  case CoreTranscript_Diff_case_5
                                  by step( contradiction /* impossible chain */ )
                                next
                                  case CoreTranscript_Diff_case_6
                                  by step( contradiction /* impossible chain */ )
                                qed
                              next
                                case pub
                                step( solve( !KU( pk(spk(~sigSkA), kpk(~kemSkA)) ) @ #vk.15 ) )
                                  case CoreTranscript_Diff_case_1
                                  MIRRORED
                                next
                                  case CoreTranscript_Diff_case_2
                                  MIRRORED
                                next
                                  case c_pk
                                  step( solve( !KU( spk(~sigSkA) ) @ #vk.16 ) )
                                    case c_spk
                                    by step( solve( !KU( ~sigSkA ) @ #vk.18 ) )
                                  qed
                                qed
                              qed
                            qed
                          qed
                        next
                          case c_skem_component
                          by step( solve( !KU( ~rhoS ) @ #vk.15 ) )
                        qed
                      next
                        case c_ekem_ct
                        by step( solve( !KU( ~rhoK ) @ #vk.14 ) )
                      qed
                    next
                      case c_lkem_ct
                      by step( solve( !KU( ~rhoL ) @ #vk.14 ) )
                    qed
                  next
                    case CoreTranscript_Diff_case_2
                    step( solve( !KU( lkem_ct(kpk(~kemSkB), ~rhoL) ) @ #vk.9 ) )
                      case CoreTranscript_Diff
                      step( solve( !KU( ekem_ct(ekpk(~receiverEskB), ~rhoK) ) @ #vk.10 ) )
                        case CoreTranscript_Diff
                        step( solve( !KU( skem_component(skem_spk(~senderSkA),
                                                         skem_rpk(~receiverSkB), ~rhoS)
                                     ) @ #vk.11 ) )
                          case CoreTranscript_Diff
                          step( solve( !KU( sid_of($A, $B, pk(spk(~sigSkA), kpk(~kemSkA)),
                                                   pk(spk(~sigSkB), kpk(~kemSkB)),
                                                   sender_prekey(skem_spk(~senderSkA),
                                                                 sign(~sigSkA,
                                                                      sender_payload(skem_spk(~senderSkA)))),
                                                   receiver_prekey(skem_rpk(~receiverSkB),
                                                                   ekpk(~receiverEskB),
                                                                   sign(~sigSkB,
                                                                        receiver_payload(skem_rpk(~receiverSkB),
                                                                                         ekpk(~receiverEskB)))),
                                                   <lkem_ct(kpk(~kemSkB), ~rhoL), 
                                                    ekem_ct(ekpk(~receiverEskB), ~rhoK), 
                                                    skem_component(skem_spk(~senderSkA),
                                                                   skem_rpk(~receiverSkB), ~rhoS)
                                                   >)
                                       ) @ #vk.12 ) )
                            case CoreTranscript_Diff_case_1
                            MIRRORED
                          next
                            case CoreTranscript_Diff_case_2
                            MIRRORED
                          next
                            case c_sid_of
                            step( solve( !KU( $A ) @ #vk.13 ) )
                              case coerce
                              step( solve( !KD( $A ) ▶₀ #vk.13 ) )
                                case CoreTranscript_Diff_case_1
                                by step( contradiction /* impossible chain */ )
                              next
                                case CoreTranscript_Diff_case_2
                                by step( contradiction /* impossible chain */ )
                              next
                                case CoreTranscript_Diff_case_3
                                by step( contradiction /* impossible chain */ )
                              next
                                case CoreTranscript_Diff_case_4
                                by step( contradiction /* impossible chain */ )
                              next
                                case CoreTranscript_Diff_case_5
                                by step( contradiction /* impossible chain */ )
                              next
                                case CoreTranscript_Diff_case_6
                                by step( contradiction /* impossible chain */ )
                              qed
                            next
                              case pub
                              step( solve( !KU( $B ) @ #vk.14 ) )
                                case coerce
                                step( solve( !KD( $B ) ▶₀ #vk.14 ) )
                                  case CoreTranscript_Diff_case_1
                                  by step( contradiction /* impossible chain */ )
                                next
                                  case CoreTranscript_Diff_case_2
                                  by step( contradiction /* impossible chain */ )
                                next
                                  case CoreTranscript_Diff_case_3
                                  by step( contradiction /* impossible chain */ )
                                next
                                  case CoreTranscript_Diff_case_4
                                  by step( contradiction /* impossible chain */ )
                                next
                                  case CoreTranscript_Diff_case_5
                                  by step( contradiction /* impossible chain */ )
                                next
                                  case CoreTranscript_Diff_case_6
                                  by step( contradiction /* impossible chain */ )
                                qed
                              next
                                case pub
                                step( solve( !KU( pk(spk(~sigSkA), kpk(~kemSkA)) ) @ #vk.15 ) )
                                  case CoreTranscript_Diff_case_1
                                  MIRRORED
                                next
                                  case CoreTranscript_Diff_case_2
                                  MIRRORED
                                next
                                  case c_pk
                                  step( solve( !KU( spk(~sigSkA) ) @ #vk.16 ) )
                                    case c_spk
                                    by step( solve( !KU( ~sigSkA ) @ #vk.18 ) )
                                  qed
                                qed
                              qed
                            qed
                          qed
                        next
                          case c_skem_component
                          by step( solve( !KU( ~rhoS ) @ #vk.15 ) )
                        qed
                      next
                        case c_ekem_ct
                        by step( solve( !KU( ~rhoK ) @ #vk.14 ) )
                      qed
                    next
                      case c_lkem_ct
                      by step( solve( !KU( ~rhoL ) @ #vk.14 ) )
                    qed
                  next
                    case c_receiver_prekey
                    step( solve( !KU( skem_rpk(~receiverSkB) ) @ #vk.13 ) )
                      case c_skem_rpk
                      by step( solve( !KU( ~receiverSkB ) @ #vk.16 ) )
                    qed
                  qed
                next
                  case c_sender_prekey
                  step( solve( !KU( skem_spk(~senderSkA) ) @ #vk.13 ) )
                    case c_skem_spk
                    by step( solve( !KU( ~senderSkA ) @ #vk.15 ) )
                  qed
                qed
              next
                case CoreTranscript_Diff_case_2
                step( solve( !KU( sender_prekey(skem_spk(~senderSkA),
                                                sign(~sigSkA, sender_payload(skem_spk(~senderSkA))))
                             ) @ #vk.7 ) )
                  case CoreTranscript_Diff_case_1
                  step( solve( !KU( receiver_prekey(skem_rpk(~receiverSkB),
                                                    ekpk(~receiverEskB),
                                                    sign(~sigSkB,
                                                         receiver_payload(skem_rpk(~receiverSkB),
                                                                          ekpk(~receiverEskB))))
                               ) @ #vk.8 ) )
                    case CoreTranscript_Diff_case_1
                    step( solve( !KU( lkem_ct(kpk(~kemSkB), ~rhoL) ) @ #vk.9 ) )
                      case CoreTranscript_Diff
                      step( solve( !KU( ekem_ct(ekpk(~receiverEskB), ~rhoK) ) @ #vk.10 ) )
                        case CoreTranscript_Diff
                        step( solve( !KU( skem_component(skem_spk(~senderSkA),
                                                         skem_rpk(~receiverSkB), ~rhoS)
                                     ) @ #vk.11 ) )
                          case CoreTranscript_Diff
                          step( solve( !KU( sid_of($A, $B, pk(spk(~sigSkA), kpk(~kemSkA)),
                                                   pk(spk(~sigSkB), kpk(~kemSkB)),
                                                   sender_prekey(skem_spk(~senderSkA),
                                                                 sign(~sigSkA,
                                                                      sender_payload(skem_spk(~senderSkA)))),
                                                   receiver_prekey(skem_rpk(~receiverSkB),
                                                                   ekpk(~receiverEskB),
                                                                   sign(~sigSkB,
                                                                        receiver_payload(skem_rpk(~receiverSkB),
                                                                                         ekpk(~receiverEskB)))),
                                                   <lkem_ct(kpk(~kemSkB), ~rhoL), 
                                                    ekem_ct(ekpk(~receiverEskB), ~rhoK), 
                                                    skem_component(skem_spk(~senderSkA),
                                                                   skem_rpk(~receiverSkB), ~rhoS)
                                                   >)
                                       ) @ #vk.12 ) )
                            case CoreTranscript_Diff_case_1
                            MIRRORED
                          next
                            case CoreTranscript_Diff_case_2
                            MIRRORED
                          next
                            case c_sid_of
                            step( solve( !KU( $A ) @ #vk.13 ) )
                              case coerce
                              step( solve( !KD( $A ) ▶₀ #vk.13 ) )
                                case CoreTranscript_Diff_case_1
                                by step( contradiction /* impossible chain */ )
                              next
                                case CoreTranscript_Diff_case_2
                                by step( contradiction /* impossible chain */ )
                              next
                                case CoreTranscript_Diff_case_3
                                by step( contradiction /* impossible chain */ )
                              next
                                case CoreTranscript_Diff_case_4
                                by step( contradiction /* impossible chain */ )
                              next
                                case CoreTranscript_Diff_case_5
                                by step( contradiction /* impossible chain */ )
                              next
                                case CoreTranscript_Diff_case_6
                                by step( contradiction /* impossible chain */ )
                              qed
                            next
                              case pub
                              step( solve( !KU( $B ) @ #vk.14 ) )
                                case coerce
                                step( solve( !KD( $B ) ▶₀ #vk.14 ) )
                                  case CoreTranscript_Diff_case_1
                                  by step( contradiction /* impossible chain */ )
                                next
                                  case CoreTranscript_Diff_case_2
                                  by step( contradiction /* impossible chain */ )
                                next
                                  case CoreTranscript_Diff_case_3
                                  by step( contradiction /* impossible chain */ )
                                next
                                  case CoreTranscript_Diff_case_4
                                  by step( contradiction /* impossible chain */ )
                                next
                                  case CoreTranscript_Diff_case_5
                                  by step( contradiction /* impossible chain */ )
                                next
                                  case CoreTranscript_Diff_case_6
                                  by step( contradiction /* impossible chain */ )
                                qed
                              next
                                case pub
                                step( solve( !KU( pk(spk(~sigSkA), kpk(~kemSkA)) ) @ #vk.15 ) )
                                  case CoreTranscript_Diff_case_1
                                  MIRRORED
                                next
                                  case CoreTranscript_Diff_case_2
                                  MIRRORED
                                next
                                  case c_pk
                                  step( solve( !KU( spk(~sigSkA) ) @ #vk.16 ) )
                                    case c_spk
                                    by step( solve( !KU( ~sigSkA ) @ #vk.18 ) )
                                  qed
                                qed
                              qed
                            qed
                          qed
                        next
                          case c_skem_component
                          by step( solve( !KU( ~rhoS ) @ #vk.15 ) )
                        qed
                      next
                        case c_ekem_ct
                        by step( solve( !KU( ~rhoK ) @ #vk.14 ) )
                      qed
                    next
                      case c_lkem_ct
                      by step( solve( !KU( ~rhoL ) @ #vk.14 ) )
                    qed
                  next
                    case CoreTranscript_Diff_case_2
                    step( solve( !KU( lkem_ct(kpk(~kemSkB), ~rhoL) ) @ #vk.9 ) )
                      case CoreTranscript_Diff
                      step( solve( !KU( ekem_ct(ekpk(~receiverEskB), ~rhoK) ) @ #vk.10 ) )
                        case CoreTranscript_Diff
                        step( solve( !KU( skem_component(skem_spk(~senderSkA),
                                                         skem_rpk(~receiverSkB), ~rhoS)
                                     ) @ #vk.11 ) )
                          case CoreTranscript_Diff
                          step( solve( !KU( sid_of($A, $B, pk(spk(~sigSkA), kpk(~kemSkA)),
                                                   pk(spk(~sigSkB), kpk(~kemSkB)),
                                                   sender_prekey(skem_spk(~senderSkA),
                                                                 sign(~sigSkA,
                                                                      sender_payload(skem_spk(~senderSkA)))),
                                                   receiver_prekey(skem_rpk(~receiverSkB),
                                                                   ekpk(~receiverEskB),
                                                                   sign(~sigSkB,
                                                                        receiver_payload(skem_rpk(~receiverSkB),
                                                                                         ekpk(~receiverEskB)))),
                                                   <lkem_ct(kpk(~kemSkB), ~rhoL), 
                                                    ekem_ct(ekpk(~receiverEskB), ~rhoK), 
                                                    skem_component(skem_spk(~senderSkA),
                                                                   skem_rpk(~receiverSkB), ~rhoS)
                                                   >)
                                       ) @ #vk.12 ) )
                            case CoreTranscript_Diff_case_1
                            MIRRORED
                          next
                            case CoreTranscript_Diff_case_2
                            MIRRORED
                          next
                            case c_sid_of
                            step( solve( !KU( $A ) @ #vk.13 ) )
                              case coerce
                              step( solve( !KD( $A ) ▶₀ #vk.13 ) )
                                case CoreTranscript_Diff_case_1
                                by step( contradiction /* impossible chain */ )
                              next
                                case CoreTranscript_Diff_case_2
                                by step( contradiction /* impossible chain */ )
                              next
                                case CoreTranscript_Diff_case_3
                                by step( contradiction /* impossible chain */ )
                              next
                                case CoreTranscript_Diff_case_4
                                by step( contradiction /* impossible chain */ )
                              next
                                case CoreTranscript_Diff_case_5
                                by step( contradiction /* impossible chain */ )
                              next
                                case CoreTranscript_Diff_case_6
                                by step( contradiction /* impossible chain */ )
                              qed
                            next
                              case pub
                              step( solve( !KU( $B ) @ #vk.14 ) )
                                case coerce
                                step( solve( !KD( $B ) ▶₀ #vk.14 ) )
                                  case CoreTranscript_Diff_case_1
                                  by step( contradiction /* impossible chain */ )
                                next
                                  case CoreTranscript_Diff_case_2
                                  by step( contradiction /* impossible chain */ )
                                next
                                  case CoreTranscript_Diff_case_3
                                  by step( contradiction /* impossible chain */ )
                                next
                                  case CoreTranscript_Diff_case_4
                                  by step( contradiction /* impossible chain */ )
                                next
                                  case CoreTranscript_Diff_case_5
                                  by step( contradiction /* impossible chain */ )
                                next
                                  case CoreTranscript_Diff_case_6
                                  by step( contradiction /* impossible chain */ )
                                qed
                              next
                                case pub
                                step( solve( !KU( pk(spk(~sigSkA), kpk(~kemSkA)) ) @ #vk.15 ) )
                                  case CoreTranscript_Diff_case_1
                                  MIRRORED
                                next
                                  case CoreTranscript_Diff_case_2
                                  MIRRORED
                                next
                                  case c_pk
                                  step( solve( !KU( spk(~sigSkA) ) @ #vk.16 ) )
                                    case c_spk
                                    by step( solve( !KU( ~sigSkA ) @ #vk.18 ) )
                                  qed
                                qed
                              qed
                            qed
                          qed
                        next
                          case c_skem_component
                          by step( solve( !KU( ~rhoS ) @ #vk.15 ) )
                        qed
                      next
                        case c_ekem_ct
                        by step( solve( !KU( ~rhoK ) @ #vk.14 ) )
                      qed
                    next
                      case c_lkem_ct
                      by step( solve( !KU( ~rhoL ) @ #vk.14 ) )
                    qed
                  next
                    case c_receiver_prekey
                    step( solve( !KU( skem_rpk(~receiverSkB) ) @ #vk.13 ) )
                      case c_skem_rpk
                      by step( solve( !KU( ~receiverSkB ) @ #vk.16 ) )
                    qed
                  qed
                next
                  case CoreTranscript_Diff_case_2
                  step( solve( !KU( receiver_prekey(skem_rpk(~receiverSkB),
                                                    ekpk(~receiverEskB),
                                                    sign(~sigSkB,
                                                         receiver_payload(skem_rpk(~receiverSkB),
                                                                          ekpk(~receiverEskB))))
                               ) @ #vk.8 ) )
                    case CoreTranscript_Diff_case_1
                    step( solve( !KU( lkem_ct(kpk(~kemSkB), ~rhoL) ) @ #vk.9 ) )
                      case CoreTranscript_Diff
                      step( solve( !KU( ekem_ct(ekpk(~receiverEskB), ~rhoK) ) @ #vk.10 ) )
                        case CoreTranscript_Diff
                        step( solve( !KU( skem_component(skem_spk(~senderSkA),
                                                         skem_rpk(~receiverSkB), ~rhoS)
                                     ) @ #vk.11 ) )
                          case CoreTranscript_Diff
                          step( solve( !KU( sid_of($A, $B, pk(spk(~sigSkA), kpk(~kemSkA)),
                                                   pk(spk(~sigSkB), kpk(~kemSkB)),
                                                   sender_prekey(skem_spk(~senderSkA),
                                                                 sign(~sigSkA,
                                                                      sender_payload(skem_spk(~senderSkA)))),
                                                   receiver_prekey(skem_rpk(~receiverSkB),
                                                                   ekpk(~receiverEskB),
                                                                   sign(~sigSkB,
                                                                        receiver_payload(skem_rpk(~receiverSkB),
                                                                                         ekpk(~receiverEskB)))),
                                                   <lkem_ct(kpk(~kemSkB), ~rhoL), 
                                                    ekem_ct(ekpk(~receiverEskB), ~rhoK), 
                                                    skem_component(skem_spk(~senderSkA),
                                                                   skem_rpk(~receiverSkB), ~rhoS)
                                                   >)
                                       ) @ #vk.12 ) )
                            case CoreTranscript_Diff_case_1
                            MIRRORED
                          next
                            case CoreTranscript_Diff_case_2
                            MIRRORED
                          next
                            case c_sid_of
                            step( solve( !KU( $A ) @ #vk.13 ) )
                              case coerce
                              step( solve( !KD( $A ) ▶₀ #vk.13 ) )
                                case CoreTranscript_Diff_case_1
                                by step( contradiction /* impossible chain */ )
                              next
                                case CoreTranscript_Diff_case_2
                                by step( contradiction /* impossible chain */ )
                              next
                                case CoreTranscript_Diff_case_3
                                by step( contradiction /* impossible chain */ )
                              next
                                case CoreTranscript_Diff_case_4
                                by step( contradiction /* impossible chain */ )
                              next
                                case CoreTranscript_Diff_case_5
                                by step( contradiction /* impossible chain */ )
                              next
                                case CoreTranscript_Diff_case_6
                                by step( contradiction /* impossible chain */ )
                              qed
                            next
                              case pub
                              step( solve( !KU( $B ) @ #vk.14 ) )
                                case coerce
                                step( solve( !KD( $B ) ▶₀ #vk.14 ) )
                                  case CoreTranscript_Diff_case_1
                                  by step( contradiction /* impossible chain */ )
                                next
                                  case CoreTranscript_Diff_case_2
                                  by step( contradiction /* impossible chain */ )
                                next
                                  case CoreTranscript_Diff_case_3
                                  by step( contradiction /* impossible chain */ )
                                next
                                  case CoreTranscript_Diff_case_4
                                  by step( contradiction /* impossible chain */ )
                                next
                                  case CoreTranscript_Diff_case_5
                                  by step( contradiction /* impossible chain */ )
                                next
                                  case CoreTranscript_Diff_case_6
                                  by step( contradiction /* impossible chain */ )
                                qed
                              next
                                case pub
                                step( solve( !KU( pk(spk(~sigSkA), kpk(~kemSkA)) ) @ #vk.15 ) )
                                  case CoreTranscript_Diff_case_1
                                  MIRRORED
                                next
                                  case CoreTranscript_Diff_case_2
                                  MIRRORED
                                next
                                  case c_pk
                                  step( solve( !KU( spk(~sigSkA) ) @ #vk.16 ) )
                                    case c_spk
                                    by step( solve( !KU( ~sigSkA ) @ #vk.18 ) )
                                  qed
                                qed
                              qed
                            qed
                          qed
                        next
                          case c_skem_component
                          by step( solve( !KU( ~rhoS ) @ #vk.15 ) )
                        qed
                      next
                        case c_ekem_ct
                        by step( solve( !KU( ~rhoK ) @ #vk.14 ) )
                      qed
                    next
                      case c_lkem_ct
                      by step( solve( !KU( ~rhoL ) @ #vk.14 ) )
                    qed
                  next
                    case CoreTranscript_Diff_case_2
                    step( solve( !KU( lkem_ct(kpk(~kemSkB), ~rhoL) ) @ #vk.9 ) )
                      case CoreTranscript_Diff
                      step( solve( !KU( ekem_ct(ekpk(~receiverEskB), ~rhoK) ) @ #vk.10 ) )
                        case CoreTranscript_Diff
                        step( solve( !KU( skem_component(skem_spk(~senderSkA),
                                                         skem_rpk(~receiverSkB), ~rhoS)
                                     ) @ #vk.11 ) )
                          case CoreTranscript_Diff
                          step( solve( !KU( sid_of($A, $B, pk(spk(~sigSkA), kpk(~kemSkA)),
                                                   pk(spk(~sigSkB), kpk(~kemSkB)),
                                                   sender_prekey(skem_spk(~senderSkA),
                                                                 sign(~sigSkA,
                                                                      sender_payload(skem_spk(~senderSkA)))),
                                                   receiver_prekey(skem_rpk(~receiverSkB),
                                                                   ekpk(~receiverEskB),
                                                                   sign(~sigSkB,
                                                                        receiver_payload(skem_rpk(~receiverSkB),
                                                                                         ekpk(~receiverEskB)))),
                                                   <lkem_ct(kpk(~kemSkB), ~rhoL), 
                                                    ekem_ct(ekpk(~receiverEskB), ~rhoK), 
                                                    skem_component(skem_spk(~senderSkA),
                                                                   skem_rpk(~receiverSkB), ~rhoS)
                                                   >)
                                       ) @ #vk.12 ) )
                            case CoreTranscript_Diff_case_1
                            MIRRORED
                          next
                            case CoreTranscript_Diff_case_2
                            MIRRORED
                          next
                            case c_sid_of
                            step( solve( !KU( $A ) @ #vk.13 ) )
                              case coerce
                              step( solve( !KD( $A ) ▶₀ #vk.13 ) )
                                case CoreTranscript_Diff_case_1
                                by step( contradiction /* impossible chain */ )
                              next
                                case CoreTranscript_Diff_case_2
                                by step( contradiction /* impossible chain */ )
                              next
                                case CoreTranscript_Diff_case_3
                                by step( contradiction /* impossible chain */ )
                              next
                                case CoreTranscript_Diff_case_4
                                by step( contradiction /* impossible chain */ )
                              next
                                case CoreTranscript_Diff_case_5
                                by step( contradiction /* impossible chain */ )
                              next
                                case CoreTranscript_Diff_case_6
                                by step( contradiction /* impossible chain */ )
                              qed
                            next
                              case pub
                              step( solve( !KU( $B ) @ #vk.14 ) )
                                case coerce
                                step( solve( !KD( $B ) ▶₀ #vk.14 ) )
                                  case CoreTranscript_Diff_case_1
                                  by step( contradiction /* impossible chain */ )
                                next
                                  case CoreTranscript_Diff_case_2
                                  by step( contradiction /* impossible chain */ )
                                next
                                  case CoreTranscript_Diff_case_3
                                  by step( contradiction /* impossible chain */ )
                                next
                                  case CoreTranscript_Diff_case_4
                                  by step( contradiction /* impossible chain */ )
                                next
                                  case CoreTranscript_Diff_case_5
                                  by step( contradiction /* impossible chain */ )
                                next
                                  case CoreTranscript_Diff_case_6
                                  by step( contradiction /* impossible chain */ )
                                qed
                              next
                                case pub
                                step( solve( !KU( pk(spk(~sigSkA), kpk(~kemSkA)) ) @ #vk.15 ) )
                                  case CoreTranscript_Diff_case_1
                                  MIRRORED
                                next
                                  case CoreTranscript_Diff_case_2
                                  MIRRORED
                                next
                                  case c_pk
                                  step( solve( !KU( spk(~sigSkA) ) @ #vk.16 ) )
                                    case c_spk
                                    by step( solve( !KU( ~sigSkA ) @ #vk.18 ) )
                                  qed
                                qed
                              qed
                            qed
                          qed
                        next
                          case c_skem_component
                          by step( solve( !KU( ~rhoS ) @ #vk.15 ) )
                        qed
                      next
                        case c_ekem_ct
                        by step( solve( !KU( ~rhoK ) @ #vk.14 ) )
                      qed
                    next
                      case c_lkem_ct
                      by step( solve( !KU( ~rhoL ) @ #vk.14 ) )
                    qed
                  next
                    case c_receiver_prekey
                    step( solve( !KU( skem_rpk(~receiverSkB) ) @ #vk.13 ) )
                      case c_skem_rpk
                      by step( solve( !KU( ~receiverSkB ) @ #vk.16 ) )
                    qed
                  qed
                next
                  case c_sender_prekey
                  step( solve( !KU( skem_spk(~senderSkA) ) @ #vk.13 ) )
                    case c_skem_spk
                    by step( solve( !KU( ~senderSkA ) @ #vk.15 ) )
                  qed
                qed
              next
                case c_pk
                step( solve( !KU( spk(~sigSkB) ) @ #vk.13 ) )
                  case c_spk
                  by step( solve( !KU( ~sigSkB ) @ #vk.15 ) )
                qed
              qed
            qed
          next
            case pair
            step( solve( !KU( pk(spk(~sigSkA), kpk(~kemSkA)) ) @ #vk.7 ) )
              case CoreTranscript_Diff_case_1
              step( solve( !KU( pk(spk(~sigSkB), kpk(~kemSkB)) ) @ #vk.8 ) )
                case CoreTranscript_Diff_case_1
                step( solve( !KU( sender_prekey(skem_spk(~senderSkA),
                                                sign(~sigSkA, sender_payload(skem_spk(~senderSkA))))
                             ) @ #vk.9 ) )
                  case CoreTranscript_Diff_case_1
                  step( solve( !KU( receiver_prekey(skem_rpk(~receiverSkB),
                                                    ekpk(~receiverEskB),
                                                    sign(~sigSkB,
                                                         receiver_payload(skem_rpk(~receiverSkB),
                                                                          ekpk(~receiverEskB))))
                               ) @ #vk.10 ) )
                    case CoreTranscript_Diff_case_1
                    step( solve( !KU( lkem_ct(kpk(~kemSkB), ~rhoL) ) @ #vk.11 ) )
                      case CoreTranscript_Diff
                      step( solve( !KU( ekem_ct(ekpk(~receiverEskB), ~rhoK) ) @ #vk.12 ) )
                        case CoreTranscript_Diff
                        step( solve( !KU( skem_component(skem_spk(~senderSkA),
                                                         skem_rpk(~receiverSkB), ~rhoS)
                                     ) @ #vk.13 ) )
                          case CoreTranscript_Diff
                          step( solve( !KU( sid_of($A, $B, pk(spk(~sigSkA), kpk(~kemSkA)),
                                                   pk(spk(~sigSkB), kpk(~kemSkB)),
                                                   sender_prekey(skem_spk(~senderSkA),
                                                                 sign(~sigSkA,
                                                                      sender_payload(skem_spk(~senderSkA)))),
                                                   receiver_prekey(skem_rpk(~receiverSkB),
                                                                   ekpk(~receiverEskB),
                                                                   sign(~sigSkB,
                                                                        receiver_payload(skem_rpk(~receiverSkB),
                                                                                         ekpk(~receiverEskB)))),
                                                   <lkem_ct(kpk(~kemSkB), ~rhoL), 
                                                    ekem_ct(ekpk(~receiverEskB), ~rhoK), 
                                                    skem_component(skem_spk(~senderSkA),
                                                                   skem_rpk(~receiverSkB), ~rhoS)
                                                   >)
                                       ) @ #vk.14 ) )
                            case CoreTranscript_Diff_case_1
                            MIRRORED
                          next
                            case CoreTranscript_Diff_case_2
                            MIRRORED
                          next
                            case c_sid_of
                            step( solve( !KU( $A ) @ #vk.15 ) )
                              case coerce
                              step( solve( !KD( $A ) ▶₀ #vk.15 ) )
                                case CoreTranscript_Diff_case_1
                                by step( contradiction /* impossible chain */ )
                              next
                                case CoreTranscript_Diff_case_2
                                by step( contradiction /* impossible chain */ )
                              next
                                case CoreTranscript_Diff_case_3
                                by step( contradiction /* impossible chain */ )
                              next
                                case CoreTranscript_Diff_case_4
                                by step( contradiction /* impossible chain */ )
                              next
                                case CoreTranscript_Diff_case_5
                                by step( contradiction /* impossible chain */ )
                              next
                                case CoreTranscript_Diff_case_6
                                by step( contradiction /* impossible chain */ )
                              qed
                            next
                              case pub
                              step( solve( !KU( $B ) @ #vk.16 ) )
                                case coerce
                                step( solve( !KD( $B ) ▶₀ #vk.16 ) )
                                  case CoreTranscript_Diff_case_1
                                  by step( contradiction /* impossible chain */ )
                                next
                                  case CoreTranscript_Diff_case_2
                                  by step( contradiction /* impossible chain */ )
                                next
                                  case CoreTranscript_Diff_case_3
                                  by step( contradiction /* impossible chain */ )
                                next
                                  case CoreTranscript_Diff_case_4
                                  by step( contradiction /* impossible chain */ )
                                next
                                  case CoreTranscript_Diff_case_5
                                  by step( contradiction /* impossible chain */ )
                                next
                                  case CoreTranscript_Diff_case_6
                                  by step( contradiction /* impossible chain */ )
                                qed
                              next
                                case pub
                                MIRRORED
                              qed
                            qed
                          qed
                        next
                          case c_skem_component
                          by step( solve( !KU( ~rhoS ) @ #vk.17 ) )
                        qed
                      next
                        case c_ekem_ct
                        by step( solve( !KU( ~rhoK ) @ #vk.16 ) )
                      qed
                    next
                      case c_lkem_ct
                      by step( solve( !KU( ~rhoL ) @ #vk.16 ) )
                    qed
                  next
                    case CoreTranscript_Diff_case_2
                    step( solve( !KU( lkem_ct(kpk(~kemSkB), ~rhoL) ) @ #vk.11 ) )
                      case CoreTranscript_Diff
                      step( solve( !KU( ekem_ct(ekpk(~receiverEskB), ~rhoK) ) @ #vk.12 ) )
                        case CoreTranscript_Diff
                        step( solve( !KU( skem_component(skem_spk(~senderSkA),
                                                         skem_rpk(~receiverSkB), ~rhoS)
                                     ) @ #vk.13 ) )
                          case CoreTranscript_Diff
                          step( solve( !KU( sid_of($A, $B, pk(spk(~sigSkA), kpk(~kemSkA)),
                                                   pk(spk(~sigSkB), kpk(~kemSkB)),
                                                   sender_prekey(skem_spk(~senderSkA),
                                                                 sign(~sigSkA,
                                                                      sender_payload(skem_spk(~senderSkA)))),
                                                   receiver_prekey(skem_rpk(~receiverSkB),
                                                                   ekpk(~receiverEskB),
                                                                   sign(~sigSkB,
                                                                        receiver_payload(skem_rpk(~receiverSkB),
                                                                                         ekpk(~receiverEskB)))),
                                                   <lkem_ct(kpk(~kemSkB), ~rhoL), 
                                                    ekem_ct(ekpk(~receiverEskB), ~rhoK), 
                                                    skem_component(skem_spk(~senderSkA),
                                                                   skem_rpk(~receiverSkB), ~rhoS)
                                                   >)
                                       ) @ #vk.14 ) )
                            case CoreTranscript_Diff_case_1
                            MIRRORED
                          next
                            case CoreTranscript_Diff_case_2
                            MIRRORED
                          next
                            case c_sid_of
                            step( solve( !KU( $A ) @ #vk.15 ) )
                              case coerce
                              step( solve( !KD( $A ) ▶₀ #vk.15 ) )
                                case CoreTranscript_Diff_case_1
                                by step( contradiction /* impossible chain */ )
                              next
                                case CoreTranscript_Diff_case_2
                                by step( contradiction /* impossible chain */ )
                              next
                                case CoreTranscript_Diff_case_3
                                by step( contradiction /* impossible chain */ )
                              next
                                case CoreTranscript_Diff_case_4
                                by step( contradiction /* impossible chain */ )
                              next
                                case CoreTranscript_Diff_case_5
                                by step( contradiction /* impossible chain */ )
                              next
                                case CoreTranscript_Diff_case_6
                                by step( contradiction /* impossible chain */ )
                              qed
                            next
                              case pub
                              step( solve( !KU( $B ) @ #vk.16 ) )
                                case coerce
                                step( solve( !KD( $B ) ▶₀ #vk.16 ) )
                                  case CoreTranscript_Diff_case_1
                                  by step( contradiction /* impossible chain */ )
                                next
                                  case CoreTranscript_Diff_case_2
                                  by step( contradiction /* impossible chain */ )
                                next
                                  case CoreTranscript_Diff_case_3
                                  by step( contradiction /* impossible chain */ )
                                next
                                  case CoreTranscript_Diff_case_4
                                  by step( contradiction /* impossible chain */ )
                                next
                                  case CoreTranscript_Diff_case_5
                                  by step( contradiction /* impossible chain */ )
                                next
                                  case CoreTranscript_Diff_case_6
                                  by step( contradiction /* impossible chain */ )
                                qed
                              next
                                case pub
                                MIRRORED
                              qed
                            qed
                          qed
                        next
                          case c_skem_component
                          by step( solve( !KU( ~rhoS ) @ #vk.17 ) )
                        qed
                      next
                        case c_ekem_ct
                        by step( solve( !KU( ~rhoK ) @ #vk.16 ) )
                      qed
                    next
                      case c_lkem_ct
                      by step( solve( !KU( ~rhoL ) @ #vk.16 ) )
                    qed
                  next
                    case c_receiver_prekey
                    step( solve( !KU( skem_rpk(~receiverSkB) ) @ #vk.15 ) )
                      case c_skem_rpk
                      by step( solve( !KU( ~receiverSkB ) @ #vk.18 ) )
                    qed
                  qed
                next
                  case CoreTranscript_Diff_case_2
                  step( solve( !KU( receiver_prekey(skem_rpk(~receiverSkB),
                                                    ekpk(~receiverEskB),
                                                    sign(~sigSkB,
                                                         receiver_payload(skem_rpk(~receiverSkB),
                                                                          ekpk(~receiverEskB))))
                               ) @ #vk.10 ) )
                    case CoreTranscript_Diff_case_1
                    step( solve( !KU( lkem_ct(kpk(~kemSkB), ~rhoL) ) @ #vk.11 ) )
                      case CoreTranscript_Diff
                      step( solve( !KU( ekem_ct(ekpk(~receiverEskB), ~rhoK) ) @ #vk.12 ) )
                        case CoreTranscript_Diff
                        step( solve( !KU( skem_component(skem_spk(~senderSkA),
                                                         skem_rpk(~receiverSkB), ~rhoS)
                                     ) @ #vk.13 ) )
                          case CoreTranscript_Diff
                          step( solve( !KU( sid_of($A, $B, pk(spk(~sigSkA), kpk(~kemSkA)),
                                                   pk(spk(~sigSkB), kpk(~kemSkB)),
                                                   sender_prekey(skem_spk(~senderSkA),
                                                                 sign(~sigSkA,
                                                                      sender_payload(skem_spk(~senderSkA)))),
                                                   receiver_prekey(skem_rpk(~receiverSkB),
                                                                   ekpk(~receiverEskB),
                                                                   sign(~sigSkB,
                                                                        receiver_payload(skem_rpk(~receiverSkB),
                                                                                         ekpk(~receiverEskB)))),
                                                   <lkem_ct(kpk(~kemSkB), ~rhoL), 
                                                    ekem_ct(ekpk(~receiverEskB), ~rhoK), 
                                                    skem_component(skem_spk(~senderSkA),
                                                                   skem_rpk(~receiverSkB), ~rhoS)
                                                   >)
                                       ) @ #vk.14 ) )
                            case CoreTranscript_Diff_case_1
                            MIRRORED
                          next
                            case CoreTranscript_Diff_case_2
                            MIRRORED
                          next
                            case c_sid_of
                            step( solve( !KU( $A ) @ #vk.15 ) )
                              case coerce
                              step( solve( !KD( $A ) ▶₀ #vk.15 ) )
                                case CoreTranscript_Diff_case_1
                                by step( contradiction /* impossible chain */ )
                              next
                                case CoreTranscript_Diff_case_2
                                by step( contradiction /* impossible chain */ )
                              next
                                case CoreTranscript_Diff_case_3
                                by step( contradiction /* impossible chain */ )
                              next
                                case CoreTranscript_Diff_case_4
                                by step( contradiction /* impossible chain */ )
                              next
                                case CoreTranscript_Diff_case_5
                                by step( contradiction /* impossible chain */ )
                              next
                                case CoreTranscript_Diff_case_6
                                by step( contradiction /* impossible chain */ )
                              qed
                            next
                              case pub
                              step( solve( !KU( $B ) @ #vk.16 ) )
                                case coerce
                                step( solve( !KD( $B ) ▶₀ #vk.16 ) )
                                  case CoreTranscript_Diff_case_1
                                  by step( contradiction /* impossible chain */ )
                                next
                                  case CoreTranscript_Diff_case_2
                                  by step( contradiction /* impossible chain */ )
                                next
                                  case CoreTranscript_Diff_case_3
                                  by step( contradiction /* impossible chain */ )
                                next
                                  case CoreTranscript_Diff_case_4
                                  by step( contradiction /* impossible chain */ )
                                next
                                  case CoreTranscript_Diff_case_5
                                  by step( contradiction /* impossible chain */ )
                                next
                                  case CoreTranscript_Diff_case_6
                                  by step( contradiction /* impossible chain */ )
                                qed
                              next
                                case pub
                                MIRRORED
                              qed
                            qed
                          qed
                        next
                          case c_skem_component
                          by step( solve( !KU( ~rhoS ) @ #vk.17 ) )
                        qed
                      next
                        case c_ekem_ct
                        by step( solve( !KU( ~rhoK ) @ #vk.16 ) )
                      qed
                    next
                      case c_lkem_ct
                      by step( solve( !KU( ~rhoL ) @ #vk.16 ) )
                    qed
                  next
                    case CoreTranscript_Diff_case_2
                    step( solve( !KU( lkem_ct(kpk(~kemSkB), ~rhoL) ) @ #vk.11 ) )
                      case CoreTranscript_Diff
                      step( solve( !KU( ekem_ct(ekpk(~receiverEskB), ~rhoK) ) @ #vk.12 ) )
                        case CoreTranscript_Diff
                        step( solve( !KU( skem_component(skem_spk(~senderSkA),
                                                         skem_rpk(~receiverSkB), ~rhoS)
                                     ) @ #vk.13 ) )
                          case CoreTranscript_Diff
                          step( solve( !KU( sid_of($A, $B, pk(spk(~sigSkA), kpk(~kemSkA)),
                                                   pk(spk(~sigSkB), kpk(~kemSkB)),
                                                   sender_prekey(skem_spk(~senderSkA),
                                                                 sign(~sigSkA,
                                                                      sender_payload(skem_spk(~senderSkA)))),
                                                   receiver_prekey(skem_rpk(~receiverSkB),
                                                                   ekpk(~receiverEskB),
                                                                   sign(~sigSkB,
                                                                        receiver_payload(skem_rpk(~receiverSkB),
                                                                                         ekpk(~receiverEskB)))),
                                                   <lkem_ct(kpk(~kemSkB), ~rhoL), 
                                                    ekem_ct(ekpk(~receiverEskB), ~rhoK), 
                                                    skem_component(skem_spk(~senderSkA),
                                                                   skem_rpk(~receiverSkB), ~rhoS)
                                                   >)
                                       ) @ #vk.14 ) )
                            case CoreTranscript_Diff_case_1
                            MIRRORED
                          next
                            case CoreTranscript_Diff_case_2
                            MIRRORED
                          next
                            case c_sid_of
                            step( solve( !KU( $A ) @ #vk.15 ) )
                              case coerce
                              step( solve( !KD( $A ) ▶₀ #vk.15 ) )
                                case CoreTranscript_Diff_case_1
                                by step( contradiction /* impossible chain */ )
                              next
                                case CoreTranscript_Diff_case_2
                                by step( contradiction /* impossible chain */ )
                              next
                                case CoreTranscript_Diff_case_3
                                by step( contradiction /* impossible chain */ )
                              next
                                case CoreTranscript_Diff_case_4
                                by step( contradiction /* impossible chain */ )
                              next
                                case CoreTranscript_Diff_case_5
                                by step( contradiction /* impossible chain */ )
                              next
                                case CoreTranscript_Diff_case_6
                                by step( contradiction /* impossible chain */ )
                              qed
                            next
                              case pub
                              step( solve( !KU( $B ) @ #vk.16 ) )
                                case coerce
                                step( solve( !KD( $B ) ▶₀ #vk.16 ) )
                                  case CoreTranscript_Diff_case_1
                                  by step( contradiction /* impossible chain */ )
                                next
                                  case CoreTranscript_Diff_case_2
                                  by step( contradiction /* impossible chain */ )
                                next
                                  case CoreTranscript_Diff_case_3
                                  by step( contradiction /* impossible chain */ )
                                next
                                  case CoreTranscript_Diff_case_4
                                  by step( contradiction /* impossible chain */ )
                                next
                                  case CoreTranscript_Diff_case_5
                                  by step( contradiction /* impossible chain */ )
                                next
                                  case CoreTranscript_Diff_case_6
                                  by step( contradiction /* impossible chain */ )
                                qed
                              next
                                case pub
                                MIRRORED
                              qed
                            qed
                          qed
                        next
                          case c_skem_component
                          by step( solve( !KU( ~rhoS ) @ #vk.17 ) )
                        qed
                      next
                        case c_ekem_ct
                        by step( solve( !KU( ~rhoK ) @ #vk.16 ) )
                      qed
                    next
                      case c_lkem_ct
                      by step( solve( !KU( ~rhoL ) @ #vk.16 ) )
                    qed
                  next
                    case c_receiver_prekey
                    step( solve( !KU( skem_rpk(~receiverSkB) ) @ #vk.15 ) )
                      case c_skem_rpk
                      by step( solve( !KU( ~receiverSkB ) @ #vk.18 ) )
                    qed
                  qed
                next
                  case c_sender_prekey
                  step( solve( !KU( skem_spk(~senderSkA) ) @ #vk.15 ) )
                    case c_skem_spk
                    by step( solve( !KU( ~senderSkA ) @ #vk.17 ) )
                  qed
                qed
              next
                case CoreTranscript_Diff_case_2
                step( solve( !KU( sender_prekey(skem_spk(~senderSkA),
                                                sign(~sigSkA, sender_payload(skem_spk(~senderSkA))))
                             ) @ #vk.9 ) )
                  case CoreTranscript_Diff_case_1
                  step( solve( !KU( receiver_prekey(skem_rpk(~receiverSkB),
                                                    ekpk(~receiverEskB),
                                                    sign(~sigSkB,
                                                         receiver_payload(skem_rpk(~receiverSkB),
                                                                          ekpk(~receiverEskB))))
                               ) @ #vk.10 ) )
                    case CoreTranscript_Diff_case_1
                    step( solve( !KU( lkem_ct(kpk(~kemSkB), ~rhoL) ) @ #vk.11 ) )
                      case CoreTranscript_Diff
                      step( solve( !KU( ekem_ct(ekpk(~receiverEskB), ~rhoK) ) @ #vk.12 ) )
                        case CoreTranscript_Diff
                        step( solve( !KU( skem_component(skem_spk(~senderSkA),
                                                         skem_rpk(~receiverSkB), ~rhoS)
                                     ) @ #vk.13 ) )
                          case CoreTranscript_Diff
                          step( solve( !KU( sid_of($A, $B, pk(spk(~sigSkA), kpk(~kemSkA)),
                                                   pk(spk(~sigSkB), kpk(~kemSkB)),
                                                   sender_prekey(skem_spk(~senderSkA),
                                                                 sign(~sigSkA,
                                                                      sender_payload(skem_spk(~senderSkA)))),
                                                   receiver_prekey(skem_rpk(~receiverSkB),
                                                                   ekpk(~receiverEskB),
                                                                   sign(~sigSkB,
                                                                        receiver_payload(skem_rpk(~receiverSkB),
                                                                                         ekpk(~receiverEskB)))),
                                                   <lkem_ct(kpk(~kemSkB), ~rhoL), 
                                                    ekem_ct(ekpk(~receiverEskB), ~rhoK), 
                                                    skem_component(skem_spk(~senderSkA),
                                                                   skem_rpk(~receiverSkB), ~rhoS)
                                                   >)
                                       ) @ #vk.14 ) )
                            case CoreTranscript_Diff_case_1
                            MIRRORED
                          next
                            case CoreTranscript_Diff_case_2
                            MIRRORED
                          next
                            case c_sid_of
                            step( solve( !KU( $A ) @ #vk.15 ) )
                              case coerce
                              step( solve( !KD( $A ) ▶₀ #vk.15 ) )
                                case CoreTranscript_Diff_case_1
                                by step( contradiction /* impossible chain */ )
                              next
                                case CoreTranscript_Diff_case_2
                                by step( contradiction /* impossible chain */ )
                              next
                                case CoreTranscript_Diff_case_3
                                by step( contradiction /* impossible chain */ )
                              next
                                case CoreTranscript_Diff_case_4
                                by step( contradiction /* impossible chain */ )
                              next
                                case CoreTranscript_Diff_case_5
                                by step( contradiction /* impossible chain */ )
                              next
                                case CoreTranscript_Diff_case_6
                                by step( contradiction /* impossible chain */ )
                              qed
                            next
                              case pub
                              step( solve( !KU( $B ) @ #vk.16 ) )
                                case coerce
                                step( solve( !KD( $B ) ▶₀ #vk.16 ) )
                                  case CoreTranscript_Diff_case_1
                                  by step( contradiction /* impossible chain */ )
                                next
                                  case CoreTranscript_Diff_case_2
                                  by step( contradiction /* impossible chain */ )
                                next
                                  case CoreTranscript_Diff_case_3
                                  by step( contradiction /* impossible chain */ )
                                next
                                  case CoreTranscript_Diff_case_4
                                  by step( contradiction /* impossible chain */ )
                                next
                                  case CoreTranscript_Diff_case_5
                                  by step( contradiction /* impossible chain */ )
                                next
                                  case CoreTranscript_Diff_case_6
                                  by step( contradiction /* impossible chain */ )
                                qed
                              next
                                case pub
                                MIRRORED
                              qed
                            qed
                          qed
                        next
                          case c_skem_component
                          by step( solve( !KU( ~rhoS ) @ #vk.17 ) )
                        qed
                      next
                        case c_ekem_ct
                        by step( solve( !KU( ~rhoK ) @ #vk.16 ) )
                      qed
                    next
                      case c_lkem_ct
                      by step( solve( !KU( ~rhoL ) @ #vk.16 ) )
                    qed
                  next
                    case CoreTranscript_Diff_case_2
                    step( solve( !KU( lkem_ct(kpk(~kemSkB), ~rhoL) ) @ #vk.11 ) )
                      case CoreTranscript_Diff
                      step( solve( !KU( ekem_ct(ekpk(~receiverEskB), ~rhoK) ) @ #vk.12 ) )
                        case CoreTranscript_Diff
                        step( solve( !KU( skem_component(skem_spk(~senderSkA),
                                                         skem_rpk(~receiverSkB), ~rhoS)
                                     ) @ #vk.13 ) )
                          case CoreTranscript_Diff
                          step( solve( !KU( sid_of($A, $B, pk(spk(~sigSkA), kpk(~kemSkA)),
                                                   pk(spk(~sigSkB), kpk(~kemSkB)),
                                                   sender_prekey(skem_spk(~senderSkA),
                                                                 sign(~sigSkA,
                                                                      sender_payload(skem_spk(~senderSkA)))),
                                                   receiver_prekey(skem_rpk(~receiverSkB),
                                                                   ekpk(~receiverEskB),
                                                                   sign(~sigSkB,
                                                                        receiver_payload(skem_rpk(~receiverSkB),
                                                                                         ekpk(~receiverEskB)))),
                                                   <lkem_ct(kpk(~kemSkB), ~rhoL), 
                                                    ekem_ct(ekpk(~receiverEskB), ~rhoK), 
                                                    skem_component(skem_spk(~senderSkA),
                                                                   skem_rpk(~receiverSkB), ~rhoS)
                                                   >)
                                       ) @ #vk.14 ) )
                            case CoreTranscript_Diff_case_1
                            MIRRORED
                          next
                            case CoreTranscript_Diff_case_2
                            MIRRORED
                          next
                            case c_sid_of
                            step( solve( !KU( $A ) @ #vk.15 ) )
                              case coerce
                              step( solve( !KD( $A ) ▶₀ #vk.15 ) )
                                case CoreTranscript_Diff_case_1
                                by step( contradiction /* impossible chain */ )
                              next
                                case CoreTranscript_Diff_case_2
                                by step( contradiction /* impossible chain */ )
                              next
                                case CoreTranscript_Diff_case_3
                                by step( contradiction /* impossible chain */ )
                              next
                                case CoreTranscript_Diff_case_4
                                by step( contradiction /* impossible chain */ )
                              next
                                case CoreTranscript_Diff_case_5
                                by step( contradiction /* impossible chain */ )
                              next
                                case CoreTranscript_Diff_case_6
                                by step( contradiction /* impossible chain */ )
                              qed
                            next
                              case pub
                              step( solve( !KU( $B ) @ #vk.16 ) )
                                case coerce
                                step( solve( !KD( $B ) ▶₀ #vk.16 ) )
                                  case CoreTranscript_Diff_case_1
                                  by step( contradiction /* impossible chain */ )
                                next
                                  case CoreTranscript_Diff_case_2
                                  by step( contradiction /* impossible chain */ )
                                next
                                  case CoreTranscript_Diff_case_3
                                  by step( contradiction /* impossible chain */ )
                                next
                                  case CoreTranscript_Diff_case_4
                                  by step( contradiction /* impossible chain */ )
                                next
                                  case CoreTranscript_Diff_case_5
                                  by step( contradiction /* impossible chain */ )
                                next
                                  case CoreTranscript_Diff_case_6
                                  by step( contradiction /* impossible chain */ )
                                qed
                              next
                                case pub
                                MIRRORED
                              qed
                            qed
                          qed
                        next
                          case c_skem_component
                          by step( solve( !KU( ~rhoS ) @ #vk.17 ) )
                        qed
                      next
                        case c_ekem_ct
                        by step( solve( !KU( ~rhoK ) @ #vk.16 ) )
                      qed
                    next
                      case c_lkem_ct
                      by step( solve( !KU( ~rhoL ) @ #vk.16 ) )
                    qed
                  next
                    case c_receiver_prekey
                    step( solve( !KU( skem_rpk(~receiverSkB) ) @ #vk.15 ) )
                      case c_skem_rpk
                      by step( solve( !KU( ~receiverSkB ) @ #vk.18 ) )
                    qed
                  qed
                next
                  case CoreTranscript_Diff_case_2
                  step( solve( !KU( receiver_prekey(skem_rpk(~receiverSkB),
                                                    ekpk(~receiverEskB),
                                                    sign(~sigSkB,
                                                         receiver_payload(skem_rpk(~receiverSkB),
                                                                          ekpk(~receiverEskB))))
                               ) @ #vk.10 ) )
                    case CoreTranscript_Diff_case_1
                    step( solve( !KU( lkem_ct(kpk(~kemSkB), ~rhoL) ) @ #vk.11 ) )
                      case CoreTranscript_Diff
                      step( solve( !KU( ekem_ct(ekpk(~receiverEskB), ~rhoK) ) @ #vk.12 ) )
                        case CoreTranscript_Diff
                        step( solve( !KU( skem_component(skem_spk(~senderSkA),
                                                         skem_rpk(~receiverSkB), ~rhoS)
                                     ) @ #vk.13 ) )
                          case CoreTranscript_Diff
                          step( solve( !KU( sid_of($A, $B, pk(spk(~sigSkA), kpk(~kemSkA)),
                                                   pk(spk(~sigSkB), kpk(~kemSkB)),
                                                   sender_prekey(skem_spk(~senderSkA),
                                                                 sign(~sigSkA,
                                                                      sender_payload(skem_spk(~senderSkA)))),
                                                   receiver_prekey(skem_rpk(~receiverSkB),
                                                                   ekpk(~receiverEskB),
                                                                   sign(~sigSkB,
                                                                        receiver_payload(skem_rpk(~receiverSkB),
                                                                                         ekpk(~receiverEskB)))),
                                                   <lkem_ct(kpk(~kemSkB), ~rhoL), 
                                                    ekem_ct(ekpk(~receiverEskB), ~rhoK), 
                                                    skem_component(skem_spk(~senderSkA),
                                                                   skem_rpk(~receiverSkB), ~rhoS)
                                                   >)
                                       ) @ #vk.14 ) )
                            case CoreTranscript_Diff_case_1
                            MIRRORED
                          next
                            case CoreTranscript_Diff_case_2
                            MIRRORED
                          next
                            case c_sid_of
                            step( solve( !KU( $A ) @ #vk.15 ) )
                              case coerce
                              step( solve( !KD( $A ) ▶₀ #vk.15 ) )
                                case CoreTranscript_Diff_case_1
                                by step( contradiction /* impossible chain */ )
                              next
                                case CoreTranscript_Diff_case_2
                                by step( contradiction /* impossible chain */ )
                              next
                                case CoreTranscript_Diff_case_3
                                by step( contradiction /* impossible chain */ )
                              next
                                case CoreTranscript_Diff_case_4
                                by step( contradiction /* impossible chain */ )
                              next
                                case CoreTranscript_Diff_case_5
                                by step( contradiction /* impossible chain */ )
                              next
                                case CoreTranscript_Diff_case_6
                                by step( contradiction /* impossible chain */ )
                              qed
                            next
                              case pub
                              step( solve( !KU( $B ) @ #vk.16 ) )
                                case coerce
                                step( solve( !KD( $B ) ▶₀ #vk.16 ) )
                                  case CoreTranscript_Diff_case_1
                                  by step( contradiction /* impossible chain */ )
                                next
                                  case CoreTranscript_Diff_case_2
                                  by step( contradiction /* impossible chain */ )
                                next
                                  case CoreTranscript_Diff_case_3
                                  by step( contradiction /* impossible chain */ )
                                next
                                  case CoreTranscript_Diff_case_4
                                  by step( contradiction /* impossible chain */ )
                                next
                                  case CoreTranscript_Diff_case_5
                                  by step( contradiction /* impossible chain */ )
                                next
                                  case CoreTranscript_Diff_case_6
                                  by step( contradiction /* impossible chain */ )
                                qed
                              next
                                case pub
                                MIRRORED
                              qed
                            qed
                          qed
                        next
                          case c_skem_component
                          by step( solve( !KU( ~rhoS ) @ #vk.17 ) )
                        qed
                      next
                        case c_ekem_ct
                        by step( solve( !KU( ~rhoK ) @ #vk.16 ) )
                      qed
                    next
                      case c_lkem_ct
                      by step( solve( !KU( ~rhoL ) @ #vk.16 ) )
                    qed
                  next
                    case CoreTranscript_Diff_case_2
                    step( solve( !KU( lkem_ct(kpk(~kemSkB), ~rhoL) ) @ #vk.11 ) )
                      case CoreTranscript_Diff
                      step( solve( !KU( ekem_ct(ekpk(~receiverEskB), ~rhoK) ) @ #vk.12 ) )
                        case CoreTranscript_Diff
                        step( solve( !KU( skem_component(skem_spk(~senderSkA),
                                                         skem_rpk(~receiverSkB), ~rhoS)
                                     ) @ #vk.13 ) )
                          case CoreTranscript_Diff
                          step( solve( !KU( sid_of($A, $B, pk(spk(~sigSkA), kpk(~kemSkA)),
                                                   pk(spk(~sigSkB), kpk(~kemSkB)),
                                                   sender_prekey(skem_spk(~senderSkA),
                                                                 sign(~sigSkA,
                                                                      sender_payload(skem_spk(~senderSkA)))),
                                                   receiver_prekey(skem_rpk(~receiverSkB),
                                                                   ekpk(~receiverEskB),
                                                                   sign(~sigSkB,
                                                                        receiver_payload(skem_rpk(~receiverSkB),
                                                                                         ekpk(~receiverEskB)))),
                                                   <lkem_ct(kpk(~kemSkB), ~rhoL), 
                                                    ekem_ct(ekpk(~receiverEskB), ~rhoK), 
                                                    skem_component(skem_spk(~senderSkA),
                                                                   skem_rpk(~receiverSkB), ~rhoS)
                                                   >)
                                       ) @ #vk.14 ) )
                            case CoreTranscript_Diff_case_1
                            MIRRORED
                          next
                            case CoreTranscript_Diff_case_2
                            MIRRORED
                          next
                            case c_sid_of
                            step( solve( !KU( $A ) @ #vk.15 ) )
                              case coerce
                              step( solve( !KD( $A ) ▶₀ #vk.15 ) )
                                case CoreTranscript_Diff_case_1
                                by step( contradiction /* impossible chain */ )
                              next
                                case CoreTranscript_Diff_case_2
                                by step( contradiction /* impossible chain */ )
                              next
                                case CoreTranscript_Diff_case_3
                                by step( contradiction /* impossible chain */ )
                              next
                                case CoreTranscript_Diff_case_4
                                by step( contradiction /* impossible chain */ )
                              next
                                case CoreTranscript_Diff_case_5
                                by step( contradiction /* impossible chain */ )
                              next
                                case CoreTranscript_Diff_case_6
                                by step( contradiction /* impossible chain */ )
                              qed
                            next
                              case pub
                              step( solve( !KU( $B ) @ #vk.16 ) )
                                case coerce
                                step( solve( !KD( $B ) ▶₀ #vk.16 ) )
                                  case CoreTranscript_Diff_case_1
                                  by step( contradiction /* impossible chain */ )
                                next
                                  case CoreTranscript_Diff_case_2
                                  by step( contradiction /* impossible chain */ )
                                next
                                  case CoreTranscript_Diff_case_3
                                  by step( contradiction /* impossible chain */ )
                                next
                                  case CoreTranscript_Diff_case_4
                                  by step( contradiction /* impossible chain */ )
                                next
                                  case CoreTranscript_Diff_case_5
                                  by step( contradiction /* impossible chain */ )
                                next
                                  case CoreTranscript_Diff_case_6
                                  by step( contradiction /* impossible chain */ )
                                qed
                              next
                                case pub
                                MIRRORED
                              qed
                            qed
                          qed
                        next
                          case c_skem_component
                          by step( solve( !KU( ~rhoS ) @ #vk.17 ) )
                        qed
                      next
                        case c_ekem_ct
                        by step( solve( !KU( ~rhoK ) @ #vk.16 ) )
                      qed
                    next
                      case c_lkem_ct
                      by step( solve( !KU( ~rhoL ) @ #vk.16 ) )
                    qed
                  next
                    case c_receiver_prekey
                    step( solve( !KU( skem_rpk(~receiverSkB) ) @ #vk.15 ) )
                      case c_skem_rpk
                      by step( solve( !KU( ~receiverSkB ) @ #vk.18 ) )
                    qed
                  qed
                next
                  case c_sender_prekey
                  step( solve( !KU( skem_spk(~senderSkA) ) @ #vk.15 ) )
                    case c_skem_spk
                    by step( solve( !KU( ~senderSkA ) @ #vk.17 ) )
                  qed
                qed
              next
                case c_pk
                step( solve( !KU( spk(~sigSkB) ) @ #vk.15 ) )
                  case c_spk
                  by step( solve( !KU( ~sigSkB ) @ #vk.17 ) )
                qed
              qed
            next
              case CoreTranscript_Diff_case_2
              step( solve( !KU( pk(spk(~sigSkB), kpk(~kemSkB)) ) @ #vk.8 ) )
                case CoreTranscript_Diff_case_1
                step( solve( !KU( sender_prekey(skem_spk(~senderSkA),
                                                sign(~sigSkA, sender_payload(skem_spk(~senderSkA))))
                             ) @ #vk.9 ) )
                  case CoreTranscript_Diff_case_1
                  step( solve( !KU( receiver_prekey(skem_rpk(~receiverSkB),
                                                    ekpk(~receiverEskB),
                                                    sign(~sigSkB,
                                                         receiver_payload(skem_rpk(~receiverSkB),
                                                                          ekpk(~receiverEskB))))
                               ) @ #vk.10 ) )
                    case CoreTranscript_Diff_case_1
                    step( solve( !KU( lkem_ct(kpk(~kemSkB), ~rhoL) ) @ #vk.11 ) )
                      case CoreTranscript_Diff
                      step( solve( !KU( ekem_ct(ekpk(~receiverEskB), ~rhoK) ) @ #vk.12 ) )
                        case CoreTranscript_Diff
                        step( solve( !KU( skem_component(skem_spk(~senderSkA),
                                                         skem_rpk(~receiverSkB), ~rhoS)
                                     ) @ #vk.13 ) )
                          case CoreTranscript_Diff
                          step( solve( !KU( sid_of($A, $B, pk(spk(~sigSkA), kpk(~kemSkA)),
                                                   pk(spk(~sigSkB), kpk(~kemSkB)),
                                                   sender_prekey(skem_spk(~senderSkA),
                                                                 sign(~sigSkA,
                                                                      sender_payload(skem_spk(~senderSkA)))),
                                                   receiver_prekey(skem_rpk(~receiverSkB),
                                                                   ekpk(~receiverEskB),
                                                                   sign(~sigSkB,
                                                                        receiver_payload(skem_rpk(~receiverSkB),
                                                                                         ekpk(~receiverEskB)))),
                                                   <lkem_ct(kpk(~kemSkB), ~rhoL), 
                                                    ekem_ct(ekpk(~receiverEskB), ~rhoK), 
                                                    skem_component(skem_spk(~senderSkA),
                                                                   skem_rpk(~receiverSkB), ~rhoS)
                                                   >)
                                       ) @ #vk.14 ) )
                            case CoreTranscript_Diff_case_1
                            MIRRORED
                          next
                            case CoreTranscript_Diff_case_2
                            MIRRORED
                          next
                            case c_sid_of
                            step( solve( !KU( $A ) @ #vk.15 ) )
                              case coerce
                              step( solve( !KD( $A ) ▶₀ #vk.15 ) )
                                case CoreTranscript_Diff_case_1
                                by step( contradiction /* impossible chain */ )
                              next
                                case CoreTranscript_Diff_case_2
                                by step( contradiction /* impossible chain */ )
                              next
                                case CoreTranscript_Diff_case_3
                                by step( contradiction /* impossible chain */ )
                              next
                                case CoreTranscript_Diff_case_4
                                by step( contradiction /* impossible chain */ )
                              next
                                case CoreTranscript_Diff_case_5
                                by step( contradiction /* impossible chain */ )
                              next
                                case CoreTranscript_Diff_case_6
                                by step( contradiction /* impossible chain */ )
                              qed
                            next
                              case pub
                              step( solve( !KU( $B ) @ #vk.16 ) )
                                case coerce
                                step( solve( !KD( $B ) ▶₀ #vk.16 ) )
                                  case CoreTranscript_Diff_case_1
                                  by step( contradiction /* impossible chain */ )
                                next
                                  case CoreTranscript_Diff_case_2
                                  by step( contradiction /* impossible chain */ )
                                next
                                  case CoreTranscript_Diff_case_3
                                  by step( contradiction /* impossible chain */ )
                                next
                                  case CoreTranscript_Diff_case_4
                                  by step( contradiction /* impossible chain */ )
                                next
                                  case CoreTranscript_Diff_case_5
                                  by step( contradiction /* impossible chain */ )
                                next
                                  case CoreTranscript_Diff_case_6
                                  by step( contradiction /* impossible chain */ )
                                qed
                              next
                                case pub
                                MIRRORED
                              qed
                            qed
                          qed
                        next
                          case c_skem_component
                          by step( solve( !KU( ~rhoS ) @ #vk.17 ) )
                        qed
                      next
                        case c_ekem_ct
                        by step( solve( !KU( ~rhoK ) @ #vk.16 ) )
                      qed
                    next
                      case c_lkem_ct
                      by step( solve( !KU( ~rhoL ) @ #vk.16 ) )
                    qed
                  next
                    case CoreTranscript_Diff_case_2
                    step( solve( !KU( lkem_ct(kpk(~kemSkB), ~rhoL) ) @ #vk.11 ) )
                      case CoreTranscript_Diff
                      step( solve( !KU( ekem_ct(ekpk(~receiverEskB), ~rhoK) ) @ #vk.12 ) )
                        case CoreTranscript_Diff
                        step( solve( !KU( skem_component(skem_spk(~senderSkA),
                                                         skem_rpk(~receiverSkB), ~rhoS)
                                     ) @ #vk.13 ) )
                          case CoreTranscript_Diff
                          step( solve( !KU( sid_of($A, $B, pk(spk(~sigSkA), kpk(~kemSkA)),
                                                   pk(spk(~sigSkB), kpk(~kemSkB)),
                                                   sender_prekey(skem_spk(~senderSkA),
                                                                 sign(~sigSkA,
                                                                      sender_payload(skem_spk(~senderSkA)))),
                                                   receiver_prekey(skem_rpk(~receiverSkB),
                                                                   ekpk(~receiverEskB),
                                                                   sign(~sigSkB,
                                                                        receiver_payload(skem_rpk(~receiverSkB),
                                                                                         ekpk(~receiverEskB)))),
                                                   <lkem_ct(kpk(~kemSkB), ~rhoL), 
                                                    ekem_ct(ekpk(~receiverEskB), ~rhoK), 
                                                    skem_component(skem_spk(~senderSkA),
                                                                   skem_rpk(~receiverSkB), ~rhoS)
                                                   >)
                                       ) @ #vk.14 ) )
                            case CoreTranscript_Diff_case_1
                            MIRRORED
                          next
                            case CoreTranscript_Diff_case_2
                            MIRRORED
                          next
                            case c_sid_of
                            step( solve( !KU( $A ) @ #vk.15 ) )
                              case coerce
                              step( solve( !KD( $A ) ▶₀ #vk.15 ) )
                                case CoreTranscript_Diff_case_1
                                by step( contradiction /* impossible chain */ )
                              next
                                case CoreTranscript_Diff_case_2
                                by step( contradiction /* impossible chain */ )
                              next
                                case CoreTranscript_Diff_case_3
                                by step( contradiction /* impossible chain */ )
                              next
                                case CoreTranscript_Diff_case_4
                                by step( contradiction /* impossible chain */ )
                              next
                                case CoreTranscript_Diff_case_5
                                by step( contradiction /* impossible chain */ )
                              next
                                case CoreTranscript_Diff_case_6
                                by step( contradiction /* impossible chain */ )
                              qed
                            next
                              case pub
                              step( solve( !KU( $B ) @ #vk.16 ) )
                                case coerce
                                step( solve( !KD( $B ) ▶₀ #vk.16 ) )
                                  case CoreTranscript_Diff_case_1
                                  by step( contradiction /* impossible chain */ )
                                next
                                  case CoreTranscript_Diff_case_2
                                  by step( contradiction /* impossible chain */ )
                                next
                                  case CoreTranscript_Diff_case_3
                                  by step( contradiction /* impossible chain */ )
                                next
                                  case CoreTranscript_Diff_case_4
                                  by step( contradiction /* impossible chain */ )
                                next
                                  case CoreTranscript_Diff_case_5
                                  by step( contradiction /* impossible chain */ )
                                next
                                  case CoreTranscript_Diff_case_6
                                  by step( contradiction /* impossible chain */ )
                                qed
                              next
                                case pub
                                MIRRORED
                              qed
                            qed
                          qed
                        next
                          case c_skem_component
                          by step( solve( !KU( ~rhoS ) @ #vk.17 ) )
                        qed
                      next
                        case c_ekem_ct
                        by step( solve( !KU( ~rhoK ) @ #vk.16 ) )
                      qed
                    next
                      case c_lkem_ct
                      by step( solve( !KU( ~rhoL ) @ #vk.16 ) )
                    qed
                  next
                    case c_receiver_prekey
                    step( solve( !KU( skem_rpk(~receiverSkB) ) @ #vk.15 ) )
                      case c_skem_rpk
                      by step( solve( !KU( ~receiverSkB ) @ #vk.18 ) )
                    qed
                  qed
                next
                  case CoreTranscript_Diff_case_2
                  step( solve( !KU( receiver_prekey(skem_rpk(~receiverSkB),
                                                    ekpk(~receiverEskB),
                                                    sign(~sigSkB,
                                                         receiver_payload(skem_rpk(~receiverSkB),
                                                                          ekpk(~receiverEskB))))
                               ) @ #vk.10 ) )
                    case CoreTranscript_Diff_case_1
                    step( solve( !KU( lkem_ct(kpk(~kemSkB), ~rhoL) ) @ #vk.11 ) )
                      case CoreTranscript_Diff
                      step( solve( !KU( ekem_ct(ekpk(~receiverEskB), ~rhoK) ) @ #vk.12 ) )
                        case CoreTranscript_Diff
                        step( solve( !KU( skem_component(skem_spk(~senderSkA),
                                                         skem_rpk(~receiverSkB), ~rhoS)
                                     ) @ #vk.13 ) )
                          case CoreTranscript_Diff
                          step( solve( !KU( sid_of($A, $B, pk(spk(~sigSkA), kpk(~kemSkA)),
                                                   pk(spk(~sigSkB), kpk(~kemSkB)),
                                                   sender_prekey(skem_spk(~senderSkA),
                                                                 sign(~sigSkA,
                                                                      sender_payload(skem_spk(~senderSkA)))),
                                                   receiver_prekey(skem_rpk(~receiverSkB),
                                                                   ekpk(~receiverEskB),
                                                                   sign(~sigSkB,
                                                                        receiver_payload(skem_rpk(~receiverSkB),
                                                                                         ekpk(~receiverEskB)))),
                                                   <lkem_ct(kpk(~kemSkB), ~rhoL), 
                                                    ekem_ct(ekpk(~receiverEskB), ~rhoK), 
                                                    skem_component(skem_spk(~senderSkA),
                                                                   skem_rpk(~receiverSkB), ~rhoS)
                                                   >)
                                       ) @ #vk.14 ) )
                            case CoreTranscript_Diff_case_1
                            MIRRORED
                          next
                            case CoreTranscript_Diff_case_2
                            MIRRORED
                          next
                            case c_sid_of
                            step( solve( !KU( $A ) @ #vk.15 ) )
                              case coerce
                              step( solve( !KD( $A ) ▶₀ #vk.15 ) )
                                case CoreTranscript_Diff_case_1
                                by step( contradiction /* impossible chain */ )
                              next
                                case CoreTranscript_Diff_case_2
                                by step( contradiction /* impossible chain */ )
                              next
                                case CoreTranscript_Diff_case_3
                                by step( contradiction /* impossible chain */ )
                              next
                                case CoreTranscript_Diff_case_4
                                by step( contradiction /* impossible chain */ )
                              next
                                case CoreTranscript_Diff_case_5
                                by step( contradiction /* impossible chain */ )
                              next
                                case CoreTranscript_Diff_case_6
                                by step( contradiction /* impossible chain */ )
                              qed
                            next
                              case pub
                              step( solve( !KU( $B ) @ #vk.16 ) )
                                case coerce
                                step( solve( !KD( $B ) ▶₀ #vk.16 ) )
                                  case CoreTranscript_Diff_case_1
                                  by step( contradiction /* impossible chain */ )
                                next
                                  case CoreTranscript_Diff_case_2
                                  by step( contradiction /* impossible chain */ )
                                next
                                  case CoreTranscript_Diff_case_3
                                  by step( contradiction /* impossible chain */ )
                                next
                                  case CoreTranscript_Diff_case_4
                                  by step( contradiction /* impossible chain */ )
                                next
                                  case CoreTranscript_Diff_case_5
                                  by step( contradiction /* impossible chain */ )
                                next
                                  case CoreTranscript_Diff_case_6
                                  by step( contradiction /* impossible chain */ )
                                qed
                              next
                                case pub
                                MIRRORED
                              qed
                            qed
                          qed
                        next
                          case c_skem_component
                          by step( solve( !KU( ~rhoS ) @ #vk.17 ) )
                        qed
                      next
                        case c_ekem_ct
                        by step( solve( !KU( ~rhoK ) @ #vk.16 ) )
                      qed
                    next
                      case c_lkem_ct
                      by step( solve( !KU( ~rhoL ) @ #vk.16 ) )
                    qed
                  next
                    case CoreTranscript_Diff_case_2
                    step( solve( !KU( lkem_ct(kpk(~kemSkB), ~rhoL) ) @ #vk.11 ) )
                      case CoreTranscript_Diff
                      step( solve( !KU( ekem_ct(ekpk(~receiverEskB), ~rhoK) ) @ #vk.12 ) )
                        case CoreTranscript_Diff
                        step( solve( !KU( skem_component(skem_spk(~senderSkA),
                                                         skem_rpk(~receiverSkB), ~rhoS)
                                     ) @ #vk.13 ) )
                          case CoreTranscript_Diff
                          step( solve( !KU( sid_of($A, $B, pk(spk(~sigSkA), kpk(~kemSkA)),
                                                   pk(spk(~sigSkB), kpk(~kemSkB)),
                                                   sender_prekey(skem_spk(~senderSkA),
                                                                 sign(~sigSkA,
                                                                      sender_payload(skem_spk(~senderSkA)))),
                                                   receiver_prekey(skem_rpk(~receiverSkB),
                                                                   ekpk(~receiverEskB),
                                                                   sign(~sigSkB,
                                                                        receiver_payload(skem_rpk(~receiverSkB),
                                                                                         ekpk(~receiverEskB)))),
                                                   <lkem_ct(kpk(~kemSkB), ~rhoL), 
                                                    ekem_ct(ekpk(~receiverEskB), ~rhoK), 
                                                    skem_component(skem_spk(~senderSkA),
                                                                   skem_rpk(~receiverSkB), ~rhoS)
                                                   >)
                                       ) @ #vk.14 ) )
                            case CoreTranscript_Diff_case_1
                            MIRRORED
                          next
                            case CoreTranscript_Diff_case_2
                            MIRRORED
                          next
                            case c_sid_of
                            step( solve( !KU( $A ) @ #vk.15 ) )
                              case coerce
                              step( solve( !KD( $A ) ▶₀ #vk.15 ) )
                                case CoreTranscript_Diff_case_1
                                by step( contradiction /* impossible chain */ )
                              next
                                case CoreTranscript_Diff_case_2
                                by step( contradiction /* impossible chain */ )
                              next
                                case CoreTranscript_Diff_case_3
                                by step( contradiction /* impossible chain */ )
                              next
                                case CoreTranscript_Diff_case_4
                                by step( contradiction /* impossible chain */ )
                              next
                                case CoreTranscript_Diff_case_5
                                by step( contradiction /* impossible chain */ )
                              next
                                case CoreTranscript_Diff_case_6
                                by step( contradiction /* impossible chain */ )
                              qed
                            next
                              case pub
                              step( solve( !KU( $B ) @ #vk.16 ) )
                                case coerce
                                step( solve( !KD( $B ) ▶₀ #vk.16 ) )
                                  case CoreTranscript_Diff_case_1
                                  by step( contradiction /* impossible chain */ )
                                next
                                  case CoreTranscript_Diff_case_2
                                  by step( contradiction /* impossible chain */ )
                                next
                                  case CoreTranscript_Diff_case_3
                                  by step( contradiction /* impossible chain */ )
                                next
                                  case CoreTranscript_Diff_case_4
                                  by step( contradiction /* impossible chain */ )
                                next
                                  case CoreTranscript_Diff_case_5
                                  by step( contradiction /* impossible chain */ )
                                next
                                  case CoreTranscript_Diff_case_6
                                  by step( contradiction /* impossible chain */ )
                                qed
                              next
                                case pub
                                MIRRORED
                              qed
                            qed
                          qed
                        next
                          case c_skem_component
                          by step( solve( !KU( ~rhoS ) @ #vk.17 ) )
                        qed
                      next
                        case c_ekem_ct
                        by step( solve( !KU( ~rhoK ) @ #vk.16 ) )
                      qed
                    next
                      case c_lkem_ct
                      by step( solve( !KU( ~rhoL ) @ #vk.16 ) )
                    qed
                  next
                    case c_receiver_prekey
                    step( solve( !KU( skem_rpk(~receiverSkB) ) @ #vk.15 ) )
                      case c_skem_rpk
                      by step( solve( !KU( ~receiverSkB ) @ #vk.18 ) )
                    qed
                  qed
                next
                  case c_sender_prekey
                  step( solve( !KU( skem_spk(~senderSkA) ) @ #vk.15 ) )
                    case c_skem_spk
                    by step( solve( !KU( ~senderSkA ) @ #vk.17 ) )
                  qed
                qed
              next
                case CoreTranscript_Diff_case_2
                step( solve( !KU( sender_prekey(skem_spk(~senderSkA),
                                                sign(~sigSkA, sender_payload(skem_spk(~senderSkA))))
                             ) @ #vk.9 ) )
                  case CoreTranscript_Diff_case_1
                  step( solve( !KU( receiver_prekey(skem_rpk(~receiverSkB),
                                                    ekpk(~receiverEskB),
                                                    sign(~sigSkB,
                                                         receiver_payload(skem_rpk(~receiverSkB),
                                                                          ekpk(~receiverEskB))))
                               ) @ #vk.10 ) )
                    case CoreTranscript_Diff_case_1
                    step( solve( !KU( lkem_ct(kpk(~kemSkB), ~rhoL) ) @ #vk.11 ) )
                      case CoreTranscript_Diff
                      step( solve( !KU( ekem_ct(ekpk(~receiverEskB), ~rhoK) ) @ #vk.12 ) )
                        case CoreTranscript_Diff
                        step( solve( !KU( skem_component(skem_spk(~senderSkA),
                                                         skem_rpk(~receiverSkB), ~rhoS)
                                     ) @ #vk.13 ) )
                          case CoreTranscript_Diff
                          step( solve( !KU( sid_of($A, $B, pk(spk(~sigSkA), kpk(~kemSkA)),
                                                   pk(spk(~sigSkB), kpk(~kemSkB)),
                                                   sender_prekey(skem_spk(~senderSkA),
                                                                 sign(~sigSkA,
                                                                      sender_payload(skem_spk(~senderSkA)))),
                                                   receiver_prekey(skem_rpk(~receiverSkB),
                                                                   ekpk(~receiverEskB),
                                                                   sign(~sigSkB,
                                                                        receiver_payload(skem_rpk(~receiverSkB),
                                                                                         ekpk(~receiverEskB)))),
                                                   <lkem_ct(kpk(~kemSkB), ~rhoL), 
                                                    ekem_ct(ekpk(~receiverEskB), ~rhoK), 
                                                    skem_component(skem_spk(~senderSkA),
                                                                   skem_rpk(~receiverSkB), ~rhoS)
                                                   >)
                                       ) @ #vk.14 ) )
                            case CoreTranscript_Diff_case_1
                            MIRRORED
                          next
                            case CoreTranscript_Diff_case_2
                            MIRRORED
                          next
                            case c_sid_of
                            step( solve( !KU( $A ) @ #vk.15 ) )
                              case coerce
                              step( solve( !KD( $A ) ▶₀ #vk.15 ) )
                                case CoreTranscript_Diff_case_1
                                by step( contradiction /* impossible chain */ )
                              next
                                case CoreTranscript_Diff_case_2
                                by step( contradiction /* impossible chain */ )
                              next
                                case CoreTranscript_Diff_case_3
                                by step( contradiction /* impossible chain */ )
                              next
                                case CoreTranscript_Diff_case_4
                                by step( contradiction /* impossible chain */ )
                              next
                                case CoreTranscript_Diff_case_5
                                by step( contradiction /* impossible chain */ )
                              next
                                case CoreTranscript_Diff_case_6
                                by step( contradiction /* impossible chain */ )
                              qed
                            next
                              case pub
                              step( solve( !KU( $B ) @ #vk.16 ) )
                                case coerce
                                step( solve( !KD( $B ) ▶₀ #vk.16 ) )
                                  case CoreTranscript_Diff_case_1
                                  by step( contradiction /* impossible chain */ )
                                next
                                  case CoreTranscript_Diff_case_2
                                  by step( contradiction /* impossible chain */ )
                                next
                                  case CoreTranscript_Diff_case_3
                                  by step( contradiction /* impossible chain */ )
                                next
                                  case CoreTranscript_Diff_case_4
                                  by step( contradiction /* impossible chain */ )
                                next
                                  case CoreTranscript_Diff_case_5
                                  by step( contradiction /* impossible chain */ )
                                next
                                  case CoreTranscript_Diff_case_6
                                  by step( contradiction /* impossible chain */ )
                                qed
                              next
                                case pub
                                MIRRORED
                              qed
                            qed
                          qed
                        next
                          case c_skem_component
                          by step( solve( !KU( ~rhoS ) @ #vk.17 ) )
                        qed
                      next
                        case c_ekem_ct
                        by step( solve( !KU( ~rhoK ) @ #vk.16 ) )
                      qed
                    next
                      case c_lkem_ct
                      by step( solve( !KU( ~rhoL ) @ #vk.16 ) )
                    qed
                  next
                    case CoreTranscript_Diff_case_2
                    step( solve( !KU( lkem_ct(kpk(~kemSkB), ~rhoL) ) @ #vk.11 ) )
                      case CoreTranscript_Diff
                      step( solve( !KU( ekem_ct(ekpk(~receiverEskB), ~rhoK) ) @ #vk.12 ) )
                        case CoreTranscript_Diff
                        step( solve( !KU( skem_component(skem_spk(~senderSkA),
                                                         skem_rpk(~receiverSkB), ~rhoS)
                                     ) @ #vk.13 ) )
                          case CoreTranscript_Diff
                          step( solve( !KU( sid_of($A, $B, pk(spk(~sigSkA), kpk(~kemSkA)),
                                                   pk(spk(~sigSkB), kpk(~kemSkB)),
                                                   sender_prekey(skem_spk(~senderSkA),
                                                                 sign(~sigSkA,
                                                                      sender_payload(skem_spk(~senderSkA)))),
                                                   receiver_prekey(skem_rpk(~receiverSkB),
                                                                   ekpk(~receiverEskB),
                                                                   sign(~sigSkB,
                                                                        receiver_payload(skem_rpk(~receiverSkB),
                                                                                         ekpk(~receiverEskB)))),
                                                   <lkem_ct(kpk(~kemSkB), ~rhoL), 
                                                    ekem_ct(ekpk(~receiverEskB), ~rhoK), 
                                                    skem_component(skem_spk(~senderSkA),
                                                                   skem_rpk(~receiverSkB), ~rhoS)
                                                   >)
                                       ) @ #vk.14 ) )
                            case CoreTranscript_Diff_case_1
                            MIRRORED
                          next
                            case CoreTranscript_Diff_case_2
                            MIRRORED
                          next
                            case c_sid_of
                            step( solve( !KU( $A ) @ #vk.15 ) )
                              case coerce
                              step( solve( !KD( $A ) ▶₀ #vk.15 ) )
                                case CoreTranscript_Diff_case_1
                                by step( contradiction /* impossible chain */ )
                              next
                                case CoreTranscript_Diff_case_2
                                by step( contradiction /* impossible chain */ )
                              next
                                case CoreTranscript_Diff_case_3
                                by step( contradiction /* impossible chain */ )
                              next
                                case CoreTranscript_Diff_case_4
                                by step( contradiction /* impossible chain */ )
                              next
                                case CoreTranscript_Diff_case_5
                                by step( contradiction /* impossible chain */ )
                              next
                                case CoreTranscript_Diff_case_6
                                by step( contradiction /* impossible chain */ )
                              qed
                            next
                              case pub
                              step( solve( !KU( $B ) @ #vk.16 ) )
                                case coerce
                                step( solve( !KD( $B ) ▶₀ #vk.16 ) )
                                  case CoreTranscript_Diff_case_1
                                  by step( contradiction /* impossible chain */ )
                                next
                                  case CoreTranscript_Diff_case_2
                                  by step( contradiction /* impossible chain */ )
                                next
                                  case CoreTranscript_Diff_case_3
                                  by step( contradiction /* impossible chain */ )
                                next
                                  case CoreTranscript_Diff_case_4
                                  by step( contradiction /* impossible chain */ )
                                next
                                  case CoreTranscript_Diff_case_5
                                  by step( contradiction /* impossible chain */ )
                                next
                                  case CoreTranscript_Diff_case_6
                                  by step( contradiction /* impossible chain */ )
                                qed
                              next
                                case pub
                                MIRRORED
                              qed
                            qed
                          qed
                        next
                          case c_skem_component
                          by step( solve( !KU( ~rhoS ) @ #vk.17 ) )
                        qed
                      next
                        case c_ekem_ct
                        by step( solve( !KU( ~rhoK ) @ #vk.16 ) )
                      qed
                    next
                      case c_lkem_ct
                      by step( solve( !KU( ~rhoL ) @ #vk.16 ) )
                    qed
                  next
                    case c_receiver_prekey
                    step( solve( !KU( skem_rpk(~receiverSkB) ) @ #vk.15 ) )
                      case c_skem_rpk
                      by step( solve( !KU( ~receiverSkB ) @ #vk.18 ) )
                    qed
                  qed
                next
                  case CoreTranscript_Diff_case_2
                  step( solve( !KU( receiver_prekey(skem_rpk(~receiverSkB),
                                                    ekpk(~receiverEskB),
                                                    sign(~sigSkB,
                                                         receiver_payload(skem_rpk(~receiverSkB),
                                                                          ekpk(~receiverEskB))))
                               ) @ #vk.10 ) )
                    case CoreTranscript_Diff_case_1
                    step( solve( !KU( lkem_ct(kpk(~kemSkB), ~rhoL) ) @ #vk.11 ) )
                      case CoreTranscript_Diff
                      step( solve( !KU( ekem_ct(ekpk(~receiverEskB), ~rhoK) ) @ #vk.12 ) )
                        case CoreTranscript_Diff
                        step( solve( !KU( skem_component(skem_spk(~senderSkA),
                                                         skem_rpk(~receiverSkB), ~rhoS)
                                     ) @ #vk.13 ) )
                          case CoreTranscript_Diff
                          step( solve( !KU( sid_of($A, $B, pk(spk(~sigSkA), kpk(~kemSkA)),
                                                   pk(spk(~sigSkB), kpk(~kemSkB)),
                                                   sender_prekey(skem_spk(~senderSkA),
                                                                 sign(~sigSkA,
                                                                      sender_payload(skem_spk(~senderSkA)))),
                                                   receiver_prekey(skem_rpk(~receiverSkB),
                                                                   ekpk(~receiverEskB),
                                                                   sign(~sigSkB,
                                                                        receiver_payload(skem_rpk(~receiverSkB),
                                                                                         ekpk(~receiverEskB)))),
                                                   <lkem_ct(kpk(~kemSkB), ~rhoL), 
                                                    ekem_ct(ekpk(~receiverEskB), ~rhoK), 
                                                    skem_component(skem_spk(~senderSkA),
                                                                   skem_rpk(~receiverSkB), ~rhoS)
                                                   >)
                                       ) @ #vk.14 ) )
                            case CoreTranscript_Diff_case_1
                            MIRRORED
                          next
                            case CoreTranscript_Diff_case_2
                            MIRRORED
                          next
                            case c_sid_of
                            step( solve( !KU( $A ) @ #vk.15 ) )
                              case coerce
                              step( solve( !KD( $A ) ▶₀ #vk.15 ) )
                                case CoreTranscript_Diff_case_1
                                by step( contradiction /* impossible chain */ )
                              next
                                case CoreTranscript_Diff_case_2
                                by step( contradiction /* impossible chain */ )
                              next
                                case CoreTranscript_Diff_case_3
                                by step( contradiction /* impossible chain */ )
                              next
                                case CoreTranscript_Diff_case_4
                                by step( contradiction /* impossible chain */ )
                              next
                                case CoreTranscript_Diff_case_5
                                by step( contradiction /* impossible chain */ )
                              next
                                case CoreTranscript_Diff_case_6
                                by step( contradiction /* impossible chain */ )
                              qed
                            next
                              case pub
                              step( solve( !KU( $B ) @ #vk.16 ) )
                                case coerce
                                step( solve( !KD( $B ) ▶₀ #vk.16 ) )
                                  case CoreTranscript_Diff_case_1
                                  by step( contradiction /* impossible chain */ )
                                next
                                  case CoreTranscript_Diff_case_2
                                  by step( contradiction /* impossible chain */ )
                                next
                                  case CoreTranscript_Diff_case_3
                                  by step( contradiction /* impossible chain */ )
                                next
                                  case CoreTranscript_Diff_case_4
                                  by step( contradiction /* impossible chain */ )
                                next
                                  case CoreTranscript_Diff_case_5
                                  by step( contradiction /* impossible chain */ )
                                next
                                  case CoreTranscript_Diff_case_6
                                  by step( contradiction /* impossible chain */ )
                                qed
                              next
                                case pub
                                MIRRORED
                              qed
                            qed
                          qed
                        next
                          case c_skem_component
                          by step( solve( !KU( ~rhoS ) @ #vk.17 ) )
                        qed
                      next
                        case c_ekem_ct
                        by step( solve( !KU( ~rhoK ) @ #vk.16 ) )
                      qed
                    next
                      case c_lkem_ct
                      by step( solve( !KU( ~rhoL ) @ #vk.16 ) )
                    qed
                  next
                    case CoreTranscript_Diff_case_2
                    step( solve( !KU( lkem_ct(kpk(~kemSkB), ~rhoL) ) @ #vk.11 ) )
                      case CoreTranscript_Diff
                      step( solve( !KU( ekem_ct(ekpk(~receiverEskB), ~rhoK) ) @ #vk.12 ) )
                        case CoreTranscript_Diff
                        step( solve( !KU( skem_component(skem_spk(~senderSkA),
                                                         skem_rpk(~receiverSkB), ~rhoS)
                                     ) @ #vk.13 ) )
                          case CoreTranscript_Diff
                          step( solve( !KU( sid_of($A, $B, pk(spk(~sigSkA), kpk(~kemSkA)),
                                                   pk(spk(~sigSkB), kpk(~kemSkB)),
                                                   sender_prekey(skem_spk(~senderSkA),
                                                                 sign(~sigSkA,
                                                                      sender_payload(skem_spk(~senderSkA)))),
                                                   receiver_prekey(skem_rpk(~receiverSkB),
                                                                   ekpk(~receiverEskB),
                                                                   sign(~sigSkB,
                                                                        receiver_payload(skem_rpk(~receiverSkB),
                                                                                         ekpk(~receiverEskB)))),
                                                   <lkem_ct(kpk(~kemSkB), ~rhoL), 
                                                    ekem_ct(ekpk(~receiverEskB), ~rhoK), 
                                                    skem_component(skem_spk(~senderSkA),
                                                                   skem_rpk(~receiverSkB), ~rhoS)
                                                   >)
                                       ) @ #vk.14 ) )
                            case CoreTranscript_Diff_case_1
                            MIRRORED
                          next
                            case CoreTranscript_Diff_case_2
                            MIRRORED
                          next
                            case c_sid_of
                            step( solve( !KU( $A ) @ #vk.15 ) )
                              case coerce
                              step( solve( !KD( $A ) ▶₀ #vk.15 ) )
                                case CoreTranscript_Diff_case_1
                                by step( contradiction /* impossible chain */ )
                              next
                                case CoreTranscript_Diff_case_2
                                by step( contradiction /* impossible chain */ )
                              next
                                case CoreTranscript_Diff_case_3
                                by step( contradiction /* impossible chain */ )
                              next
                                case CoreTranscript_Diff_case_4
                                by step( contradiction /* impossible chain */ )
                              next
                                case CoreTranscript_Diff_case_5
                                by step( contradiction /* impossible chain */ )
                              next
                                case CoreTranscript_Diff_case_6
                                by step( contradiction /* impossible chain */ )
                              qed
                            next
                              case pub
                              step( solve( !KU( $B ) @ #vk.16 ) )
                                case coerce
                                step( solve( !KD( $B ) ▶₀ #vk.16 ) )
                                  case CoreTranscript_Diff_case_1
                                  by step( contradiction /* impossible chain */ )
                                next
                                  case CoreTranscript_Diff_case_2
                                  by step( contradiction /* impossible chain */ )
                                next
                                  case CoreTranscript_Diff_case_3
                                  by step( contradiction /* impossible chain */ )
                                next
                                  case CoreTranscript_Diff_case_4
                                  by step( contradiction /* impossible chain */ )
                                next
                                  case CoreTranscript_Diff_case_5
                                  by step( contradiction /* impossible chain */ )
                                next
                                  case CoreTranscript_Diff_case_6
                                  by step( contradiction /* impossible chain */ )
                                qed
                              next
                                case pub
                                MIRRORED
                              qed
                            qed
                          qed
                        next
                          case c_skem_component
                          by step( solve( !KU( ~rhoS ) @ #vk.17 ) )
                        qed
                      next
                        case c_ekem_ct
                        by step( solve( !KU( ~rhoK ) @ #vk.16 ) )
                      qed
                    next
                      case c_lkem_ct
                      by step( solve( !KU( ~rhoL ) @ #vk.16 ) )
                    qed
                  next
                    case c_receiver_prekey
                    step( solve( !KU( skem_rpk(~receiverSkB) ) @ #vk.15 ) )
                      case c_skem_rpk
                      by step( solve( !KU( ~receiverSkB ) @ #vk.18 ) )
                    qed
                  qed
                next
                  case c_sender_prekey
                  step( solve( !KU( skem_spk(~senderSkA) ) @ #vk.15 ) )
                    case c_skem_spk
                    by step( solve( !KU( ~senderSkA ) @ #vk.17 ) )
                  qed
                qed
              next
                case c_pk
                step( solve( !KU( spk(~sigSkB) ) @ #vk.15 ) )
                  case c_spk
                  by step( solve( !KU( ~sigSkB ) @ #vk.17 ) )
                qed
              qed
            next
              case c_pk
              step( solve( !KU( spk(~sigSkA) ) @ #vk.15 ) )
                case c_spk
                by step( solve( !KU( ~sigSkA ) @ #vk.17 ) )
              qed
            qed
          qed
        next
          case pair
          step( solve( !KU( $B ) @ #vk.8 ) )
            case coerce
            step( solve( !KD( $B ) ▶₀ #vk.8 ) )
              case CoreTranscript_Diff_case_1
              by step( contradiction /* impossible chain */ )
            next
              case CoreTranscript_Diff_case_2
              by step( contradiction /* impossible chain */ )
            next
              case CoreTranscript_Diff_case_3
              by step( contradiction /* impossible chain */ )
            next
              case CoreTranscript_Diff_case_4
              by step( contradiction /* impossible chain */ )
            next
              case CoreTranscript_Diff_case_5
              by step( contradiction /* impossible chain */ )
            next
              case CoreTranscript_Diff_case_6
              by step( contradiction /* impossible chain */ )
            qed
          next
            case pub
            step( solve( !KU( pk(spk(~sigSkA), kpk(~kemSkA)) ) @ #vk.9 ) )
              case CoreTranscript_Diff_case_1
              step( solve( !KU( pk(spk(~sigSkB), kpk(~kemSkB)) ) @ #vk.10 ) )
                case CoreTranscript_Diff_case_1
                step( solve( !KU( sender_prekey(skem_spk(~senderSkA),
                                                sign(~sigSkA, sender_payload(skem_spk(~senderSkA))))
                             ) @ #vk.11 ) )
                  case CoreTranscript_Diff_case_1
                  step( solve( !KU( receiver_prekey(skem_rpk(~receiverSkB),
                                                    ekpk(~receiverEskB),
                                                    sign(~sigSkB,
                                                         receiver_payload(skem_rpk(~receiverSkB),
                                                                          ekpk(~receiverEskB))))
                               ) @ #vk.12 ) )
                    case CoreTranscript_Diff_case_1
                    step( solve( !KU( lkem_ct(kpk(~kemSkB), ~rhoL) ) @ #vk.13 ) )
                      case CoreTranscript_Diff
                      step( solve( !KU( ekem_ct(ekpk(~receiverEskB), ~rhoK) ) @ #vk.14 ) )
                        case CoreTranscript_Diff
                        step( solve( !KU( skem_component(skem_spk(~senderSkA),
                                                         skem_rpk(~receiverSkB), ~rhoS)
                                     ) @ #vk.15 ) )
                          case CoreTranscript_Diff
                          step( solve( !KU( sid_of($A, $B, pk(spk(~sigSkA), kpk(~kemSkA)),
                                                   pk(spk(~sigSkB), kpk(~kemSkB)),
                                                   sender_prekey(skem_spk(~senderSkA),
                                                                 sign(~sigSkA,
                                                                      sender_payload(skem_spk(~senderSkA)))),
                                                   receiver_prekey(skem_rpk(~receiverSkB),
                                                                   ekpk(~receiverEskB),
                                                                   sign(~sigSkB,
                                                                        receiver_payload(skem_rpk(~receiverSkB),
                                                                                         ekpk(~receiverEskB)))),
                                                   <lkem_ct(kpk(~kemSkB), ~rhoL), 
                                                    ekem_ct(ekpk(~receiverEskB), ~rhoK), 
                                                    skem_component(skem_spk(~senderSkA),
                                                                   skem_rpk(~receiverSkB), ~rhoS)
                                                   >)
                                       ) @ #vk.16 ) )
                            case CoreTranscript_Diff_case_1
                            MIRRORED
                          next
                            case CoreTranscript_Diff_case_2
                            MIRRORED
                          next
                            case c_sid_of
                            step( solve( !KU( $A ) @ #vk.17 ) )
                              case coerce
                              step( solve( !KD( $A ) ▶₀ #vk.17 ) )
                                case CoreTranscript_Diff_case_1
                                by step( contradiction /* impossible chain */ )
                              next
                                case CoreTranscript_Diff_case_2
                                by step( contradiction /* impossible chain */ )
                              next
                                case CoreTranscript_Diff_case_3
                                by step( contradiction /* impossible chain */ )
                              next
                                case CoreTranscript_Diff_case_4
                                by step( contradiction /* impossible chain */ )
                              next
                                case CoreTranscript_Diff_case_5
                                by step( contradiction /* impossible chain */ )
                              next
                                case CoreTranscript_Diff_case_6
                                by step( contradiction /* impossible chain */ )
                              qed
                            next
                              case pub
                              MIRRORED
                            qed
                          qed
                        next
                          case c_skem_component
                          by step( solve( !KU( ~rhoS ) @ #vk.19 ) )
                        qed
                      next
                        case c_ekem_ct
                        by step( solve( !KU( ~rhoK ) @ #vk.18 ) )
                      qed
                    next
                      case c_lkem_ct
                      by step( solve( !KU( ~rhoL ) @ #vk.18 ) )
                    qed
                  next
                    case CoreTranscript_Diff_case_2
                    step( solve( !KU( lkem_ct(kpk(~kemSkB), ~rhoL) ) @ #vk.13 ) )
                      case CoreTranscript_Diff
                      step( solve( !KU( ekem_ct(ekpk(~receiverEskB), ~rhoK) ) @ #vk.14 ) )
                        case CoreTranscript_Diff
                        step( solve( !KU( skem_component(skem_spk(~senderSkA),
                                                         skem_rpk(~receiverSkB), ~rhoS)
                                     ) @ #vk.15 ) )
                          case CoreTranscript_Diff
                          step( solve( !KU( sid_of($A, $B, pk(spk(~sigSkA), kpk(~kemSkA)),
                                                   pk(spk(~sigSkB), kpk(~kemSkB)),
                                                   sender_prekey(skem_spk(~senderSkA),
                                                                 sign(~sigSkA,
                                                                      sender_payload(skem_spk(~senderSkA)))),
                                                   receiver_prekey(skem_rpk(~receiverSkB),
                                                                   ekpk(~receiverEskB),
                                                                   sign(~sigSkB,
                                                                        receiver_payload(skem_rpk(~receiverSkB),
                                                                                         ekpk(~receiverEskB)))),
                                                   <lkem_ct(kpk(~kemSkB), ~rhoL), 
                                                    ekem_ct(ekpk(~receiverEskB), ~rhoK), 
                                                    skem_component(skem_spk(~senderSkA),
                                                                   skem_rpk(~receiverSkB), ~rhoS)
                                                   >)
                                       ) @ #vk.16 ) )
                            case CoreTranscript_Diff_case_1
                            MIRRORED
                          next
                            case CoreTranscript_Diff_case_2
                            MIRRORED
                          next
                            case c_sid_of
                            step( solve( !KU( $A ) @ #vk.17 ) )
                              case coerce
                              step( solve( !KD( $A ) ▶₀ #vk.17 ) )
                                case CoreTranscript_Diff_case_1
                                by step( contradiction /* impossible chain */ )
                              next
                                case CoreTranscript_Diff_case_2
                                by step( contradiction /* impossible chain */ )
                              next
                                case CoreTranscript_Diff_case_3
                                by step( contradiction /* impossible chain */ )
                              next
                                case CoreTranscript_Diff_case_4
                                by step( contradiction /* impossible chain */ )
                              next
                                case CoreTranscript_Diff_case_5
                                by step( contradiction /* impossible chain */ )
                              next
                                case CoreTranscript_Diff_case_6
                                by step( contradiction /* impossible chain */ )
                              qed
                            next
                              case pub
                              MIRRORED
                            qed
                          qed
                        next
                          case c_skem_component
                          by step( solve( !KU( ~rhoS ) @ #vk.19 ) )
                        qed
                      next
                        case c_ekem_ct
                        by step( solve( !KU( ~rhoK ) @ #vk.18 ) )
                      qed
                    next
                      case c_lkem_ct
                      by step( solve( !KU( ~rhoL ) @ #vk.18 ) )
                    qed
                  next
                    case c_receiver_prekey
                    step( solve( !KU( skem_rpk(~receiverSkB) ) @ #vk.17 ) )
                      case c_skem_rpk
                      by step( solve( !KU( ~receiverSkB ) @ #vk.20 ) )
                    qed
                  qed
                next
                  case CoreTranscript_Diff_case_2
                  step( solve( !KU( receiver_prekey(skem_rpk(~receiverSkB),
                                                    ekpk(~receiverEskB),
                                                    sign(~sigSkB,
                                                         receiver_payload(skem_rpk(~receiverSkB),
                                                                          ekpk(~receiverEskB))))
                               ) @ #vk.12 ) )
                    case CoreTranscript_Diff_case_1
                    step( solve( !KU( lkem_ct(kpk(~kemSkB), ~rhoL) ) @ #vk.13 ) )
                      case CoreTranscript_Diff
                      step( solve( !KU( ekem_ct(ekpk(~receiverEskB), ~rhoK) ) @ #vk.14 ) )
                        case CoreTranscript_Diff
                        step( solve( !KU( skem_component(skem_spk(~senderSkA),
                                                         skem_rpk(~receiverSkB), ~rhoS)
                                     ) @ #vk.15 ) )
                          case CoreTranscript_Diff
                          step( solve( !KU( sid_of($A, $B, pk(spk(~sigSkA), kpk(~kemSkA)),
                                                   pk(spk(~sigSkB), kpk(~kemSkB)),
                                                   sender_prekey(skem_spk(~senderSkA),
                                                                 sign(~sigSkA,
                                                                      sender_payload(skem_spk(~senderSkA)))),
                                                   receiver_prekey(skem_rpk(~receiverSkB),
                                                                   ekpk(~receiverEskB),
                                                                   sign(~sigSkB,
                                                                        receiver_payload(skem_rpk(~receiverSkB),
                                                                                         ekpk(~receiverEskB)))),
                                                   <lkem_ct(kpk(~kemSkB), ~rhoL), 
                                                    ekem_ct(ekpk(~receiverEskB), ~rhoK), 
                                                    skem_component(skem_spk(~senderSkA),
                                                                   skem_rpk(~receiverSkB), ~rhoS)
                                                   >)
                                       ) @ #vk.16 ) )
                            case CoreTranscript_Diff_case_1
                            MIRRORED
                          next
                            case CoreTranscript_Diff_case_2
                            MIRRORED
                          next
                            case c_sid_of
                            step( solve( !KU( $A ) @ #vk.17 ) )
                              case coerce
                              step( solve( !KD( $A ) ▶₀ #vk.17 ) )
                                case CoreTranscript_Diff_case_1
                                by step( contradiction /* impossible chain */ )
                              next
                                case CoreTranscript_Diff_case_2
                                by step( contradiction /* impossible chain */ )
                              next
                                case CoreTranscript_Diff_case_3
                                by step( contradiction /* impossible chain */ )
                              next
                                case CoreTranscript_Diff_case_4
                                by step( contradiction /* impossible chain */ )
                              next
                                case CoreTranscript_Diff_case_5
                                by step( contradiction /* impossible chain */ )
                              next
                                case CoreTranscript_Diff_case_6
                                by step( contradiction /* impossible chain */ )
                              qed
                            next
                              case pub
                              MIRRORED
                            qed
                          qed
                        next
                          case c_skem_component
                          by step( solve( !KU( ~rhoS ) @ #vk.19 ) )
                        qed
                      next
                        case c_ekem_ct
                        by step( solve( !KU( ~rhoK ) @ #vk.18 ) )
                      qed
                    next
                      case c_lkem_ct
                      by step( solve( !KU( ~rhoL ) @ #vk.18 ) )
                    qed
                  next
                    case CoreTranscript_Diff_case_2
                    step( solve( !KU( lkem_ct(kpk(~kemSkB), ~rhoL) ) @ #vk.13 ) )
                      case CoreTranscript_Diff
                      step( solve( !KU( ekem_ct(ekpk(~receiverEskB), ~rhoK) ) @ #vk.14 ) )
                        case CoreTranscript_Diff
                        step( solve( !KU( skem_component(skem_spk(~senderSkA),
                                                         skem_rpk(~receiverSkB), ~rhoS)
                                     ) @ #vk.15 ) )
                          case CoreTranscript_Diff
                          step( solve( !KU( sid_of($A, $B, pk(spk(~sigSkA), kpk(~kemSkA)),
                                                   pk(spk(~sigSkB), kpk(~kemSkB)),
                                                   sender_prekey(skem_spk(~senderSkA),
                                                                 sign(~sigSkA,
                                                                      sender_payload(skem_spk(~senderSkA)))),
                                                   receiver_prekey(skem_rpk(~receiverSkB),
                                                                   ekpk(~receiverEskB),
                                                                   sign(~sigSkB,
                                                                        receiver_payload(skem_rpk(~receiverSkB),
                                                                                         ekpk(~receiverEskB)))),
                                                   <lkem_ct(kpk(~kemSkB), ~rhoL), 
                                                    ekem_ct(ekpk(~receiverEskB), ~rhoK), 
                                                    skem_component(skem_spk(~senderSkA),
                                                                   skem_rpk(~receiverSkB), ~rhoS)
                                                   >)
                                       ) @ #vk.16 ) )
                            case CoreTranscript_Diff_case_1
                            MIRRORED
                          next
                            case CoreTranscript_Diff_case_2
                            MIRRORED
                          next
                            case c_sid_of
                            step( solve( !KU( $A ) @ #vk.17 ) )
                              case coerce
                              step( solve( !KD( $A ) ▶₀ #vk.17 ) )
                                case CoreTranscript_Diff_case_1
                                by step( contradiction /* impossible chain */ )
                              next
                                case CoreTranscript_Diff_case_2
                                by step( contradiction /* impossible chain */ )
                              next
                                case CoreTranscript_Diff_case_3
                                by step( contradiction /* impossible chain */ )
                              next
                                case CoreTranscript_Diff_case_4
                                by step( contradiction /* impossible chain */ )
                              next
                                case CoreTranscript_Diff_case_5
                                by step( contradiction /* impossible chain */ )
                              next
                                case CoreTranscript_Diff_case_6
                                by step( contradiction /* impossible chain */ )
                              qed
                            next
                              case pub
                              MIRRORED
                            qed
                          qed
                        next
                          case c_skem_component
                          by step( solve( !KU( ~rhoS ) @ #vk.19 ) )
                        qed
                      next
                        case c_ekem_ct
                        by step( solve( !KU( ~rhoK ) @ #vk.18 ) )
                      qed
                    next
                      case c_lkem_ct
                      by step( solve( !KU( ~rhoL ) @ #vk.18 ) )
                    qed
                  next
                    case c_receiver_prekey
                    step( solve( !KU( skem_rpk(~receiverSkB) ) @ #vk.17 ) )
                      case c_skem_rpk
                      by step( solve( !KU( ~receiverSkB ) @ #vk.20 ) )
                    qed
                  qed
                next
                  case c_sender_prekey
                  step( solve( !KU( skem_spk(~senderSkA) ) @ #vk.17 ) )
                    case c_skem_spk
                    by step( solve( !KU( ~senderSkA ) @ #vk.19 ) )
                  qed
                qed
              next
                case CoreTranscript_Diff_case_2
                step( solve( !KU( sender_prekey(skem_spk(~senderSkA),
                                                sign(~sigSkA, sender_payload(skem_spk(~senderSkA))))
                             ) @ #vk.11 ) )
                  case CoreTranscript_Diff_case_1
                  step( solve( !KU( receiver_prekey(skem_rpk(~receiverSkB),
                                                    ekpk(~receiverEskB),
                                                    sign(~sigSkB,
                                                         receiver_payload(skem_rpk(~receiverSkB),
                                                                          ekpk(~receiverEskB))))
                               ) @ #vk.12 ) )
                    case CoreTranscript_Diff_case_1
                    step( solve( !KU( lkem_ct(kpk(~kemSkB), ~rhoL) ) @ #vk.13 ) )
                      case CoreTranscript_Diff
                      step( solve( !KU( ekem_ct(ekpk(~receiverEskB), ~rhoK) ) @ #vk.14 ) )
                        case CoreTranscript_Diff
                        step( solve( !KU( skem_component(skem_spk(~senderSkA),
                                                         skem_rpk(~receiverSkB), ~rhoS)
                                     ) @ #vk.15 ) )
                          case CoreTranscript_Diff
                          step( solve( !KU( sid_of($A, $B, pk(spk(~sigSkA), kpk(~kemSkA)),
                                                   pk(spk(~sigSkB), kpk(~kemSkB)),
                                                   sender_prekey(skem_spk(~senderSkA),
                                                                 sign(~sigSkA,
                                                                      sender_payload(skem_spk(~senderSkA)))),
                                                   receiver_prekey(skem_rpk(~receiverSkB),
                                                                   ekpk(~receiverEskB),
                                                                   sign(~sigSkB,
                                                                        receiver_payload(skem_rpk(~receiverSkB),
                                                                                         ekpk(~receiverEskB)))),
                                                   <lkem_ct(kpk(~kemSkB), ~rhoL), 
                                                    ekem_ct(ekpk(~receiverEskB), ~rhoK), 
                                                    skem_component(skem_spk(~senderSkA),
                                                                   skem_rpk(~receiverSkB), ~rhoS)
                                                   >)
                                       ) @ #vk.16 ) )
                            case CoreTranscript_Diff_case_1
                            MIRRORED
                          next
                            case CoreTranscript_Diff_case_2
                            MIRRORED
                          next
                            case c_sid_of
                            step( solve( !KU( $A ) @ #vk.17 ) )
                              case coerce
                              step( solve( !KD( $A ) ▶₀ #vk.17 ) )
                                case CoreTranscript_Diff_case_1
                                by step( contradiction /* impossible chain */ )
                              next
                                case CoreTranscript_Diff_case_2
                                by step( contradiction /* impossible chain */ )
                              next
                                case CoreTranscript_Diff_case_3
                                by step( contradiction /* impossible chain */ )
                              next
                                case CoreTranscript_Diff_case_4
                                by step( contradiction /* impossible chain */ )
                              next
                                case CoreTranscript_Diff_case_5
                                by step( contradiction /* impossible chain */ )
                              next
                                case CoreTranscript_Diff_case_6
                                by step( contradiction /* impossible chain */ )
                              qed
                            next
                              case pub
                              MIRRORED
                            qed
                          qed
                        next
                          case c_skem_component
                          by step( solve( !KU( ~rhoS ) @ #vk.19 ) )
                        qed
                      next
                        case c_ekem_ct
                        by step( solve( !KU( ~rhoK ) @ #vk.18 ) )
                      qed
                    next
                      case c_lkem_ct
                      by step( solve( !KU( ~rhoL ) @ #vk.18 ) )
                    qed
                  next
                    case CoreTranscript_Diff_case_2
                    step( solve( !KU( lkem_ct(kpk(~kemSkB), ~rhoL) ) @ #vk.13 ) )
                      case CoreTranscript_Diff
                      step( solve( !KU( ekem_ct(ekpk(~receiverEskB), ~rhoK) ) @ #vk.14 ) )
                        case CoreTranscript_Diff
                        step( solve( !KU( skem_component(skem_spk(~senderSkA),
                                                         skem_rpk(~receiverSkB), ~rhoS)
                                     ) @ #vk.15 ) )
                          case CoreTranscript_Diff
                          step( solve( !KU( sid_of($A, $B, pk(spk(~sigSkA), kpk(~kemSkA)),
                                                   pk(spk(~sigSkB), kpk(~kemSkB)),
                                                   sender_prekey(skem_spk(~senderSkA),
                                                                 sign(~sigSkA,
                                                                      sender_payload(skem_spk(~senderSkA)))),
                                                   receiver_prekey(skem_rpk(~receiverSkB),
                                                                   ekpk(~receiverEskB),
                                                                   sign(~sigSkB,
                                                                        receiver_payload(skem_rpk(~receiverSkB),
                                                                                         ekpk(~receiverEskB)))),
                                                   <lkem_ct(kpk(~kemSkB), ~rhoL), 
                                                    ekem_ct(ekpk(~receiverEskB), ~rhoK), 
                                                    skem_component(skem_spk(~senderSkA),
                                                                   skem_rpk(~receiverSkB), ~rhoS)
                                                   >)
                                       ) @ #vk.16 ) )
                            case CoreTranscript_Diff_case_1
                            MIRRORED
                          next
                            case CoreTranscript_Diff_case_2
                            MIRRORED
                          next
                            case c_sid_of
                            step( solve( !KU( $A ) @ #vk.17 ) )
                              case coerce
                              step( solve( !KD( $A ) ▶₀ #vk.17 ) )
                                case CoreTranscript_Diff_case_1
                                by step( contradiction /* impossible chain */ )
                              next
                                case CoreTranscript_Diff_case_2
                                by step( contradiction /* impossible chain */ )
                              next
                                case CoreTranscript_Diff_case_3
                                by step( contradiction /* impossible chain */ )
                              next
                                case CoreTranscript_Diff_case_4
                                by step( contradiction /* impossible chain */ )
                              next
                                case CoreTranscript_Diff_case_5
                                by step( contradiction /* impossible chain */ )
                              next
                                case CoreTranscript_Diff_case_6
                                by step( contradiction /* impossible chain */ )
                              qed
                            next
                              case pub
                              MIRRORED
                            qed
                          qed
                        next
                          case c_skem_component
                          by step( solve( !KU( ~rhoS ) @ #vk.19 ) )
                        qed
                      next
                        case c_ekem_ct
                        by step( solve( !KU( ~rhoK ) @ #vk.18 ) )
                      qed
                    next
                      case c_lkem_ct
                      by step( solve( !KU( ~rhoL ) @ #vk.18 ) )
                    qed
                  next
                    case c_receiver_prekey
                    step( solve( !KU( skem_rpk(~receiverSkB) ) @ #vk.17 ) )
                      case c_skem_rpk
                      by step( solve( !KU( ~receiverSkB ) @ #vk.20 ) )
                    qed
                  qed
                next
                  case CoreTranscript_Diff_case_2
                  step( solve( !KU( receiver_prekey(skem_rpk(~receiverSkB),
                                                    ekpk(~receiverEskB),
                                                    sign(~sigSkB,
                                                         receiver_payload(skem_rpk(~receiverSkB),
                                                                          ekpk(~receiverEskB))))
                               ) @ #vk.12 ) )
                    case CoreTranscript_Diff_case_1
                    step( solve( !KU( lkem_ct(kpk(~kemSkB), ~rhoL) ) @ #vk.13 ) )
                      case CoreTranscript_Diff
                      step( solve( !KU( ekem_ct(ekpk(~receiverEskB), ~rhoK) ) @ #vk.14 ) )
                        case CoreTranscript_Diff
                        step( solve( !KU( skem_component(skem_spk(~senderSkA),
                                                         skem_rpk(~receiverSkB), ~rhoS)
                                     ) @ #vk.15 ) )
                          case CoreTranscript_Diff
                          step( solve( !KU( sid_of($A, $B, pk(spk(~sigSkA), kpk(~kemSkA)),
                                                   pk(spk(~sigSkB), kpk(~kemSkB)),
                                                   sender_prekey(skem_spk(~senderSkA),
                                                                 sign(~sigSkA,
                                                                      sender_payload(skem_spk(~senderSkA)))),
                                                   receiver_prekey(skem_rpk(~receiverSkB),
                                                                   ekpk(~receiverEskB),
                                                                   sign(~sigSkB,
                                                                        receiver_payload(skem_rpk(~receiverSkB),
                                                                                         ekpk(~receiverEskB)))),
                                                   <lkem_ct(kpk(~kemSkB), ~rhoL), 
                                                    ekem_ct(ekpk(~receiverEskB), ~rhoK), 
                                                    skem_component(skem_spk(~senderSkA),
                                                                   skem_rpk(~receiverSkB), ~rhoS)
                                                   >)
                                       ) @ #vk.16 ) )
                            case CoreTranscript_Diff_case_1
                            MIRRORED
                          next
                            case CoreTranscript_Diff_case_2
                            MIRRORED
                          next
                            case c_sid_of
                            step( solve( !KU( $A ) @ #vk.17 ) )
                              case coerce
                              step( solve( !KD( $A ) ▶₀ #vk.17 ) )
                                case CoreTranscript_Diff_case_1
                                by step( contradiction /* impossible chain */ )
                              next
                                case CoreTranscript_Diff_case_2
                                by step( contradiction /* impossible chain */ )
                              next
                                case CoreTranscript_Diff_case_3
                                by step( contradiction /* impossible chain */ )
                              next
                                case CoreTranscript_Diff_case_4
                                by step( contradiction /* impossible chain */ )
                              next
                                case CoreTranscript_Diff_case_5
                                by step( contradiction /* impossible chain */ )
                              next
                                case CoreTranscript_Diff_case_6
                                by step( contradiction /* impossible chain */ )
                              qed
                            next
                              case pub
                              MIRRORED
                            qed
                          qed
                        next
                          case c_skem_component
                          by step( solve( !KU( ~rhoS ) @ #vk.19 ) )
                        qed
                      next
                        case c_ekem_ct
                        by step( solve( !KU( ~rhoK ) @ #vk.18 ) )
                      qed
                    next
                      case c_lkem_ct
                      by step( solve( !KU( ~rhoL ) @ #vk.18 ) )
                    qed
                  next
                    case CoreTranscript_Diff_case_2
                    step( solve( !KU( lkem_ct(kpk(~kemSkB), ~rhoL) ) @ #vk.13 ) )
                      case CoreTranscript_Diff
                      step( solve( !KU( ekem_ct(ekpk(~receiverEskB), ~rhoK) ) @ #vk.14 ) )
                        case CoreTranscript_Diff
                        step( solve( !KU( skem_component(skem_spk(~senderSkA),
                                                         skem_rpk(~receiverSkB), ~rhoS)
                                     ) @ #vk.15 ) )
                          case CoreTranscript_Diff
                          step( solve( !KU( sid_of($A, $B, pk(spk(~sigSkA), kpk(~kemSkA)),
                                                   pk(spk(~sigSkB), kpk(~kemSkB)),
                                                   sender_prekey(skem_spk(~senderSkA),
                                                                 sign(~sigSkA,
                                                                      sender_payload(skem_spk(~senderSkA)))),
                                                   receiver_prekey(skem_rpk(~receiverSkB),
                                                                   ekpk(~receiverEskB),
                                                                   sign(~sigSkB,
                                                                        receiver_payload(skem_rpk(~receiverSkB),
                                                                                         ekpk(~receiverEskB)))),
                                                   <lkem_ct(kpk(~kemSkB), ~rhoL), 
                                                    ekem_ct(ekpk(~receiverEskB), ~rhoK), 
                                                    skem_component(skem_spk(~senderSkA),
                                                                   skem_rpk(~receiverSkB), ~rhoS)
                                                   >)
                                       ) @ #vk.16 ) )
                            case CoreTranscript_Diff_case_1
                            MIRRORED
                          next
                            case CoreTranscript_Diff_case_2
                            MIRRORED
                          next
                            case c_sid_of
                            step( solve( !KU( $A ) @ #vk.17 ) )
                              case coerce
                              step( solve( !KD( $A ) ▶₀ #vk.17 ) )
                                case CoreTranscript_Diff_case_1
                                by step( contradiction /* impossible chain */ )
                              next
                                case CoreTranscript_Diff_case_2
                                by step( contradiction /* impossible chain */ )
                              next
                                case CoreTranscript_Diff_case_3
                                by step( contradiction /* impossible chain */ )
                              next
                                case CoreTranscript_Diff_case_4
                                by step( contradiction /* impossible chain */ )
                              next
                                case CoreTranscript_Diff_case_5
                                by step( contradiction /* impossible chain */ )
                              next
                                case CoreTranscript_Diff_case_6
                                by step( contradiction /* impossible chain */ )
                              qed
                            next
                              case pub
                              MIRRORED
                            qed
                          qed
                        next
                          case c_skem_component
                          by step( solve( !KU( ~rhoS ) @ #vk.19 ) )
                        qed
                      next
                        case c_ekem_ct
                        by step( solve( !KU( ~rhoK ) @ #vk.18 ) )
                      qed
                    next
                      case c_lkem_ct
                      by step( solve( !KU( ~rhoL ) @ #vk.18 ) )
                    qed
                  next
                    case c_receiver_prekey
                    step( solve( !KU( skem_rpk(~receiverSkB) ) @ #vk.17 ) )
                      case c_skem_rpk
                      by step( solve( !KU( ~receiverSkB ) @ #vk.20 ) )
                    qed
                  qed
                next
                  case c_sender_prekey
                  step( solve( !KU( skem_spk(~senderSkA) ) @ #vk.17 ) )
                    case c_skem_spk
                    by step( solve( !KU( ~senderSkA ) @ #vk.19 ) )
                  qed
                qed
              next
                case c_pk
                step( solve( !KU( spk(~sigSkB) ) @ #vk.17 ) )
                  case c_spk
                  by step( solve( !KU( ~sigSkB ) @ #vk.19 ) )
                qed
              qed
            next
              case CoreTranscript_Diff_case_2
              step( solve( !KU( pk(spk(~sigSkB), kpk(~kemSkB)) ) @ #vk.10 ) )
                case CoreTranscript_Diff_case_1
                step( solve( !KU( sender_prekey(skem_spk(~senderSkA),
                                                sign(~sigSkA, sender_payload(skem_spk(~senderSkA))))
                             ) @ #vk.11 ) )
                  case CoreTranscript_Diff_case_1
                  step( solve( !KU( receiver_prekey(skem_rpk(~receiverSkB),
                                                    ekpk(~receiverEskB),
                                                    sign(~sigSkB,
                                                         receiver_payload(skem_rpk(~receiverSkB),
                                                                          ekpk(~receiverEskB))))
                               ) @ #vk.12 ) )
                    case CoreTranscript_Diff_case_1
                    step( solve( !KU( lkem_ct(kpk(~kemSkB), ~rhoL) ) @ #vk.13 ) )
                      case CoreTranscript_Diff
                      step( solve( !KU( ekem_ct(ekpk(~receiverEskB), ~rhoK) ) @ #vk.14 ) )
                        case CoreTranscript_Diff
                        step( solve( !KU( skem_component(skem_spk(~senderSkA),
                                                         skem_rpk(~receiverSkB), ~rhoS)
                                     ) @ #vk.15 ) )
                          case CoreTranscript_Diff
                          step( solve( !KU( sid_of($A, $B, pk(spk(~sigSkA), kpk(~kemSkA)),
                                                   pk(spk(~sigSkB), kpk(~kemSkB)),
                                                   sender_prekey(skem_spk(~senderSkA),
                                                                 sign(~sigSkA,
                                                                      sender_payload(skem_spk(~senderSkA)))),
                                                   receiver_prekey(skem_rpk(~receiverSkB),
                                                                   ekpk(~receiverEskB),
                                                                   sign(~sigSkB,
                                                                        receiver_payload(skem_rpk(~receiverSkB),
                                                                                         ekpk(~receiverEskB)))),
                                                   <lkem_ct(kpk(~kemSkB), ~rhoL), 
                                                    ekem_ct(ekpk(~receiverEskB), ~rhoK), 
                                                    skem_component(skem_spk(~senderSkA),
                                                                   skem_rpk(~receiverSkB), ~rhoS)
                                                   >)
                                       ) @ #vk.16 ) )
                            case CoreTranscript_Diff_case_1
                            MIRRORED
                          next
                            case CoreTranscript_Diff_case_2
                            MIRRORED
                          next
                            case c_sid_of
                            step( solve( !KU( $A ) @ #vk.17 ) )
                              case coerce
                              step( solve( !KD( $A ) ▶₀ #vk.17 ) )
                                case CoreTranscript_Diff_case_1
                                by step( contradiction /* impossible chain */ )
                              next
                                case CoreTranscript_Diff_case_2
                                by step( contradiction /* impossible chain */ )
                              next
                                case CoreTranscript_Diff_case_3
                                by step( contradiction /* impossible chain */ )
                              next
                                case CoreTranscript_Diff_case_4
                                by step( contradiction /* impossible chain */ )
                              next
                                case CoreTranscript_Diff_case_5
                                by step( contradiction /* impossible chain */ )
                              next
                                case CoreTranscript_Diff_case_6
                                by step( contradiction /* impossible chain */ )
                              qed
                            next
                              case pub
                              MIRRORED
                            qed
                          qed
                        next
                          case c_skem_component
                          by step( solve( !KU( ~rhoS ) @ #vk.19 ) )
                        qed
                      next
                        case c_ekem_ct
                        by step( solve( !KU( ~rhoK ) @ #vk.18 ) )
                      qed
                    next
                      case c_lkem_ct
                      by step( solve( !KU( ~rhoL ) @ #vk.18 ) )
                    qed
                  next
                    case CoreTranscript_Diff_case_2
                    step( solve( !KU( lkem_ct(kpk(~kemSkB), ~rhoL) ) @ #vk.13 ) )
                      case CoreTranscript_Diff
                      step( solve( !KU( ekem_ct(ekpk(~receiverEskB), ~rhoK) ) @ #vk.14 ) )
                        case CoreTranscript_Diff
                        step( solve( !KU( skem_component(skem_spk(~senderSkA),
                                                         skem_rpk(~receiverSkB), ~rhoS)
                                     ) @ #vk.15 ) )
                          case CoreTranscript_Diff
                          step( solve( !KU( sid_of($A, $B, pk(spk(~sigSkA), kpk(~kemSkA)),
                                                   pk(spk(~sigSkB), kpk(~kemSkB)),
                                                   sender_prekey(skem_spk(~senderSkA),
                                                                 sign(~sigSkA,
                                                                      sender_payload(skem_spk(~senderSkA)))),
                                                   receiver_prekey(skem_rpk(~receiverSkB),
                                                                   ekpk(~receiverEskB),
                                                                   sign(~sigSkB,
                                                                        receiver_payload(skem_rpk(~receiverSkB),
                                                                                         ekpk(~receiverEskB)))),
                                                   <lkem_ct(kpk(~kemSkB), ~rhoL), 
                                                    ekem_ct(ekpk(~receiverEskB), ~rhoK), 
                                                    skem_component(skem_spk(~senderSkA),
                                                                   skem_rpk(~receiverSkB), ~rhoS)
                                                   >)
                                       ) @ #vk.16 ) )
                            case CoreTranscript_Diff_case_1
                            MIRRORED
                          next
                            case CoreTranscript_Diff_case_2
                            MIRRORED
                          next
                            case c_sid_of
                            step( solve( !KU( $A ) @ #vk.17 ) )
                              case coerce
                              step( solve( !KD( $A ) ▶₀ #vk.17 ) )
                                case CoreTranscript_Diff_case_1
                                by step( contradiction /* impossible chain */ )
                              next
                                case CoreTranscript_Diff_case_2
                                by step( contradiction /* impossible chain */ )
                              next
                                case CoreTranscript_Diff_case_3
                                by step( contradiction /* impossible chain */ )
                              next
                                case CoreTranscript_Diff_case_4
                                by step( contradiction /* impossible chain */ )
                              next
                                case CoreTranscript_Diff_case_5
                                by step( contradiction /* impossible chain */ )
                              next
                                case CoreTranscript_Diff_case_6
                                by step( contradiction /* impossible chain */ )
                              qed
                            next
                              case pub
                              MIRRORED
                            qed
                          qed
                        next
                          case c_skem_component
                          by step( solve( !KU( ~rhoS ) @ #vk.19 ) )
                        qed
                      next
                        case c_ekem_ct
                        by step( solve( !KU( ~rhoK ) @ #vk.18 ) )
                      qed
                    next
                      case c_lkem_ct
                      by step( solve( !KU( ~rhoL ) @ #vk.18 ) )
                    qed
                  next
                    case c_receiver_prekey
                    step( solve( !KU( skem_rpk(~receiverSkB) ) @ #vk.17 ) )
                      case c_skem_rpk
                      by step( solve( !KU( ~receiverSkB ) @ #vk.20 ) )
                    qed
                  qed
                next
                  case CoreTranscript_Diff_case_2
                  step( solve( !KU( receiver_prekey(skem_rpk(~receiverSkB),
                                                    ekpk(~receiverEskB),
                                                    sign(~sigSkB,
                                                         receiver_payload(skem_rpk(~receiverSkB),
                                                                          ekpk(~receiverEskB))))
                               ) @ #vk.12 ) )
                    case CoreTranscript_Diff_case_1
                    step( solve( !KU( lkem_ct(kpk(~kemSkB), ~rhoL) ) @ #vk.13 ) )
                      case CoreTranscript_Diff
                      step( solve( !KU( ekem_ct(ekpk(~receiverEskB), ~rhoK) ) @ #vk.14 ) )
                        case CoreTranscript_Diff
                        step( solve( !KU( skem_component(skem_spk(~senderSkA),
                                                         skem_rpk(~receiverSkB), ~rhoS)
                                     ) @ #vk.15 ) )
                          case CoreTranscript_Diff
                          step( solve( !KU( sid_of($A, $B, pk(spk(~sigSkA), kpk(~kemSkA)),
                                                   pk(spk(~sigSkB), kpk(~kemSkB)),
                                                   sender_prekey(skem_spk(~senderSkA),
                                                                 sign(~sigSkA,
                                                                      sender_payload(skem_spk(~senderSkA)))),
                                                   receiver_prekey(skem_rpk(~receiverSkB),
                                                                   ekpk(~receiverEskB),
                                                                   sign(~sigSkB,
                                                                        receiver_payload(skem_rpk(~receiverSkB),
                                                                                         ekpk(~receiverEskB)))),
                                                   <lkem_ct(kpk(~kemSkB), ~rhoL), 
                                                    ekem_ct(ekpk(~receiverEskB), ~rhoK), 
                                                    skem_component(skem_spk(~senderSkA),
                                                                   skem_rpk(~receiverSkB), ~rhoS)
                                                   >)
                                       ) @ #vk.16 ) )
                            case CoreTranscript_Diff_case_1
                            MIRRORED
                          next
                            case CoreTranscript_Diff_case_2
                            MIRRORED
                          next
                            case c_sid_of
                            step( solve( !KU( $A ) @ #vk.17 ) )
                              case coerce
                              step( solve( !KD( $A ) ▶₀ #vk.17 ) )
                                case CoreTranscript_Diff_case_1
                                by step( contradiction /* impossible chain */ )
                              next
                                case CoreTranscript_Diff_case_2
                                by step( contradiction /* impossible chain */ )
                              next
                                case CoreTranscript_Diff_case_3
                                by step( contradiction /* impossible chain */ )
                              next
                                case CoreTranscript_Diff_case_4
                                by step( contradiction /* impossible chain */ )
                              next
                                case CoreTranscript_Diff_case_5
                                by step( contradiction /* impossible chain */ )
                              next
                                case CoreTranscript_Diff_case_6
                                by step( contradiction /* impossible chain */ )
                              qed
                            next
                              case pub
                              MIRRORED
                            qed
                          qed
                        next
                          case c_skem_component
                          by step( solve( !KU( ~rhoS ) @ #vk.19 ) )
                        qed
                      next
                        case c_ekem_ct
                        by step( solve( !KU( ~rhoK ) @ #vk.18 ) )
                      qed
                    next
                      case c_lkem_ct
                      by step( solve( !KU( ~rhoL ) @ #vk.18 ) )
                    qed
                  next
                    case CoreTranscript_Diff_case_2
                    step( solve( !KU( lkem_ct(kpk(~kemSkB), ~rhoL) ) @ #vk.13 ) )
                      case CoreTranscript_Diff
                      step( solve( !KU( ekem_ct(ekpk(~receiverEskB), ~rhoK) ) @ #vk.14 ) )
                        case CoreTranscript_Diff
                        step( solve( !KU( skem_component(skem_spk(~senderSkA),
                                                         skem_rpk(~receiverSkB), ~rhoS)
                                     ) @ #vk.15 ) )
                          case CoreTranscript_Diff
                          step( solve( !KU( sid_of($A, $B, pk(spk(~sigSkA), kpk(~kemSkA)),
                                                   pk(spk(~sigSkB), kpk(~kemSkB)),
                                                   sender_prekey(skem_spk(~senderSkA),
                                                                 sign(~sigSkA,
                                                                      sender_payload(skem_spk(~senderSkA)))),
                                                   receiver_prekey(skem_rpk(~receiverSkB),
                                                                   ekpk(~receiverEskB),
                                                                   sign(~sigSkB,
                                                                        receiver_payload(skem_rpk(~receiverSkB),
                                                                                         ekpk(~receiverEskB)))),
                                                   <lkem_ct(kpk(~kemSkB), ~rhoL), 
                                                    ekem_ct(ekpk(~receiverEskB), ~rhoK), 
                                                    skem_component(skem_spk(~senderSkA),
                                                                   skem_rpk(~receiverSkB), ~rhoS)
                                                   >)
                                       ) @ #vk.16 ) )
                            case CoreTranscript_Diff_case_1
                            MIRRORED
                          next
                            case CoreTranscript_Diff_case_2
                            MIRRORED
                          next
                            case c_sid_of
                            step( solve( !KU( $A ) @ #vk.17 ) )
                              case coerce
                              step( solve( !KD( $A ) ▶₀ #vk.17 ) )
                                case CoreTranscript_Diff_case_1
                                by step( contradiction /* impossible chain */ )
                              next
                                case CoreTranscript_Diff_case_2
                                by step( contradiction /* impossible chain */ )
                              next
                                case CoreTranscript_Diff_case_3
                                by step( contradiction /* impossible chain */ )
                              next
                                case CoreTranscript_Diff_case_4
                                by step( contradiction /* impossible chain */ )
                              next
                                case CoreTranscript_Diff_case_5
                                by step( contradiction /* impossible chain */ )
                              next
                                case CoreTranscript_Diff_case_6
                                by step( contradiction /* impossible chain */ )
                              qed
                            next
                              case pub
                              MIRRORED
                            qed
                          qed
                        next
                          case c_skem_component
                          by step( solve( !KU( ~rhoS ) @ #vk.19 ) )
                        qed
                      next
                        case c_ekem_ct
                        by step( solve( !KU( ~rhoK ) @ #vk.18 ) )
                      qed
                    next
                      case c_lkem_ct
                      by step( solve( !KU( ~rhoL ) @ #vk.18 ) )
                    qed
                  next
                    case c_receiver_prekey
                    step( solve( !KU( skem_rpk(~receiverSkB) ) @ #vk.17 ) )
                      case c_skem_rpk
                      by step( solve( !KU( ~receiverSkB ) @ #vk.20 ) )
                    qed
                  qed
                next
                  case c_sender_prekey
                  step( solve( !KU( skem_spk(~senderSkA) ) @ #vk.17 ) )
                    case c_skem_spk
                    by step( solve( !KU( ~senderSkA ) @ #vk.19 ) )
                  qed
                qed
              next
                case CoreTranscript_Diff_case_2
                step( solve( !KU( sender_prekey(skem_spk(~senderSkA),
                                                sign(~sigSkA, sender_payload(skem_spk(~senderSkA))))
                             ) @ #vk.11 ) )
                  case CoreTranscript_Diff_case_1
                  step( solve( !KU( receiver_prekey(skem_rpk(~receiverSkB),
                                                    ekpk(~receiverEskB),
                                                    sign(~sigSkB,
                                                         receiver_payload(skem_rpk(~receiverSkB),
                                                                          ekpk(~receiverEskB))))
                               ) @ #vk.12 ) )
                    case CoreTranscript_Diff_case_1
                    step( solve( !KU( lkem_ct(kpk(~kemSkB), ~rhoL) ) @ #vk.13 ) )
                      case CoreTranscript_Diff
                      step( solve( !KU( ekem_ct(ekpk(~receiverEskB), ~rhoK) ) @ #vk.14 ) )
                        case CoreTranscript_Diff
                        step( solve( !KU( skem_component(skem_spk(~senderSkA),
                                                         skem_rpk(~receiverSkB), ~rhoS)
                                     ) @ #vk.15 ) )
                          case CoreTranscript_Diff
                          step( solve( !KU( sid_of($A, $B, pk(spk(~sigSkA), kpk(~kemSkA)),
                                                   pk(spk(~sigSkB), kpk(~kemSkB)),
                                                   sender_prekey(skem_spk(~senderSkA),
                                                                 sign(~sigSkA,
                                                                      sender_payload(skem_spk(~senderSkA)))),
                                                   receiver_prekey(skem_rpk(~receiverSkB),
                                                                   ekpk(~receiverEskB),
                                                                   sign(~sigSkB,
                                                                        receiver_payload(skem_rpk(~receiverSkB),
                                                                                         ekpk(~receiverEskB)))),
                                                   <lkem_ct(kpk(~kemSkB), ~rhoL), 
                                                    ekem_ct(ekpk(~receiverEskB), ~rhoK), 
                                                    skem_component(skem_spk(~senderSkA),
                                                                   skem_rpk(~receiverSkB), ~rhoS)
                                                   >)
                                       ) @ #vk.16 ) )
                            case CoreTranscript_Diff_case_1
                            MIRRORED
                          next
                            case CoreTranscript_Diff_case_2
                            MIRRORED
                          next
                            case c_sid_of
                            step( solve( !KU( $A ) @ #vk.17 ) )
                              case coerce
                              step( solve( !KD( $A ) ▶₀ #vk.17 ) )
                                case CoreTranscript_Diff_case_1
                                by step( contradiction /* impossible chain */ )
                              next
                                case CoreTranscript_Diff_case_2
                                by step( contradiction /* impossible chain */ )
                              next
                                case CoreTranscript_Diff_case_3
                                by step( contradiction /* impossible chain */ )
                              next
                                case CoreTranscript_Diff_case_4
                                by step( contradiction /* impossible chain */ )
                              next
                                case CoreTranscript_Diff_case_5
                                by step( contradiction /* impossible chain */ )
                              next
                                case CoreTranscript_Diff_case_6
                                by step( contradiction /* impossible chain */ )
                              qed
                            next
                              case pub
                              MIRRORED
                            qed
                          qed
                        next
                          case c_skem_component
                          by step( solve( !KU( ~rhoS ) @ #vk.19 ) )
                        qed
                      next
                        case c_ekem_ct
                        by step( solve( !KU( ~rhoK ) @ #vk.18 ) )
                      qed
                    next
                      case c_lkem_ct
                      by step( solve( !KU( ~rhoL ) @ #vk.18 ) )
                    qed
                  next
                    case CoreTranscript_Diff_case_2
                    step( solve( !KU( lkem_ct(kpk(~kemSkB), ~rhoL) ) @ #vk.13 ) )
                      case CoreTranscript_Diff
                      step( solve( !KU( ekem_ct(ekpk(~receiverEskB), ~rhoK) ) @ #vk.14 ) )
                        case CoreTranscript_Diff
                        step( solve( !KU( skem_component(skem_spk(~senderSkA),
                                                         skem_rpk(~receiverSkB), ~rhoS)
                                     ) @ #vk.15 ) )
                          case CoreTranscript_Diff
                          step( solve( !KU( sid_of($A, $B, pk(spk(~sigSkA), kpk(~kemSkA)),
                                                   pk(spk(~sigSkB), kpk(~kemSkB)),
                                                   sender_prekey(skem_spk(~senderSkA),
                                                                 sign(~sigSkA,
                                                                      sender_payload(skem_spk(~senderSkA)))),
                                                   receiver_prekey(skem_rpk(~receiverSkB),
                                                                   ekpk(~receiverEskB),
                                                                   sign(~sigSkB,
                                                                        receiver_payload(skem_rpk(~receiverSkB),
                                                                                         ekpk(~receiverEskB)))),
                                                   <lkem_ct(kpk(~kemSkB), ~rhoL), 
                                                    ekem_ct(ekpk(~receiverEskB), ~rhoK), 
                                                    skem_component(skem_spk(~senderSkA),
                                                                   skem_rpk(~receiverSkB), ~rhoS)
                                                   >)
                                       ) @ #vk.16 ) )
                            case CoreTranscript_Diff_case_1
                            MIRRORED
                          next
                            case CoreTranscript_Diff_case_2
                            MIRRORED
                          next
                            case c_sid_of
                            step( solve( !KU( $A ) @ #vk.17 ) )
                              case coerce
                              step( solve( !KD( $A ) ▶₀ #vk.17 ) )
                                case CoreTranscript_Diff_case_1
                                by step( contradiction /* impossible chain */ )
                              next
                                case CoreTranscript_Diff_case_2
                                by step( contradiction /* impossible chain */ )
                              next
                                case CoreTranscript_Diff_case_3
                                by step( contradiction /* impossible chain */ )
                              next
                                case CoreTranscript_Diff_case_4
                                by step( contradiction /* impossible chain */ )
                              next
                                case CoreTranscript_Diff_case_5
                                by step( contradiction /* impossible chain */ )
                              next
                                case CoreTranscript_Diff_case_6
                                by step( contradiction /* impossible chain */ )
                              qed
                            next
                              case pub
                              MIRRORED
                            qed
                          qed
                        next
                          case c_skem_component
                          by step( solve( !KU( ~rhoS ) @ #vk.19 ) )
                        qed
                      next
                        case c_ekem_ct
                        by step( solve( !KU( ~rhoK ) @ #vk.18 ) )
                      qed
                    next
                      case c_lkem_ct
                      by step( solve( !KU( ~rhoL ) @ #vk.18 ) )
                    qed
                  next
                    case c_receiver_prekey
                    step( solve( !KU( skem_rpk(~receiverSkB) ) @ #vk.17 ) )
                      case c_skem_rpk
                      by step( solve( !KU( ~receiverSkB ) @ #vk.20 ) )
                    qed
                  qed
                next
                  case CoreTranscript_Diff_case_2
                  step( solve( !KU( receiver_prekey(skem_rpk(~receiverSkB),
                                                    ekpk(~receiverEskB),
                                                    sign(~sigSkB,
                                                         receiver_payload(skem_rpk(~receiverSkB),
                                                                          ekpk(~receiverEskB))))
                               ) @ #vk.12 ) )
                    case CoreTranscript_Diff_case_1
                    step( solve( !KU( lkem_ct(kpk(~kemSkB), ~rhoL) ) @ #vk.13 ) )
                      case CoreTranscript_Diff
                      step( solve( !KU( ekem_ct(ekpk(~receiverEskB), ~rhoK) ) @ #vk.14 ) )
                        case CoreTranscript_Diff
                        step( solve( !KU( skem_component(skem_spk(~senderSkA),
                                                         skem_rpk(~receiverSkB), ~rhoS)
                                     ) @ #vk.15 ) )
                          case CoreTranscript_Diff
                          step( solve( !KU( sid_of($A, $B, pk(spk(~sigSkA), kpk(~kemSkA)),
                                                   pk(spk(~sigSkB), kpk(~kemSkB)),
                                                   sender_prekey(skem_spk(~senderSkA),
                                                                 sign(~sigSkA,
                                                                      sender_payload(skem_spk(~senderSkA)))),
                                                   receiver_prekey(skem_rpk(~receiverSkB),
                                                                   ekpk(~receiverEskB),
                                                                   sign(~sigSkB,
                                                                        receiver_payload(skem_rpk(~receiverSkB),
                                                                                         ekpk(~receiverEskB)))),
                                                   <lkem_ct(kpk(~kemSkB), ~rhoL), 
                                                    ekem_ct(ekpk(~receiverEskB), ~rhoK), 
                                                    skem_component(skem_spk(~senderSkA),
                                                                   skem_rpk(~receiverSkB), ~rhoS)
                                                   >)
                                       ) @ #vk.16 ) )
                            case CoreTranscript_Diff_case_1
                            MIRRORED
                          next
                            case CoreTranscript_Diff_case_2
                            MIRRORED
                          next
                            case c_sid_of
                            step( solve( !KU( $A ) @ #vk.17 ) )
                              case coerce
                              step( solve( !KD( $A ) ▶₀ #vk.17 ) )
                                case CoreTranscript_Diff_case_1
                                by step( contradiction /* impossible chain */ )
                              next
                                case CoreTranscript_Diff_case_2
                                by step( contradiction /* impossible chain */ )
                              next
                                case CoreTranscript_Diff_case_3
                                by step( contradiction /* impossible chain */ )
                              next
                                case CoreTranscript_Diff_case_4
                                by step( contradiction /* impossible chain */ )
                              next
                                case CoreTranscript_Diff_case_5
                                by step( contradiction /* impossible chain */ )
                              next
                                case CoreTranscript_Diff_case_6
                                by step( contradiction /* impossible chain */ )
                              qed
                            next
                              case pub
                              MIRRORED
                            qed
                          qed
                        next
                          case c_skem_component
                          by step( solve( !KU( ~rhoS ) @ #vk.19 ) )
                        qed
                      next
                        case c_ekem_ct
                        by step( solve( !KU( ~rhoK ) @ #vk.18 ) )
                      qed
                    next
                      case c_lkem_ct
                      by step( solve( !KU( ~rhoL ) @ #vk.18 ) )
                    qed
                  next
                    case CoreTranscript_Diff_case_2
                    step( solve( !KU( lkem_ct(kpk(~kemSkB), ~rhoL) ) @ #vk.13 ) )
                      case CoreTranscript_Diff
                      step( solve( !KU( ekem_ct(ekpk(~receiverEskB), ~rhoK) ) @ #vk.14 ) )
                        case CoreTranscript_Diff
                        step( solve( !KU( skem_component(skem_spk(~senderSkA),
                                                         skem_rpk(~receiverSkB), ~rhoS)
                                     ) @ #vk.15 ) )
                          case CoreTranscript_Diff
                          step( solve( !KU( sid_of($A, $B, pk(spk(~sigSkA), kpk(~kemSkA)),
                                                   pk(spk(~sigSkB), kpk(~kemSkB)),
                                                   sender_prekey(skem_spk(~senderSkA),
                                                                 sign(~sigSkA,
                                                                      sender_payload(skem_spk(~senderSkA)))),
                                                   receiver_prekey(skem_rpk(~receiverSkB),
                                                                   ekpk(~receiverEskB),
                                                                   sign(~sigSkB,
                                                                        receiver_payload(skem_rpk(~receiverSkB),
                                                                                         ekpk(~receiverEskB)))),
                                                   <lkem_ct(kpk(~kemSkB), ~rhoL), 
                                                    ekem_ct(ekpk(~receiverEskB), ~rhoK), 
                                                    skem_component(skem_spk(~senderSkA),
                                                                   skem_rpk(~receiverSkB), ~rhoS)
                                                   >)
                                       ) @ #vk.16 ) )
                            case CoreTranscript_Diff_case_1
                            MIRRORED
                          next
                            case CoreTranscript_Diff_case_2
                            MIRRORED
                          next
                            case c_sid_of
                            step( solve( !KU( $A ) @ #vk.17 ) )
                              case coerce
                              step( solve( !KD( $A ) ▶₀ #vk.17 ) )
                                case CoreTranscript_Diff_case_1
                                by step( contradiction /* impossible chain */ )
                              next
                                case CoreTranscript_Diff_case_2
                                by step( contradiction /* impossible chain */ )
                              next
                                case CoreTranscript_Diff_case_3
                                by step( contradiction /* impossible chain */ )
                              next
                                case CoreTranscript_Diff_case_4
                                by step( contradiction /* impossible chain */ )
                              next
                                case CoreTranscript_Diff_case_5
                                by step( contradiction /* impossible chain */ )
                              next
                                case CoreTranscript_Diff_case_6
                                by step( contradiction /* impossible chain */ )
                              qed
                            next
                              case pub
                              MIRRORED
                            qed
                          qed
                        next
                          case c_skem_component
                          by step( solve( !KU( ~rhoS ) @ #vk.19 ) )
                        qed
                      next
                        case c_ekem_ct
                        by step( solve( !KU( ~rhoK ) @ #vk.18 ) )
                      qed
                    next
                      case c_lkem_ct
                      by step( solve( !KU( ~rhoL ) @ #vk.18 ) )
                    qed
                  next
                    case c_receiver_prekey
                    step( solve( !KU( skem_rpk(~receiverSkB) ) @ #vk.17 ) )
                      case c_skem_rpk
                      by step( solve( !KU( ~receiverSkB ) @ #vk.20 ) )
                    qed
                  qed
                next
                  case c_sender_prekey
                  step( solve( !KU( skem_spk(~senderSkA) ) @ #vk.17 ) )
                    case c_skem_spk
                    by step( solve( !KU( ~senderSkA ) @ #vk.19 ) )
                  qed
                qed
              next
                case c_pk
                step( solve( !KU( spk(~sigSkB) ) @ #vk.17 ) )
                  case c_spk
                  by step( solve( !KU( ~sigSkB ) @ #vk.19 ) )
                qed
              qed
            next
              case c_pk
              step( solve( !KU( spk(~sigSkA) ) @ #vk.17 ) )
                case c_spk
                by step( solve( !KU( ~sigSkA ) @ #vk.19 ) )
              qed
            qed
          qed
        qed
      next
        case pair
        step( solve( !KU( $A ) @ #vk.9 ) )
          case coerce
          step( solve( !KD( $A ) ▶₀ #vk.9 ) )
            case CoreTranscript_Diff_case_1
            by step( contradiction /* impossible chain */ )
          next
            case CoreTranscript_Diff_case_2
            by step( contradiction /* impossible chain */ )
          next
            case CoreTranscript_Diff_case_3
            by step( contradiction /* impossible chain */ )
          next
            case CoreTranscript_Diff_case_4
            by step( contradiction /* impossible chain */ )
          next
            case CoreTranscript_Diff_case_5
            by step( contradiction /* impossible chain */ )
          next
            case CoreTranscript_Diff_case_6
            by step( contradiction /* impossible chain */ )
          qed
        next
          case pub
          step( solve( !KU( $B ) @ #vk.10 ) )
            case coerce
            step( solve( !KD( $B ) ▶₀ #vk.10 ) )
              case CoreTranscript_Diff_case_1
              by step( contradiction /* impossible chain */ )
            next
              case CoreTranscript_Diff_case_2
              by step( contradiction /* impossible chain */ )
            next
              case CoreTranscript_Diff_case_3
              by step( contradiction /* impossible chain */ )
            next
              case CoreTranscript_Diff_case_4
              by step( contradiction /* impossible chain */ )
            next
              case CoreTranscript_Diff_case_5
              by step( contradiction /* impossible chain */ )
            next
              case CoreTranscript_Diff_case_6
              by step( contradiction /* impossible chain */ )
            qed
          next
            case pub
            step( solve( !KU( pk(spk(~sigSkA), kpk(~kemSkA)) ) @ #vk.11 ) )
              case CoreTranscript_Diff_case_1
              step( solve( !KU( pk(spk(~sigSkB), kpk(~kemSkB)) ) @ #vk.12 ) )
                case CoreTranscript_Diff_case_1
                step( solve( !KU( sender_prekey(skem_spk(~senderSkA),
                                                sign(~sigSkA, sender_payload(skem_spk(~senderSkA))))
                             ) @ #vk.13 ) )
                  case CoreTranscript_Diff_case_1
                  step( solve( !KU( receiver_prekey(skem_rpk(~receiverSkB),
                                                    ekpk(~receiverEskB),
                                                    sign(~sigSkB,
                                                         receiver_payload(skem_rpk(~receiverSkB),
                                                                          ekpk(~receiverEskB))))
                               ) @ #vk.14 ) )
                    case CoreTranscript_Diff_case_1
                    step( solve( !KU( lkem_ct(kpk(~kemSkB), ~rhoL) ) @ #vk.15 ) )
                      case CoreTranscript_Diff
                      step( solve( !KU( ekem_ct(ekpk(~receiverEskB), ~rhoK) ) @ #vk.16 ) )
                        case CoreTranscript_Diff
                        step( solve( !KU( skem_component(skem_spk(~senderSkA),
                                                         skem_rpk(~receiverSkB), ~rhoS)
                                     ) @ #vk.17 ) )
                          case CoreTranscript_Diff
                          step( solve( !KU( sid_of($A, $B, pk(spk(~sigSkA), kpk(~kemSkA)),
                                                   pk(spk(~sigSkB), kpk(~kemSkB)),
                                                   sender_prekey(skem_spk(~senderSkA),
                                                                 sign(~sigSkA,
                                                                      sender_payload(skem_spk(~senderSkA)))),
                                                   receiver_prekey(skem_rpk(~receiverSkB),
                                                                   ekpk(~receiverEskB),
                                                                   sign(~sigSkB,
                                                                        receiver_payload(skem_rpk(~receiverSkB),
                                                                                         ekpk(~receiverEskB)))),
                                                   <lkem_ct(kpk(~kemSkB), ~rhoL), 
                                                    ekem_ct(ekpk(~receiverEskB), ~rhoK), 
                                                    skem_component(skem_spk(~senderSkA),
                                                                   skem_rpk(~receiverSkB), ~rhoS)
                                                   >)
                                       ) @ #vk.18 ) )
                            case CoreTranscript_Diff_case_1
                            MIRRORED
                          next
                            case CoreTranscript_Diff_case_2
                            MIRRORED
                          next
                            case c_sid_of
                            MIRRORED
                          qed
                        next
                          case c_skem_component
                          by step( solve( !KU( ~rhoS ) @ #vk.21 ) )
                        qed
                      next
                        case c_ekem_ct
                        by step( solve( !KU( ~rhoK ) @ #vk.20 ) )
                      qed
                    next
                      case c_lkem_ct
                      by step( solve( !KU( ~rhoL ) @ #vk.20 ) )
                    qed
                  next
                    case CoreTranscript_Diff_case_2
                    step( solve( !KU( lkem_ct(kpk(~kemSkB), ~rhoL) ) @ #vk.15 ) )
                      case CoreTranscript_Diff
                      step( solve( !KU( ekem_ct(ekpk(~receiverEskB), ~rhoK) ) @ #vk.16 ) )
                        case CoreTranscript_Diff
                        step( solve( !KU( skem_component(skem_spk(~senderSkA),
                                                         skem_rpk(~receiverSkB), ~rhoS)
                                     ) @ #vk.17 ) )
                          case CoreTranscript_Diff
                          step( solve( !KU( sid_of($A, $B, pk(spk(~sigSkA), kpk(~kemSkA)),
                                                   pk(spk(~sigSkB), kpk(~kemSkB)),
                                                   sender_prekey(skem_spk(~senderSkA),
                                                                 sign(~sigSkA,
                                                                      sender_payload(skem_spk(~senderSkA)))),
                                                   receiver_prekey(skem_rpk(~receiverSkB),
                                                                   ekpk(~receiverEskB),
                                                                   sign(~sigSkB,
                                                                        receiver_payload(skem_rpk(~receiverSkB),
                                                                                         ekpk(~receiverEskB)))),
                                                   <lkem_ct(kpk(~kemSkB), ~rhoL), 
                                                    ekem_ct(ekpk(~receiverEskB), ~rhoK), 
                                                    skem_component(skem_spk(~senderSkA),
                                                                   skem_rpk(~receiverSkB), ~rhoS)
                                                   >)
                                       ) @ #vk.18 ) )
                            case CoreTranscript_Diff_case_1
                            MIRRORED
                          next
                            case CoreTranscript_Diff_case_2
                            MIRRORED
                          next
                            case c_sid_of
                            MIRRORED
                          qed
                        next
                          case c_skem_component
                          by step( solve( !KU( ~rhoS ) @ #vk.21 ) )
                        qed
                      next
                        case c_ekem_ct
                        by step( solve( !KU( ~rhoK ) @ #vk.20 ) )
                      qed
                    next
                      case c_lkem_ct
                      by step( solve( !KU( ~rhoL ) @ #vk.20 ) )
                    qed
                  next
                    case c_receiver_prekey
                    step( solve( !KU( skem_rpk(~receiverSkB) ) @ #vk.19 ) )
                      case c_skem_rpk
                      by step( solve( !KU( ~receiverSkB ) @ #vk.22 ) )
                    qed
                  qed
                next
                  case CoreTranscript_Diff_case_2
                  step( solve( !KU( receiver_prekey(skem_rpk(~receiverSkB),
                                                    ekpk(~receiverEskB),
                                                    sign(~sigSkB,
                                                         receiver_payload(skem_rpk(~receiverSkB),
                                                                          ekpk(~receiverEskB))))
                               ) @ #vk.14 ) )
                    case CoreTranscript_Diff_case_1
                    step( solve( !KU( lkem_ct(kpk(~kemSkB), ~rhoL) ) @ #vk.15 ) )
                      case CoreTranscript_Diff
                      step( solve( !KU( ekem_ct(ekpk(~receiverEskB), ~rhoK) ) @ #vk.16 ) )
                        case CoreTranscript_Diff
                        step( solve( !KU( skem_component(skem_spk(~senderSkA),
                                                         skem_rpk(~receiverSkB), ~rhoS)
                                     ) @ #vk.17 ) )
                          case CoreTranscript_Diff
                          step( solve( !KU( sid_of($A, $B, pk(spk(~sigSkA), kpk(~kemSkA)),
                                                   pk(spk(~sigSkB), kpk(~kemSkB)),
                                                   sender_prekey(skem_spk(~senderSkA),
                                                                 sign(~sigSkA,
                                                                      sender_payload(skem_spk(~senderSkA)))),
                                                   receiver_prekey(skem_rpk(~receiverSkB),
                                                                   ekpk(~receiverEskB),
                                                                   sign(~sigSkB,
                                                                        receiver_payload(skem_rpk(~receiverSkB),
                                                                                         ekpk(~receiverEskB)))),
                                                   <lkem_ct(kpk(~kemSkB), ~rhoL), 
                                                    ekem_ct(ekpk(~receiverEskB), ~rhoK), 
                                                    skem_component(skem_spk(~senderSkA),
                                                                   skem_rpk(~receiverSkB), ~rhoS)
                                                   >)
                                       ) @ #vk.18 ) )
                            case CoreTranscript_Diff_case_1
                            MIRRORED
                          next
                            case CoreTranscript_Diff_case_2
                            MIRRORED
                          next
                            case c_sid_of
                            MIRRORED
                          qed
                        next
                          case c_skem_component
                          by step( solve( !KU( ~rhoS ) @ #vk.21 ) )
                        qed
                      next
                        case c_ekem_ct
                        by step( solve( !KU( ~rhoK ) @ #vk.20 ) )
                      qed
                    next
                      case c_lkem_ct
                      by step( solve( !KU( ~rhoL ) @ #vk.20 ) )
                    qed
                  next
                    case CoreTranscript_Diff_case_2
                    step( solve( !KU( lkem_ct(kpk(~kemSkB), ~rhoL) ) @ #vk.15 ) )
                      case CoreTranscript_Diff
                      step( solve( !KU( ekem_ct(ekpk(~receiverEskB), ~rhoK) ) @ #vk.16 ) )
                        case CoreTranscript_Diff
                        step( solve( !KU( skem_component(skem_spk(~senderSkA),
                                                         skem_rpk(~receiverSkB), ~rhoS)
                                     ) @ #vk.17 ) )
                          case CoreTranscript_Diff
                          step( solve( !KU( sid_of($A, $B, pk(spk(~sigSkA), kpk(~kemSkA)),
                                                   pk(spk(~sigSkB), kpk(~kemSkB)),
                                                   sender_prekey(skem_spk(~senderSkA),
                                                                 sign(~sigSkA,
                                                                      sender_payload(skem_spk(~senderSkA)))),
                                                   receiver_prekey(skem_rpk(~receiverSkB),
                                                                   ekpk(~receiverEskB),
                                                                   sign(~sigSkB,
                                                                        receiver_payload(skem_rpk(~receiverSkB),
                                                                                         ekpk(~receiverEskB)))),
                                                   <lkem_ct(kpk(~kemSkB), ~rhoL), 
                                                    ekem_ct(ekpk(~receiverEskB), ~rhoK), 
                                                    skem_component(skem_spk(~senderSkA),
                                                                   skem_rpk(~receiverSkB), ~rhoS)
                                                   >)
                                       ) @ #vk.18 ) )
                            case CoreTranscript_Diff_case_1
                            MIRRORED
                          next
                            case CoreTranscript_Diff_case_2
                            MIRRORED
                          next
                            case c_sid_of
                            MIRRORED
                          qed
                        next
                          case c_skem_component
                          by step( solve( !KU( ~rhoS ) @ #vk.21 ) )
                        qed
                      next
                        case c_ekem_ct
                        by step( solve( !KU( ~rhoK ) @ #vk.20 ) )
                      qed
                    next
                      case c_lkem_ct
                      by step( solve( !KU( ~rhoL ) @ #vk.20 ) )
                    qed
                  next
                    case c_receiver_prekey
                    step( solve( !KU( skem_rpk(~receiverSkB) ) @ #vk.19 ) )
                      case c_skem_rpk
                      by step( solve( !KU( ~receiverSkB ) @ #vk.22 ) )
                    qed
                  qed
                next
                  case c_sender_prekey
                  step( solve( !KU( skem_spk(~senderSkA) ) @ #vk.19 ) )
                    case c_skem_spk
                    by step( solve( !KU( ~senderSkA ) @ #vk.21 ) )
                  qed
                qed
              next
                case CoreTranscript_Diff_case_2
                step( solve( !KU( sender_prekey(skem_spk(~senderSkA),
                                                sign(~sigSkA, sender_payload(skem_spk(~senderSkA))))
                             ) @ #vk.13 ) )
                  case CoreTranscript_Diff_case_1
                  step( solve( !KU( receiver_prekey(skem_rpk(~receiverSkB),
                                                    ekpk(~receiverEskB),
                                                    sign(~sigSkB,
                                                         receiver_payload(skem_rpk(~receiverSkB),
                                                                          ekpk(~receiverEskB))))
                               ) @ #vk.14 ) )
                    case CoreTranscript_Diff_case_1
                    step( solve( !KU( lkem_ct(kpk(~kemSkB), ~rhoL) ) @ #vk.15 ) )
                      case CoreTranscript_Diff
                      step( solve( !KU( ekem_ct(ekpk(~receiverEskB), ~rhoK) ) @ #vk.16 ) )
                        case CoreTranscript_Diff
                        step( solve( !KU( skem_component(skem_spk(~senderSkA),
                                                         skem_rpk(~receiverSkB), ~rhoS)
                                     ) @ #vk.17 ) )
                          case CoreTranscript_Diff
                          step( solve( !KU( sid_of($A, $B, pk(spk(~sigSkA), kpk(~kemSkA)),
                                                   pk(spk(~sigSkB), kpk(~kemSkB)),
                                                   sender_prekey(skem_spk(~senderSkA),
                                                                 sign(~sigSkA,
                                                                      sender_payload(skem_spk(~senderSkA)))),
                                                   receiver_prekey(skem_rpk(~receiverSkB),
                                                                   ekpk(~receiverEskB),
                                                                   sign(~sigSkB,
                                                                        receiver_payload(skem_rpk(~receiverSkB),
                                                                                         ekpk(~receiverEskB)))),
                                                   <lkem_ct(kpk(~kemSkB), ~rhoL), 
                                                    ekem_ct(ekpk(~receiverEskB), ~rhoK), 
                                                    skem_component(skem_spk(~senderSkA),
                                                                   skem_rpk(~receiverSkB), ~rhoS)
                                                   >)
                                       ) @ #vk.18 ) )
                            case CoreTranscript_Diff_case_1
                            MIRRORED
                          next
                            case CoreTranscript_Diff_case_2
                            MIRRORED
                          next
                            case c_sid_of
                            MIRRORED
                          qed
                        next
                          case c_skem_component
                          by step( solve( !KU( ~rhoS ) @ #vk.21 ) )
                        qed
                      next
                        case c_ekem_ct
                        by step( solve( !KU( ~rhoK ) @ #vk.20 ) )
                      qed
                    next
                      case c_lkem_ct
                      by step( solve( !KU( ~rhoL ) @ #vk.20 ) )
                    qed
                  next
                    case CoreTranscript_Diff_case_2
                    step( solve( !KU( lkem_ct(kpk(~kemSkB), ~rhoL) ) @ #vk.15 ) )
                      case CoreTranscript_Diff
                      step( solve( !KU( ekem_ct(ekpk(~receiverEskB), ~rhoK) ) @ #vk.16 ) )
                        case CoreTranscript_Diff
                        step( solve( !KU( skem_component(skem_spk(~senderSkA),
                                                         skem_rpk(~receiverSkB), ~rhoS)
                                     ) @ #vk.17 ) )
                          case CoreTranscript_Diff
                          step( solve( !KU( sid_of($A, $B, pk(spk(~sigSkA), kpk(~kemSkA)),
                                                   pk(spk(~sigSkB), kpk(~kemSkB)),
                                                   sender_prekey(skem_spk(~senderSkA),
                                                                 sign(~sigSkA,
                                                                      sender_payload(skem_spk(~senderSkA)))),
                                                   receiver_prekey(skem_rpk(~receiverSkB),
                                                                   ekpk(~receiverEskB),
                                                                   sign(~sigSkB,
                                                                        receiver_payload(skem_rpk(~receiverSkB),
                                                                                         ekpk(~receiverEskB)))),
                                                   <lkem_ct(kpk(~kemSkB), ~rhoL), 
                                                    ekem_ct(ekpk(~receiverEskB), ~rhoK), 
                                                    skem_component(skem_spk(~senderSkA),
                                                                   skem_rpk(~receiverSkB), ~rhoS)
                                                   >)
                                       ) @ #vk.18 ) )
                            case CoreTranscript_Diff_case_1
                            MIRRORED
                          next
                            case CoreTranscript_Diff_case_2
                            MIRRORED
                          next
                            case c_sid_of
                            MIRRORED
                          qed
                        next
                          case c_skem_component
                          by step( solve( !KU( ~rhoS ) @ #vk.21 ) )
                        qed
                      next
                        case c_ekem_ct
                        by step( solve( !KU( ~rhoK ) @ #vk.20 ) )
                      qed
                    next
                      case c_lkem_ct
                      by step( solve( !KU( ~rhoL ) @ #vk.20 ) )
                    qed
                  next
                    case c_receiver_prekey
                    step( solve( !KU( skem_rpk(~receiverSkB) ) @ #vk.19 ) )
                      case c_skem_rpk
                      by step( solve( !KU( ~receiverSkB ) @ #vk.22 ) )
                    qed
                  qed
                next
                  case CoreTranscript_Diff_case_2
                  step( solve( !KU( receiver_prekey(skem_rpk(~receiverSkB),
                                                    ekpk(~receiverEskB),
                                                    sign(~sigSkB,
                                                         receiver_payload(skem_rpk(~receiverSkB),
                                                                          ekpk(~receiverEskB))))
                               ) @ #vk.14 ) )
                    case CoreTranscript_Diff_case_1
                    step( solve( !KU( lkem_ct(kpk(~kemSkB), ~rhoL) ) @ #vk.15 ) )
                      case CoreTranscript_Diff
                      step( solve( !KU( ekem_ct(ekpk(~receiverEskB), ~rhoK) ) @ #vk.16 ) )
                        case CoreTranscript_Diff
                        step( solve( !KU( skem_component(skem_spk(~senderSkA),
                                                         skem_rpk(~receiverSkB), ~rhoS)
                                     ) @ #vk.17 ) )
                          case CoreTranscript_Diff
                          step( solve( !KU( sid_of($A, $B, pk(spk(~sigSkA), kpk(~kemSkA)),
                                                   pk(spk(~sigSkB), kpk(~kemSkB)),
                                                   sender_prekey(skem_spk(~senderSkA),
                                                                 sign(~sigSkA,
                                                                      sender_payload(skem_spk(~senderSkA)))),
                                                   receiver_prekey(skem_rpk(~receiverSkB),
                                                                   ekpk(~receiverEskB),
                                                                   sign(~sigSkB,
                                                                        receiver_payload(skem_rpk(~receiverSkB),
                                                                                         ekpk(~receiverEskB)))),
                                                   <lkem_ct(kpk(~kemSkB), ~rhoL), 
                                                    ekem_ct(ekpk(~receiverEskB), ~rhoK), 
                                                    skem_component(skem_spk(~senderSkA),
                                                                   skem_rpk(~receiverSkB), ~rhoS)
                                                   >)
                                       ) @ #vk.18 ) )
                            case CoreTranscript_Diff_case_1
                            MIRRORED
                          next
                            case CoreTranscript_Diff_case_2
                            MIRRORED
                          next
                            case c_sid_of
                            MIRRORED
                          qed
                        next
                          case c_skem_component
                          by step( solve( !KU( ~rhoS ) @ #vk.21 ) )
                        qed
                      next
                        case c_ekem_ct
                        by step( solve( !KU( ~rhoK ) @ #vk.20 ) )
                      qed
                    next
                      case c_lkem_ct
                      by step( solve( !KU( ~rhoL ) @ #vk.20 ) )
                    qed
                  next
                    case CoreTranscript_Diff_case_2
                    step( solve( !KU( lkem_ct(kpk(~kemSkB), ~rhoL) ) @ #vk.15 ) )
                      case CoreTranscript_Diff
                      step( solve( !KU( ekem_ct(ekpk(~receiverEskB), ~rhoK) ) @ #vk.16 ) )
                        case CoreTranscript_Diff
                        step( solve( !KU( skem_component(skem_spk(~senderSkA),
                                                         skem_rpk(~receiverSkB), ~rhoS)
                                     ) @ #vk.17 ) )
                          case CoreTranscript_Diff
                          step( solve( !KU( sid_of($A, $B, pk(spk(~sigSkA), kpk(~kemSkA)),
                                                   pk(spk(~sigSkB), kpk(~kemSkB)),
                                                   sender_prekey(skem_spk(~senderSkA),
                                                                 sign(~sigSkA,
                                                                      sender_payload(skem_spk(~senderSkA)))),
                                                   receiver_prekey(skem_rpk(~receiverSkB),
                                                                   ekpk(~receiverEskB),
                                                                   sign(~sigSkB,
                                                                        receiver_payload(skem_rpk(~receiverSkB),
                                                                                         ekpk(~receiverEskB)))),
                                                   <lkem_ct(kpk(~kemSkB), ~rhoL), 
                                                    ekem_ct(ekpk(~receiverEskB), ~rhoK), 
                                                    skem_component(skem_spk(~senderSkA),
                                                                   skem_rpk(~receiverSkB), ~rhoS)
                                                   >)
                                       ) @ #vk.18 ) )
                            case CoreTranscript_Diff_case_1
                            MIRRORED
                          next
                            case CoreTranscript_Diff_case_2
                            MIRRORED
                          next
                            case c_sid_of
                            MIRRORED
                          qed
                        next
                          case c_skem_component
                          by step( solve( !KU( ~rhoS ) @ #vk.21 ) )
                        qed
                      next
                        case c_ekem_ct
                        by step( solve( !KU( ~rhoK ) @ #vk.20 ) )
                      qed
                    next
                      case c_lkem_ct
                      by step( solve( !KU( ~rhoL ) @ #vk.20 ) )
                    qed
                  next
                    case c_receiver_prekey
                    step( solve( !KU( skem_rpk(~receiverSkB) ) @ #vk.19 ) )
                      case c_skem_rpk
                      by step( solve( !KU( ~receiverSkB ) @ #vk.22 ) )
                    qed
                  qed
                next
                  case c_sender_prekey
                  step( solve( !KU( skem_spk(~senderSkA) ) @ #vk.19 ) )
                    case c_skem_spk
                    by step( solve( !KU( ~senderSkA ) @ #vk.21 ) )
                  qed
                qed
              next
                case c_pk
                step( solve( !KU( spk(~sigSkB) ) @ #vk.19 ) )
                  case c_spk
                  by step( solve( !KU( ~sigSkB ) @ #vk.21 ) )
                qed
              qed
            next
              case CoreTranscript_Diff_case_2
              step( solve( !KU( pk(spk(~sigSkB), kpk(~kemSkB)) ) @ #vk.12 ) )
                case CoreTranscript_Diff_case_1
                step( solve( !KU( sender_prekey(skem_spk(~senderSkA),
                                                sign(~sigSkA, sender_payload(skem_spk(~senderSkA))))
                             ) @ #vk.13 ) )
                  case CoreTranscript_Diff_case_1
                  step( solve( !KU( receiver_prekey(skem_rpk(~receiverSkB),
                                                    ekpk(~receiverEskB),
                                                    sign(~sigSkB,
                                                         receiver_payload(skem_rpk(~receiverSkB),
                                                                          ekpk(~receiverEskB))))
                               ) @ #vk.14 ) )
                    case CoreTranscript_Diff_case_1
                    step( solve( !KU( lkem_ct(kpk(~kemSkB), ~rhoL) ) @ #vk.15 ) )
                      case CoreTranscript_Diff
                      step( solve( !KU( ekem_ct(ekpk(~receiverEskB), ~rhoK) ) @ #vk.16 ) )
                        case CoreTranscript_Diff
                        step( solve( !KU( skem_component(skem_spk(~senderSkA),
                                                         skem_rpk(~receiverSkB), ~rhoS)
                                     ) @ #vk.17 ) )
                          case CoreTranscript_Diff
                          step( solve( !KU( sid_of($A, $B, pk(spk(~sigSkA), kpk(~kemSkA)),
                                                   pk(spk(~sigSkB), kpk(~kemSkB)),
                                                   sender_prekey(skem_spk(~senderSkA),
                                                                 sign(~sigSkA,
                                                                      sender_payload(skem_spk(~senderSkA)))),
                                                   receiver_prekey(skem_rpk(~receiverSkB),
                                                                   ekpk(~receiverEskB),
                                                                   sign(~sigSkB,
                                                                        receiver_payload(skem_rpk(~receiverSkB),
                                                                                         ekpk(~receiverEskB)))),
                                                   <lkem_ct(kpk(~kemSkB), ~rhoL), 
                                                    ekem_ct(ekpk(~receiverEskB), ~rhoK), 
                                                    skem_component(skem_spk(~senderSkA),
                                                                   skem_rpk(~receiverSkB), ~rhoS)
                                                   >)
                                       ) @ #vk.18 ) )
                            case CoreTranscript_Diff_case_1
                            MIRRORED
                          next
                            case CoreTranscript_Diff_case_2
                            MIRRORED
                          next
                            case c_sid_of
                            MIRRORED
                          qed
                        next
                          case c_skem_component
                          by step( solve( !KU( ~rhoS ) @ #vk.21 ) )
                        qed
                      next
                        case c_ekem_ct
                        by step( solve( !KU( ~rhoK ) @ #vk.20 ) )
                      qed
                    next
                      case c_lkem_ct
                      by step( solve( !KU( ~rhoL ) @ #vk.20 ) )
                    qed
                  next
                    case CoreTranscript_Diff_case_2
                    step( solve( !KU( lkem_ct(kpk(~kemSkB), ~rhoL) ) @ #vk.15 ) )
                      case CoreTranscript_Diff
                      step( solve( !KU( ekem_ct(ekpk(~receiverEskB), ~rhoK) ) @ #vk.16 ) )
                        case CoreTranscript_Diff
                        step( solve( !KU( skem_component(skem_spk(~senderSkA),
                                                         skem_rpk(~receiverSkB), ~rhoS)
                                     ) @ #vk.17 ) )
                          case CoreTranscript_Diff
                          step( solve( !KU( sid_of($A, $B, pk(spk(~sigSkA), kpk(~kemSkA)),
                                                   pk(spk(~sigSkB), kpk(~kemSkB)),
                                                   sender_prekey(skem_spk(~senderSkA),
                                                                 sign(~sigSkA,
                                                                      sender_payload(skem_spk(~senderSkA)))),
                                                   receiver_prekey(skem_rpk(~receiverSkB),
                                                                   ekpk(~receiverEskB),
                                                                   sign(~sigSkB,
                                                                        receiver_payload(skem_rpk(~receiverSkB),
                                                                                         ekpk(~receiverEskB)))),
                                                   <lkem_ct(kpk(~kemSkB), ~rhoL), 
                                                    ekem_ct(ekpk(~receiverEskB), ~rhoK), 
                                                    skem_component(skem_spk(~senderSkA),
                                                                   skem_rpk(~receiverSkB), ~rhoS)
                                                   >)
                                       ) @ #vk.18 ) )
                            case CoreTranscript_Diff_case_1
                            MIRRORED
                          next
                            case CoreTranscript_Diff_case_2
                            MIRRORED
                          next
                            case c_sid_of
                            MIRRORED
                          qed
                        next
                          case c_skem_component
                          by step( solve( !KU( ~rhoS ) @ #vk.21 ) )
                        qed
                      next
                        case c_ekem_ct
                        by step( solve( !KU( ~rhoK ) @ #vk.20 ) )
                      qed
                    next
                      case c_lkem_ct
                      by step( solve( !KU( ~rhoL ) @ #vk.20 ) )
                    qed
                  next
                    case c_receiver_prekey
                    step( solve( !KU( skem_rpk(~receiverSkB) ) @ #vk.19 ) )
                      case c_skem_rpk
                      by step( solve( !KU( ~receiverSkB ) @ #vk.22 ) )
                    qed
                  qed
                next
                  case CoreTranscript_Diff_case_2
                  step( solve( !KU( receiver_prekey(skem_rpk(~receiverSkB),
                                                    ekpk(~receiverEskB),
                                                    sign(~sigSkB,
                                                         receiver_payload(skem_rpk(~receiverSkB),
                                                                          ekpk(~receiverEskB))))
                               ) @ #vk.14 ) )
                    case CoreTranscript_Diff_case_1
                    step( solve( !KU( lkem_ct(kpk(~kemSkB), ~rhoL) ) @ #vk.15 ) )
                      case CoreTranscript_Diff
                      step( solve( !KU( ekem_ct(ekpk(~receiverEskB), ~rhoK) ) @ #vk.16 ) )
                        case CoreTranscript_Diff
                        step( solve( !KU( skem_component(skem_spk(~senderSkA),
                                                         skem_rpk(~receiverSkB), ~rhoS)
                                     ) @ #vk.17 ) )
                          case CoreTranscript_Diff
                          step( solve( !KU( sid_of($A, $B, pk(spk(~sigSkA), kpk(~kemSkA)),
                                                   pk(spk(~sigSkB), kpk(~kemSkB)),
                                                   sender_prekey(skem_spk(~senderSkA),
                                                                 sign(~sigSkA,
                                                                      sender_payload(skem_spk(~senderSkA)))),
                                                   receiver_prekey(skem_rpk(~receiverSkB),
                                                                   ekpk(~receiverEskB),
                                                                   sign(~sigSkB,
                                                                        receiver_payload(skem_rpk(~receiverSkB),
                                                                                         ekpk(~receiverEskB)))),
                                                   <lkem_ct(kpk(~kemSkB), ~rhoL), 
                                                    ekem_ct(ekpk(~receiverEskB), ~rhoK), 
                                                    skem_component(skem_spk(~senderSkA),
                                                                   skem_rpk(~receiverSkB), ~rhoS)
                                                   >)
                                       ) @ #vk.18 ) )
                            case CoreTranscript_Diff_case_1
                            MIRRORED
                          next
                            case CoreTranscript_Diff_case_2
                            MIRRORED
                          next
                            case c_sid_of
                            MIRRORED
                          qed
                        next
                          case c_skem_component
                          by step( solve( !KU( ~rhoS ) @ #vk.21 ) )
                        qed
                      next
                        case c_ekem_ct
                        by step( solve( !KU( ~rhoK ) @ #vk.20 ) )
                      qed
                    next
                      case c_lkem_ct
                      by step( solve( !KU( ~rhoL ) @ #vk.20 ) )
                    qed
                  next
                    case CoreTranscript_Diff_case_2
                    step( solve( !KU( lkem_ct(kpk(~kemSkB), ~rhoL) ) @ #vk.15 ) )
                      case CoreTranscript_Diff
                      step( solve( !KU( ekem_ct(ekpk(~receiverEskB), ~rhoK) ) @ #vk.16 ) )
                        case CoreTranscript_Diff
                        step( solve( !KU( skem_component(skem_spk(~senderSkA),
                                                         skem_rpk(~receiverSkB), ~rhoS)
                                     ) @ #vk.17 ) )
                          case CoreTranscript_Diff
                          step( solve( !KU( sid_of($A, $B, pk(spk(~sigSkA), kpk(~kemSkA)),
                                                   pk(spk(~sigSkB), kpk(~kemSkB)),
                                                   sender_prekey(skem_spk(~senderSkA),
                                                                 sign(~sigSkA,
                                                                      sender_payload(skem_spk(~senderSkA)))),
                                                   receiver_prekey(skem_rpk(~receiverSkB),
                                                                   ekpk(~receiverEskB),
                                                                   sign(~sigSkB,
                                                                        receiver_payload(skem_rpk(~receiverSkB),
                                                                                         ekpk(~receiverEskB)))),
                                                   <lkem_ct(kpk(~kemSkB), ~rhoL), 
                                                    ekem_ct(ekpk(~receiverEskB), ~rhoK), 
                                                    skem_component(skem_spk(~senderSkA),
                                                                   skem_rpk(~receiverSkB), ~rhoS)
                                                   >)
                                       ) @ #vk.18 ) )
                            case CoreTranscript_Diff_case_1
                            MIRRORED
                          next
                            case CoreTranscript_Diff_case_2
                            MIRRORED
                          next
                            case c_sid_of
                            MIRRORED
                          qed
                        next
                          case c_skem_component
                          by step( solve( !KU( ~rhoS ) @ #vk.21 ) )
                        qed
                      next
                        case c_ekem_ct
                        by step( solve( !KU( ~rhoK ) @ #vk.20 ) )
                      qed
                    next
                      case c_lkem_ct
                      by step( solve( !KU( ~rhoL ) @ #vk.20 ) )
                    qed
                  next
                    case c_receiver_prekey
                    step( solve( !KU( skem_rpk(~receiverSkB) ) @ #vk.19 ) )
                      case c_skem_rpk
                      by step( solve( !KU( ~receiverSkB ) @ #vk.22 ) )
                    qed
                  qed
                next
                  case c_sender_prekey
                  step( solve( !KU( skem_spk(~senderSkA) ) @ #vk.19 ) )
                    case c_skem_spk
                    by step( solve( !KU( ~senderSkA ) @ #vk.21 ) )
                  qed
                qed
              next
                case CoreTranscript_Diff_case_2
                step( solve( !KU( sender_prekey(skem_spk(~senderSkA),
                                                sign(~sigSkA, sender_payload(skem_spk(~senderSkA))))
                             ) @ #vk.13 ) )
                  case CoreTranscript_Diff_case_1
                  step( solve( !KU( receiver_prekey(skem_rpk(~receiverSkB),
                                                    ekpk(~receiverEskB),
                                                    sign(~sigSkB,
                                                         receiver_payload(skem_rpk(~receiverSkB),
                                                                          ekpk(~receiverEskB))))
                               ) @ #vk.14 ) )
                    case CoreTranscript_Diff_case_1
                    step( solve( !KU( lkem_ct(kpk(~kemSkB), ~rhoL) ) @ #vk.15 ) )
                      case CoreTranscript_Diff
                      step( solve( !KU( ekem_ct(ekpk(~receiverEskB), ~rhoK) ) @ #vk.16 ) )
                        case CoreTranscript_Diff
                        step( solve( !KU( skem_component(skem_spk(~senderSkA),
                                                         skem_rpk(~receiverSkB), ~rhoS)
                                     ) @ #vk.17 ) )
                          case CoreTranscript_Diff
                          step( solve( !KU( sid_of($A, $B, pk(spk(~sigSkA), kpk(~kemSkA)),
                                                   pk(spk(~sigSkB), kpk(~kemSkB)),
                                                   sender_prekey(skem_spk(~senderSkA),
                                                                 sign(~sigSkA,
                                                                      sender_payload(skem_spk(~senderSkA)))),
                                                   receiver_prekey(skem_rpk(~receiverSkB),
                                                                   ekpk(~receiverEskB),
                                                                   sign(~sigSkB,
                                                                        receiver_payload(skem_rpk(~receiverSkB),
                                                                                         ekpk(~receiverEskB)))),
                                                   <lkem_ct(kpk(~kemSkB), ~rhoL), 
                                                    ekem_ct(ekpk(~receiverEskB), ~rhoK), 
                                                    skem_component(skem_spk(~senderSkA),
                                                                   skem_rpk(~receiverSkB), ~rhoS)
                                                   >)
                                       ) @ #vk.18 ) )
                            case CoreTranscript_Diff_case_1
                            MIRRORED
                          next
                            case CoreTranscript_Diff_case_2
                            MIRRORED
                          next
                            case c_sid_of
                            MIRRORED
                          qed
                        next
                          case c_skem_component
                          by step( solve( !KU( ~rhoS ) @ #vk.21 ) )
                        qed
                      next
                        case c_ekem_ct
                        by step( solve( !KU( ~rhoK ) @ #vk.20 ) )
                      qed
                    next
                      case c_lkem_ct
                      by step( solve( !KU( ~rhoL ) @ #vk.20 ) )
                    qed
                  next
                    case CoreTranscript_Diff_case_2
                    step( solve( !KU( lkem_ct(kpk(~kemSkB), ~rhoL) ) @ #vk.15 ) )
                      case CoreTranscript_Diff
                      step( solve( !KU( ekem_ct(ekpk(~receiverEskB), ~rhoK) ) @ #vk.16 ) )
                        case CoreTranscript_Diff
                        step( solve( !KU( skem_component(skem_spk(~senderSkA),
                                                         skem_rpk(~receiverSkB), ~rhoS)
                                     ) @ #vk.17 ) )
                          case CoreTranscript_Diff
                          step( solve( !KU( sid_of($A, $B, pk(spk(~sigSkA), kpk(~kemSkA)),
                                                   pk(spk(~sigSkB), kpk(~kemSkB)),
                                                   sender_prekey(skem_spk(~senderSkA),
                                                                 sign(~sigSkA,
                                                                      sender_payload(skem_spk(~senderSkA)))),
                                                   receiver_prekey(skem_rpk(~receiverSkB),
                                                                   ekpk(~receiverEskB),
                                                                   sign(~sigSkB,
                                                                        receiver_payload(skem_rpk(~receiverSkB),
                                                                                         ekpk(~receiverEskB)))),
                                                   <lkem_ct(kpk(~kemSkB), ~rhoL), 
                                                    ekem_ct(ekpk(~receiverEskB), ~rhoK), 
                                                    skem_component(skem_spk(~senderSkA),
                                                                   skem_rpk(~receiverSkB), ~rhoS)
                                                   >)
                                       ) @ #vk.18 ) )
                            case CoreTranscript_Diff_case_1
                            MIRRORED
                          next
                            case CoreTranscript_Diff_case_2
                            MIRRORED
                          next
                            case c_sid_of
                            MIRRORED
                          qed
                        next
                          case c_skem_component
                          by step( solve( !KU( ~rhoS ) @ #vk.21 ) )
                        qed
                      next
                        case c_ekem_ct
                        by step( solve( !KU( ~rhoK ) @ #vk.20 ) )
                      qed
                    next
                      case c_lkem_ct
                      by step( solve( !KU( ~rhoL ) @ #vk.20 ) )
                    qed
                  next
                    case c_receiver_prekey
                    step( solve( !KU( skem_rpk(~receiverSkB) ) @ #vk.19 ) )
                      case c_skem_rpk
                      by step( solve( !KU( ~receiverSkB ) @ #vk.22 ) )
                    qed
                  qed
                next
                  case CoreTranscript_Diff_case_2
                  step( solve( !KU( receiver_prekey(skem_rpk(~receiverSkB),
                                                    ekpk(~receiverEskB),
                                                    sign(~sigSkB,
                                                         receiver_payload(skem_rpk(~receiverSkB),
                                                                          ekpk(~receiverEskB))))
                               ) @ #vk.14 ) )
                    case CoreTranscript_Diff_case_1
                    step( solve( !KU( lkem_ct(kpk(~kemSkB), ~rhoL) ) @ #vk.15 ) )
                      case CoreTranscript_Diff
                      step( solve( !KU( ekem_ct(ekpk(~receiverEskB), ~rhoK) ) @ #vk.16 ) )
                        case CoreTranscript_Diff
                        step( solve( !KU( skem_component(skem_spk(~senderSkA),
                                                         skem_rpk(~receiverSkB), ~rhoS)
                                     ) @ #vk.17 ) )
                          case CoreTranscript_Diff
                          step( solve( !KU( sid_of($A, $B, pk(spk(~sigSkA), kpk(~kemSkA)),
                                                   pk(spk(~sigSkB), kpk(~kemSkB)),
                                                   sender_prekey(skem_spk(~senderSkA),
                                                                 sign(~sigSkA,
                                                                      sender_payload(skem_spk(~senderSkA)))),
                                                   receiver_prekey(skem_rpk(~receiverSkB),
                                                                   ekpk(~receiverEskB),
                                                                   sign(~sigSkB,
                                                                        receiver_payload(skem_rpk(~receiverSkB),
                                                                                         ekpk(~receiverEskB)))),
                                                   <lkem_ct(kpk(~kemSkB), ~rhoL), 
                                                    ekem_ct(ekpk(~receiverEskB), ~rhoK), 
                                                    skem_component(skem_spk(~senderSkA),
                                                                   skem_rpk(~receiverSkB), ~rhoS)
                                                   >)
                                       ) @ #vk.18 ) )
                            case CoreTranscript_Diff_case_1
                            MIRRORED
                          next
                            case CoreTranscript_Diff_case_2
                            MIRRORED
                          next
                            case c_sid_of
                            MIRRORED
                          qed
                        next
                          case c_skem_component
                          by step( solve( !KU( ~rhoS ) @ #vk.21 ) )
                        qed
                      next
                        case c_ekem_ct
                        by step( solve( !KU( ~rhoK ) @ #vk.20 ) )
                      qed
                    next
                      case c_lkem_ct
                      by step( solve( !KU( ~rhoL ) @ #vk.20 ) )
                    qed
                  next
                    case CoreTranscript_Diff_case_2
                    step( solve( !KU( lkem_ct(kpk(~kemSkB), ~rhoL) ) @ #vk.15 ) )
                      case CoreTranscript_Diff
                      step( solve( !KU( ekem_ct(ekpk(~receiverEskB), ~rhoK) ) @ #vk.16 ) )
                        case CoreTranscript_Diff
                        step( solve( !KU( skem_component(skem_spk(~senderSkA),
                                                         skem_rpk(~receiverSkB), ~rhoS)
                                     ) @ #vk.17 ) )
                          case CoreTranscript_Diff
                          step( solve( !KU( sid_of($A, $B, pk(spk(~sigSkA), kpk(~kemSkA)),
                                                   pk(spk(~sigSkB), kpk(~kemSkB)),
                                                   sender_prekey(skem_spk(~senderSkA),
                                                                 sign(~sigSkA,
                                                                      sender_payload(skem_spk(~senderSkA)))),
                                                   receiver_prekey(skem_rpk(~receiverSkB),
                                                                   ekpk(~receiverEskB),
                                                                   sign(~sigSkB,
                                                                        receiver_payload(skem_rpk(~receiverSkB),
                                                                                         ekpk(~receiverEskB)))),
                                                   <lkem_ct(kpk(~kemSkB), ~rhoL), 
                                                    ekem_ct(ekpk(~receiverEskB), ~rhoK), 
                                                    skem_component(skem_spk(~senderSkA),
                                                                   skem_rpk(~receiverSkB), ~rhoS)
                                                   >)
                                       ) @ #vk.18 ) )
                            case CoreTranscript_Diff_case_1
                            MIRRORED
                          next
                            case CoreTranscript_Diff_case_2
                            MIRRORED
                          next
                            case c_sid_of
                            MIRRORED
                          qed
                        next
                          case c_skem_component
                          by step( solve( !KU( ~rhoS ) @ #vk.21 ) )
                        qed
                      next
                        case c_ekem_ct
                        by step( solve( !KU( ~rhoK ) @ #vk.20 ) )
                      qed
                    next
                      case c_lkem_ct
                      by step( solve( !KU( ~rhoL ) @ #vk.20 ) )
                    qed
                  next
                    case c_receiver_prekey
                    step( solve( !KU( skem_rpk(~receiverSkB) ) @ #vk.19 ) )
                      case c_skem_rpk
                      by step( solve( !KU( ~receiverSkB ) @ #vk.22 ) )
                    qed
                  qed
                next
                  case c_sender_prekey
                  step( solve( !KU( skem_spk(~senderSkA) ) @ #vk.19 ) )
                    case c_skem_spk
                    by step( solve( !KU( ~senderSkA ) @ #vk.21 ) )
                  qed
                qed
              next
                case c_pk
                step( solve( !KU( spk(~sigSkB) ) @ #vk.19 ) )
                  case c_spk
                  by step( solve( !KU( ~sigSkB ) @ #vk.21 ) )
                qed
              qed
            next
              case c_pk
              step( solve( !KU( spk(~sigSkA) ) @ #vk.19 ) )
                case c_spk
                by step( solve( !KU( ~sigSkA ) @ #vk.21 ) )
              qed
            qed
          qed
        qed
      qed
    next
      case CoreTranscript_Diff_case_6
      step( solve( (#vl, 0) ~~> (#i, 1) ) )
        case sid_of
        step( solve( !KU( sid_of($A, $B, pk(spk(~sigSkA), kpk(~kemSkA)),
                                 pk(spk(~sigSkB), kpk(~kemSkB)),
                                 sender_prekey(skem_spk(~senderSkA),
                                               sign(~sigSkA, sender_payload(skem_spk(~senderSkA)))),
                                 receiver_prekey(skem_rpk(~receiverSkB), ekpk(~receiverEskB),
                                                 sign(~sigSkB,
                                                      receiver_payload(skem_rpk(~receiverSkB),
                                                                       ekpk(~receiverEskB)))),
                                 <lkem_ct(kpk(~kemSkB), ~rhoL), ekem_ct(ekpk(~receiverEskB), ~rhoK), 
                                  skem_component(skem_spk(~senderSkA), skem_rpk(~receiverSkB), ~rhoS)>)
                     ) @ #vk ) )
          case CoreTranscript_Diff_case_1
          MIRRORED
        next
          case CoreTranscript_Diff_case_2
          MIRRORED
        next
          case c_sid_of
          step( solve( !KU( $A ) @ #vk.3 ) )
            case coerce
            step( solve( !KD( $A ) ▶₀ #vk.3 ) )
              case CoreTranscript_Diff_case_1
              by step( contradiction /* impossible chain */ )
            next
              case CoreTranscript_Diff_case_2
              by step( contradiction /* impossible chain */ )
            next
              case CoreTranscript_Diff_case_3
              by step( contradiction /* impossible chain */ )
            next
              case CoreTranscript_Diff_case_4
              by step( contradiction /* impossible chain */ )
            next
              case CoreTranscript_Diff_case_5
              by step( contradiction /* impossible chain */ )
            next
              case CoreTranscript_Diff_case_6
              by step( contradiction /* impossible chain */ )
            qed
          next
            case pub
            step( solve( !KU( $B ) @ #vk.4 ) )
              case coerce
              step( solve( !KD( $B ) ▶₀ #vk.4 ) )
                case CoreTranscript_Diff_case_1
                by step( contradiction /* impossible chain */ )
              next
                case CoreTranscript_Diff_case_2
                by step( contradiction /* impossible chain */ )
              next
                case CoreTranscript_Diff_case_3
                by step( contradiction /* impossible chain */ )
              next
                case CoreTranscript_Diff_case_4
                by step( contradiction /* impossible chain */ )
              next
                case CoreTranscript_Diff_case_5
                by step( contradiction /* impossible chain */ )
              next
                case CoreTranscript_Diff_case_6
                by step( contradiction /* impossible chain */ )
              qed
            next
              case pub
              step( solve( !KU( pk(spk(~sigSkA), kpk(~kemSkA)) ) @ #vk.5 ) )
                case CoreTranscript_Diff_case_1
                step( solve( !KU( pk(spk(~sigSkB), kpk(~kemSkB)) ) @ #vk.6 ) )
                  case CoreTranscript_Diff_case_1
                  step( solve( !KU( sender_prekey(skem_spk(~senderSkA),
                                                  sign(~sigSkA, sender_payload(skem_spk(~senderSkA))))
                               ) @ #vk.7 ) )
                    case CoreTranscript_Diff_case_1
                    step( solve( !KU( receiver_prekey(skem_rpk(~receiverSkB),
                                                      ekpk(~receiverEskB),
                                                      sign(~sigSkB,
                                                           receiver_payload(skem_rpk(~receiverSkB),
                                                                            ekpk(~receiverEskB))))
                                 ) @ #vk.8 ) )
                      case CoreTranscript_Diff_case_1
                      step( solve( !KU( lkem_ct(kpk(~kemSkB), ~rhoL) ) @ #vk.9 ) )
                        case CoreTranscript_Diff
                        step( solve( !KU( ekem_ct(ekpk(~receiverEskB), ~rhoK) ) @ #vk.10 ) )
                          case CoreTranscript_Diff
                          step( solve( !KU( skem_component(skem_spk(~senderSkA),
                                                           skem_rpk(~receiverSkB), ~rhoS)
                                       ) @ #vk.11 ) )
                            case CoreTranscript_Diff
                            MIRRORED
                          next
                            case c_skem_component
                            by step( solve( !KU( ~rhoS ) @ #vk.14 ) )
                          qed
                        next
                          case c_ekem_ct
                          by step( solve( !KU( ~rhoK ) @ #vk.13 ) )
                        qed
                      next
                        case c_lkem_ct
                        by step( solve( !KU( ~rhoL ) @ #vk.13 ) )
                      qed
                    next
                      case CoreTranscript_Diff_case_2
                      step( solve( !KU( lkem_ct(kpk(~kemSkB), ~rhoL) ) @ #vk.9 ) )
                        case CoreTranscript_Diff
                        step( solve( !KU( ekem_ct(ekpk(~receiverEskB), ~rhoK) ) @ #vk.10 ) )
                          case CoreTranscript_Diff
                          step( solve( !KU( skem_component(skem_spk(~senderSkA),
                                                           skem_rpk(~receiverSkB), ~rhoS)
                                       ) @ #vk.11 ) )
                            case CoreTranscript_Diff
                            MIRRORED
                          next
                            case c_skem_component
                            by step( solve( !KU( ~rhoS ) @ #vk.14 ) )
                          qed
                        next
                          case c_ekem_ct
                          by step( solve( !KU( ~rhoK ) @ #vk.13 ) )
                        qed
                      next
                        case c_lkem_ct
                        by step( solve( !KU( ~rhoL ) @ #vk.13 ) )
                      qed
                    next
                      case c_receiver_prekey
                      step( solve( !KU( skem_rpk(~receiverSkB) ) @ #vk.12 ) )
                        case c_skem_rpk
                        by step( solve( !KU( ~receiverSkB ) @ #vk.15 ) )
                      qed
                    qed
                  next
                    case CoreTranscript_Diff_case_2
                    step( solve( !KU( receiver_prekey(skem_rpk(~receiverSkB),
                                                      ekpk(~receiverEskB),
                                                      sign(~sigSkB,
                                                           receiver_payload(skem_rpk(~receiverSkB),
                                                                            ekpk(~receiverEskB))))
                                 ) @ #vk.8 ) )
                      case CoreTranscript_Diff_case_1
                      step( solve( !KU( lkem_ct(kpk(~kemSkB), ~rhoL) ) @ #vk.9 ) )
                        case CoreTranscript_Diff
                        step( solve( !KU( ekem_ct(ekpk(~receiverEskB), ~rhoK) ) @ #vk.10 ) )
                          case CoreTranscript_Diff
                          step( solve( !KU( skem_component(skem_spk(~senderSkA),
                                                           skem_rpk(~receiverSkB), ~rhoS)
                                       ) @ #vk.11 ) )
                            case CoreTranscript_Diff
                            MIRRORED
                          next
                            case c_skem_component
                            by step( solve( !KU( ~rhoS ) @ #vk.14 ) )
                          qed
                        next
                          case c_ekem_ct
                          by step( solve( !KU( ~rhoK ) @ #vk.13 ) )
                        qed
                      next
                        case c_lkem_ct
                        by step( solve( !KU( ~rhoL ) @ #vk.13 ) )
                      qed
                    next
                      case CoreTranscript_Diff_case_2
                      step( solve( !KU( lkem_ct(kpk(~kemSkB), ~rhoL) ) @ #vk.9 ) )
                        case CoreTranscript_Diff
                        step( solve( !KU( ekem_ct(ekpk(~receiverEskB), ~rhoK) ) @ #vk.10 ) )
                          case CoreTranscript_Diff
                          step( solve( !KU( skem_component(skem_spk(~senderSkA),
                                                           skem_rpk(~receiverSkB), ~rhoS)
                                       ) @ #vk.11 ) )
                            case CoreTranscript_Diff
                            MIRRORED
                          next
                            case c_skem_component
                            by step( solve( !KU( ~rhoS ) @ #vk.14 ) )
                          qed
                        next
                          case c_ekem_ct
                          by step( solve( !KU( ~rhoK ) @ #vk.13 ) )
                        qed
                      next
                        case c_lkem_ct
                        by step( solve( !KU( ~rhoL ) @ #vk.13 ) )
                      qed
                    next
                      case c_receiver_prekey
                      step( solve( !KU( skem_rpk(~receiverSkB) ) @ #vk.12 ) )
                        case c_skem_rpk
                        by step( solve( !KU( ~receiverSkB ) @ #vk.15 ) )
                      qed
                    qed
                  next
                    case c_sender_prekey
                    step( solve( !KU( skem_spk(~senderSkA) ) @ #vk.12 ) )
                      case c_skem_spk
                      by step( solve( !KU( ~senderSkA ) @ #vk.14 ) )
                    qed
                  qed
                next
                  case CoreTranscript_Diff_case_2
                  step( solve( !KU( sender_prekey(skem_spk(~senderSkA),
                                                  sign(~sigSkA, sender_payload(skem_spk(~senderSkA))))
                               ) @ #vk.7 ) )
                    case CoreTranscript_Diff_case_1
                    step( solve( !KU( receiver_prekey(skem_rpk(~receiverSkB),
                                                      ekpk(~receiverEskB),
                                                      sign(~sigSkB,
                                                           receiver_payload(skem_rpk(~receiverSkB),
                                                                            ekpk(~receiverEskB))))
                                 ) @ #vk.8 ) )
                      case CoreTranscript_Diff_case_1
                      step( solve( !KU( lkem_ct(kpk(~kemSkB), ~rhoL) ) @ #vk.9 ) )
                        case CoreTranscript_Diff
                        step( solve( !KU( ekem_ct(ekpk(~receiverEskB), ~rhoK) ) @ #vk.10 ) )
                          case CoreTranscript_Diff
                          step( solve( !KU( skem_component(skem_spk(~senderSkA),
                                                           skem_rpk(~receiverSkB), ~rhoS)
                                       ) @ #vk.11 ) )
                            case CoreTranscript_Diff
                            MIRRORED
                          next
                            case c_skem_component
                            by step( solve( !KU( ~rhoS ) @ #vk.14 ) )
                          qed
                        next
                          case c_ekem_ct
                          by step( solve( !KU( ~rhoK ) @ #vk.13 ) )
                        qed
                      next
                        case c_lkem_ct
                        by step( solve( !KU( ~rhoL ) @ #vk.13 ) )
                      qed
                    next
                      case CoreTranscript_Diff_case_2
                      step( solve( !KU( lkem_ct(kpk(~kemSkB), ~rhoL) ) @ #vk.9 ) )
                        case CoreTranscript_Diff
                        step( solve( !KU( ekem_ct(ekpk(~receiverEskB), ~rhoK) ) @ #vk.10 ) )
                          case CoreTranscript_Diff
                          step( solve( !KU( skem_component(skem_spk(~senderSkA),
                                                           skem_rpk(~receiverSkB), ~rhoS)
                                       ) @ #vk.11 ) )
                            case CoreTranscript_Diff
                            MIRRORED
                          next
                            case c_skem_component
                            by step( solve( !KU( ~rhoS ) @ #vk.14 ) )
                          qed
                        next
                          case c_ekem_ct
                          by step( solve( !KU( ~rhoK ) @ #vk.13 ) )
                        qed
                      next
                        case c_lkem_ct
                        by step( solve( !KU( ~rhoL ) @ #vk.13 ) )
                      qed
                    next
                      case c_receiver_prekey
                      step( solve( !KU( skem_rpk(~receiverSkB) ) @ #vk.12 ) )
                        case c_skem_rpk
                        by step( solve( !KU( ~receiverSkB ) @ #vk.15 ) )
                      qed
                    qed
                  next
                    case CoreTranscript_Diff_case_2
                    step( solve( !KU( receiver_prekey(skem_rpk(~receiverSkB),
                                                      ekpk(~receiverEskB),
                                                      sign(~sigSkB,
                                                           receiver_payload(skem_rpk(~receiverSkB),
                                                                            ekpk(~receiverEskB))))
                                 ) @ #vk.8 ) )
                      case CoreTranscript_Diff_case_1
                      step( solve( !KU( lkem_ct(kpk(~kemSkB), ~rhoL) ) @ #vk.9 ) )
                        case CoreTranscript_Diff
                        step( solve( !KU( ekem_ct(ekpk(~receiverEskB), ~rhoK) ) @ #vk.10 ) )
                          case CoreTranscript_Diff
                          step( solve( !KU( skem_component(skem_spk(~senderSkA),
                                                           skem_rpk(~receiverSkB), ~rhoS)
                                       ) @ #vk.11 ) )
                            case CoreTranscript_Diff
                            MIRRORED
                          next
                            case c_skem_component
                            by step( solve( !KU( ~rhoS ) @ #vk.14 ) )
                          qed
                        next
                          case c_ekem_ct
                          by step( solve( !KU( ~rhoK ) @ #vk.13 ) )
                        qed
                      next
                        case c_lkem_ct
                        by step( solve( !KU( ~rhoL ) @ #vk.13 ) )
                      qed
                    next
                      case CoreTranscript_Diff_case_2
                      step( solve( !KU( lkem_ct(kpk(~kemSkB), ~rhoL) ) @ #vk.9 ) )
                        case CoreTranscript_Diff
                        step( solve( !KU( ekem_ct(ekpk(~receiverEskB), ~rhoK) ) @ #vk.10 ) )
                          case CoreTranscript_Diff
                          step( solve( !KU( skem_component(skem_spk(~senderSkA),
                                                           skem_rpk(~receiverSkB), ~rhoS)
                                       ) @ #vk.11 ) )
                            case CoreTranscript_Diff
                            MIRRORED
                          next
                            case c_skem_component
                            by step( solve( !KU( ~rhoS ) @ #vk.14 ) )
                          qed
                        next
                          case c_ekem_ct
                          by step( solve( !KU( ~rhoK ) @ #vk.13 ) )
                        qed
                      next
                        case c_lkem_ct
                        by step( solve( !KU( ~rhoL ) @ #vk.13 ) )
                      qed
                    next
                      case c_receiver_prekey
                      step( solve( !KU( skem_rpk(~receiverSkB) ) @ #vk.12 ) )
                        case c_skem_rpk
                        by step( solve( !KU( ~receiverSkB ) @ #vk.15 ) )
                      qed
                    qed
                  next
                    case c_sender_prekey
                    step( solve( !KU( skem_spk(~senderSkA) ) @ #vk.12 ) )
                      case c_skem_spk
                      by step( solve( !KU( ~senderSkA ) @ #vk.14 ) )
                    qed
                  qed
                next
                  case c_pk
                  step( solve( !KU( spk(~sigSkB) ) @ #vk.12 ) )
                    case c_spk
                    by step( solve( !KU( ~sigSkB ) @ #vk.14 ) )
                  qed
                qed
              next
                case CoreTranscript_Diff_case_2
                step( solve( !KU( pk(spk(~sigSkB), kpk(~kemSkB)) ) @ #vk.6 ) )
                  case CoreTranscript_Diff_case_1
                  step( solve( !KU( sender_prekey(skem_spk(~senderSkA),
                                                  sign(~sigSkA, sender_payload(skem_spk(~senderSkA))))
                               ) @ #vk.7 ) )
                    case CoreTranscript_Diff_case_1
                    step( solve( !KU( receiver_prekey(skem_rpk(~receiverSkB),
                                                      ekpk(~receiverEskB),
                                                      sign(~sigSkB,
                                                           receiver_payload(skem_rpk(~receiverSkB),
                                                                            ekpk(~receiverEskB))))
                                 ) @ #vk.8 ) )
                      case CoreTranscript_Diff_case_1
                      step( solve( !KU( lkem_ct(kpk(~kemSkB), ~rhoL) ) @ #vk.9 ) )
                        case CoreTranscript_Diff
                        step( solve( !KU( ekem_ct(ekpk(~receiverEskB), ~rhoK) ) @ #vk.10 ) )
                          case CoreTranscript_Diff
                          step( solve( !KU( skem_component(skem_spk(~senderSkA),
                                                           skem_rpk(~receiverSkB), ~rhoS)
                                       ) @ #vk.11 ) )
                            case CoreTranscript_Diff
                            MIRRORED
                          next
                            case c_skem_component
                            by step( solve( !KU( ~rhoS ) @ #vk.14 ) )
                          qed
                        next
                          case c_ekem_ct
                          by step( solve( !KU( ~rhoK ) @ #vk.13 ) )
                        qed
                      next
                        case c_lkem_ct
                        by step( solve( !KU( ~rhoL ) @ #vk.13 ) )
                      qed
                    next
                      case CoreTranscript_Diff_case_2
                      step( solve( !KU( lkem_ct(kpk(~kemSkB), ~rhoL) ) @ #vk.9 ) )
                        case CoreTranscript_Diff
                        step( solve( !KU( ekem_ct(ekpk(~receiverEskB), ~rhoK) ) @ #vk.10 ) )
                          case CoreTranscript_Diff
                          step( solve( !KU( skem_component(skem_spk(~senderSkA),
                                                           skem_rpk(~receiverSkB), ~rhoS)
                                       ) @ #vk.11 ) )
                            case CoreTranscript_Diff
                            MIRRORED
                          next
                            case c_skem_component
                            by step( solve( !KU( ~rhoS ) @ #vk.14 ) )
                          qed
                        next
                          case c_ekem_ct
                          by step( solve( !KU( ~rhoK ) @ #vk.13 ) )
                        qed
                      next
                        case c_lkem_ct
                        by step( solve( !KU( ~rhoL ) @ #vk.13 ) )
                      qed
                    next
                      case c_receiver_prekey
                      step( solve( !KU( skem_rpk(~receiverSkB) ) @ #vk.12 ) )
                        case c_skem_rpk
                        by step( solve( !KU( ~receiverSkB ) @ #vk.15 ) )
                      qed
                    qed
                  next
                    case CoreTranscript_Diff_case_2
                    step( solve( !KU( receiver_prekey(skem_rpk(~receiverSkB),
                                                      ekpk(~receiverEskB),
                                                      sign(~sigSkB,
                                                           receiver_payload(skem_rpk(~receiverSkB),
                                                                            ekpk(~receiverEskB))))
                                 ) @ #vk.8 ) )
                      case CoreTranscript_Diff_case_1
                      step( solve( !KU( lkem_ct(kpk(~kemSkB), ~rhoL) ) @ #vk.9 ) )
                        case CoreTranscript_Diff
                        step( solve( !KU( ekem_ct(ekpk(~receiverEskB), ~rhoK) ) @ #vk.10 ) )
                          case CoreTranscript_Diff
                          step( solve( !KU( skem_component(skem_spk(~senderSkA),
                                                           skem_rpk(~receiverSkB), ~rhoS)
                                       ) @ #vk.11 ) )
                            case CoreTranscript_Diff
                            MIRRORED
                          next
                            case c_skem_component
                            by step( solve( !KU( ~rhoS ) @ #vk.14 ) )
                          qed
                        next
                          case c_ekem_ct
                          by step( solve( !KU( ~rhoK ) @ #vk.13 ) )
                        qed
                      next
                        case c_lkem_ct
                        by step( solve( !KU( ~rhoL ) @ #vk.13 ) )
                      qed
                    next
                      case CoreTranscript_Diff_case_2
                      step( solve( !KU( lkem_ct(kpk(~kemSkB), ~rhoL) ) @ #vk.9 ) )
                        case CoreTranscript_Diff
                        step( solve( !KU( ekem_ct(ekpk(~receiverEskB), ~rhoK) ) @ #vk.10 ) )
                          case CoreTranscript_Diff
                          step( solve( !KU( skem_component(skem_spk(~senderSkA),
                                                           skem_rpk(~receiverSkB), ~rhoS)
                                       ) @ #vk.11 ) )
                            case CoreTranscript_Diff
                            MIRRORED
                          next
                            case c_skem_component
                            by step( solve( !KU( ~rhoS ) @ #vk.14 ) )
                          qed
                        next
                          case c_ekem_ct
                          by step( solve( !KU( ~rhoK ) @ #vk.13 ) )
                        qed
                      next
                        case c_lkem_ct
                        by step( solve( !KU( ~rhoL ) @ #vk.13 ) )
                      qed
                    next
                      case c_receiver_prekey
                      step( solve( !KU( skem_rpk(~receiverSkB) ) @ #vk.12 ) )
                        case c_skem_rpk
                        by step( solve( !KU( ~receiverSkB ) @ #vk.15 ) )
                      qed
                    qed
                  next
                    case c_sender_prekey
                    step( solve( !KU( skem_spk(~senderSkA) ) @ #vk.12 ) )
                      case c_skem_spk
                      by step( solve( !KU( ~senderSkA ) @ #vk.14 ) )
                    qed
                  qed
                next
                  case CoreTranscript_Diff_case_2
                  step( solve( !KU( sender_prekey(skem_spk(~senderSkA),
                                                  sign(~sigSkA, sender_payload(skem_spk(~senderSkA))))
                               ) @ #vk.7 ) )
                    case CoreTranscript_Diff_case_1
                    step( solve( !KU( receiver_prekey(skem_rpk(~receiverSkB),
                                                      ekpk(~receiverEskB),
                                                      sign(~sigSkB,
                                                           receiver_payload(skem_rpk(~receiverSkB),
                                                                            ekpk(~receiverEskB))))
                                 ) @ #vk.8 ) )
                      case CoreTranscript_Diff_case_1
                      step( solve( !KU( lkem_ct(kpk(~kemSkB), ~rhoL) ) @ #vk.9 ) )
                        case CoreTranscript_Diff
                        step( solve( !KU( ekem_ct(ekpk(~receiverEskB), ~rhoK) ) @ #vk.10 ) )
                          case CoreTranscript_Diff
                          step( solve( !KU( skem_component(skem_spk(~senderSkA),
                                                           skem_rpk(~receiverSkB), ~rhoS)
                                       ) @ #vk.11 ) )
                            case CoreTranscript_Diff
                            MIRRORED
                          next
                            case c_skem_component
                            by step( solve( !KU( ~rhoS ) @ #vk.14 ) )
                          qed
                        next
                          case c_ekem_ct
                          by step( solve( !KU( ~rhoK ) @ #vk.13 ) )
                        qed
                      next
                        case c_lkem_ct
                        by step( solve( !KU( ~rhoL ) @ #vk.13 ) )
                      qed
                    next
                      case CoreTranscript_Diff_case_2
                      step( solve( !KU( lkem_ct(kpk(~kemSkB), ~rhoL) ) @ #vk.9 ) )
                        case CoreTranscript_Diff
                        step( solve( !KU( ekem_ct(ekpk(~receiverEskB), ~rhoK) ) @ #vk.10 ) )
                          case CoreTranscript_Diff
                          step( solve( !KU( skem_component(skem_spk(~senderSkA),
                                                           skem_rpk(~receiverSkB), ~rhoS)
                                       ) @ #vk.11 ) )
                            case CoreTranscript_Diff
                            MIRRORED
                          next
                            case c_skem_component
                            by step( solve( !KU( ~rhoS ) @ #vk.14 ) )
                          qed
                        next
                          case c_ekem_ct
                          by step( solve( !KU( ~rhoK ) @ #vk.13 ) )
                        qed
                      next
                        case c_lkem_ct
                        by step( solve( !KU( ~rhoL ) @ #vk.13 ) )
                      qed
                    next
                      case c_receiver_prekey
                      step( solve( !KU( skem_rpk(~receiverSkB) ) @ #vk.12 ) )
                        case c_skem_rpk
                        by step( solve( !KU( ~receiverSkB ) @ #vk.15 ) )
                      qed
                    qed
                  next
                    case CoreTranscript_Diff_case_2
                    step( solve( !KU( receiver_prekey(skem_rpk(~receiverSkB),
                                                      ekpk(~receiverEskB),
                                                      sign(~sigSkB,
                                                           receiver_payload(skem_rpk(~receiverSkB),
                                                                            ekpk(~receiverEskB))))
                                 ) @ #vk.8 ) )
                      case CoreTranscript_Diff_case_1
                      step( solve( !KU( lkem_ct(kpk(~kemSkB), ~rhoL) ) @ #vk.9 ) )
                        case CoreTranscript_Diff
                        step( solve( !KU( ekem_ct(ekpk(~receiverEskB), ~rhoK) ) @ #vk.10 ) )
                          case CoreTranscript_Diff
                          step( solve( !KU( skem_component(skem_spk(~senderSkA),
                                                           skem_rpk(~receiverSkB), ~rhoS)
                                       ) @ #vk.11 ) )
                            case CoreTranscript_Diff
                            MIRRORED
                          next
                            case c_skem_component
                            by step( solve( !KU( ~rhoS ) @ #vk.14 ) )
                          qed
                        next
                          case c_ekem_ct
                          by step( solve( !KU( ~rhoK ) @ #vk.13 ) )
                        qed
                      next
                        case c_lkem_ct
                        by step( solve( !KU( ~rhoL ) @ #vk.13 ) )
                      qed
                    next
                      case CoreTranscript_Diff_case_2
                      step( solve( !KU( lkem_ct(kpk(~kemSkB), ~rhoL) ) @ #vk.9 ) )
                        case CoreTranscript_Diff
                        step( solve( !KU( ekem_ct(ekpk(~receiverEskB), ~rhoK) ) @ #vk.10 ) )
                          case CoreTranscript_Diff
                          step( solve( !KU( skem_component(skem_spk(~senderSkA),
                                                           skem_rpk(~receiverSkB), ~rhoS)
                                       ) @ #vk.11 ) )
                            case CoreTranscript_Diff
                            MIRRORED
                          next
                            case c_skem_component
                            by step( solve( !KU( ~rhoS ) @ #vk.14 ) )
                          qed
                        next
                          case c_ekem_ct
                          by step( solve( !KU( ~rhoK ) @ #vk.13 ) )
                        qed
                      next
                        case c_lkem_ct
                        by step( solve( !KU( ~rhoL ) @ #vk.13 ) )
                      qed
                    next
                      case c_receiver_prekey
                      step( solve( !KU( skem_rpk(~receiverSkB) ) @ #vk.12 ) )
                        case c_skem_rpk
                        by step( solve( !KU( ~receiverSkB ) @ #vk.15 ) )
                      qed
                    qed
                  next
                    case c_sender_prekey
                    step( solve( !KU( skem_spk(~senderSkA) ) @ #vk.12 ) )
                      case c_skem_spk
                      by step( solve( !KU( ~senderSkA ) @ #vk.14 ) )
                    qed
                  qed
                next
                  case c_pk
                  step( solve( !KU( spk(~sigSkB) ) @ #vk.12 ) )
                    case c_spk
                    by step( solve( !KU( ~sigSkB ) @ #vk.14 ) )
                  qed
                qed
              next
                case c_pk
                step( solve( !KU( spk(~sigSkA) ) @ #vk.12 ) )
                  case c_spk
                  by step( solve( !KU( ~sigSkA ) @ #vk.14 ) )
                qed
              qed
            qed
          qed
        qed
      qed
    qed
  next
    case RHS
    step( simplify )
    step( solve( !KD( x ) ▶₁ #i ) )
      case CoreTranscript_Diff_case_1
      step( solve( (#vl, 0) ~~> (#i, 1) ) )
        case pk
        step( solve( !KU( pk(spk(~sigSkA), kpk(~kemSkA)) ) @ #vk ) )
          case CoreTranscript_Diff_case_1
          MIRRORED
        next
          case CoreTranscript_Diff_case_2
          MIRRORED
        next
          case c_pk
          step( solve( !KU( spk(~sigSkA) ) @ #vk.1 ) )
            case c_spk
            by step( solve( !KU( ~sigSkA ) @ #vk.3 ) )
          qed
        qed
      qed
    next
      case CoreTranscript_Diff_case_2
      step( solve( (#vl, 0) ~~> (#i, 1) ) )
        case pk
        step( solve( !KU( pk(spk(~sigSkB), kpk(~kemSkB)) ) @ #vk ) )
          case CoreTranscript_Diff_case_1
          MIRRORED
        next
          case CoreTranscript_Diff_case_2
          MIRRORED
        next
          case c_pk
          step( solve( !KU( spk(~sigSkB) ) @ #vk.1 ) )
            case c_spk
            by step( solve( !KU( ~sigSkB ) @ #vk.3 ) )
          qed
        qed
      qed
    next
      case CoreTranscript_Diff_case_3
      step( solve( (#vl, 0) ~~> (#i, 1) ) )
        case sender_prekey
        step( solve( !KU( sender_prekey(skem_spk(~senderSkA),
                                        sign(~sigSkA, sender_payload(skem_spk(~senderSkA))))
                     ) @ #vk ) )
          case CoreTranscript_Diff_case_1
          MIRRORED
        next
          case CoreTranscript_Diff_case_2
          MIRRORED
        next
          case c_sender_prekey
          step( solve( !KU( skem_spk(~senderSkA) ) @ #vk.1 ) )
            case c_skem_spk
            by step( solve( !KU( ~senderSkA ) @ #vk.3 ) )
          qed
        qed
      qed
    next
      case CoreTranscript_Diff_case_4
      step( solve( (#vl, 0) ~~> (#i, 1) ) )
        case receiver_prekey
        step( solve( !KU( receiver_prekey(skem_rpk(~receiverSkB),
                                          ekpk(~receiverEskB),
                                          sign(~sigSkB,
                                               receiver_payload(skem_rpk(~receiverSkB), ekpk(~receiverEskB))))
                     ) @ #vk ) )
          case CoreTranscript_Diff_case_1
          MIRRORED
        next
          case CoreTranscript_Diff_case_2
          MIRRORED
        next
          case c_receiver_prekey
          step( solve( !KU( skem_rpk(~receiverSkB) ) @ #vk.1 ) )
            case c_skem_rpk
            by step( solve( !KU( ~receiverSkB ) @ #vk.4 ) )
          qed
        qed
      qed
    next
      case CoreTranscript_Diff_case_5
      step( solve( (#vl, 0) ~~> (#i, 1) ) )
        case d_0_fst
        step( solve( (#vr.1, 0) ~~> (#i, 1) ) )
          case Var_pub_A
          step( solve( !KU( $A ) @ #vk ) )
            case coerce
            step( solve( !KD( $A ) ▶₀ #vk ) )
              case CoreTranscript_Diff_case_1
              by step( contradiction /* impossible chain */ )
            next
              case CoreTranscript_Diff_case_2
              by step( contradiction /* impossible chain */ )
            next
              case CoreTranscript_Diff_case_3
              by step( contradiction /* impossible chain */ )
            next
              case CoreTranscript_Diff_case_4
              by step( contradiction /* impossible chain */ )
            next
              case CoreTranscript_Diff_case_5
              by step( contradiction /* impossible chain */ )
            next
              case CoreTranscript_Diff_case_6
              by step( contradiction /* impossible chain */ )
            qed
          next
            case pub
            MIRRORED
          qed
        qed
      next
        case d_0_snd
        step( solve( (#vr.1, 0) ~~> (#i, 1) ) )
          case d_0_fst
          step( solve( (#vr.2, 0) ~~> (#i, 1) ) )
            case Var_pub_B
            step( solve( !KU( $B ) @ #vk ) )
              case coerce
              step( solve( !KD( $B ) ▶₀ #vk ) )
                case CoreTranscript_Diff_case_1
                by step( contradiction /* impossible chain */ )
              next
                case CoreTranscript_Diff_case_2
                by step( contradiction /* impossible chain */ )
              next
                case CoreTranscript_Diff_case_3
                by step( contradiction /* impossible chain */ )
              next
                case CoreTranscript_Diff_case_4
                by step( contradiction /* impossible chain */ )
              next
                case CoreTranscript_Diff_case_5
                by step( contradiction /* impossible chain */ )
              next
                case CoreTranscript_Diff_case_6
                by step( contradiction /* impossible chain */ )
              qed
            next
              case pub
              MIRRORED
            qed
          qed
        next
          case d_0_snd
          step( solve( (#vr.2, 0) ~~> (#i, 1) ) )
            case d_0_fst
            step( solve( (#vr.3, 0) ~~> (#i, 1) ) )
              case pk
              step( solve( !KU( pk(spk(~sigSkA), kpk(~kemSkA)) ) @ #vk ) )
                case CoreTranscript_Diff_case_1
                MIRRORED
              next
                case CoreTranscript_Diff_case_2
                MIRRORED
              next
                case c_pk
                step( solve( !KU( spk(~sigSkA) ) @ #vk.1 ) )
                  case c_spk
                  by step( solve( !KU( ~sigSkA ) @ #vk.3 ) )
                qed
              qed
            qed
          next
            case d_0_snd
            step( solve( (#vr.3, 0) ~~> (#i, 1) ) )
              case d_0_fst
              step( solve( (#vr.4, 0) ~~> (#i, 1) ) )
                case pk
                step( solve( !KU( pk(spk(~sigSkB), kpk(~kemSkB)) ) @ #vk ) )
                  case CoreTranscript_Diff_case_1
                  MIRRORED
                next
                  case CoreTranscript_Diff_case_2
                  MIRRORED
                next
                  case c_pk
                  step( solve( !KU( spk(~sigSkB) ) @ #vk.1 ) )
                    case c_spk
                    by step( solve( !KU( ~sigSkB ) @ #vk.3 ) )
                  qed
                qed
              qed
            next
              case d_0_snd
              step( solve( (#vr.4, 0) ~~> (#i, 1) ) )
                case d_0_fst
                step( solve( (#vr.5, 0) ~~> (#i, 1) ) )
                  case sender_prekey
                  step( solve( !KU( sender_prekey(skem_spk(~senderSkA),
                                                  sign(~sigSkA, sender_payload(skem_spk(~senderSkA))))
                               ) @ #vk ) )
                    case CoreTranscript_Diff_case_1
                    MIRRORED
                  next
                    case CoreTranscript_Diff_case_2
                    MIRRORED
                  next
                    case c_sender_prekey
                    step( solve( !KU( skem_spk(~senderSkA) ) @ #vk.1 ) )
                      case c_skem_spk
                      by step( solve( !KU( ~senderSkA ) @ #vk.3 ) )
                    qed
                  qed
                qed
              next
                case d_0_snd
                step( solve( (#vr.5, 0) ~~> (#i, 1) ) )
                  case d_0_fst
                  step( solve( (#vr.6, 0) ~~> (#i, 1) ) )
                    case receiver_prekey
                    step( solve( !KU( receiver_prekey(skem_rpk(~receiverSkB),
                                                      ekpk(~receiverEskB),
                                                      sign(~sigSkB,
                                                           receiver_payload(skem_rpk(~receiverSkB),
                                                                            ekpk(~receiverEskB))))
                                 ) @ #vk ) )
                      case CoreTranscript_Diff_case_1
                      MIRRORED
                    next
                      case CoreTranscript_Diff_case_2
                      MIRRORED
                    next
                      case c_receiver_prekey
                      step( solve( !KU( skem_rpk(~receiverSkB) ) @ #vk.1 ) )
                        case c_skem_rpk
                        by step( solve( !KU( ~receiverSkB ) @ #vk.4 ) )
                      qed
                    qed
                  qed
                next
                  case d_0_snd
                  step( solve( (#vr.6, 0) ~~> (#i, 1) ) )
                    case d_0_fst
                    step( solve( (#vr.7, 0) ~~> (#i, 1) ) )
                      case d_0_fst
                      step( solve( (#vr.8, 0) ~~> (#i, 1) ) )
                        case lkem_ct
                        step( solve( !KU( lkem_ct(kpk(~kemSkB), ~rhoL) ) @ #vk ) )
                          case CoreTranscript_Diff
                          MIRRORED
                        next
                          case c_lkem_ct
                          by step( solve( !KU( ~rhoL ) @ #vk.2 ) )
                        qed
                      qed
                    next
                      case d_0_snd
                      step( solve( (#vr.8, 0) ~~> (#i, 1) ) )
                        case d_0_fst
                        step( solve( (#vr.9, 0) ~~> (#i, 1) ) )
                          case ekem_ct
                          step( solve( !KU( ekem_ct(ekpk(~receiverEskB), ~rhoK) ) @ #vk ) )
                            case CoreTranscript_Diff
                            MIRRORED
                          next
                            case c_ekem_ct
                            by step( solve( !KU( ~rhoK ) @ #vk.2 ) )
                          qed
                        qed
                      next
                        case d_0_snd
                        step( solve( (#vr.9, 0) ~~> (#i, 1) ) )
                          case skem_component
                          step( solve( !KU( skem_component(skem_spk(~senderSkA),
                                                           skem_rpk(~receiverSkB), ~rhoS)
                                       ) @ #vk ) )
                            case CoreTranscript_Diff
                            MIRRORED
                          next
                            case c_skem_component
                            by step( solve( !KU( ~rhoS ) @ #vk.3 ) )
                          qed
                        qed
                      next
                        case pair
                        step( solve( !KU( ekem_ct(ekpk(~receiverEskB), ~rhoK) ) @ #vk.1 ) )
                          case CoreTranscript_Diff
                          step( solve( !KU( skem_component(skem_spk(~senderSkA),
                                                           skem_rpk(~receiverSkB), ~rhoS)
                                       ) @ #vk.2 ) )
                            case CoreTranscript_Diff
                            MIRRORED
                          next
                            case c_skem_component
                            by step( solve( !KU( ~rhoS ) @ #vk.5 ) )
                          qed
                        next
                          case c_ekem_ct
                          by step( solve( !KU( ~rhoK ) @ #vk.4 ) )
                        qed
                      qed
                    next
                      case pair
                      step( solve( !KU( lkem_ct(kpk(~kemSkB), ~rhoL) ) @ #vk.2 ) )
                        case CoreTranscript_Diff
                        step( solve( !KU( ekem_ct(ekpk(~receiverEskB), ~rhoK) ) @ #vk.3 ) )
                          case CoreTranscript_Diff
                          step( solve( !KU( skem_component(skem_spk(~senderSkA),
                                                           skem_rpk(~receiverSkB), ~rhoS)
                                       ) @ #vk.4 ) )
                            case CoreTranscript_Diff
                            MIRRORED
                          next
                            case c_skem_component
                            by step( solve( !KU( ~rhoS ) @ #vk.7 ) )
                          qed
                        next
                          case c_ekem_ct
                          by step( solve( !KU( ~rhoK ) @ #vk.6 ) )
                        qed
                      next
                        case c_lkem_ct
                        by step( solve( !KU( ~rhoL ) @ #vk.6 ) )
                      qed
                    qed
                  next
                    case d_0_snd
                    step( solve( (#vr.7, 0) ~~> (#i, 1) ) )
                      case sid_of
                      step( solve( !KU( sid_of($A, $B, pk(spk(~sigSkA), kpk(~kemSkA)),
                                               pk(spk(~sigSkB), kpk(~kemSkB)),
                                               sender_prekey(skem_spk(~senderSkA),
                                                             sign(~sigSkA,
                                                                  sender_payload(skem_spk(~senderSkA)))),
                                               receiver_prekey(skem_rpk(~receiverSkB), ekpk(~receiverEskB),
                                                               sign(~sigSkB,
                                                                    receiver_payload(skem_rpk(~receiverSkB),
                                                                                     ekpk(~receiverEskB)))),
                                               <lkem_ct(kpk(~kemSkB), ~rhoL), 
                                                ekem_ct(ekpk(~receiverEskB), ~rhoK), 
                                                skem_component(skem_spk(~senderSkA), skem_rpk(~receiverSkB),
                                                               ~rhoS)
                                               >)
                                   ) @ #vk ) )
                        case CoreTranscript_Diff_case_1
                        MIRRORED
                      next
                        case CoreTranscript_Diff_case_2
                        MIRRORED
                      next
                        case c_sid_of
                        step( solve( !KU( $A ) @ #vk.3 ) )
                          case coerce
                          step( solve( !KD( $A ) ▶₀ #vk.3 ) )
                            case CoreTranscript_Diff_case_1
                            by step( contradiction /* impossible chain */ )
                          next
                            case CoreTranscript_Diff_case_2
                            by step( contradiction /* impossible chain */ )
                          next
                            case CoreTranscript_Diff_case_3
                            by step( contradiction /* impossible chain */ )
                          next
                            case CoreTranscript_Diff_case_4
                            by step( contradiction /* impossible chain */ )
                          next
                            case CoreTranscript_Diff_case_5
                            by step( contradiction /* impossible chain */ )
                          next
                            case CoreTranscript_Diff_case_6
                            by step( contradiction /* impossible chain */ )
                          qed
                        next
                          case pub
                          step( solve( !KU( $B ) @ #vk.4 ) )
                            case coerce
                            step( solve( !KD( $B ) ▶₀ #vk.4 ) )
                              case CoreTranscript_Diff_case_1
                              by step( contradiction /* impossible chain */ )
                            next
                              case CoreTranscript_Diff_case_2
                              by step( contradiction /* impossible chain */ )
                            next
                              case CoreTranscript_Diff_case_3
                              by step( contradiction /* impossible chain */ )
                            next
                              case CoreTranscript_Diff_case_4
                              by step( contradiction /* impossible chain */ )
                            next
                              case CoreTranscript_Diff_case_5
                              by step( contradiction /* impossible chain */ )
                            next
                              case CoreTranscript_Diff_case_6
                              by step( contradiction /* impossible chain */ )
                            qed
                          next
                            case pub
                            step( solve( !KU( pk(spk(~sigSkA), kpk(~kemSkA)) ) @ #vk.5 ) )
                              case CoreTranscript_Diff_case_1
                              step( solve( !KU( pk(spk(~sigSkB), kpk(~kemSkB)) ) @ #vk.6 ) )
                                case CoreTranscript_Diff_case_1
                                step( solve( !KU( sender_prekey(skem_spk(~senderSkA),
                                                                sign(~sigSkA,
                                                                     sender_payload(skem_spk(~senderSkA))))
                                             ) @ #vk.7 ) )
                                  case CoreTranscript_Diff_case_1
                                  step( solve( !KU( receiver_prekey(skem_rpk(~receiverSkB),
                                                                    ekpk(~receiverEskB),
                                                                    sign(~sigSkB,
                                                                         receiver_payload(skem_rpk(~receiverSkB),
                                                                                          ekpk(~receiverEskB))))
                                               ) @ #vk.8 ) )
                                    case CoreTranscript_Diff_case_1
                                    step( solve( !KU( lkem_ct(kpk(~kemSkB), ~rhoL) ) @ #vk.9 ) )
                                      case CoreTranscript_Diff
                                      step( solve( !KU( ekem_ct(ekpk(~receiverEskB), ~rhoK) ) @ #vk.10 ) )
                                        case CoreTranscript_Diff
                                        step( solve( !KU( skem_component(skem_spk(~senderSkA),
                                                                         skem_rpk(~receiverSkB), ~rhoS)
                                                     ) @ #vk.11 ) )
                                          case CoreTranscript_Diff
                                          MIRRORED
                                        next
                                          case c_skem_component
                                          by step( solve( !KU( ~rhoS ) @ #vk.14 ) )
                                        qed
                                      next
                                        case c_ekem_ct
                                        by step( solve( !KU( ~rhoK ) @ #vk.13 ) )
                                      qed
                                    next
                                      case c_lkem_ct
                                      by step( solve( !KU( ~rhoL ) @ #vk.13 ) )
                                    qed
                                  next
                                    case CoreTranscript_Diff_case_2
                                    step( solve( !KU( lkem_ct(kpk(~kemSkB), ~rhoL) ) @ #vk.9 ) )
                                      case CoreTranscript_Diff
                                      step( solve( !KU( ekem_ct(ekpk(~receiverEskB), ~rhoK) ) @ #vk.10 ) )
                                        case CoreTranscript_Diff
                                        step( solve( !KU( skem_component(skem_spk(~senderSkA),
                                                                         skem_rpk(~receiverSkB), ~rhoS)
                                                     ) @ #vk.11 ) )
                                          case CoreTranscript_Diff
                                          MIRRORED
                                        next
                                          case c_skem_component
                                          by step( solve( !KU( ~rhoS ) @ #vk.14 ) )
                                        qed
                                      next
                                        case c_ekem_ct
                                        by step( solve( !KU( ~rhoK ) @ #vk.13 ) )
                                      qed
                                    next
                                      case c_lkem_ct
                                      by step( solve( !KU( ~rhoL ) @ #vk.13 ) )
                                    qed
                                  next
                                    case c_receiver_prekey
                                    step( solve( !KU( skem_rpk(~receiverSkB) ) @ #vk.12 ) )
                                      case c_skem_rpk
                                      by step( solve( !KU( ~receiverSkB ) @ #vk.15 ) )
                                    qed
                                  qed
                                next
                                  case CoreTranscript_Diff_case_2
                                  step( solve( !KU( receiver_prekey(skem_rpk(~receiverSkB),
                                                                    ekpk(~receiverEskB),
                                                                    sign(~sigSkB,
                                                                         receiver_payload(skem_rpk(~receiverSkB),
                                                                                          ekpk(~receiverEskB))))
                                               ) @ #vk.8 ) )
                                    case CoreTranscript_Diff_case_1
                                    step( solve( !KU( lkem_ct(kpk(~kemSkB), ~rhoL) ) @ #vk.9 ) )
                                      case CoreTranscript_Diff
                                      step( solve( !KU( ekem_ct(ekpk(~receiverEskB), ~rhoK) ) @ #vk.10 ) )
                                        case CoreTranscript_Diff
                                        step( solve( !KU( skem_component(skem_spk(~senderSkA),
                                                                         skem_rpk(~receiverSkB), ~rhoS)
                                                     ) @ #vk.11 ) )
                                          case CoreTranscript_Diff
                                          MIRRORED
                                        next
                                          case c_skem_component
                                          by step( solve( !KU( ~rhoS ) @ #vk.14 ) )
                                        qed
                                      next
                                        case c_ekem_ct
                                        by step( solve( !KU( ~rhoK ) @ #vk.13 ) )
                                      qed
                                    next
                                      case c_lkem_ct
                                      by step( solve( !KU( ~rhoL ) @ #vk.13 ) )
                                    qed
                                  next
                                    case CoreTranscript_Diff_case_2
                                    step( solve( !KU( lkem_ct(kpk(~kemSkB), ~rhoL) ) @ #vk.9 ) )
                                      case CoreTranscript_Diff
                                      step( solve( !KU( ekem_ct(ekpk(~receiverEskB), ~rhoK) ) @ #vk.10 ) )
                                        case CoreTranscript_Diff
                                        step( solve( !KU( skem_component(skem_spk(~senderSkA),
                                                                         skem_rpk(~receiverSkB), ~rhoS)
                                                     ) @ #vk.11 ) )
                                          case CoreTranscript_Diff
                                          MIRRORED
                                        next
                                          case c_skem_component
                                          by step( solve( !KU( ~rhoS ) @ #vk.14 ) )
                                        qed
                                      next
                                        case c_ekem_ct
                                        by step( solve( !KU( ~rhoK ) @ #vk.13 ) )
                                      qed
                                    next
                                      case c_lkem_ct
                                      by step( solve( !KU( ~rhoL ) @ #vk.13 ) )
                                    qed
                                  next
                                    case c_receiver_prekey
                                    step( solve( !KU( skem_rpk(~receiverSkB) ) @ #vk.12 ) )
                                      case c_skem_rpk
                                      by step( solve( !KU( ~receiverSkB ) @ #vk.15 ) )
                                    qed
                                  qed
                                next
                                  case c_sender_prekey
                                  step( solve( !KU( skem_spk(~senderSkA) ) @ #vk.12 ) )
                                    case c_skem_spk
                                    by step( solve( !KU( ~senderSkA ) @ #vk.14 ) )
                                  qed
                                qed
                              next
                                case CoreTranscript_Diff_case_2
                                step( solve( !KU( sender_prekey(skem_spk(~senderSkA),
                                                                sign(~sigSkA,
                                                                     sender_payload(skem_spk(~senderSkA))))
                                             ) @ #vk.7 ) )
                                  case CoreTranscript_Diff_case_1
                                  step( solve( !KU( receiver_prekey(skem_rpk(~receiverSkB),
                                                                    ekpk(~receiverEskB),
                                                                    sign(~sigSkB,
                                                                         receiver_payload(skem_rpk(~receiverSkB),
                                                                                          ekpk(~receiverEskB))))
                                               ) @ #vk.8 ) )
                                    case CoreTranscript_Diff_case_1
                                    step( solve( !KU( lkem_ct(kpk(~kemSkB), ~rhoL) ) @ #vk.9 ) )
                                      case CoreTranscript_Diff
                                      step( solve( !KU( ekem_ct(ekpk(~receiverEskB), ~rhoK) ) @ #vk.10 ) )
                                        case CoreTranscript_Diff
                                        step( solve( !KU( skem_component(skem_spk(~senderSkA),
                                                                         skem_rpk(~receiverSkB), ~rhoS)
                                                     ) @ #vk.11 ) )
                                          case CoreTranscript_Diff
                                          MIRRORED
                                        next
                                          case c_skem_component
                                          by step( solve( !KU( ~rhoS ) @ #vk.14 ) )
                                        qed
                                      next
                                        case c_ekem_ct
                                        by step( solve( !KU( ~rhoK ) @ #vk.13 ) )
                                      qed
                                    next
                                      case c_lkem_ct
                                      by step( solve( !KU( ~rhoL ) @ #vk.13 ) )
                                    qed
                                  next
                                    case CoreTranscript_Diff_case_2
                                    step( solve( !KU( lkem_ct(kpk(~kemSkB), ~rhoL) ) @ #vk.9 ) )
                                      case CoreTranscript_Diff
                                      step( solve( !KU( ekem_ct(ekpk(~receiverEskB), ~rhoK) ) @ #vk.10 ) )
                                        case CoreTranscript_Diff
                                        step( solve( !KU( skem_component(skem_spk(~senderSkA),
                                                                         skem_rpk(~receiverSkB), ~rhoS)
                                                     ) @ #vk.11 ) )
                                          case CoreTranscript_Diff
                                          MIRRORED
                                        next
                                          case c_skem_component
                                          by step( solve( !KU( ~rhoS ) @ #vk.14 ) )
                                        qed
                                      next
                                        case c_ekem_ct
                                        by step( solve( !KU( ~rhoK ) @ #vk.13 ) )
                                      qed
                                    next
                                      case c_lkem_ct
                                      by step( solve( !KU( ~rhoL ) @ #vk.13 ) )
                                    qed
                                  next
                                    case c_receiver_prekey
                                    step( solve( !KU( skem_rpk(~receiverSkB) ) @ #vk.12 ) )
                                      case c_skem_rpk
                                      by step( solve( !KU( ~receiverSkB ) @ #vk.15 ) )
                                    qed
                                  qed
                                next
                                  case CoreTranscript_Diff_case_2
                                  step( solve( !KU( receiver_prekey(skem_rpk(~receiverSkB),
                                                                    ekpk(~receiverEskB),
                                                                    sign(~sigSkB,
                                                                         receiver_payload(skem_rpk(~receiverSkB),
                                                                                          ekpk(~receiverEskB))))
                                               ) @ #vk.8 ) )
                                    case CoreTranscript_Diff_case_1
                                    step( solve( !KU( lkem_ct(kpk(~kemSkB), ~rhoL) ) @ #vk.9 ) )
                                      case CoreTranscript_Diff
                                      step( solve( !KU( ekem_ct(ekpk(~receiverEskB), ~rhoK) ) @ #vk.10 ) )
                                        case CoreTranscript_Diff
                                        step( solve( !KU( skem_component(skem_spk(~senderSkA),
                                                                         skem_rpk(~receiverSkB), ~rhoS)
                                                     ) @ #vk.11 ) )
                                          case CoreTranscript_Diff
                                          MIRRORED
                                        next
                                          case c_skem_component
                                          by step( solve( !KU( ~rhoS ) @ #vk.14 ) )
                                        qed
                                      next
                                        case c_ekem_ct
                                        by step( solve( !KU( ~rhoK ) @ #vk.13 ) )
                                      qed
                                    next
                                      case c_lkem_ct
                                      by step( solve( !KU( ~rhoL ) @ #vk.13 ) )
                                    qed
                                  next
                                    case CoreTranscript_Diff_case_2
                                    step( solve( !KU( lkem_ct(kpk(~kemSkB), ~rhoL) ) @ #vk.9 ) )
                                      case CoreTranscript_Diff
                                      step( solve( !KU( ekem_ct(ekpk(~receiverEskB), ~rhoK) ) @ #vk.10 ) )
                                        case CoreTranscript_Diff
                                        step( solve( !KU( skem_component(skem_spk(~senderSkA),
                                                                         skem_rpk(~receiverSkB), ~rhoS)
                                                     ) @ #vk.11 ) )
                                          case CoreTranscript_Diff
                                          MIRRORED
                                        next
                                          case c_skem_component
                                          by step( solve( !KU( ~rhoS ) @ #vk.14 ) )
                                        qed
                                      next
                                        case c_ekem_ct
                                        by step( solve( !KU( ~rhoK ) @ #vk.13 ) )
                                      qed
                                    next
                                      case c_lkem_ct
                                      by step( solve( !KU( ~rhoL ) @ #vk.13 ) )
                                    qed
                                  next
                                    case c_receiver_prekey
                                    step( solve( !KU( skem_rpk(~receiverSkB) ) @ #vk.12 ) )
                                      case c_skem_rpk
                                      by step( solve( !KU( ~receiverSkB ) @ #vk.15 ) )
                                    qed
                                  qed
                                next
                                  case c_sender_prekey
                                  step( solve( !KU( skem_spk(~senderSkA) ) @ #vk.12 ) )
                                    case c_skem_spk
                                    by step( solve( !KU( ~senderSkA ) @ #vk.14 ) )
                                  qed
                                qed
                              next
                                case c_pk
                                step( solve( !KU( spk(~sigSkB) ) @ #vk.12 ) )
                                  case c_spk
                                  by step( solve( !KU( ~sigSkB ) @ #vk.14 ) )
                                qed
                              qed
                            next
                              case CoreTranscript_Diff_case_2
                              step( solve( !KU( pk(spk(~sigSkB), kpk(~kemSkB)) ) @ #vk.6 ) )
                                case CoreTranscript_Diff_case_1
                                step( solve( !KU( sender_prekey(skem_spk(~senderSkA),
                                                                sign(~sigSkA,
                                                                     sender_payload(skem_spk(~senderSkA))))
                                             ) @ #vk.7 ) )
                                  case CoreTranscript_Diff_case_1
                                  step( solve( !KU( receiver_prekey(skem_rpk(~receiverSkB),
                                                                    ekpk(~receiverEskB),
                                                                    sign(~sigSkB,
                                                                         receiver_payload(skem_rpk(~receiverSkB),
                                                                                          ekpk(~receiverEskB))))
                                               ) @ #vk.8 ) )
                                    case CoreTranscript_Diff_case_1
                                    step( solve( !KU( lkem_ct(kpk(~kemSkB), ~rhoL) ) @ #vk.9 ) )
                                      case CoreTranscript_Diff
                                      step( solve( !KU( ekem_ct(ekpk(~receiverEskB), ~rhoK) ) @ #vk.10 ) )
                                        case CoreTranscript_Diff
                                        step( solve( !KU( skem_component(skem_spk(~senderSkA),
                                                                         skem_rpk(~receiverSkB), ~rhoS)
                                                     ) @ #vk.11 ) )
                                          case CoreTranscript_Diff
                                          MIRRORED
                                        next
                                          case c_skem_component
                                          by step( solve( !KU( ~rhoS ) @ #vk.14 ) )
                                        qed
                                      next
                                        case c_ekem_ct
                                        by step( solve( !KU( ~rhoK ) @ #vk.13 ) )
                                      qed
                                    next
                                      case c_lkem_ct
                                      by step( solve( !KU( ~rhoL ) @ #vk.13 ) )
                                    qed
                                  next
                                    case CoreTranscript_Diff_case_2
                                    step( solve( !KU( lkem_ct(kpk(~kemSkB), ~rhoL) ) @ #vk.9 ) )
                                      case CoreTranscript_Diff
                                      step( solve( !KU( ekem_ct(ekpk(~receiverEskB), ~rhoK) ) @ #vk.10 ) )
                                        case CoreTranscript_Diff
                                        step( solve( !KU( skem_component(skem_spk(~senderSkA),
                                                                         skem_rpk(~receiverSkB), ~rhoS)
                                                     ) @ #vk.11 ) )
                                          case CoreTranscript_Diff
                                          MIRRORED
                                        next
                                          case c_skem_component
                                          by step( solve( !KU( ~rhoS ) @ #vk.14 ) )
                                        qed
                                      next
                                        case c_ekem_ct
                                        by step( solve( !KU( ~rhoK ) @ #vk.13 ) )
                                      qed
                                    next
                                      case c_lkem_ct
                                      by step( solve( !KU( ~rhoL ) @ #vk.13 ) )
                                    qed
                                  next
                                    case c_receiver_prekey
                                    step( solve( !KU( skem_rpk(~receiverSkB) ) @ #vk.12 ) )
                                      case c_skem_rpk
                                      by step( solve( !KU( ~receiverSkB ) @ #vk.15 ) )
                                    qed
                                  qed
                                next
                                  case CoreTranscript_Diff_case_2
                                  step( solve( !KU( receiver_prekey(skem_rpk(~receiverSkB),
                                                                    ekpk(~receiverEskB),
                                                                    sign(~sigSkB,
                                                                         receiver_payload(skem_rpk(~receiverSkB),
                                                                                          ekpk(~receiverEskB))))
                                               ) @ #vk.8 ) )
                                    case CoreTranscript_Diff_case_1
                                    step( solve( !KU( lkem_ct(kpk(~kemSkB), ~rhoL) ) @ #vk.9 ) )
                                      case CoreTranscript_Diff
                                      step( solve( !KU( ekem_ct(ekpk(~receiverEskB), ~rhoK) ) @ #vk.10 ) )
                                        case CoreTranscript_Diff
                                        step( solve( !KU( skem_component(skem_spk(~senderSkA),
                                                                         skem_rpk(~receiverSkB), ~rhoS)
                                                     ) @ #vk.11 ) )
                                          case CoreTranscript_Diff
                                          MIRRORED
                                        next
                                          case c_skem_component
                                          by step( solve( !KU( ~rhoS ) @ #vk.14 ) )
                                        qed
                                      next
                                        case c_ekem_ct
                                        by step( solve( !KU( ~rhoK ) @ #vk.13 ) )
                                      qed
                                    next
                                      case c_lkem_ct
                                      by step( solve( !KU( ~rhoL ) @ #vk.13 ) )
                                    qed
                                  next
                                    case CoreTranscript_Diff_case_2
                                    step( solve( !KU( lkem_ct(kpk(~kemSkB), ~rhoL) ) @ #vk.9 ) )
                                      case CoreTranscript_Diff
                                      step( solve( !KU( ekem_ct(ekpk(~receiverEskB), ~rhoK) ) @ #vk.10 ) )
                                        case CoreTranscript_Diff
                                        step( solve( !KU( skem_component(skem_spk(~senderSkA),
                                                                         skem_rpk(~receiverSkB), ~rhoS)
                                                     ) @ #vk.11 ) )
                                          case CoreTranscript_Diff
                                          MIRRORED
                                        next
                                          case c_skem_component
                                          by step( solve( !KU( ~rhoS ) @ #vk.14 ) )
                                        qed
                                      next
                                        case c_ekem_ct
                                        by step( solve( !KU( ~rhoK ) @ #vk.13 ) )
                                      qed
                                    next
                                      case c_lkem_ct
                                      by step( solve( !KU( ~rhoL ) @ #vk.13 ) )
                                    qed
                                  next
                                    case c_receiver_prekey
                                    step( solve( !KU( skem_rpk(~receiverSkB) ) @ #vk.12 ) )
                                      case c_skem_rpk
                                      by step( solve( !KU( ~receiverSkB ) @ #vk.15 ) )
                                    qed
                                  qed
                                next
                                  case c_sender_prekey
                                  step( solve( !KU( skem_spk(~senderSkA) ) @ #vk.12 ) )
                                    case c_skem_spk
                                    by step( solve( !KU( ~senderSkA ) @ #vk.14 ) )
                                  qed
                                qed
                              next
                                case CoreTranscript_Diff_case_2
                                step( solve( !KU( sender_prekey(skem_spk(~senderSkA),
                                                                sign(~sigSkA,
                                                                     sender_payload(skem_spk(~senderSkA))))
                                             ) @ #vk.7 ) )
                                  case CoreTranscript_Diff_case_1
                                  step( solve( !KU( receiver_prekey(skem_rpk(~receiverSkB),
                                                                    ekpk(~receiverEskB),
                                                                    sign(~sigSkB,
                                                                         receiver_payload(skem_rpk(~receiverSkB),
                                                                                          ekpk(~receiverEskB))))
                                               ) @ #vk.8 ) )
                                    case CoreTranscript_Diff_case_1
                                    step( solve( !KU( lkem_ct(kpk(~kemSkB), ~rhoL) ) @ #vk.9 ) )
                                      case CoreTranscript_Diff
                                      step( solve( !KU( ekem_ct(ekpk(~receiverEskB), ~rhoK) ) @ #vk.10 ) )
                                        case CoreTranscript_Diff
                                        step( solve( !KU( skem_component(skem_spk(~senderSkA),
                                                                         skem_rpk(~receiverSkB), ~rhoS)
                                                     ) @ #vk.11 ) )
                                          case CoreTranscript_Diff
                                          MIRRORED
                                        next
                                          case c_skem_component
                                          by step( solve( !KU( ~rhoS ) @ #vk.14 ) )
                                        qed
                                      next
                                        case c_ekem_ct
                                        by step( solve( !KU( ~rhoK ) @ #vk.13 ) )
                                      qed
                                    next
                                      case c_lkem_ct
                                      by step( solve( !KU( ~rhoL ) @ #vk.13 ) )
                                    qed
                                  next
                                    case CoreTranscript_Diff_case_2
                                    step( solve( !KU( lkem_ct(kpk(~kemSkB), ~rhoL) ) @ #vk.9 ) )
                                      case CoreTranscript_Diff
                                      step( solve( !KU( ekem_ct(ekpk(~receiverEskB), ~rhoK) ) @ #vk.10 ) )
                                        case CoreTranscript_Diff
                                        step( solve( !KU( skem_component(skem_spk(~senderSkA),
                                                                         skem_rpk(~receiverSkB), ~rhoS)
                                                     ) @ #vk.11 ) )
                                          case CoreTranscript_Diff
                                          MIRRORED
                                        next
                                          case c_skem_component
                                          by step( solve( !KU( ~rhoS ) @ #vk.14 ) )
                                        qed
                                      next
                                        case c_ekem_ct
                                        by step( solve( !KU( ~rhoK ) @ #vk.13 ) )
                                      qed
                                    next
                                      case c_lkem_ct
                                      by step( solve( !KU( ~rhoL ) @ #vk.13 ) )
                                    qed
                                  next
                                    case c_receiver_prekey
                                    step( solve( !KU( skem_rpk(~receiverSkB) ) @ #vk.12 ) )
                                      case c_skem_rpk
                                      by step( solve( !KU( ~receiverSkB ) @ #vk.15 ) )
                                    qed
                                  qed
                                next
                                  case CoreTranscript_Diff_case_2
                                  step( solve( !KU( receiver_prekey(skem_rpk(~receiverSkB),
                                                                    ekpk(~receiverEskB),
                                                                    sign(~sigSkB,
                                                                         receiver_payload(skem_rpk(~receiverSkB),
                                                                                          ekpk(~receiverEskB))))
                                               ) @ #vk.8 ) )
                                    case CoreTranscript_Diff_case_1
                                    step( solve( !KU( lkem_ct(kpk(~kemSkB), ~rhoL) ) @ #vk.9 ) )
                                      case CoreTranscript_Diff
                                      step( solve( !KU( ekem_ct(ekpk(~receiverEskB), ~rhoK) ) @ #vk.10 ) )
                                        case CoreTranscript_Diff
                                        step( solve( !KU( skem_component(skem_spk(~senderSkA),
                                                                         skem_rpk(~receiverSkB), ~rhoS)
                                                     ) @ #vk.11 ) )
                                          case CoreTranscript_Diff
                                          MIRRORED
                                        next
                                          case c_skem_component
                                          by step( solve( !KU( ~rhoS ) @ #vk.14 ) )
                                        qed
                                      next
                                        case c_ekem_ct
                                        by step( solve( !KU( ~rhoK ) @ #vk.13 ) )
                                      qed
                                    next
                                      case c_lkem_ct
                                      by step( solve( !KU( ~rhoL ) @ #vk.13 ) )
                                    qed
                                  next
                                    case CoreTranscript_Diff_case_2
                                    step( solve( !KU( lkem_ct(kpk(~kemSkB), ~rhoL) ) @ #vk.9 ) )
                                      case CoreTranscript_Diff
                                      step( solve( !KU( ekem_ct(ekpk(~receiverEskB), ~rhoK) ) @ #vk.10 ) )
                                        case CoreTranscript_Diff
                                        step( solve( !KU( skem_component(skem_spk(~senderSkA),
                                                                         skem_rpk(~receiverSkB), ~rhoS)
                                                     ) @ #vk.11 ) )
                                          case CoreTranscript_Diff
                                          MIRRORED
                                        next
                                          case c_skem_component
                                          by step( solve( !KU( ~rhoS ) @ #vk.14 ) )
                                        qed
                                      next
                                        case c_ekem_ct
                                        by step( solve( !KU( ~rhoK ) @ #vk.13 ) )
                                      qed
                                    next
                                      case c_lkem_ct
                                      by step( solve( !KU( ~rhoL ) @ #vk.13 ) )
                                    qed
                                  next
                                    case c_receiver_prekey
                                    step( solve( !KU( skem_rpk(~receiverSkB) ) @ #vk.12 ) )
                                      case c_skem_rpk
                                      by step( solve( !KU( ~receiverSkB ) @ #vk.15 ) )
                                    qed
                                  qed
                                next
                                  case c_sender_prekey
                                  step( solve( !KU( skem_spk(~senderSkA) ) @ #vk.12 ) )
                                    case c_skem_spk
                                    by step( solve( !KU( ~senderSkA ) @ #vk.14 ) )
                                  qed
                                qed
                              next
                                case c_pk
                                step( solve( !KU( spk(~sigSkB) ) @ #vk.12 ) )
                                  case c_spk
                                  by step( solve( !KU( ~sigSkB ) @ #vk.14 ) )
                                qed
                              qed
                            next
                              case c_pk
                              step( solve( !KU( spk(~sigSkA) ) @ #vk.12 ) )
                                case c_spk
                                by step( solve( !KU( ~sigSkA ) @ #vk.14 ) )
                              qed
                            qed
                          qed
                        qed
                      qed
                    qed
                  next
                    case pair
                    step( solve( !KU( lkem_ct(kpk(~kemSkB), ~rhoL) ) @ #vk.3 ) )
                      case CoreTranscript_Diff
                      step( solve( !KU( ekem_ct(ekpk(~receiverEskB), ~rhoK) ) @ #vk.4 ) )
                        case CoreTranscript_Diff
                        step( solve( !KU( skem_component(skem_spk(~senderSkA),
                                                         skem_rpk(~receiverSkB), ~rhoS)
                                     ) @ #vk.5 ) )
                          case CoreTranscript_Diff
                          step( solve( !KU( sid_of($A, $B, pk(spk(~sigSkA), kpk(~kemSkA)),
                                                   pk(spk(~sigSkB), kpk(~kemSkB)),
                                                   sender_prekey(skem_spk(~senderSkA),
                                                                 sign(~sigSkA,
                                                                      sender_payload(skem_spk(~senderSkA)))),
                                                   receiver_prekey(skem_rpk(~receiverSkB),
                                                                   ekpk(~receiverEskB),
                                                                   sign(~sigSkB,
                                                                        receiver_payload(skem_rpk(~receiverSkB),
                                                                                         ekpk(~receiverEskB)))),
                                                   <lkem_ct(kpk(~kemSkB), ~rhoL), 
                                                    ekem_ct(ekpk(~receiverEskB), ~rhoK), 
                                                    skem_component(skem_spk(~senderSkA),
                                                                   skem_rpk(~receiverSkB), ~rhoS)
                                                   >)
                                       ) @ #vk.6 ) )
                            case CoreTranscript_Diff_case_1
                            MIRRORED
                          next
                            case CoreTranscript_Diff_case_2
                            MIRRORED
                          next
                            case c_sid_of
                            step( solve( !KU( $A ) @ #vk.7 ) )
                              case coerce
                              step( solve( !KD( $A ) ▶₀ #vk.7 ) )
                                case CoreTranscript_Diff_case_1
                                by step( contradiction /* impossible chain */ )
                              next
                                case CoreTranscript_Diff_case_2
                                by step( contradiction /* impossible chain */ )
                              next
                                case CoreTranscript_Diff_case_3
                                by step( contradiction /* impossible chain */ )
                              next
                                case CoreTranscript_Diff_case_4
                                by step( contradiction /* impossible chain */ )
                              next
                                case CoreTranscript_Diff_case_5
                                by step( contradiction /* impossible chain */ )
                              next
                                case CoreTranscript_Diff_case_6
                                by step( contradiction /* impossible chain */ )
                              qed
                            next
                              case pub
                              step( solve( !KU( $B ) @ #vk.8 ) )
                                case coerce
                                step( solve( !KD( $B ) ▶₀ #vk.8 ) )
                                  case CoreTranscript_Diff_case_1
                                  by step( contradiction /* impossible chain */ )
                                next
                                  case CoreTranscript_Diff_case_2
                                  by step( contradiction /* impossible chain */ )
                                next
                                  case CoreTranscript_Diff_case_3
                                  by step( contradiction /* impossible chain */ )
                                next
                                  case CoreTranscript_Diff_case_4
                                  by step( contradiction /* impossible chain */ )
                                next
                                  case CoreTranscript_Diff_case_5
                                  by step( contradiction /* impossible chain */ )
                                next
                                  case CoreTranscript_Diff_case_6
                                  by step( contradiction /* impossible chain */ )
                                qed
                              next
                                case pub
                                step( solve( !KU( pk(spk(~sigSkA), kpk(~kemSkA)) ) @ #vk.9 ) )
                                  case CoreTranscript_Diff_case_1
                                  step( solve( !KU( pk(spk(~sigSkB), kpk(~kemSkB)) ) @ #vk.10 ) )
                                    case CoreTranscript_Diff_case_1
                                    step( solve( !KU( sender_prekey(skem_spk(~senderSkA),
                                                                    sign(~sigSkA,
                                                                         sender_payload(skem_spk(~senderSkA))))
                                                 ) @ #vk.11 ) )
                                      case CoreTranscript_Diff_case_1
                                      step( solve( !KU( receiver_prekey(skem_rpk(~receiverSkB),
                                                                        ekpk(~receiverEskB),
                                                                        sign(~sigSkB,
                                                                             receiver_payload(skem_rpk(~receiverSkB),
                                                                                              ekpk(~receiverEskB))))
                                                   ) @ #vk.12 ) )
                                        case CoreTranscript_Diff_case_1
                                        MIRRORED
                                      next
                                        case CoreTranscript_Diff_case_2
                                        MIRRORED
                                      next
                                        case c_receiver_prekey
                                        step( solve( !KU( skem_rpk(~receiverSkB) ) @ #vk.13 ) )
                                          case c_skem_rpk
                                          by step( solve( !KU( ~receiverSkB ) @ #vk.16 ) )
                                        qed
                                      qed
                                    next
                                      case CoreTranscript_Diff_case_2
                                      step( solve( !KU( receiver_prekey(skem_rpk(~receiverSkB),
                                                                        ekpk(~receiverEskB),
                                                                        sign(~sigSkB,
                                                                             receiver_payload(skem_rpk(~receiverSkB),
                                                                                              ekpk(~receiverEskB))))
                                                   ) @ #vk.12 ) )
                                        case CoreTranscript_Diff_case_1
                                        MIRRORED
                                      next
                                        case CoreTranscript_Diff_case_2
                                        MIRRORED
                                      next
                                        case c_receiver_prekey
                                        step( solve( !KU( skem_rpk(~receiverSkB) ) @ #vk.13 ) )
                                          case c_skem_rpk
                                          by step( solve( !KU( ~receiverSkB ) @ #vk.16 ) )
                                        qed
                                      qed
                                    next
                                      case c_sender_prekey
                                      step( solve( !KU( skem_spk(~senderSkA) ) @ #vk.13 ) )
                                        case c_skem_spk
                                        by step( solve( !KU( ~senderSkA ) @ #vk.15 ) )
                                      qed
                                    qed
                                  next
                                    case CoreTranscript_Diff_case_2
                                    step( solve( !KU( sender_prekey(skem_spk(~senderSkA),
                                                                    sign(~sigSkA,
                                                                         sender_payload(skem_spk(~senderSkA))))
                                                 ) @ #vk.11 ) )
                                      case CoreTranscript_Diff_case_1
                                      step( solve( !KU( receiver_prekey(skem_rpk(~receiverSkB),
                                                                        ekpk(~receiverEskB),
                                                                        sign(~sigSkB,
                                                                             receiver_payload(skem_rpk(~receiverSkB),
                                                                                              ekpk(~receiverEskB))))
                                                   ) @ #vk.12 ) )
                                        case CoreTranscript_Diff_case_1
                                        MIRRORED
                                      next
                                        case CoreTranscript_Diff_case_2
                                        MIRRORED
                                      next
                                        case c_receiver_prekey
                                        step( solve( !KU( skem_rpk(~receiverSkB) ) @ #vk.13 ) )
                                          case c_skem_rpk
                                          by step( solve( !KU( ~receiverSkB ) @ #vk.16 ) )
                                        qed
                                      qed
                                    next
                                      case CoreTranscript_Diff_case_2
                                      step( solve( !KU( receiver_prekey(skem_rpk(~receiverSkB),
                                                                        ekpk(~receiverEskB),
                                                                        sign(~sigSkB,
                                                                             receiver_payload(skem_rpk(~receiverSkB),
                                                                                              ekpk(~receiverEskB))))
                                                   ) @ #vk.12 ) )
                                        case CoreTranscript_Diff_case_1
                                        MIRRORED
                                      next
                                        case CoreTranscript_Diff_case_2
                                        MIRRORED
                                      next
                                        case c_receiver_prekey
                                        step( solve( !KU( skem_rpk(~receiverSkB) ) @ #vk.13 ) )
                                          case c_skem_rpk
                                          by step( solve( !KU( ~receiverSkB ) @ #vk.16 ) )
                                        qed
                                      qed
                                    next
                                      case c_sender_prekey
                                      step( solve( !KU( skem_spk(~senderSkA) ) @ #vk.13 ) )
                                        case c_skem_spk
                                        by step( solve( !KU( ~senderSkA ) @ #vk.15 ) )
                                      qed
                                    qed
                                  next
                                    case c_pk
                                    step( solve( !KU( spk(~sigSkB) ) @ #vk.13 ) )
                                      case c_spk
                                      by step( solve( !KU( ~sigSkB ) @ #vk.15 ) )
                                    qed
                                  qed
                                next
                                  case CoreTranscript_Diff_case_2
                                  step( solve( !KU( pk(spk(~sigSkB), kpk(~kemSkB)) ) @ #vk.10 ) )
                                    case CoreTranscript_Diff_case_1
                                    step( solve( !KU( sender_prekey(skem_spk(~senderSkA),
                                                                    sign(~sigSkA,
                                                                         sender_payload(skem_spk(~senderSkA))))
                                                 ) @ #vk.11 ) )
                                      case CoreTranscript_Diff_case_1
                                      step( solve( !KU( receiver_prekey(skem_rpk(~receiverSkB),
                                                                        ekpk(~receiverEskB),
                                                                        sign(~sigSkB,
                                                                             receiver_payload(skem_rpk(~receiverSkB),
                                                                                              ekpk(~receiverEskB))))
                                                   ) @ #vk.12 ) )
                                        case CoreTranscript_Diff_case_1
                                        MIRRORED
                                      next
                                        case CoreTranscript_Diff_case_2
                                        MIRRORED
                                      next
                                        case c_receiver_prekey
                                        step( solve( !KU( skem_rpk(~receiverSkB) ) @ #vk.13 ) )
                                          case c_skem_rpk
                                          by step( solve( !KU( ~receiverSkB ) @ #vk.16 ) )
                                        qed
                                      qed
                                    next
                                      case CoreTranscript_Diff_case_2
                                      step( solve( !KU( receiver_prekey(skem_rpk(~receiverSkB),
                                                                        ekpk(~receiverEskB),
                                                                        sign(~sigSkB,
                                                                             receiver_payload(skem_rpk(~receiverSkB),
                                                                                              ekpk(~receiverEskB))))
                                                   ) @ #vk.12 ) )
                                        case CoreTranscript_Diff_case_1
                                        MIRRORED
                                      next
                                        case CoreTranscript_Diff_case_2
                                        MIRRORED
                                      next
                                        case c_receiver_prekey
                                        step( solve( !KU( skem_rpk(~receiverSkB) ) @ #vk.13 ) )
                                          case c_skem_rpk
                                          by step( solve( !KU( ~receiverSkB ) @ #vk.16 ) )
                                        qed
                                      qed
                                    next
                                      case c_sender_prekey
                                      step( solve( !KU( skem_spk(~senderSkA) ) @ #vk.13 ) )
                                        case c_skem_spk
                                        by step( solve( !KU( ~senderSkA ) @ #vk.15 ) )
                                      qed
                                    qed
                                  next
                                    case CoreTranscript_Diff_case_2
                                    step( solve( !KU( sender_prekey(skem_spk(~senderSkA),
                                                                    sign(~sigSkA,
                                                                         sender_payload(skem_spk(~senderSkA))))
                                                 ) @ #vk.11 ) )
                                      case CoreTranscript_Diff_case_1
                                      step( solve( !KU( receiver_prekey(skem_rpk(~receiverSkB),
                                                                        ekpk(~receiverEskB),
                                                                        sign(~sigSkB,
                                                                             receiver_payload(skem_rpk(~receiverSkB),
                                                                                              ekpk(~receiverEskB))))
                                                   ) @ #vk.12 ) )
                                        case CoreTranscript_Diff_case_1
                                        MIRRORED
                                      next
                                        case CoreTranscript_Diff_case_2
                                        MIRRORED
                                      next
                                        case c_receiver_prekey
                                        step( solve( !KU( skem_rpk(~receiverSkB) ) @ #vk.13 ) )
                                          case c_skem_rpk
                                          by step( solve( !KU( ~receiverSkB ) @ #vk.16 ) )
                                        qed
                                      qed
                                    next
                                      case CoreTranscript_Diff_case_2
                                      step( solve( !KU( receiver_prekey(skem_rpk(~receiverSkB),
                                                                        ekpk(~receiverEskB),
                                                                        sign(~sigSkB,
                                                                             receiver_payload(skem_rpk(~receiverSkB),
                                                                                              ekpk(~receiverEskB))))
                                                   ) @ #vk.12 ) )
                                        case CoreTranscript_Diff_case_1
                                        MIRRORED
                                      next
                                        case CoreTranscript_Diff_case_2
                                        MIRRORED
                                      next
                                        case c_receiver_prekey
                                        step( solve( !KU( skem_rpk(~receiverSkB) ) @ #vk.13 ) )
                                          case c_skem_rpk
                                          by step( solve( !KU( ~receiverSkB ) @ #vk.16 ) )
                                        qed
                                      qed
                                    next
                                      case c_sender_prekey
                                      step( solve( !KU( skem_spk(~senderSkA) ) @ #vk.13 ) )
                                        case c_skem_spk
                                        by step( solve( !KU( ~senderSkA ) @ #vk.15 ) )
                                      qed
                                    qed
                                  next
                                    case c_pk
                                    step( solve( !KU( spk(~sigSkB) ) @ #vk.13 ) )
                                      case c_spk
                                      by step( solve( !KU( ~sigSkB ) @ #vk.15 ) )
                                    qed
                                  qed
                                next
                                  case c_pk
                                  step( solve( !KU( spk(~sigSkA) ) @ #vk.13 ) )
                                    case c_spk
                                    by step( solve( !KU( ~sigSkA ) @ #vk.15 ) )
                                  qed
                                qed
                              qed
                            qed
                          qed
                        next
                          case c_skem_component
                          by step( solve( !KU( ~rhoS ) @ #vk.9 ) )
                        qed
                      next
                        case c_ekem_ct
                        by step( solve( !KU( ~rhoK ) @ #vk.8 ) )
                      qed
                    next
                      case c_lkem_ct
                      by step( solve( !KU( ~rhoL ) @ #vk.8 ) )
                    qed
                  qed
                next
                  case pair
                  step( solve( !KU( receiver_prekey(skem_rpk(~receiverSkB),
                                                    ekpk(~receiverEskB),
                                                    sign(~sigSkB,
                                                         receiver_payload(skem_rpk(~receiverSkB),
                                                                          ekpk(~receiverEskB))))
                               ) @ #vk.4 ) )
                    case CoreTranscript_Diff_case_1
                    step( solve( !KU( lkem_ct(kpk(~kemSkB), ~rhoL) ) @ #vk.5 ) )
                      case CoreTranscript_Diff
                      step( solve( !KU( ekem_ct(ekpk(~receiverEskB), ~rhoK) ) @ #vk.6 ) )
                        case CoreTranscript_Diff
                        step( solve( !KU( skem_component(skem_spk(~senderSkA),
                                                         skem_rpk(~receiverSkB), ~rhoS)
                                     ) @ #vk.7 ) )
                          case CoreTranscript_Diff
                          step( solve( !KU( sid_of($A, $B, pk(spk(~sigSkA), kpk(~kemSkA)),
                                                   pk(spk(~sigSkB), kpk(~kemSkB)),
                                                   sender_prekey(skem_spk(~senderSkA),
                                                                 sign(~sigSkA,
                                                                      sender_payload(skem_spk(~senderSkA)))),
                                                   receiver_prekey(skem_rpk(~receiverSkB),
                                                                   ekpk(~receiverEskB),
                                                                   sign(~sigSkB,
                                                                        receiver_payload(skem_rpk(~receiverSkB),
                                                                                         ekpk(~receiverEskB)))),
                                                   <lkem_ct(kpk(~kemSkB), ~rhoL), 
                                                    ekem_ct(ekpk(~receiverEskB), ~rhoK), 
                                                    skem_component(skem_spk(~senderSkA),
                                                                   skem_rpk(~receiverSkB), ~rhoS)
                                                   >)
                                       ) @ #vk.8 ) )
                            case CoreTranscript_Diff_case_1
                            MIRRORED
                          next
                            case CoreTranscript_Diff_case_2
                            MIRRORED
                          next
                            case c_sid_of
                            step( solve( !KU( $A ) @ #vk.9 ) )
                              case coerce
                              step( solve( !KD( $A ) ▶₀ #vk.9 ) )
                                case CoreTranscript_Diff_case_1
                                by step( contradiction /* impossible chain */ )
                              next
                                case CoreTranscript_Diff_case_2
                                by step( contradiction /* impossible chain */ )
                              next
                                case CoreTranscript_Diff_case_3
                                by step( contradiction /* impossible chain */ )
                              next
                                case CoreTranscript_Diff_case_4
                                by step( contradiction /* impossible chain */ )
                              next
                                case CoreTranscript_Diff_case_5
                                by step( contradiction /* impossible chain */ )
                              next
                                case CoreTranscript_Diff_case_6
                                by step( contradiction /* impossible chain */ )
                              qed
                            next
                              case pub
                              step( solve( !KU( $B ) @ #vk.10 ) )
                                case coerce
                                step( solve( !KD( $B ) ▶₀ #vk.10 ) )
                                  case CoreTranscript_Diff_case_1
                                  by step( contradiction /* impossible chain */ )
                                next
                                  case CoreTranscript_Diff_case_2
                                  by step( contradiction /* impossible chain */ )
                                next
                                  case CoreTranscript_Diff_case_3
                                  by step( contradiction /* impossible chain */ )
                                next
                                  case CoreTranscript_Diff_case_4
                                  by step( contradiction /* impossible chain */ )
                                next
                                  case CoreTranscript_Diff_case_5
                                  by step( contradiction /* impossible chain */ )
                                next
                                  case CoreTranscript_Diff_case_6
                                  by step( contradiction /* impossible chain */ )
                                qed
                              next
                                case pub
                                step( solve( !KU( pk(spk(~sigSkA), kpk(~kemSkA)) ) @ #vk.11 ) )
                                  case CoreTranscript_Diff_case_1
                                  step( solve( !KU( pk(spk(~sigSkB), kpk(~kemSkB)) ) @ #vk.12 ) )
                                    case CoreTranscript_Diff_case_1
                                    step( solve( !KU( sender_prekey(skem_spk(~senderSkA),
                                                                    sign(~sigSkA,
                                                                         sender_payload(skem_spk(~senderSkA))))
                                                 ) @ #vk.13 ) )
                                      case CoreTranscript_Diff_case_1
                                      MIRRORED
                                    next
                                      case CoreTranscript_Diff_case_2
                                      MIRRORED
                                    next
                                      case c_sender_prekey
                                      step( solve( !KU( skem_spk(~senderSkA) ) @ #vk.14 ) )
                                        case c_skem_spk
                                        by step( solve( !KU( ~senderSkA ) @ #vk.16 ) )
                                      qed
                                    qed
                                  next
                                    case CoreTranscript_Diff_case_2
                                    step( solve( !KU( sender_prekey(skem_spk(~senderSkA),
                                                                    sign(~sigSkA,
                                                                         sender_payload(skem_spk(~senderSkA))))
                                                 ) @ #vk.13 ) )
                                      case CoreTranscript_Diff_case_1
                                      MIRRORED
                                    next
                                      case CoreTranscript_Diff_case_2
                                      MIRRORED
                                    next
                                      case c_sender_prekey
                                      step( solve( !KU( skem_spk(~senderSkA) ) @ #vk.14 ) )
                                        case c_skem_spk
                                        by step( solve( !KU( ~senderSkA ) @ #vk.16 ) )
                                      qed
                                    qed
                                  next
                                    case c_pk
                                    step( solve( !KU( spk(~sigSkB) ) @ #vk.14 ) )
                                      case c_spk
                                      by step( solve( !KU( ~sigSkB ) @ #vk.16 ) )
                                    qed
                                  qed
                                next
                                  case CoreTranscript_Diff_case_2
                                  step( solve( !KU( pk(spk(~sigSkB), kpk(~kemSkB)) ) @ #vk.12 ) )
                                    case CoreTranscript_Diff_case_1
                                    step( solve( !KU( sender_prekey(skem_spk(~senderSkA),
                                                                    sign(~sigSkA,
                                                                         sender_payload(skem_spk(~senderSkA))))
                                                 ) @ #vk.13 ) )
                                      case CoreTranscript_Diff_case_1
                                      MIRRORED
                                    next
                                      case CoreTranscript_Diff_case_2
                                      MIRRORED
                                    next
                                      case c_sender_prekey
                                      step( solve( !KU( skem_spk(~senderSkA) ) @ #vk.14 ) )
                                        case c_skem_spk
                                        by step( solve( !KU( ~senderSkA ) @ #vk.16 ) )
                                      qed
                                    qed
                                  next
                                    case CoreTranscript_Diff_case_2
                                    step( solve( !KU( sender_prekey(skem_spk(~senderSkA),
                                                                    sign(~sigSkA,
                                                                         sender_payload(skem_spk(~senderSkA))))
                                                 ) @ #vk.13 ) )
                                      case CoreTranscript_Diff_case_1
                                      MIRRORED
                                    next
                                      case CoreTranscript_Diff_case_2
                                      MIRRORED
                                    next
                                      case c_sender_prekey
                                      step( solve( !KU( skem_spk(~senderSkA) ) @ #vk.14 ) )
                                        case c_skem_spk
                                        by step( solve( !KU( ~senderSkA ) @ #vk.16 ) )
                                      qed
                                    qed
                                  next
                                    case c_pk
                                    step( solve( !KU( spk(~sigSkB) ) @ #vk.14 ) )
                                      case c_spk
                                      by step( solve( !KU( ~sigSkB ) @ #vk.16 ) )
                                    qed
                                  qed
                                next
                                  case c_pk
                                  step( solve( !KU( spk(~sigSkA) ) @ #vk.14 ) )
                                    case c_spk
                                    by step( solve( !KU( ~sigSkA ) @ #vk.16 ) )
                                  qed
                                qed
                              qed
                            qed
                          qed
                        next
                          case c_skem_component
                          by step( solve( !KU( ~rhoS ) @ #vk.11 ) )
                        qed
                      next
                        case c_ekem_ct
                        by step( solve( !KU( ~rhoK ) @ #vk.10 ) )
                      qed
                    next
                      case c_lkem_ct
                      by step( solve( !KU( ~rhoL ) @ #vk.10 ) )
                    qed
                  next
                    case CoreTranscript_Diff_case_2
                    step( solve( !KU( lkem_ct(kpk(~kemSkB), ~rhoL) ) @ #vk.5 ) )
                      case CoreTranscript_Diff
                      step( solve( !KU( ekem_ct(ekpk(~receiverEskB), ~rhoK) ) @ #vk.6 ) )
                        case CoreTranscript_Diff
                        step( solve( !KU( skem_component(skem_spk(~senderSkA),
                                                         skem_rpk(~receiverSkB), ~rhoS)
                                     ) @ #vk.7 ) )
                          case CoreTranscript_Diff
                          step( solve( !KU( sid_of($A, $B, pk(spk(~sigSkA), kpk(~kemSkA)),
                                                   pk(spk(~sigSkB), kpk(~kemSkB)),
                                                   sender_prekey(skem_spk(~senderSkA),
                                                                 sign(~sigSkA,
                                                                      sender_payload(skem_spk(~senderSkA)))),
                                                   receiver_prekey(skem_rpk(~receiverSkB),
                                                                   ekpk(~receiverEskB),
                                                                   sign(~sigSkB,
                                                                        receiver_payload(skem_rpk(~receiverSkB),
                                                                                         ekpk(~receiverEskB)))),
                                                   <lkem_ct(kpk(~kemSkB), ~rhoL), 
                                                    ekem_ct(ekpk(~receiverEskB), ~rhoK), 
                                                    skem_component(skem_spk(~senderSkA),
                                                                   skem_rpk(~receiverSkB), ~rhoS)
                                                   >)
                                       ) @ #vk.8 ) )
                            case CoreTranscript_Diff_case_1
                            MIRRORED
                          next
                            case CoreTranscript_Diff_case_2
                            MIRRORED
                          next
                            case c_sid_of
                            step( solve( !KU( $A ) @ #vk.9 ) )
                              case coerce
                              step( solve( !KD( $A ) ▶₀ #vk.9 ) )
                                case CoreTranscript_Diff_case_1
                                by step( contradiction /* impossible chain */ )
                              next
                                case CoreTranscript_Diff_case_2
                                by step( contradiction /* impossible chain */ )
                              next
                                case CoreTranscript_Diff_case_3
                                by step( contradiction /* impossible chain */ )
                              next
                                case CoreTranscript_Diff_case_4
                                by step( contradiction /* impossible chain */ )
                              next
                                case CoreTranscript_Diff_case_5
                                by step( contradiction /* impossible chain */ )
                              next
                                case CoreTranscript_Diff_case_6
                                by step( contradiction /* impossible chain */ )
                              qed
                            next
                              case pub
                              step( solve( !KU( $B ) @ #vk.10 ) )
                                case coerce
                                step( solve( !KD( $B ) ▶₀ #vk.10 ) )
                                  case CoreTranscript_Diff_case_1
                                  by step( contradiction /* impossible chain */ )
                                next
                                  case CoreTranscript_Diff_case_2
                                  by step( contradiction /* impossible chain */ )
                                next
                                  case CoreTranscript_Diff_case_3
                                  by step( contradiction /* impossible chain */ )
                                next
                                  case CoreTranscript_Diff_case_4
                                  by step( contradiction /* impossible chain */ )
                                next
                                  case CoreTranscript_Diff_case_5
                                  by step( contradiction /* impossible chain */ )
                                next
                                  case CoreTranscript_Diff_case_6
                                  by step( contradiction /* impossible chain */ )
                                qed
                              next
                                case pub
                                step( solve( !KU( pk(spk(~sigSkA), kpk(~kemSkA)) ) @ #vk.11 ) )
                                  case CoreTranscript_Diff_case_1
                                  step( solve( !KU( pk(spk(~sigSkB), kpk(~kemSkB)) ) @ #vk.12 ) )
                                    case CoreTranscript_Diff_case_1
                                    step( solve( !KU( sender_prekey(skem_spk(~senderSkA),
                                                                    sign(~sigSkA,
                                                                         sender_payload(skem_spk(~senderSkA))))
                                                 ) @ #vk.13 ) )
                                      case CoreTranscript_Diff_case_1
                                      MIRRORED
                                    next
                                      case CoreTranscript_Diff_case_2
                                      MIRRORED
                                    next
                                      case c_sender_prekey
                                      step( solve( !KU( skem_spk(~senderSkA) ) @ #vk.14 ) )
                                        case c_skem_spk
                                        by step( solve( !KU( ~senderSkA ) @ #vk.16 ) )
                                      qed
                                    qed
                                  next
                                    case CoreTranscript_Diff_case_2
                                    step( solve( !KU( sender_prekey(skem_spk(~senderSkA),
                                                                    sign(~sigSkA,
                                                                         sender_payload(skem_spk(~senderSkA))))
                                                 ) @ #vk.13 ) )
                                      case CoreTranscript_Diff_case_1
                                      MIRRORED
                                    next
                                      case CoreTranscript_Diff_case_2
                                      MIRRORED
                                    next
                                      case c_sender_prekey
                                      step( solve( !KU( skem_spk(~senderSkA) ) @ #vk.14 ) )
                                        case c_skem_spk
                                        by step( solve( !KU( ~senderSkA ) @ #vk.16 ) )
                                      qed
                                    qed
                                  next
                                    case c_pk
                                    step( solve( !KU( spk(~sigSkB) ) @ #vk.14 ) )
                                      case c_spk
                                      by step( solve( !KU( ~sigSkB ) @ #vk.16 ) )
                                    qed
                                  qed
                                next
                                  case CoreTranscript_Diff_case_2
                                  step( solve( !KU( pk(spk(~sigSkB), kpk(~kemSkB)) ) @ #vk.12 ) )
                                    case CoreTranscript_Diff_case_1
                                    step( solve( !KU( sender_prekey(skem_spk(~senderSkA),
                                                                    sign(~sigSkA,
                                                                         sender_payload(skem_spk(~senderSkA))))
                                                 ) @ #vk.13 ) )
                                      case CoreTranscript_Diff_case_1
                                      MIRRORED
                                    next
                                      case CoreTranscript_Diff_case_2
                                      MIRRORED
                                    next
                                      case c_sender_prekey
                                      step( solve( !KU( skem_spk(~senderSkA) ) @ #vk.14 ) )
                                        case c_skem_spk
                                        by step( solve( !KU( ~senderSkA ) @ #vk.16 ) )
                                      qed
                                    qed
                                  next
                                    case CoreTranscript_Diff_case_2
                                    step( solve( !KU( sender_prekey(skem_spk(~senderSkA),
                                                                    sign(~sigSkA,
                                                                         sender_payload(skem_spk(~senderSkA))))
                                                 ) @ #vk.13 ) )
                                      case CoreTranscript_Diff_case_1
                                      MIRRORED
                                    next
                                      case CoreTranscript_Diff_case_2
                                      MIRRORED
                                    next
                                      case c_sender_prekey
                                      step( solve( !KU( skem_spk(~senderSkA) ) @ #vk.14 ) )
                                        case c_skem_spk
                                        by step( solve( !KU( ~senderSkA ) @ #vk.16 ) )
                                      qed
                                    qed
                                  next
                                    case c_pk
                                    step( solve( !KU( spk(~sigSkB) ) @ #vk.14 ) )
                                      case c_spk
                                      by step( solve( !KU( ~sigSkB ) @ #vk.16 ) )
                                    qed
                                  qed
                                next
                                  case c_pk
                                  step( solve( !KU( spk(~sigSkA) ) @ #vk.14 ) )
                                    case c_spk
                                    by step( solve( !KU( ~sigSkA ) @ #vk.16 ) )
                                  qed
                                qed
                              qed
                            qed
                          qed
                        next
                          case c_skem_component
                          by step( solve( !KU( ~rhoS ) @ #vk.11 ) )
                        qed
                      next
                        case c_ekem_ct
                        by step( solve( !KU( ~rhoK ) @ #vk.10 ) )
                      qed
                    next
                      case c_lkem_ct
                      by step( solve( !KU( ~rhoL ) @ #vk.10 ) )
                    qed
                  next
                    case c_receiver_prekey
                    step( solve( !KU( skem_rpk(~receiverSkB) ) @ #vk.9 ) )
                      case c_skem_rpk
                      by step( solve( !KU( ~receiverSkB ) @ #vk.12 ) )
                    qed
                  qed
                qed
              next
                case pair
                step( solve( !KU( sender_prekey(skem_spk(~senderSkA),
                                                sign(~sigSkA, sender_payload(skem_spk(~senderSkA))))
                             ) @ #vk.5 ) )
                  case CoreTranscript_Diff_case_1
                  step( solve( !KU( receiver_prekey(skem_rpk(~receiverSkB),
                                                    ekpk(~receiverEskB),
                                                    sign(~sigSkB,
                                                         receiver_payload(skem_rpk(~receiverSkB),
                                                                          ekpk(~receiverEskB))))
                               ) @ #vk.6 ) )
                    case CoreTranscript_Diff_case_1
                    step( solve( !KU( lkem_ct(kpk(~kemSkB), ~rhoL) ) @ #vk.7 ) )
                      case CoreTranscript_Diff
                      step( solve( !KU( ekem_ct(ekpk(~receiverEskB), ~rhoK) ) @ #vk.8 ) )
                        case CoreTranscript_Diff
                        step( solve( !KU( skem_component(skem_spk(~senderSkA),
                                                         skem_rpk(~receiverSkB), ~rhoS)
                                     ) @ #vk.9 ) )
                          case CoreTranscript_Diff
                          step( solve( !KU( sid_of($A, $B, pk(spk(~sigSkA), kpk(~kemSkA)),
                                                   pk(spk(~sigSkB), kpk(~kemSkB)),
                                                   sender_prekey(skem_spk(~senderSkA),
                                                                 sign(~sigSkA,
                                                                      sender_payload(skem_spk(~senderSkA)))),
                                                   receiver_prekey(skem_rpk(~receiverSkB),
                                                                   ekpk(~receiverEskB),
                                                                   sign(~sigSkB,
                                                                        receiver_payload(skem_rpk(~receiverSkB),
                                                                                         ekpk(~receiverEskB)))),
                                                   <lkem_ct(kpk(~kemSkB), ~rhoL), 
                                                    ekem_ct(ekpk(~receiverEskB), ~rhoK), 
                                                    skem_component(skem_spk(~senderSkA),
                                                                   skem_rpk(~receiverSkB), ~rhoS)
                                                   >)
                                       ) @ #vk.10 ) )
                            case CoreTranscript_Diff_case_1
                            MIRRORED
                          next
                            case CoreTranscript_Diff_case_2
                            MIRRORED
                          next
                            case c_sid_of
                            step( solve( !KU( $A ) @ #vk.11 ) )
                              case coerce
                              step( solve( !KD( $A ) ▶₀ #vk.11 ) )
                                case CoreTranscript_Diff_case_1
                                by step( contradiction /* impossible chain */ )
                              next
                                case CoreTranscript_Diff_case_2
                                by step( contradiction /* impossible chain */ )
                              next
                                case CoreTranscript_Diff_case_3
                                by step( contradiction /* impossible chain */ )
                              next
                                case CoreTranscript_Diff_case_4
                                by step( contradiction /* impossible chain */ )
                              next
                                case CoreTranscript_Diff_case_5
                                by step( contradiction /* impossible chain */ )
                              next
                                case CoreTranscript_Diff_case_6
                                by step( contradiction /* impossible chain */ )
                              qed
                            next
                              case pub
                              step( solve( !KU( $B ) @ #vk.12 ) )
                                case coerce
                                step( solve( !KD( $B ) ▶₀ #vk.12 ) )
                                  case CoreTranscript_Diff_case_1
                                  by step( contradiction /* impossible chain */ )
                                next
                                  case CoreTranscript_Diff_case_2
                                  by step( contradiction /* impossible chain */ )
                                next
                                  case CoreTranscript_Diff_case_3
                                  by step( contradiction /* impossible chain */ )
                                next
                                  case CoreTranscript_Diff_case_4
                                  by step( contradiction /* impossible chain */ )
                                next
                                  case CoreTranscript_Diff_case_5
                                  by step( contradiction /* impossible chain */ )
                                next
                                  case CoreTranscript_Diff_case_6
                                  by step( contradiction /* impossible chain */ )
                                qed
                              next
                                case pub
                                step( solve( !KU( pk(spk(~sigSkA), kpk(~kemSkA)) ) @ #vk.13 ) )
                                  case CoreTranscript_Diff_case_1
                                  step( solve( !KU( pk(spk(~sigSkB), kpk(~kemSkB)) ) @ #vk.14 ) )
                                    case CoreTranscript_Diff_case_1
                                    MIRRORED
                                  next
                                    case CoreTranscript_Diff_case_2
                                    MIRRORED
                                  next
                                    case c_pk
                                    step( solve( !KU( spk(~sigSkB) ) @ #vk.15 ) )
                                      case c_spk
                                      by step( solve( !KU( ~sigSkB ) @ #vk.17 ) )
                                    qed
                                  qed
                                next
                                  case CoreTranscript_Diff_case_2
                                  step( solve( !KU( pk(spk(~sigSkB), kpk(~kemSkB)) ) @ #vk.14 ) )
                                    case CoreTranscript_Diff_case_1
                                    MIRRORED
                                  next
                                    case CoreTranscript_Diff_case_2
                                    MIRRORED
                                  next
                                    case c_pk
                                    step( solve( !KU( spk(~sigSkB) ) @ #vk.15 ) )
                                      case c_spk
                                      by step( solve( !KU( ~sigSkB ) @ #vk.17 ) )
                                    qed
                                  qed
                                next
                                  case c_pk
                                  step( solve( !KU( spk(~sigSkA) ) @ #vk.15 ) )
                                    case c_spk
                                    by step( solve( !KU( ~sigSkA ) @ #vk.17 ) )
                                  qed
                                qed
                              qed
                            qed
                          qed
                        next
                          case c_skem_component
                          by step( solve( !KU( ~rhoS ) @ #vk.13 ) )
                        qed
                      next
                        case c_ekem_ct
                        by step( solve( !KU( ~rhoK ) @ #vk.12 ) )
                      qed
                    next
                      case c_lkem_ct
                      by step( solve( !KU( ~rhoL ) @ #vk.12 ) )
                    qed
                  next
                    case CoreTranscript_Diff_case_2
                    step( solve( !KU( lkem_ct(kpk(~kemSkB), ~rhoL) ) @ #vk.7 ) )
                      case CoreTranscript_Diff
                      step( solve( !KU( ekem_ct(ekpk(~receiverEskB), ~rhoK) ) @ #vk.8 ) )
                        case CoreTranscript_Diff
                        step( solve( !KU( skem_component(skem_spk(~senderSkA),
                                                         skem_rpk(~receiverSkB), ~rhoS)
                                     ) @ #vk.9 ) )
                          case CoreTranscript_Diff
                          step( solve( !KU( sid_of($A, $B, pk(spk(~sigSkA), kpk(~kemSkA)),
                                                   pk(spk(~sigSkB), kpk(~kemSkB)),
                                                   sender_prekey(skem_spk(~senderSkA),
                                                                 sign(~sigSkA,
                                                                      sender_payload(skem_spk(~senderSkA)))),
                                                   receiver_prekey(skem_rpk(~receiverSkB),
                                                                   ekpk(~receiverEskB),
                                                                   sign(~sigSkB,
                                                                        receiver_payload(skem_rpk(~receiverSkB),
                                                                                         ekpk(~receiverEskB)))),
                                                   <lkem_ct(kpk(~kemSkB), ~rhoL), 
                                                    ekem_ct(ekpk(~receiverEskB), ~rhoK), 
                                                    skem_component(skem_spk(~senderSkA),
                                                                   skem_rpk(~receiverSkB), ~rhoS)
                                                   >)
                                       ) @ #vk.10 ) )
                            case CoreTranscript_Diff_case_1
                            MIRRORED
                          next
                            case CoreTranscript_Diff_case_2
                            MIRRORED
                          next
                            case c_sid_of
                            step( solve( !KU( $A ) @ #vk.11 ) )
                              case coerce
                              step( solve( !KD( $A ) ▶₀ #vk.11 ) )
                                case CoreTranscript_Diff_case_1
                                by step( contradiction /* impossible chain */ )
                              next
                                case CoreTranscript_Diff_case_2
                                by step( contradiction /* impossible chain */ )
                              next
                                case CoreTranscript_Diff_case_3
                                by step( contradiction /* impossible chain */ )
                              next
                                case CoreTranscript_Diff_case_4
                                by step( contradiction /* impossible chain */ )
                              next
                                case CoreTranscript_Diff_case_5
                                by step( contradiction /* impossible chain */ )
                              next
                                case CoreTranscript_Diff_case_6
                                by step( contradiction /* impossible chain */ )
                              qed
                            next
                              case pub
                              step( solve( !KU( $B ) @ #vk.12 ) )
                                case coerce
                                step( solve( !KD( $B ) ▶₀ #vk.12 ) )
                                  case CoreTranscript_Diff_case_1
                                  by step( contradiction /* impossible chain */ )
                                next
                                  case CoreTranscript_Diff_case_2
                                  by step( contradiction /* impossible chain */ )
                                next
                                  case CoreTranscript_Diff_case_3
                                  by step( contradiction /* impossible chain */ )
                                next
                                  case CoreTranscript_Diff_case_4
                                  by step( contradiction /* impossible chain */ )
                                next
                                  case CoreTranscript_Diff_case_5
                                  by step( contradiction /* impossible chain */ )
                                next
                                  case CoreTranscript_Diff_case_6
                                  by step( contradiction /* impossible chain */ )
                                qed
                              next
                                case pub
                                step( solve( !KU( pk(spk(~sigSkA), kpk(~kemSkA)) ) @ #vk.13 ) )
                                  case CoreTranscript_Diff_case_1
                                  step( solve( !KU( pk(spk(~sigSkB), kpk(~kemSkB)) ) @ #vk.14 ) )
                                    case CoreTranscript_Diff_case_1
                                    MIRRORED
                                  next
                                    case CoreTranscript_Diff_case_2
                                    MIRRORED
                                  next
                                    case c_pk
                                    step( solve( !KU( spk(~sigSkB) ) @ #vk.15 ) )
                                      case c_spk
                                      by step( solve( !KU( ~sigSkB ) @ #vk.17 ) )
                                    qed
                                  qed
                                next
                                  case CoreTranscript_Diff_case_2
                                  step( solve( !KU( pk(spk(~sigSkB), kpk(~kemSkB)) ) @ #vk.14 ) )
                                    case CoreTranscript_Diff_case_1
                                    MIRRORED
                                  next
                                    case CoreTranscript_Diff_case_2
                                    MIRRORED
                                  next
                                    case c_pk
                                    step( solve( !KU( spk(~sigSkB) ) @ #vk.15 ) )
                                      case c_spk
                                      by step( solve( !KU( ~sigSkB ) @ #vk.17 ) )
                                    qed
                                  qed
                                next
                                  case c_pk
                                  step( solve( !KU( spk(~sigSkA) ) @ #vk.15 ) )
                                    case c_spk
                                    by step( solve( !KU( ~sigSkA ) @ #vk.17 ) )
                                  qed
                                qed
                              qed
                            qed
                          qed
                        next
                          case c_skem_component
                          by step( solve( !KU( ~rhoS ) @ #vk.13 ) )
                        qed
                      next
                        case c_ekem_ct
                        by step( solve( !KU( ~rhoK ) @ #vk.12 ) )
                      qed
                    next
                      case c_lkem_ct
                      by step( solve( !KU( ~rhoL ) @ #vk.12 ) )
                    qed
                  next
                    case c_receiver_prekey
                    step( solve( !KU( skem_rpk(~receiverSkB) ) @ #vk.11 ) )
                      case c_skem_rpk
                      by step( solve( !KU( ~receiverSkB ) @ #vk.14 ) )
                    qed
                  qed
                next
                  case CoreTranscript_Diff_case_2
                  step( solve( !KU( receiver_prekey(skem_rpk(~receiverSkB),
                                                    ekpk(~receiverEskB),
                                                    sign(~sigSkB,
                                                         receiver_payload(skem_rpk(~receiverSkB),
                                                                          ekpk(~receiverEskB))))
                               ) @ #vk.6 ) )
                    case CoreTranscript_Diff_case_1
                    step( solve( !KU( lkem_ct(kpk(~kemSkB), ~rhoL) ) @ #vk.7 ) )
                      case CoreTranscript_Diff
                      step( solve( !KU( ekem_ct(ekpk(~receiverEskB), ~rhoK) ) @ #vk.8 ) )
                        case CoreTranscript_Diff
                        step( solve( !KU( skem_component(skem_spk(~senderSkA),
                                                         skem_rpk(~receiverSkB), ~rhoS)
                                     ) @ #vk.9 ) )
                          case CoreTranscript_Diff
                          step( solve( !KU( sid_of($A, $B, pk(spk(~sigSkA), kpk(~kemSkA)),
                                                   pk(spk(~sigSkB), kpk(~kemSkB)),
                                                   sender_prekey(skem_spk(~senderSkA),
                                                                 sign(~sigSkA,
                                                                      sender_payload(skem_spk(~senderSkA)))),
                                                   receiver_prekey(skem_rpk(~receiverSkB),
                                                                   ekpk(~receiverEskB),
                                                                   sign(~sigSkB,
                                                                        receiver_payload(skem_rpk(~receiverSkB),
                                                                                         ekpk(~receiverEskB)))),
                                                   <lkem_ct(kpk(~kemSkB), ~rhoL), 
                                                    ekem_ct(ekpk(~receiverEskB), ~rhoK), 
                                                    skem_component(skem_spk(~senderSkA),
                                                                   skem_rpk(~receiverSkB), ~rhoS)
                                                   >)
                                       ) @ #vk.10 ) )
                            case CoreTranscript_Diff_case_1
                            MIRRORED
                          next
                            case CoreTranscript_Diff_case_2
                            MIRRORED
                          next
                            case c_sid_of
                            step( solve( !KU( $A ) @ #vk.11 ) )
                              case coerce
                              step( solve( !KD( $A ) ▶₀ #vk.11 ) )
                                case CoreTranscript_Diff_case_1
                                by step( contradiction /* impossible chain */ )
                              next
                                case CoreTranscript_Diff_case_2
                                by step( contradiction /* impossible chain */ )
                              next
                                case CoreTranscript_Diff_case_3
                                by step( contradiction /* impossible chain */ )
                              next
                                case CoreTranscript_Diff_case_4
                                by step( contradiction /* impossible chain */ )
                              next
                                case CoreTranscript_Diff_case_5
                                by step( contradiction /* impossible chain */ )
                              next
                                case CoreTranscript_Diff_case_6
                                by step( contradiction /* impossible chain */ )
                              qed
                            next
                              case pub
                              step( solve( !KU( $B ) @ #vk.12 ) )
                                case coerce
                                step( solve( !KD( $B ) ▶₀ #vk.12 ) )
                                  case CoreTranscript_Diff_case_1
                                  by step( contradiction /* impossible chain */ )
                                next
                                  case CoreTranscript_Diff_case_2
                                  by step( contradiction /* impossible chain */ )
                                next
                                  case CoreTranscript_Diff_case_3
                                  by step( contradiction /* impossible chain */ )
                                next
                                  case CoreTranscript_Diff_case_4
                                  by step( contradiction /* impossible chain */ )
                                next
                                  case CoreTranscript_Diff_case_5
                                  by step( contradiction /* impossible chain */ )
                                next
                                  case CoreTranscript_Diff_case_6
                                  by step( contradiction /* impossible chain */ )
                                qed
                              next
                                case pub
                                step( solve( !KU( pk(spk(~sigSkA), kpk(~kemSkA)) ) @ #vk.13 ) )
                                  case CoreTranscript_Diff_case_1
                                  step( solve( !KU( pk(spk(~sigSkB), kpk(~kemSkB)) ) @ #vk.14 ) )
                                    case CoreTranscript_Diff_case_1
                                    MIRRORED
                                  next
                                    case CoreTranscript_Diff_case_2
                                    MIRRORED
                                  next
                                    case c_pk
                                    step( solve( !KU( spk(~sigSkB) ) @ #vk.15 ) )
                                      case c_spk
                                      by step( solve( !KU( ~sigSkB ) @ #vk.17 ) )
                                    qed
                                  qed
                                next
                                  case CoreTranscript_Diff_case_2
                                  step( solve( !KU( pk(spk(~sigSkB), kpk(~kemSkB)) ) @ #vk.14 ) )
                                    case CoreTranscript_Diff_case_1
                                    MIRRORED
                                  next
                                    case CoreTranscript_Diff_case_2
                                    MIRRORED
                                  next
                                    case c_pk
                                    step( solve( !KU( spk(~sigSkB) ) @ #vk.15 ) )
                                      case c_spk
                                      by step( solve( !KU( ~sigSkB ) @ #vk.17 ) )
                                    qed
                                  qed
                                next
                                  case c_pk
                                  step( solve( !KU( spk(~sigSkA) ) @ #vk.15 ) )
                                    case c_spk
                                    by step( solve( !KU( ~sigSkA ) @ #vk.17 ) )
                                  qed
                                qed
                              qed
                            qed
                          qed
                        next
                          case c_skem_component
                          by step( solve( !KU( ~rhoS ) @ #vk.13 ) )
                        qed
                      next
                        case c_ekem_ct
                        by step( solve( !KU( ~rhoK ) @ #vk.12 ) )
                      qed
                    next
                      case c_lkem_ct
                      by step( solve( !KU( ~rhoL ) @ #vk.12 ) )
                    qed
                  next
                    case CoreTranscript_Diff_case_2
                    step( solve( !KU( lkem_ct(kpk(~kemSkB), ~rhoL) ) @ #vk.7 ) )
                      case CoreTranscript_Diff
                      step( solve( !KU( ekem_ct(ekpk(~receiverEskB), ~rhoK) ) @ #vk.8 ) )
                        case CoreTranscript_Diff
                        step( solve( !KU( skem_component(skem_spk(~senderSkA),
                                                         skem_rpk(~receiverSkB), ~rhoS)
                                     ) @ #vk.9 ) )
                          case CoreTranscript_Diff
                          step( solve( !KU( sid_of($A, $B, pk(spk(~sigSkA), kpk(~kemSkA)),
                                                   pk(spk(~sigSkB), kpk(~kemSkB)),
                                                   sender_prekey(skem_spk(~senderSkA),
                                                                 sign(~sigSkA,
                                                                      sender_payload(skem_spk(~senderSkA)))),
                                                   receiver_prekey(skem_rpk(~receiverSkB),
                                                                   ekpk(~receiverEskB),
                                                                   sign(~sigSkB,
                                                                        receiver_payload(skem_rpk(~receiverSkB),
                                                                                         ekpk(~receiverEskB)))),
                                                   <lkem_ct(kpk(~kemSkB), ~rhoL), 
                                                    ekem_ct(ekpk(~receiverEskB), ~rhoK), 
                                                    skem_component(skem_spk(~senderSkA),
                                                                   skem_rpk(~receiverSkB), ~rhoS)
                                                   >)
                                       ) @ #vk.10 ) )
                            case CoreTranscript_Diff_case_1
                            MIRRORED
                          next
                            case CoreTranscript_Diff_case_2
                            MIRRORED
                          next
                            case c_sid_of
                            step( solve( !KU( $A ) @ #vk.11 ) )
                              case coerce
                              step( solve( !KD( $A ) ▶₀ #vk.11 ) )
                                case CoreTranscript_Diff_case_1
                                by step( contradiction /* impossible chain */ )
                              next
                                case CoreTranscript_Diff_case_2
                                by step( contradiction /* impossible chain */ )
                              next
                                case CoreTranscript_Diff_case_3
                                by step( contradiction /* impossible chain */ )
                              next
                                case CoreTranscript_Diff_case_4
                                by step( contradiction /* impossible chain */ )
                              next
                                case CoreTranscript_Diff_case_5
                                by step( contradiction /* impossible chain */ )
                              next
                                case CoreTranscript_Diff_case_6
                                by step( contradiction /* impossible chain */ )
                              qed
                            next
                              case pub
                              step( solve( !KU( $B ) @ #vk.12 ) )
                                case coerce
                                step( solve( !KD( $B ) ▶₀ #vk.12 ) )
                                  case CoreTranscript_Diff_case_1
                                  by step( contradiction /* impossible chain */ )
                                next
                                  case CoreTranscript_Diff_case_2
                                  by step( contradiction /* impossible chain */ )
                                next
                                  case CoreTranscript_Diff_case_3
                                  by step( contradiction /* impossible chain */ )
                                next
                                  case CoreTranscript_Diff_case_4
                                  by step( contradiction /* impossible chain */ )
                                next
                                  case CoreTranscript_Diff_case_5
                                  by step( contradiction /* impossible chain */ )
                                next
                                  case CoreTranscript_Diff_case_6
                                  by step( contradiction /* impossible chain */ )
                                qed
                              next
                                case pub
                                step( solve( !KU( pk(spk(~sigSkA), kpk(~kemSkA)) ) @ #vk.13 ) )
                                  case CoreTranscript_Diff_case_1
                                  step( solve( !KU( pk(spk(~sigSkB), kpk(~kemSkB)) ) @ #vk.14 ) )
                                    case CoreTranscript_Diff_case_1
                                    MIRRORED
                                  next
                                    case CoreTranscript_Diff_case_2
                                    MIRRORED
                                  next
                                    case c_pk
                                    step( solve( !KU( spk(~sigSkB) ) @ #vk.15 ) )
                                      case c_spk
                                      by step( solve( !KU( ~sigSkB ) @ #vk.17 ) )
                                    qed
                                  qed
                                next
                                  case CoreTranscript_Diff_case_2
                                  step( solve( !KU( pk(spk(~sigSkB), kpk(~kemSkB)) ) @ #vk.14 ) )
                                    case CoreTranscript_Diff_case_1
                                    MIRRORED
                                  next
                                    case CoreTranscript_Diff_case_2
                                    MIRRORED
                                  next
                                    case c_pk
                                    step( solve( !KU( spk(~sigSkB) ) @ #vk.15 ) )
                                      case c_spk
                                      by step( solve( !KU( ~sigSkB ) @ #vk.17 ) )
                                    qed
                                  qed
                                next
                                  case c_pk
                                  step( solve( !KU( spk(~sigSkA) ) @ #vk.15 ) )
                                    case c_spk
                                    by step( solve( !KU( ~sigSkA ) @ #vk.17 ) )
                                  qed
                                qed
                              qed
                            qed
                          qed
                        next
                          case c_skem_component
                          by step( solve( !KU( ~rhoS ) @ #vk.13 ) )
                        qed
                      next
                        case c_ekem_ct
                        by step( solve( !KU( ~rhoK ) @ #vk.12 ) )
                      qed
                    next
                      case c_lkem_ct
                      by step( solve( !KU( ~rhoL ) @ #vk.12 ) )
                    qed
                  next
                    case c_receiver_prekey
                    step( solve( !KU( skem_rpk(~receiverSkB) ) @ #vk.11 ) )
                      case c_skem_rpk
                      by step( solve( !KU( ~receiverSkB ) @ #vk.14 ) )
                    qed
                  qed
                next
                  case c_sender_prekey
                  step( solve( !KU( skem_spk(~senderSkA) ) @ #vk.11 ) )
                    case c_skem_spk
                    by step( solve( !KU( ~senderSkA ) @ #vk.13 ) )
                  qed
                qed
              qed
            next
              case pair
              step( solve( !KU( pk(spk(~sigSkB), kpk(~kemSkB)) ) @ #vk.6 ) )
                case CoreTranscript_Diff_case_1
                step( solve( !KU( sender_prekey(skem_spk(~senderSkA),
                                                sign(~sigSkA, sender_payload(skem_spk(~senderSkA))))
                             ) @ #vk.7 ) )
                  case CoreTranscript_Diff_case_1
                  step( solve( !KU( receiver_prekey(skem_rpk(~receiverSkB),
                                                    ekpk(~receiverEskB),
                                                    sign(~sigSkB,
                                                         receiver_payload(skem_rpk(~receiverSkB),
                                                                          ekpk(~receiverEskB))))
                               ) @ #vk.8 ) )
                    case CoreTranscript_Diff_case_1
                    step( solve( !KU( lkem_ct(kpk(~kemSkB), ~rhoL) ) @ #vk.9 ) )
                      case CoreTranscript_Diff
                      step( solve( !KU( ekem_ct(ekpk(~receiverEskB), ~rhoK) ) @ #vk.10 ) )
                        case CoreTranscript_Diff
                        step( solve( !KU( skem_component(skem_spk(~senderSkA),
                                                         skem_rpk(~receiverSkB), ~rhoS)
                                     ) @ #vk.11 ) )
                          case CoreTranscript_Diff
                          step( solve( !KU( sid_of($A, $B, pk(spk(~sigSkA), kpk(~kemSkA)),
                                                   pk(spk(~sigSkB), kpk(~kemSkB)),
                                                   sender_prekey(skem_spk(~senderSkA),
                                                                 sign(~sigSkA,
                                                                      sender_payload(skem_spk(~senderSkA)))),
                                                   receiver_prekey(skem_rpk(~receiverSkB),
                                                                   ekpk(~receiverEskB),
                                                                   sign(~sigSkB,
                                                                        receiver_payload(skem_rpk(~receiverSkB),
                                                                                         ekpk(~receiverEskB)))),
                                                   <lkem_ct(kpk(~kemSkB), ~rhoL), 
                                                    ekem_ct(ekpk(~receiverEskB), ~rhoK), 
                                                    skem_component(skem_spk(~senderSkA),
                                                                   skem_rpk(~receiverSkB), ~rhoS)
                                                   >)
                                       ) @ #vk.12 ) )
                            case CoreTranscript_Diff_case_1
                            MIRRORED
                          next
                            case CoreTranscript_Diff_case_2
                            MIRRORED
                          next
                            case c_sid_of
                            step( solve( !KU( $A ) @ #vk.13 ) )
                              case coerce
                              step( solve( !KD( $A ) ▶₀ #vk.13 ) )
                                case CoreTranscript_Diff_case_1
                                by step( contradiction /* impossible chain */ )
                              next
                                case CoreTranscript_Diff_case_2
                                by step( contradiction /* impossible chain */ )
                              next
                                case CoreTranscript_Diff_case_3
                                by step( contradiction /* impossible chain */ )
                              next
                                case CoreTranscript_Diff_case_4
                                by step( contradiction /* impossible chain */ )
                              next
                                case CoreTranscript_Diff_case_5
                                by step( contradiction /* impossible chain */ )
                              next
                                case CoreTranscript_Diff_case_6
                                by step( contradiction /* impossible chain */ )
                              qed
                            next
                              case pub
                              step( solve( !KU( $B ) @ #vk.14 ) )
                                case coerce
                                step( solve( !KD( $B ) ▶₀ #vk.14 ) )
                                  case CoreTranscript_Diff_case_1
                                  by step( contradiction /* impossible chain */ )
                                next
                                  case CoreTranscript_Diff_case_2
                                  by step( contradiction /* impossible chain */ )
                                next
                                  case CoreTranscript_Diff_case_3
                                  by step( contradiction /* impossible chain */ )
                                next
                                  case CoreTranscript_Diff_case_4
                                  by step( contradiction /* impossible chain */ )
                                next
                                  case CoreTranscript_Diff_case_5
                                  by step( contradiction /* impossible chain */ )
                                next
                                  case CoreTranscript_Diff_case_6
                                  by step( contradiction /* impossible chain */ )
                                qed
                              next
                                case pub
                                step( solve( !KU( pk(spk(~sigSkA), kpk(~kemSkA)) ) @ #vk.15 ) )
                                  case CoreTranscript_Diff_case_1
                                  MIRRORED
                                next
                                  case CoreTranscript_Diff_case_2
                                  MIRRORED
                                next
                                  case c_pk
                                  step( solve( !KU( spk(~sigSkA) ) @ #vk.16 ) )
                                    case c_spk
                                    by step( solve( !KU( ~sigSkA ) @ #vk.18 ) )
                                  qed
                                qed
                              qed
                            qed
                          qed
                        next
                          case c_skem_component
                          by step( solve( !KU( ~rhoS ) @ #vk.15 ) )
                        qed
                      next
                        case c_ekem_ct
                        by step( solve( !KU( ~rhoK ) @ #vk.14 ) )
                      qed
                    next
                      case c_lkem_ct
                      by step( solve( !KU( ~rhoL ) @ #vk.14 ) )
                    qed
                  next
                    case CoreTranscript_Diff_case_2
                    step( solve( !KU( lkem_ct(kpk(~kemSkB), ~rhoL) ) @ #vk.9 ) )
                      case CoreTranscript_Diff
                      step( solve( !KU( ekem_ct(ekpk(~receiverEskB), ~rhoK) ) @ #vk.10 ) )
                        case CoreTranscript_Diff
                        step( solve( !KU( skem_component(skem_spk(~senderSkA),
                                                         skem_rpk(~receiverSkB), ~rhoS)
                                     ) @ #vk.11 ) )
                          case CoreTranscript_Diff
                          step( solve( !KU( sid_of($A, $B, pk(spk(~sigSkA), kpk(~kemSkA)),
                                                   pk(spk(~sigSkB), kpk(~kemSkB)),
                                                   sender_prekey(skem_spk(~senderSkA),
                                                                 sign(~sigSkA,
                                                                      sender_payload(skem_spk(~senderSkA)))),
                                                   receiver_prekey(skem_rpk(~receiverSkB),
                                                                   ekpk(~receiverEskB),
                                                                   sign(~sigSkB,
                                                                        receiver_payload(skem_rpk(~receiverSkB),
                                                                                         ekpk(~receiverEskB)))),
                                                   <lkem_ct(kpk(~kemSkB), ~rhoL), 
                                                    ekem_ct(ekpk(~receiverEskB), ~rhoK), 
                                                    skem_component(skem_spk(~senderSkA),
                                                                   skem_rpk(~receiverSkB), ~rhoS)
                                                   >)
                                       ) @ #vk.12 ) )
                            case CoreTranscript_Diff_case_1
                            MIRRORED
                          next
                            case CoreTranscript_Diff_case_2
                            MIRRORED
                          next
                            case c_sid_of
                            step( solve( !KU( $A ) @ #vk.13 ) )
                              case coerce
                              step( solve( !KD( $A ) ▶₀ #vk.13 ) )
                                case CoreTranscript_Diff_case_1
                                by step( contradiction /* impossible chain */ )
                              next
                                case CoreTranscript_Diff_case_2
                                by step( contradiction /* impossible chain */ )
                              next
                                case CoreTranscript_Diff_case_3
                                by step( contradiction /* impossible chain */ )
                              next
                                case CoreTranscript_Diff_case_4
                                by step( contradiction /* impossible chain */ )
                              next
                                case CoreTranscript_Diff_case_5
                                by step( contradiction /* impossible chain */ )
                              next
                                case CoreTranscript_Diff_case_6
                                by step( contradiction /* impossible chain */ )
                              qed
                            next
                              case pub
                              step( solve( !KU( $B ) @ #vk.14 ) )
                                case coerce
                                step( solve( !KD( $B ) ▶₀ #vk.14 ) )
                                  case CoreTranscript_Diff_case_1
                                  by step( contradiction /* impossible chain */ )
                                next
                                  case CoreTranscript_Diff_case_2
                                  by step( contradiction /* impossible chain */ )
                                next
                                  case CoreTranscript_Diff_case_3
                                  by step( contradiction /* impossible chain */ )
                                next
                                  case CoreTranscript_Diff_case_4
                                  by step( contradiction /* impossible chain */ )
                                next
                                  case CoreTranscript_Diff_case_5
                                  by step( contradiction /* impossible chain */ )
                                next
                                  case CoreTranscript_Diff_case_6
                                  by step( contradiction /* impossible chain */ )
                                qed
                              next
                                case pub
                                step( solve( !KU( pk(spk(~sigSkA), kpk(~kemSkA)) ) @ #vk.15 ) )
                                  case CoreTranscript_Diff_case_1
                                  MIRRORED
                                next
                                  case CoreTranscript_Diff_case_2
                                  MIRRORED
                                next
                                  case c_pk
                                  step( solve( !KU( spk(~sigSkA) ) @ #vk.16 ) )
                                    case c_spk
                                    by step( solve( !KU( ~sigSkA ) @ #vk.18 ) )
                                  qed
                                qed
                              qed
                            qed
                          qed
                        next
                          case c_skem_component
                          by step( solve( !KU( ~rhoS ) @ #vk.15 ) )
                        qed
                      next
                        case c_ekem_ct
                        by step( solve( !KU( ~rhoK ) @ #vk.14 ) )
                      qed
                    next
                      case c_lkem_ct
                      by step( solve( !KU( ~rhoL ) @ #vk.14 ) )
                    qed
                  next
                    case c_receiver_prekey
                    step( solve( !KU( skem_rpk(~receiverSkB) ) @ #vk.13 ) )
                      case c_skem_rpk
                      by step( solve( !KU( ~receiverSkB ) @ #vk.16 ) )
                    qed
                  qed
                next
                  case CoreTranscript_Diff_case_2
                  step( solve( !KU( receiver_prekey(skem_rpk(~receiverSkB),
                                                    ekpk(~receiverEskB),
                                                    sign(~sigSkB,
                                                         receiver_payload(skem_rpk(~receiverSkB),
                                                                          ekpk(~receiverEskB))))
                               ) @ #vk.8 ) )
                    case CoreTranscript_Diff_case_1
                    step( solve( !KU( lkem_ct(kpk(~kemSkB), ~rhoL) ) @ #vk.9 ) )
                      case CoreTranscript_Diff
                      step( solve( !KU( ekem_ct(ekpk(~receiverEskB), ~rhoK) ) @ #vk.10 ) )
                        case CoreTranscript_Diff
                        step( solve( !KU( skem_component(skem_spk(~senderSkA),
                                                         skem_rpk(~receiverSkB), ~rhoS)
                                     ) @ #vk.11 ) )
                          case CoreTranscript_Diff
                          step( solve( !KU( sid_of($A, $B, pk(spk(~sigSkA), kpk(~kemSkA)),
                                                   pk(spk(~sigSkB), kpk(~kemSkB)),
                                                   sender_prekey(skem_spk(~senderSkA),
                                                                 sign(~sigSkA,
                                                                      sender_payload(skem_spk(~senderSkA)))),
                                                   receiver_prekey(skem_rpk(~receiverSkB),
                                                                   ekpk(~receiverEskB),
                                                                   sign(~sigSkB,
                                                                        receiver_payload(skem_rpk(~receiverSkB),
                                                                                         ekpk(~receiverEskB)))),
                                                   <lkem_ct(kpk(~kemSkB), ~rhoL), 
                                                    ekem_ct(ekpk(~receiverEskB), ~rhoK), 
                                                    skem_component(skem_spk(~senderSkA),
                                                                   skem_rpk(~receiverSkB), ~rhoS)
                                                   >)
                                       ) @ #vk.12 ) )
                            case CoreTranscript_Diff_case_1
                            MIRRORED
                          next
                            case CoreTranscript_Diff_case_2
                            MIRRORED
                          next
                            case c_sid_of
                            step( solve( !KU( $A ) @ #vk.13 ) )
                              case coerce
                              step( solve( !KD( $A ) ▶₀ #vk.13 ) )
                                case CoreTranscript_Diff_case_1
                                by step( contradiction /* impossible chain */ )
                              next
                                case CoreTranscript_Diff_case_2
                                by step( contradiction /* impossible chain */ )
                              next
                                case CoreTranscript_Diff_case_3
                                by step( contradiction /* impossible chain */ )
                              next
                                case CoreTranscript_Diff_case_4
                                by step( contradiction /* impossible chain */ )
                              next
                                case CoreTranscript_Diff_case_5
                                by step( contradiction /* impossible chain */ )
                              next
                                case CoreTranscript_Diff_case_6
                                by step( contradiction /* impossible chain */ )
                              qed
                            next
                              case pub
                              step( solve( !KU( $B ) @ #vk.14 ) )
                                case coerce
                                step( solve( !KD( $B ) ▶₀ #vk.14 ) )
                                  case CoreTranscript_Diff_case_1
                                  by step( contradiction /* impossible chain */ )
                                next
                                  case CoreTranscript_Diff_case_2
                                  by step( contradiction /* impossible chain */ )
                                next
                                  case CoreTranscript_Diff_case_3
                                  by step( contradiction /* impossible chain */ )
                                next
                                  case CoreTranscript_Diff_case_4
                                  by step( contradiction /* impossible chain */ )
                                next
                                  case CoreTranscript_Diff_case_5
                                  by step( contradiction /* impossible chain */ )
                                next
                                  case CoreTranscript_Diff_case_6
                                  by step( contradiction /* impossible chain */ )
                                qed
                              next
                                case pub
                                step( solve( !KU( pk(spk(~sigSkA), kpk(~kemSkA)) ) @ #vk.15 ) )
                                  case CoreTranscript_Diff_case_1
                                  MIRRORED
                                next
                                  case CoreTranscript_Diff_case_2
                                  MIRRORED
                                next
                                  case c_pk
                                  step( solve( !KU( spk(~sigSkA) ) @ #vk.16 ) )
                                    case c_spk
                                    by step( solve( !KU( ~sigSkA ) @ #vk.18 ) )
                                  qed
                                qed
                              qed
                            qed
                          qed
                        next
                          case c_skem_component
                          by step( solve( !KU( ~rhoS ) @ #vk.15 ) )
                        qed
                      next
                        case c_ekem_ct
                        by step( solve( !KU( ~rhoK ) @ #vk.14 ) )
                      qed
                    next
                      case c_lkem_ct
                      by step( solve( !KU( ~rhoL ) @ #vk.14 ) )
                    qed
                  next
                    case CoreTranscript_Diff_case_2
                    step( solve( !KU( lkem_ct(kpk(~kemSkB), ~rhoL) ) @ #vk.9 ) )
                      case CoreTranscript_Diff
                      step( solve( !KU( ekem_ct(ekpk(~receiverEskB), ~rhoK) ) @ #vk.10 ) )
                        case CoreTranscript_Diff
                        step( solve( !KU( skem_component(skem_spk(~senderSkA),
                                                         skem_rpk(~receiverSkB), ~rhoS)
                                     ) @ #vk.11 ) )
                          case CoreTranscript_Diff
                          step( solve( !KU( sid_of($A, $B, pk(spk(~sigSkA), kpk(~kemSkA)),
                                                   pk(spk(~sigSkB), kpk(~kemSkB)),
                                                   sender_prekey(skem_spk(~senderSkA),
                                                                 sign(~sigSkA,
                                                                      sender_payload(skem_spk(~senderSkA)))),
                                                   receiver_prekey(skem_rpk(~receiverSkB),
                                                                   ekpk(~receiverEskB),
                                                                   sign(~sigSkB,
                                                                        receiver_payload(skem_rpk(~receiverSkB),
                                                                                         ekpk(~receiverEskB)))),
                                                   <lkem_ct(kpk(~kemSkB), ~rhoL), 
                                                    ekem_ct(ekpk(~receiverEskB), ~rhoK), 
                                                    skem_component(skem_spk(~senderSkA),
                                                                   skem_rpk(~receiverSkB), ~rhoS)
                                                   >)
                                       ) @ #vk.12 ) )
                            case CoreTranscript_Diff_case_1
                            MIRRORED
                          next
                            case CoreTranscript_Diff_case_2
                            MIRRORED
                          next
                            case c_sid_of
                            step( solve( !KU( $A ) @ #vk.13 ) )
                              case coerce
                              step( solve( !KD( $A ) ▶₀ #vk.13 ) )
                                case CoreTranscript_Diff_case_1
                                by step( contradiction /* impossible chain */ )
                              next
                                case CoreTranscript_Diff_case_2
                                by step( contradiction /* impossible chain */ )
                              next
                                case CoreTranscript_Diff_case_3
                                by step( contradiction /* impossible chain */ )
                              next
                                case CoreTranscript_Diff_case_4
                                by step( contradiction /* impossible chain */ )
                              next
                                case CoreTranscript_Diff_case_5
                                by step( contradiction /* impossible chain */ )
                              next
                                case CoreTranscript_Diff_case_6
                                by step( contradiction /* impossible chain */ )
                              qed
                            next
                              case pub
                              step( solve( !KU( $B ) @ #vk.14 ) )
                                case coerce
                                step( solve( !KD( $B ) ▶₀ #vk.14 ) )
                                  case CoreTranscript_Diff_case_1
                                  by step( contradiction /* impossible chain */ )
                                next
                                  case CoreTranscript_Diff_case_2
                                  by step( contradiction /* impossible chain */ )
                                next
                                  case CoreTranscript_Diff_case_3
                                  by step( contradiction /* impossible chain */ )
                                next
                                  case CoreTranscript_Diff_case_4
                                  by step( contradiction /* impossible chain */ )
                                next
                                  case CoreTranscript_Diff_case_5
                                  by step( contradiction /* impossible chain */ )
                                next
                                  case CoreTranscript_Diff_case_6
                                  by step( contradiction /* impossible chain */ )
                                qed
                              next
                                case pub
                                step( solve( !KU( pk(spk(~sigSkA), kpk(~kemSkA)) ) @ #vk.15 ) )
                                  case CoreTranscript_Diff_case_1
                                  MIRRORED
                                next
                                  case CoreTranscript_Diff_case_2
                                  MIRRORED
                                next
                                  case c_pk
                                  step( solve( !KU( spk(~sigSkA) ) @ #vk.16 ) )
                                    case c_spk
                                    by step( solve( !KU( ~sigSkA ) @ #vk.18 ) )
                                  qed
                                qed
                              qed
                            qed
                          qed
                        next
                          case c_skem_component
                          by step( solve( !KU( ~rhoS ) @ #vk.15 ) )
                        qed
                      next
                        case c_ekem_ct
                        by step( solve( !KU( ~rhoK ) @ #vk.14 ) )
                      qed
                    next
                      case c_lkem_ct
                      by step( solve( !KU( ~rhoL ) @ #vk.14 ) )
                    qed
                  next
                    case c_receiver_prekey
                    step( solve( !KU( skem_rpk(~receiverSkB) ) @ #vk.13 ) )
                      case c_skem_rpk
                      by step( solve( !KU( ~receiverSkB ) @ #vk.16 ) )
                    qed
                  qed
                next
                  case c_sender_prekey
                  step( solve( !KU( skem_spk(~senderSkA) ) @ #vk.13 ) )
                    case c_skem_spk
                    by step( solve( !KU( ~senderSkA ) @ #vk.15 ) )
                  qed
                qed
              next
                case CoreTranscript_Diff_case_2
                step( solve( !KU( sender_prekey(skem_spk(~senderSkA),
                                                sign(~sigSkA, sender_payload(skem_spk(~senderSkA))))
                             ) @ #vk.7 ) )
                  case CoreTranscript_Diff_case_1
                  step( solve( !KU( receiver_prekey(skem_rpk(~receiverSkB),
                                                    ekpk(~receiverEskB),
                                                    sign(~sigSkB,
                                                         receiver_payload(skem_rpk(~receiverSkB),
                                                                          ekpk(~receiverEskB))))
                               ) @ #vk.8 ) )
                    case CoreTranscript_Diff_case_1
                    step( solve( !KU( lkem_ct(kpk(~kemSkB), ~rhoL) ) @ #vk.9 ) )
                      case CoreTranscript_Diff
                      step( solve( !KU( ekem_ct(ekpk(~receiverEskB), ~rhoK) ) @ #vk.10 ) )
                        case CoreTranscript_Diff
                        step( solve( !KU( skem_component(skem_spk(~senderSkA),
                                                         skem_rpk(~receiverSkB), ~rhoS)
                                     ) @ #vk.11 ) )
                          case CoreTranscript_Diff
                          step( solve( !KU( sid_of($A, $B, pk(spk(~sigSkA), kpk(~kemSkA)),
                                                   pk(spk(~sigSkB), kpk(~kemSkB)),
                                                   sender_prekey(skem_spk(~senderSkA),
                                                                 sign(~sigSkA,
                                                                      sender_payload(skem_spk(~senderSkA)))),
                                                   receiver_prekey(skem_rpk(~receiverSkB),
                                                                   ekpk(~receiverEskB),
                                                                   sign(~sigSkB,
                                                                        receiver_payload(skem_rpk(~receiverSkB),
                                                                                         ekpk(~receiverEskB)))),
                                                   <lkem_ct(kpk(~kemSkB), ~rhoL), 
                                                    ekem_ct(ekpk(~receiverEskB), ~rhoK), 
                                                    skem_component(skem_spk(~senderSkA),
                                                                   skem_rpk(~receiverSkB), ~rhoS)
                                                   >)
                                       ) @ #vk.12 ) )
                            case CoreTranscript_Diff_case_1
                            MIRRORED
                          next
                            case CoreTranscript_Diff_case_2
                            MIRRORED
                          next
                            case c_sid_of
                            step( solve( !KU( $A ) @ #vk.13 ) )
                              case coerce
                              step( solve( !KD( $A ) ▶₀ #vk.13 ) )
                                case CoreTranscript_Diff_case_1
                                by step( contradiction /* impossible chain */ )
                              next
                                case CoreTranscript_Diff_case_2
                                by step( contradiction /* impossible chain */ )
                              next
                                case CoreTranscript_Diff_case_3
                                by step( contradiction /* impossible chain */ )
                              next
                                case CoreTranscript_Diff_case_4
                                by step( contradiction /* impossible chain */ )
                              next
                                case CoreTranscript_Diff_case_5
                                by step( contradiction /* impossible chain */ )
                              next
                                case CoreTranscript_Diff_case_6
                                by step( contradiction /* impossible chain */ )
                              qed
                            next
                              case pub
                              step( solve( !KU( $B ) @ #vk.14 ) )
                                case coerce
                                step( solve( !KD( $B ) ▶₀ #vk.14 ) )
                                  case CoreTranscript_Diff_case_1
                                  by step( contradiction /* impossible chain */ )
                                next
                                  case CoreTranscript_Diff_case_2
                                  by step( contradiction /* impossible chain */ )
                                next
                                  case CoreTranscript_Diff_case_3
                                  by step( contradiction /* impossible chain */ )
                                next
                                  case CoreTranscript_Diff_case_4
                                  by step( contradiction /* impossible chain */ )
                                next
                                  case CoreTranscript_Diff_case_5
                                  by step( contradiction /* impossible chain */ )
                                next
                                  case CoreTranscript_Diff_case_6
                                  by step( contradiction /* impossible chain */ )
                                qed
                              next
                                case pub
                                step( solve( !KU( pk(spk(~sigSkA), kpk(~kemSkA)) ) @ #vk.15 ) )
                                  case CoreTranscript_Diff_case_1
                                  MIRRORED
                                next
                                  case CoreTranscript_Diff_case_2
                                  MIRRORED
                                next
                                  case c_pk
                                  step( solve( !KU( spk(~sigSkA) ) @ #vk.16 ) )
                                    case c_spk
                                    by step( solve( !KU( ~sigSkA ) @ #vk.18 ) )
                                  qed
                                qed
                              qed
                            qed
                          qed
                        next
                          case c_skem_component
                          by step( solve( !KU( ~rhoS ) @ #vk.15 ) )
                        qed
                      next
                        case c_ekem_ct
                        by step( solve( !KU( ~rhoK ) @ #vk.14 ) )
                      qed
                    next
                      case c_lkem_ct
                      by step( solve( !KU( ~rhoL ) @ #vk.14 ) )
                    qed
                  next
                    case CoreTranscript_Diff_case_2
                    step( solve( !KU( lkem_ct(kpk(~kemSkB), ~rhoL) ) @ #vk.9 ) )
                      case CoreTranscript_Diff
                      step( solve( !KU( ekem_ct(ekpk(~receiverEskB), ~rhoK) ) @ #vk.10 ) )
                        case CoreTranscript_Diff
                        step( solve( !KU( skem_component(skem_spk(~senderSkA),
                                                         skem_rpk(~receiverSkB), ~rhoS)
                                     ) @ #vk.11 ) )
                          case CoreTranscript_Diff
                          step( solve( !KU( sid_of($A, $B, pk(spk(~sigSkA), kpk(~kemSkA)),
                                                   pk(spk(~sigSkB), kpk(~kemSkB)),
                                                   sender_prekey(skem_spk(~senderSkA),
                                                                 sign(~sigSkA,
                                                                      sender_payload(skem_spk(~senderSkA)))),
                                                   receiver_prekey(skem_rpk(~receiverSkB),
                                                                   ekpk(~receiverEskB),
                                                                   sign(~sigSkB,
                                                                        receiver_payload(skem_rpk(~receiverSkB),
                                                                                         ekpk(~receiverEskB)))),
                                                   <lkem_ct(kpk(~kemSkB), ~rhoL), 
                                                    ekem_ct(ekpk(~receiverEskB), ~rhoK), 
                                                    skem_component(skem_spk(~senderSkA),
                                                                   skem_rpk(~receiverSkB), ~rhoS)
                                                   >)
                                       ) @ #vk.12 ) )
                            case CoreTranscript_Diff_case_1
                            MIRRORED
                          next
                            case CoreTranscript_Diff_case_2
                            MIRRORED
                          next
                            case c_sid_of
                            step( solve( !KU( $A ) @ #vk.13 ) )
                              case coerce
                              step( solve( !KD( $A ) ▶₀ #vk.13 ) )
                                case CoreTranscript_Diff_case_1
                                by step( contradiction /* impossible chain */ )
                              next
                                case CoreTranscript_Diff_case_2
                                by step( contradiction /* impossible chain */ )
                              next
                                case CoreTranscript_Diff_case_3
                                by step( contradiction /* impossible chain */ )
                              next
                                case CoreTranscript_Diff_case_4
                                by step( contradiction /* impossible chain */ )
                              next
                                case CoreTranscript_Diff_case_5
                                by step( contradiction /* impossible chain */ )
                              next
                                case CoreTranscript_Diff_case_6
                                by step( contradiction /* impossible chain */ )
                              qed
                            next
                              case pub
                              step( solve( !KU( $B ) @ #vk.14 ) )
                                case coerce
                                step( solve( !KD( $B ) ▶₀ #vk.14 ) )
                                  case CoreTranscript_Diff_case_1
                                  by step( contradiction /* impossible chain */ )
                                next
                                  case CoreTranscript_Diff_case_2
                                  by step( contradiction /* impossible chain */ )
                                next
                                  case CoreTranscript_Diff_case_3
                                  by step( contradiction /* impossible chain */ )
                                next
                                  case CoreTranscript_Diff_case_4
                                  by step( contradiction /* impossible chain */ )
                                next
                                  case CoreTranscript_Diff_case_5
                                  by step( contradiction /* impossible chain */ )
                                next
                                  case CoreTranscript_Diff_case_6
                                  by step( contradiction /* impossible chain */ )
                                qed
                              next
                                case pub
                                step( solve( !KU( pk(spk(~sigSkA), kpk(~kemSkA)) ) @ #vk.15 ) )
                                  case CoreTranscript_Diff_case_1
                                  MIRRORED
                                next
                                  case CoreTranscript_Diff_case_2
                                  MIRRORED
                                next
                                  case c_pk
                                  step( solve( !KU( spk(~sigSkA) ) @ #vk.16 ) )
                                    case c_spk
                                    by step( solve( !KU( ~sigSkA ) @ #vk.18 ) )
                                  qed
                                qed
                              qed
                            qed
                          qed
                        next
                          case c_skem_component
                          by step( solve( !KU( ~rhoS ) @ #vk.15 ) )
                        qed
                      next
                        case c_ekem_ct
                        by step( solve( !KU( ~rhoK ) @ #vk.14 ) )
                      qed
                    next
                      case c_lkem_ct
                      by step( solve( !KU( ~rhoL ) @ #vk.14 ) )
                    qed
                  next
                    case c_receiver_prekey
                    step( solve( !KU( skem_rpk(~receiverSkB) ) @ #vk.13 ) )
                      case c_skem_rpk
                      by step( solve( !KU( ~receiverSkB ) @ #vk.16 ) )
                    qed
                  qed
                next
                  case CoreTranscript_Diff_case_2
                  step( solve( !KU( receiver_prekey(skem_rpk(~receiverSkB),
                                                    ekpk(~receiverEskB),
                                                    sign(~sigSkB,
                                                         receiver_payload(skem_rpk(~receiverSkB),
                                                                          ekpk(~receiverEskB))))
                               ) @ #vk.8 ) )
                    case CoreTranscript_Diff_case_1
                    step( solve( !KU( lkem_ct(kpk(~kemSkB), ~rhoL) ) @ #vk.9 ) )
                      case CoreTranscript_Diff
                      step( solve( !KU( ekem_ct(ekpk(~receiverEskB), ~rhoK) ) @ #vk.10 ) )
                        case CoreTranscript_Diff
                        step( solve( !KU( skem_component(skem_spk(~senderSkA),
                                                         skem_rpk(~receiverSkB), ~rhoS)
                                     ) @ #vk.11 ) )
                          case CoreTranscript_Diff
                          step( solve( !KU( sid_of($A, $B, pk(spk(~sigSkA), kpk(~kemSkA)),
                                                   pk(spk(~sigSkB), kpk(~kemSkB)),
                                                   sender_prekey(skem_spk(~senderSkA),
                                                                 sign(~sigSkA,
                                                                      sender_payload(skem_spk(~senderSkA)))),
                                                   receiver_prekey(skem_rpk(~receiverSkB),
                                                                   ekpk(~receiverEskB),
                                                                   sign(~sigSkB,
                                                                        receiver_payload(skem_rpk(~receiverSkB),
                                                                                         ekpk(~receiverEskB)))),
                                                   <lkem_ct(kpk(~kemSkB), ~rhoL), 
                                                    ekem_ct(ekpk(~receiverEskB), ~rhoK), 
                                                    skem_component(skem_spk(~senderSkA),
                                                                   skem_rpk(~receiverSkB), ~rhoS)
                                                   >)
                                       ) @ #vk.12 ) )
                            case CoreTranscript_Diff_case_1
                            MIRRORED
                          next
                            case CoreTranscript_Diff_case_2
                            MIRRORED
                          next
                            case c_sid_of
                            step( solve( !KU( $A ) @ #vk.13 ) )
                              case coerce
                              step( solve( !KD( $A ) ▶₀ #vk.13 ) )
                                case CoreTranscript_Diff_case_1
                                by step( contradiction /* impossible chain */ )
                              next
                                case CoreTranscript_Diff_case_2
                                by step( contradiction /* impossible chain */ )
                              next
                                case CoreTranscript_Diff_case_3
                                by step( contradiction /* impossible chain */ )
                              next
                                case CoreTranscript_Diff_case_4
                                by step( contradiction /* impossible chain */ )
                              next
                                case CoreTranscript_Diff_case_5
                                by step( contradiction /* impossible chain */ )
                              next
                                case CoreTranscript_Diff_case_6
                                by step( contradiction /* impossible chain */ )
                              qed
                            next
                              case pub
                              step( solve( !KU( $B ) @ #vk.14 ) )
                                case coerce
                                step( solve( !KD( $B ) ▶₀ #vk.14 ) )
                                  case CoreTranscript_Diff_case_1
                                  by step( contradiction /* impossible chain */ )
                                next
                                  case CoreTranscript_Diff_case_2
                                  by step( contradiction /* impossible chain */ )
                                next
                                  case CoreTranscript_Diff_case_3
                                  by step( contradiction /* impossible chain */ )
                                next
                                  case CoreTranscript_Diff_case_4
                                  by step( contradiction /* impossible chain */ )
                                next
                                  case CoreTranscript_Diff_case_5
                                  by step( contradiction /* impossible chain */ )
                                next
                                  case CoreTranscript_Diff_case_6
                                  by step( contradiction /* impossible chain */ )
                                qed
                              next
                                case pub
                                step( solve( !KU( pk(spk(~sigSkA), kpk(~kemSkA)) ) @ #vk.15 ) )
                                  case CoreTranscript_Diff_case_1
                                  MIRRORED
                                next
                                  case CoreTranscript_Diff_case_2
                                  MIRRORED
                                next
                                  case c_pk
                                  step( solve( !KU( spk(~sigSkA) ) @ #vk.16 ) )
                                    case c_spk
                                    by step( solve( !KU( ~sigSkA ) @ #vk.18 ) )
                                  qed
                                qed
                              qed
                            qed
                          qed
                        next
                          case c_skem_component
                          by step( solve( !KU( ~rhoS ) @ #vk.15 ) )
                        qed
                      next
                        case c_ekem_ct
                        by step( solve( !KU( ~rhoK ) @ #vk.14 ) )
                      qed
                    next
                      case c_lkem_ct
                      by step( solve( !KU( ~rhoL ) @ #vk.14 ) )
                    qed
                  next
                    case CoreTranscript_Diff_case_2
                    step( solve( !KU( lkem_ct(kpk(~kemSkB), ~rhoL) ) @ #vk.9 ) )
                      case CoreTranscript_Diff
                      step( solve( !KU( ekem_ct(ekpk(~receiverEskB), ~rhoK) ) @ #vk.10 ) )
                        case CoreTranscript_Diff
                        step( solve( !KU( skem_component(skem_spk(~senderSkA),
                                                         skem_rpk(~receiverSkB), ~rhoS)
                                     ) @ #vk.11 ) )
                          case CoreTranscript_Diff
                          step( solve( !KU( sid_of($A, $B, pk(spk(~sigSkA), kpk(~kemSkA)),
                                                   pk(spk(~sigSkB), kpk(~kemSkB)),
                                                   sender_prekey(skem_spk(~senderSkA),
                                                                 sign(~sigSkA,
                                                                      sender_payload(skem_spk(~senderSkA)))),
                                                   receiver_prekey(skem_rpk(~receiverSkB),
                                                                   ekpk(~receiverEskB),
                                                                   sign(~sigSkB,
                                                                        receiver_payload(skem_rpk(~receiverSkB),
                                                                                         ekpk(~receiverEskB)))),
                                                   <lkem_ct(kpk(~kemSkB), ~rhoL), 
                                                    ekem_ct(ekpk(~receiverEskB), ~rhoK), 
                                                    skem_component(skem_spk(~senderSkA),
                                                                   skem_rpk(~receiverSkB), ~rhoS)
                                                   >)
                                       ) @ #vk.12 ) )
                            case CoreTranscript_Diff_case_1
                            MIRRORED
                          next
                            case CoreTranscript_Diff_case_2
                            MIRRORED
                          next
                            case c_sid_of
                            step( solve( !KU( $A ) @ #vk.13 ) )
                              case coerce
                              step( solve( !KD( $A ) ▶₀ #vk.13 ) )
                                case CoreTranscript_Diff_case_1
                                by step( contradiction /* impossible chain */ )
                              next
                                case CoreTranscript_Diff_case_2
                                by step( contradiction /* impossible chain */ )
                              next
                                case CoreTranscript_Diff_case_3
                                by step( contradiction /* impossible chain */ )
                              next
                                case CoreTranscript_Diff_case_4
                                by step( contradiction /* impossible chain */ )
                              next
                                case CoreTranscript_Diff_case_5
                                by step( contradiction /* impossible chain */ )
                              next
                                case CoreTranscript_Diff_case_6
                                by step( contradiction /* impossible chain */ )
                              qed
                            next
                              case pub
                              step( solve( !KU( $B ) @ #vk.14 ) )
                                case coerce
                                step( solve( !KD( $B ) ▶₀ #vk.14 ) )
                                  case CoreTranscript_Diff_case_1
                                  by step( contradiction /* impossible chain */ )
                                next
                                  case CoreTranscript_Diff_case_2
                                  by step( contradiction /* impossible chain */ )
                                next
                                  case CoreTranscript_Diff_case_3
                                  by step( contradiction /* impossible chain */ )
                                next
                                  case CoreTranscript_Diff_case_4
                                  by step( contradiction /* impossible chain */ )
                                next
                                  case CoreTranscript_Diff_case_5
                                  by step( contradiction /* impossible chain */ )
                                next
                                  case CoreTranscript_Diff_case_6
                                  by step( contradiction /* impossible chain */ )
                                qed
                              next
                                case pub
                                step( solve( !KU( pk(spk(~sigSkA), kpk(~kemSkA)) ) @ #vk.15 ) )
                                  case CoreTranscript_Diff_case_1
                                  MIRRORED
                                next
                                  case CoreTranscript_Diff_case_2
                                  MIRRORED
                                next
                                  case c_pk
                                  step( solve( !KU( spk(~sigSkA) ) @ #vk.16 ) )
                                    case c_spk
                                    by step( solve( !KU( ~sigSkA ) @ #vk.18 ) )
                                  qed
                                qed
                              qed
                            qed
                          qed
                        next
                          case c_skem_component
                          by step( solve( !KU( ~rhoS ) @ #vk.15 ) )
                        qed
                      next
                        case c_ekem_ct
                        by step( solve( !KU( ~rhoK ) @ #vk.14 ) )
                      qed
                    next
                      case c_lkem_ct
                      by step( solve( !KU( ~rhoL ) @ #vk.14 ) )
                    qed
                  next
                    case c_receiver_prekey
                    step( solve( !KU( skem_rpk(~receiverSkB) ) @ #vk.13 ) )
                      case c_skem_rpk
                      by step( solve( !KU( ~receiverSkB ) @ #vk.16 ) )
                    qed
                  qed
                next
                  case c_sender_prekey
                  step( solve( !KU( skem_spk(~senderSkA) ) @ #vk.13 ) )
                    case c_skem_spk
                    by step( solve( !KU( ~senderSkA ) @ #vk.15 ) )
                  qed
                qed
              next
                case c_pk
                step( solve( !KU( spk(~sigSkB) ) @ #vk.13 ) )
                  case c_spk
                  by step( solve( !KU( ~sigSkB ) @ #vk.15 ) )
                qed
              qed
            qed
          next
            case pair
            step( solve( !KU( pk(spk(~sigSkA), kpk(~kemSkA)) ) @ #vk.7 ) )
              case CoreTranscript_Diff_case_1
              step( solve( !KU( pk(spk(~sigSkB), kpk(~kemSkB)) ) @ #vk.8 ) )
                case CoreTranscript_Diff_case_1
                step( solve( !KU( sender_prekey(skem_spk(~senderSkA),
                                                sign(~sigSkA, sender_payload(skem_spk(~senderSkA))))
                             ) @ #vk.9 ) )
                  case CoreTranscript_Diff_case_1
                  step( solve( !KU( receiver_prekey(skem_rpk(~receiverSkB),
                                                    ekpk(~receiverEskB),
                                                    sign(~sigSkB,
                                                         receiver_payload(skem_rpk(~receiverSkB),
                                                                          ekpk(~receiverEskB))))
                               ) @ #vk.10 ) )
                    case CoreTranscript_Diff_case_1
                    step( solve( !KU( lkem_ct(kpk(~kemSkB), ~rhoL) ) @ #vk.11 ) )
                      case CoreTranscript_Diff
                      step( solve( !KU( ekem_ct(ekpk(~receiverEskB), ~rhoK) ) @ #vk.12 ) )
                        case CoreTranscript_Diff
                        step( solve( !KU( skem_component(skem_spk(~senderSkA),
                                                         skem_rpk(~receiverSkB), ~rhoS)
                                     ) @ #vk.13 ) )
                          case CoreTranscript_Diff
                          step( solve( !KU( sid_of($A, $B, pk(spk(~sigSkA), kpk(~kemSkA)),
                                                   pk(spk(~sigSkB), kpk(~kemSkB)),
                                                   sender_prekey(skem_spk(~senderSkA),
                                                                 sign(~sigSkA,
                                                                      sender_payload(skem_spk(~senderSkA)))),
                                                   receiver_prekey(skem_rpk(~receiverSkB),
                                                                   ekpk(~receiverEskB),
                                                                   sign(~sigSkB,
                                                                        receiver_payload(skem_rpk(~receiverSkB),
                                                                                         ekpk(~receiverEskB)))),
                                                   <lkem_ct(kpk(~kemSkB), ~rhoL), 
                                                    ekem_ct(ekpk(~receiverEskB), ~rhoK), 
                                                    skem_component(skem_spk(~senderSkA),
                                                                   skem_rpk(~receiverSkB), ~rhoS)
                                                   >)
                                       ) @ #vk.14 ) )
                            case CoreTranscript_Diff_case_1
                            MIRRORED
                          next
                            case CoreTranscript_Diff_case_2
                            MIRRORED
                          next
                            case c_sid_of
                            step( solve( !KU( $A ) @ #vk.15 ) )
                              case coerce
                              step( solve( !KD( $A ) ▶₀ #vk.15 ) )
                                case CoreTranscript_Diff_case_1
                                by step( contradiction /* impossible chain */ )
                              next
                                case CoreTranscript_Diff_case_2
                                by step( contradiction /* impossible chain */ )
                              next
                                case CoreTranscript_Diff_case_3
                                by step( contradiction /* impossible chain */ )
                              next
                                case CoreTranscript_Diff_case_4
                                by step( contradiction /* impossible chain */ )
                              next
                                case CoreTranscript_Diff_case_5
                                by step( contradiction /* impossible chain */ )
                              next
                                case CoreTranscript_Diff_case_6
                                by step( contradiction /* impossible chain */ )
                              qed
                            next
                              case pub
                              step( solve( !KU( $B ) @ #vk.16 ) )
                                case coerce
                                step( solve( !KD( $B ) ▶₀ #vk.16 ) )
                                  case CoreTranscript_Diff_case_1
                                  by step( contradiction /* impossible chain */ )
                                next
                                  case CoreTranscript_Diff_case_2
                                  by step( contradiction /* impossible chain */ )
                                next
                                  case CoreTranscript_Diff_case_3
                                  by step( contradiction /* impossible chain */ )
                                next
                                  case CoreTranscript_Diff_case_4
                                  by step( contradiction /* impossible chain */ )
                                next
                                  case CoreTranscript_Diff_case_5
                                  by step( contradiction /* impossible chain */ )
                                next
                                  case CoreTranscript_Diff_case_6
                                  by step( contradiction /* impossible chain */ )
                                qed
                              next
                                case pub
                                MIRRORED
                              qed
                            qed
                          qed
                        next
                          case c_skem_component
                          by step( solve( !KU( ~rhoS ) @ #vk.17 ) )
                        qed
                      next
                        case c_ekem_ct
                        by step( solve( !KU( ~rhoK ) @ #vk.16 ) )
                      qed
                    next
                      case c_lkem_ct
                      by step( solve( !KU( ~rhoL ) @ #vk.16 ) )
                    qed
                  next
                    case CoreTranscript_Diff_case_2
                    step( solve( !KU( lkem_ct(kpk(~kemSkB), ~rhoL) ) @ #vk.11 ) )
                      case CoreTranscript_Diff
                      step( solve( !KU( ekem_ct(ekpk(~receiverEskB), ~rhoK) ) @ #vk.12 ) )
                        case CoreTranscript_Diff
                        step( solve( !KU( skem_component(skem_spk(~senderSkA),
                                                         skem_rpk(~receiverSkB), ~rhoS)
                                     ) @ #vk.13 ) )
                          case CoreTranscript_Diff
                          step( solve( !KU( sid_of($A, $B, pk(spk(~sigSkA), kpk(~kemSkA)),
                                                   pk(spk(~sigSkB), kpk(~kemSkB)),
                                                   sender_prekey(skem_spk(~senderSkA),
                                                                 sign(~sigSkA,
                                                                      sender_payload(skem_spk(~senderSkA)))),
                                                   receiver_prekey(skem_rpk(~receiverSkB),
                                                                   ekpk(~receiverEskB),
                                                                   sign(~sigSkB,
                                                                        receiver_payload(skem_rpk(~receiverSkB),
                                                                                         ekpk(~receiverEskB)))),
                                                   <lkem_ct(kpk(~kemSkB), ~rhoL), 
                                                    ekem_ct(ekpk(~receiverEskB), ~rhoK), 
                                                    skem_component(skem_spk(~senderSkA),
                                                                   skem_rpk(~receiverSkB), ~rhoS)
                                                   >)
                                       ) @ #vk.14 ) )
                            case CoreTranscript_Diff_case_1
                            MIRRORED
                          next
                            case CoreTranscript_Diff_case_2
                            MIRRORED
                          next
                            case c_sid_of
                            step( solve( !KU( $A ) @ #vk.15 ) )
                              case coerce
                              step( solve( !KD( $A ) ▶₀ #vk.15 ) )
                                case CoreTranscript_Diff_case_1
                                by step( contradiction /* impossible chain */ )
                              next
                                case CoreTranscript_Diff_case_2
                                by step( contradiction /* impossible chain */ )
                              next
                                case CoreTranscript_Diff_case_3
                                by step( contradiction /* impossible chain */ )
                              next
                                case CoreTranscript_Diff_case_4
                                by step( contradiction /* impossible chain */ )
                              next
                                case CoreTranscript_Diff_case_5
                                by step( contradiction /* impossible chain */ )
                              next
                                case CoreTranscript_Diff_case_6
                                by step( contradiction /* impossible chain */ )
                              qed
                            next
                              case pub
                              step( solve( !KU( $B ) @ #vk.16 ) )
                                case coerce
                                step( solve( !KD( $B ) ▶₀ #vk.16 ) )
                                  case CoreTranscript_Diff_case_1
                                  by step( contradiction /* impossible chain */ )
                                next
                                  case CoreTranscript_Diff_case_2
                                  by step( contradiction /* impossible chain */ )
                                next
                                  case CoreTranscript_Diff_case_3
                                  by step( contradiction /* impossible chain */ )
                                next
                                  case CoreTranscript_Diff_case_4
                                  by step( contradiction /* impossible chain */ )
                                next
                                  case CoreTranscript_Diff_case_5
                                  by step( contradiction /* impossible chain */ )
                                next
                                  case CoreTranscript_Diff_case_6
                                  by step( contradiction /* impossible chain */ )
                                qed
                              next
                                case pub
                                MIRRORED
                              qed
                            qed
                          qed
                        next
                          case c_skem_component
                          by step( solve( !KU( ~rhoS ) @ #vk.17 ) )
                        qed
                      next
                        case c_ekem_ct
                        by step( solve( !KU( ~rhoK ) @ #vk.16 ) )
                      qed
                    next
                      case c_lkem_ct
                      by step( solve( !KU( ~rhoL ) @ #vk.16 ) )
                    qed
                  next
                    case c_receiver_prekey
                    step( solve( !KU( skem_rpk(~receiverSkB) ) @ #vk.15 ) )
                      case c_skem_rpk
                      by step( solve( !KU( ~receiverSkB ) @ #vk.18 ) )
                    qed
                  qed
                next
                  case CoreTranscript_Diff_case_2
                  step( solve( !KU( receiver_prekey(skem_rpk(~receiverSkB),
                                                    ekpk(~receiverEskB),
                                                    sign(~sigSkB,
                                                         receiver_payload(skem_rpk(~receiverSkB),
                                                                          ekpk(~receiverEskB))))
                               ) @ #vk.10 ) )
                    case CoreTranscript_Diff_case_1
                    step( solve( !KU( lkem_ct(kpk(~kemSkB), ~rhoL) ) @ #vk.11 ) )
                      case CoreTranscript_Diff
                      step( solve( !KU( ekem_ct(ekpk(~receiverEskB), ~rhoK) ) @ #vk.12 ) )
                        case CoreTranscript_Diff
                        step( solve( !KU( skem_component(skem_spk(~senderSkA),
                                                         skem_rpk(~receiverSkB), ~rhoS)
                                     ) @ #vk.13 ) )
                          case CoreTranscript_Diff
                          step( solve( !KU( sid_of($A, $B, pk(spk(~sigSkA), kpk(~kemSkA)),
                                                   pk(spk(~sigSkB), kpk(~kemSkB)),
                                                   sender_prekey(skem_spk(~senderSkA),
                                                                 sign(~sigSkA,
                                                                      sender_payload(skem_spk(~senderSkA)))),
                                                   receiver_prekey(skem_rpk(~receiverSkB),
                                                                   ekpk(~receiverEskB),
                                                                   sign(~sigSkB,
                                                                        receiver_payload(skem_rpk(~receiverSkB),
                                                                                         ekpk(~receiverEskB)))),
                                                   <lkem_ct(kpk(~kemSkB), ~rhoL), 
                                                    ekem_ct(ekpk(~receiverEskB), ~rhoK), 
                                                    skem_component(skem_spk(~senderSkA),
                                                                   skem_rpk(~receiverSkB), ~rhoS)
                                                   >)
                                       ) @ #vk.14 ) )
                            case CoreTranscript_Diff_case_1
                            MIRRORED
                          next
                            case CoreTranscript_Diff_case_2
                            MIRRORED
                          next
                            case c_sid_of
                            step( solve( !KU( $A ) @ #vk.15 ) )
                              case coerce
                              step( solve( !KD( $A ) ▶₀ #vk.15 ) )
                                case CoreTranscript_Diff_case_1
                                by step( contradiction /* impossible chain */ )
                              next
                                case CoreTranscript_Diff_case_2
                                by step( contradiction /* impossible chain */ )
                              next
                                case CoreTranscript_Diff_case_3
                                by step( contradiction /* impossible chain */ )
                              next
                                case CoreTranscript_Diff_case_4
                                by step( contradiction /* impossible chain */ )
                              next
                                case CoreTranscript_Diff_case_5
                                by step( contradiction /* impossible chain */ )
                              next
                                case CoreTranscript_Diff_case_6
                                by step( contradiction /* impossible chain */ )
                              qed
                            next
                              case pub
                              step( solve( !KU( $B ) @ #vk.16 ) )
                                case coerce
                                step( solve( !KD( $B ) ▶₀ #vk.16 ) )
                                  case CoreTranscript_Diff_case_1
                                  by step( contradiction /* impossible chain */ )
                                next
                                  case CoreTranscript_Diff_case_2
                                  by step( contradiction /* impossible chain */ )
                                next
                                  case CoreTranscript_Diff_case_3
                                  by step( contradiction /* impossible chain */ )
                                next
                                  case CoreTranscript_Diff_case_4
                                  by step( contradiction /* impossible chain */ )
                                next
                                  case CoreTranscript_Diff_case_5
                                  by step( contradiction /* impossible chain */ )
                                next
                                  case CoreTranscript_Diff_case_6
                                  by step( contradiction /* impossible chain */ )
                                qed
                              next
                                case pub
                                MIRRORED
                              qed
                            qed
                          qed
                        next
                          case c_skem_component
                          by step( solve( !KU( ~rhoS ) @ #vk.17 ) )
                        qed
                      next
                        case c_ekem_ct
                        by step( solve( !KU( ~rhoK ) @ #vk.16 ) )
                      qed
                    next
                      case c_lkem_ct
                      by step( solve( !KU( ~rhoL ) @ #vk.16 ) )
                    qed
                  next
                    case CoreTranscript_Diff_case_2
                    step( solve( !KU( lkem_ct(kpk(~kemSkB), ~rhoL) ) @ #vk.11 ) )
                      case CoreTranscript_Diff
                      step( solve( !KU( ekem_ct(ekpk(~receiverEskB), ~rhoK) ) @ #vk.12 ) )
                        case CoreTranscript_Diff
                        step( solve( !KU( skem_component(skem_spk(~senderSkA),
                                                         skem_rpk(~receiverSkB), ~rhoS)
                                     ) @ #vk.13 ) )
                          case CoreTranscript_Diff
                          step( solve( !KU( sid_of($A, $B, pk(spk(~sigSkA), kpk(~kemSkA)),
                                                   pk(spk(~sigSkB), kpk(~kemSkB)),
                                                   sender_prekey(skem_spk(~senderSkA),
                                                                 sign(~sigSkA,
                                                                      sender_payload(skem_spk(~senderSkA)))),
                                                   receiver_prekey(skem_rpk(~receiverSkB),
                                                                   ekpk(~receiverEskB),
                                                                   sign(~sigSkB,
                                                                        receiver_payload(skem_rpk(~receiverSkB),
                                                                                         ekpk(~receiverEskB)))),
                                                   <lkem_ct(kpk(~kemSkB), ~rhoL), 
                                                    ekem_ct(ekpk(~receiverEskB), ~rhoK), 
                                                    skem_component(skem_spk(~senderSkA),
                                                                   skem_rpk(~receiverSkB), ~rhoS)
                                                   >)
                                       ) @ #vk.14 ) )
                            case CoreTranscript_Diff_case_1
                            MIRRORED
                          next
                            case CoreTranscript_Diff_case_2
                            MIRRORED
                          next
                            case c_sid_of
                            step( solve( !KU( $A ) @ #vk.15 ) )
                              case coerce
                              step( solve( !KD( $A ) ▶₀ #vk.15 ) )
                                case CoreTranscript_Diff_case_1
                                by step( contradiction /* impossible chain */ )
                              next
                                case CoreTranscript_Diff_case_2
                                by step( contradiction /* impossible chain */ )
                              next
                                case CoreTranscript_Diff_case_3
                                by step( contradiction /* impossible chain */ )
                              next
                                case CoreTranscript_Diff_case_4
                                by step( contradiction /* impossible chain */ )
                              next
                                case CoreTranscript_Diff_case_5
                                by step( contradiction /* impossible chain */ )
                              next
                                case CoreTranscript_Diff_case_6
                                by step( contradiction /* impossible chain */ )
                              qed
                            next
                              case pub
                              step( solve( !KU( $B ) @ #vk.16 ) )
                                case coerce
                                step( solve( !KD( $B ) ▶₀ #vk.16 ) )
                                  case CoreTranscript_Diff_case_1
                                  by step( contradiction /* impossible chain */ )
                                next
                                  case CoreTranscript_Diff_case_2
                                  by step( contradiction /* impossible chain */ )
                                next
                                  case CoreTranscript_Diff_case_3
                                  by step( contradiction /* impossible chain */ )
                                next
                                  case CoreTranscript_Diff_case_4
                                  by step( contradiction /* impossible chain */ )
                                next
                                  case CoreTranscript_Diff_case_5
                                  by step( contradiction /* impossible chain */ )
                                next
                                  case CoreTranscript_Diff_case_6
                                  by step( contradiction /* impossible chain */ )
                                qed
                              next
                                case pub
                                MIRRORED
                              qed
                            qed
                          qed
                        next
                          case c_skem_component
                          by step( solve( !KU( ~rhoS ) @ #vk.17 ) )
                        qed
                      next
                        case c_ekem_ct
                        by step( solve( !KU( ~rhoK ) @ #vk.16 ) )
                      qed
                    next
                      case c_lkem_ct
                      by step( solve( !KU( ~rhoL ) @ #vk.16 ) )
                    qed
                  next
                    case c_receiver_prekey
                    step( solve( !KU( skem_rpk(~receiverSkB) ) @ #vk.15 ) )
                      case c_skem_rpk
                      by step( solve( !KU( ~receiverSkB ) @ #vk.18 ) )
                    qed
                  qed
                next
                  case c_sender_prekey
                  step( solve( !KU( skem_spk(~senderSkA) ) @ #vk.15 ) )
                    case c_skem_spk
                    by step( solve( !KU( ~senderSkA ) @ #vk.17 ) )
                  qed
                qed
              next
                case CoreTranscript_Diff_case_2
                step( solve( !KU( sender_prekey(skem_spk(~senderSkA),
                                                sign(~sigSkA, sender_payload(skem_spk(~senderSkA))))
                             ) @ #vk.9 ) )
                  case CoreTranscript_Diff_case_1
                  step( solve( !KU( receiver_prekey(skem_rpk(~receiverSkB),
                                                    ekpk(~receiverEskB),
                                                    sign(~sigSkB,
                                                         receiver_payload(skem_rpk(~receiverSkB),
                                                                          ekpk(~receiverEskB))))
                               ) @ #vk.10 ) )
                    case CoreTranscript_Diff_case_1
                    step( solve( !KU( lkem_ct(kpk(~kemSkB), ~rhoL) ) @ #vk.11 ) )
                      case CoreTranscript_Diff
                      step( solve( !KU( ekem_ct(ekpk(~receiverEskB), ~rhoK) ) @ #vk.12 ) )
                        case CoreTranscript_Diff
                        step( solve( !KU( skem_component(skem_spk(~senderSkA),
                                                         skem_rpk(~receiverSkB), ~rhoS)
                                     ) @ #vk.13 ) )
                          case CoreTranscript_Diff
                          step( solve( !KU( sid_of($A, $B, pk(spk(~sigSkA), kpk(~kemSkA)),
                                                   pk(spk(~sigSkB), kpk(~kemSkB)),
                                                   sender_prekey(skem_spk(~senderSkA),
                                                                 sign(~sigSkA,
                                                                      sender_payload(skem_spk(~senderSkA)))),
                                                   receiver_prekey(skem_rpk(~receiverSkB),
                                                                   ekpk(~receiverEskB),
                                                                   sign(~sigSkB,
                                                                        receiver_payload(skem_rpk(~receiverSkB),
                                                                                         ekpk(~receiverEskB)))),
                                                   <lkem_ct(kpk(~kemSkB), ~rhoL), 
                                                    ekem_ct(ekpk(~receiverEskB), ~rhoK), 
                                                    skem_component(skem_spk(~senderSkA),
                                                                   skem_rpk(~receiverSkB), ~rhoS)
                                                   >)
                                       ) @ #vk.14 ) )
                            case CoreTranscript_Diff_case_1
                            MIRRORED
                          next
                            case CoreTranscript_Diff_case_2
                            MIRRORED
                          next
                            case c_sid_of
                            step( solve( !KU( $A ) @ #vk.15 ) )
                              case coerce
                              step( solve( !KD( $A ) ▶₀ #vk.15 ) )
                                case CoreTranscript_Diff_case_1
                                by step( contradiction /* impossible chain */ )
                              next
                                case CoreTranscript_Diff_case_2
                                by step( contradiction /* impossible chain */ )
                              next
                                case CoreTranscript_Diff_case_3
                                by step( contradiction /* impossible chain */ )
                              next
                                case CoreTranscript_Diff_case_4
                                by step( contradiction /* impossible chain */ )
                              next
                                case CoreTranscript_Diff_case_5
                                by step( contradiction /* impossible chain */ )
                              next
                                case CoreTranscript_Diff_case_6
                                by step( contradiction /* impossible chain */ )
                              qed
                            next
                              case pub
                              step( solve( !KU( $B ) @ #vk.16 ) )
                                case coerce
                                step( solve( !KD( $B ) ▶₀ #vk.16 ) )
                                  case CoreTranscript_Diff_case_1
                                  by step( contradiction /* impossible chain */ )
                                next
                                  case CoreTranscript_Diff_case_2
                                  by step( contradiction /* impossible chain */ )
                                next
                                  case CoreTranscript_Diff_case_3
                                  by step( contradiction /* impossible chain */ )
                                next
                                  case CoreTranscript_Diff_case_4
                                  by step( contradiction /* impossible chain */ )
                                next
                                  case CoreTranscript_Diff_case_5
                                  by step( contradiction /* impossible chain */ )
                                next
                                  case CoreTranscript_Diff_case_6
                                  by step( contradiction /* impossible chain */ )
                                qed
                              next
                                case pub
                                MIRRORED
                              qed
                            qed
                          qed
                        next
                          case c_skem_component
                          by step( solve( !KU( ~rhoS ) @ #vk.17 ) )
                        qed
                      next
                        case c_ekem_ct
                        by step( solve( !KU( ~rhoK ) @ #vk.16 ) )
                      qed
                    next
                      case c_lkem_ct
                      by step( solve( !KU( ~rhoL ) @ #vk.16 ) )
                    qed
                  next
                    case CoreTranscript_Diff_case_2
                    step( solve( !KU( lkem_ct(kpk(~kemSkB), ~rhoL) ) @ #vk.11 ) )
                      case CoreTranscript_Diff
                      step( solve( !KU( ekem_ct(ekpk(~receiverEskB), ~rhoK) ) @ #vk.12 ) )
                        case CoreTranscript_Diff
                        step( solve( !KU( skem_component(skem_spk(~senderSkA),
                                                         skem_rpk(~receiverSkB), ~rhoS)
                                     ) @ #vk.13 ) )
                          case CoreTranscript_Diff
                          step( solve( !KU( sid_of($A, $B, pk(spk(~sigSkA), kpk(~kemSkA)),
                                                   pk(spk(~sigSkB), kpk(~kemSkB)),
                                                   sender_prekey(skem_spk(~senderSkA),
                                                                 sign(~sigSkA,
                                                                      sender_payload(skem_spk(~senderSkA)))),
                                                   receiver_prekey(skem_rpk(~receiverSkB),
                                                                   ekpk(~receiverEskB),
                                                                   sign(~sigSkB,
                                                                        receiver_payload(skem_rpk(~receiverSkB),
                                                                                         ekpk(~receiverEskB)))),
                                                   <lkem_ct(kpk(~kemSkB), ~rhoL), 
                                                    ekem_ct(ekpk(~receiverEskB), ~rhoK), 
                                                    skem_component(skem_spk(~senderSkA),
                                                                   skem_rpk(~receiverSkB), ~rhoS)
                                                   >)
                                       ) @ #vk.14 ) )
                            case CoreTranscript_Diff_case_1
                            MIRRORED
                          next
                            case CoreTranscript_Diff_case_2
                            MIRRORED
                          next
                            case c_sid_of
                            step( solve( !KU( $A ) @ #vk.15 ) )
                              case coerce
                              step( solve( !KD( $A ) ▶₀ #vk.15 ) )
                                case CoreTranscript_Diff_case_1
                                by step( contradiction /* impossible chain */ )
                              next
                                case CoreTranscript_Diff_case_2
                                by step( contradiction /* impossible chain */ )
                              next
                                case CoreTranscript_Diff_case_3
                                by step( contradiction /* impossible chain */ )
                              next
                                case CoreTranscript_Diff_case_4
                                by step( contradiction /* impossible chain */ )
                              next
                                case CoreTranscript_Diff_case_5
                                by step( contradiction /* impossible chain */ )
                              next
                                case CoreTranscript_Diff_case_6
                                by step( contradiction /* impossible chain */ )
                              qed
                            next
                              case pub
                              step( solve( !KU( $B ) @ #vk.16 ) )
                                case coerce
                                step( solve( !KD( $B ) ▶₀ #vk.16 ) )
                                  case CoreTranscript_Diff_case_1
                                  by step( contradiction /* impossible chain */ )
                                next
                                  case CoreTranscript_Diff_case_2
                                  by step( contradiction /* impossible chain */ )
                                next
                                  case CoreTranscript_Diff_case_3
                                  by step( contradiction /* impossible chain */ )
                                next
                                  case CoreTranscript_Diff_case_4
                                  by step( contradiction /* impossible chain */ )
                                next
                                  case CoreTranscript_Diff_case_5
                                  by step( contradiction /* impossible chain */ )
                                next
                                  case CoreTranscript_Diff_case_6
                                  by step( contradiction /* impossible chain */ )
                                qed
                              next
                                case pub
                                MIRRORED
                              qed
                            qed
                          qed
                        next
                          case c_skem_component
                          by step( solve( !KU( ~rhoS ) @ #vk.17 ) )
                        qed
                      next
                        case c_ekem_ct
                        by step( solve( !KU( ~rhoK ) @ #vk.16 ) )
                      qed
                    next
                      case c_lkem_ct
                      by step( solve( !KU( ~rhoL ) @ #vk.16 ) )
                    qed
                  next
                    case c_receiver_prekey
                    step( solve( !KU( skem_rpk(~receiverSkB) ) @ #vk.15 ) )
                      case c_skem_rpk
                      by step( solve( !KU( ~receiverSkB ) @ #vk.18 ) )
                    qed
                  qed
                next
                  case CoreTranscript_Diff_case_2
                  step( solve( !KU( receiver_prekey(skem_rpk(~receiverSkB),
                                                    ekpk(~receiverEskB),
                                                    sign(~sigSkB,
                                                         receiver_payload(skem_rpk(~receiverSkB),
                                                                          ekpk(~receiverEskB))))
                               ) @ #vk.10 ) )
                    case CoreTranscript_Diff_case_1
                    step( solve( !KU( lkem_ct(kpk(~kemSkB), ~rhoL) ) @ #vk.11 ) )
                      case CoreTranscript_Diff
                      step( solve( !KU( ekem_ct(ekpk(~receiverEskB), ~rhoK) ) @ #vk.12 ) )
                        case CoreTranscript_Diff
                        step( solve( !KU( skem_component(skem_spk(~senderSkA),
                                                         skem_rpk(~receiverSkB), ~rhoS)
                                     ) @ #vk.13 ) )
                          case CoreTranscript_Diff
                          step( solve( !KU( sid_of($A, $B, pk(spk(~sigSkA), kpk(~kemSkA)),
                                                   pk(spk(~sigSkB), kpk(~kemSkB)),
                                                   sender_prekey(skem_spk(~senderSkA),
                                                                 sign(~sigSkA,
                                                                      sender_payload(skem_spk(~senderSkA)))),
                                                   receiver_prekey(skem_rpk(~receiverSkB),
                                                                   ekpk(~receiverEskB),
                                                                   sign(~sigSkB,
                                                                        receiver_payload(skem_rpk(~receiverSkB),
                                                                                         ekpk(~receiverEskB)))),
                                                   <lkem_ct(kpk(~kemSkB), ~rhoL), 
                                                    ekem_ct(ekpk(~receiverEskB), ~rhoK), 
                                                    skem_component(skem_spk(~senderSkA),
                                                                   skem_rpk(~receiverSkB), ~rhoS)
                                                   >)
                                       ) @ #vk.14 ) )
                            case CoreTranscript_Diff_case_1
                            MIRRORED
                          next
                            case CoreTranscript_Diff_case_2
                            MIRRORED
                          next
                            case c_sid_of
                            step( solve( !KU( $A ) @ #vk.15 ) )
                              case coerce
                              step( solve( !KD( $A ) ▶₀ #vk.15 ) )
                                case CoreTranscript_Diff_case_1
                                by step( contradiction /* impossible chain */ )
                              next
                                case CoreTranscript_Diff_case_2
                                by step( contradiction /* impossible chain */ )
                              next
                                case CoreTranscript_Diff_case_3
                                by step( contradiction /* impossible chain */ )
                              next
                                case CoreTranscript_Diff_case_4
                                by step( contradiction /* impossible chain */ )
                              next
                                case CoreTranscript_Diff_case_5
                                by step( contradiction /* impossible chain */ )
                              next
                                case CoreTranscript_Diff_case_6
                                by step( contradiction /* impossible chain */ )
                              qed
                            next
                              case pub
                              step( solve( !KU( $B ) @ #vk.16 ) )
                                case coerce
                                step( solve( !KD( $B ) ▶₀ #vk.16 ) )
                                  case CoreTranscript_Diff_case_1
                                  by step( contradiction /* impossible chain */ )
                                next
                                  case CoreTranscript_Diff_case_2
                                  by step( contradiction /* impossible chain */ )
                                next
                                  case CoreTranscript_Diff_case_3
                                  by step( contradiction /* impossible chain */ )
                                next
                                  case CoreTranscript_Diff_case_4
                                  by step( contradiction /* impossible chain */ )
                                next
                                  case CoreTranscript_Diff_case_5
                                  by step( contradiction /* impossible chain */ )
                                next
                                  case CoreTranscript_Diff_case_6
                                  by step( contradiction /* impossible chain */ )
                                qed
                              next
                                case pub
                                MIRRORED
                              qed
                            qed
                          qed
                        next
                          case c_skem_component
                          by step( solve( !KU( ~rhoS ) @ #vk.17 ) )
                        qed
                      next
                        case c_ekem_ct
                        by step( solve( !KU( ~rhoK ) @ #vk.16 ) )
                      qed
                    next
                      case c_lkem_ct
                      by step( solve( !KU( ~rhoL ) @ #vk.16 ) )
                    qed
                  next
                    case CoreTranscript_Diff_case_2
                    step( solve( !KU( lkem_ct(kpk(~kemSkB), ~rhoL) ) @ #vk.11 ) )
                      case CoreTranscript_Diff
                      step( solve( !KU( ekem_ct(ekpk(~receiverEskB), ~rhoK) ) @ #vk.12 ) )
                        case CoreTranscript_Diff
                        step( solve( !KU( skem_component(skem_spk(~senderSkA),
                                                         skem_rpk(~receiverSkB), ~rhoS)
                                     ) @ #vk.13 ) )
                          case CoreTranscript_Diff
                          step( solve( !KU( sid_of($A, $B, pk(spk(~sigSkA), kpk(~kemSkA)),
                                                   pk(spk(~sigSkB), kpk(~kemSkB)),
                                                   sender_prekey(skem_spk(~senderSkA),
                                                                 sign(~sigSkA,
                                                                      sender_payload(skem_spk(~senderSkA)))),
                                                   receiver_prekey(skem_rpk(~receiverSkB),
                                                                   ekpk(~receiverEskB),
                                                                   sign(~sigSkB,
                                                                        receiver_payload(skem_rpk(~receiverSkB),
                                                                                         ekpk(~receiverEskB)))),
                                                   <lkem_ct(kpk(~kemSkB), ~rhoL), 
                                                    ekem_ct(ekpk(~receiverEskB), ~rhoK), 
                                                    skem_component(skem_spk(~senderSkA),
                                                                   skem_rpk(~receiverSkB), ~rhoS)
                                                   >)
                                       ) @ #vk.14 ) )
                            case CoreTranscript_Diff_case_1
                            MIRRORED
                          next
                            case CoreTranscript_Diff_case_2
                            MIRRORED
                          next
                            case c_sid_of
                            step( solve( !KU( $A ) @ #vk.15 ) )
                              case coerce
                              step( solve( !KD( $A ) ▶₀ #vk.15 ) )
                                case CoreTranscript_Diff_case_1
                                by step( contradiction /* impossible chain */ )
                              next
                                case CoreTranscript_Diff_case_2
                                by step( contradiction /* impossible chain */ )
                              next
                                case CoreTranscript_Diff_case_3
                                by step( contradiction /* impossible chain */ )
                              next
                                case CoreTranscript_Diff_case_4
                                by step( contradiction /* impossible chain */ )
                              next
                                case CoreTranscript_Diff_case_5
                                by step( contradiction /* impossible chain */ )
                              next
                                case CoreTranscript_Diff_case_6
                                by step( contradiction /* impossible chain */ )
                              qed
                            next
                              case pub
                              step( solve( !KU( $B ) @ #vk.16 ) )
                                case coerce
                                step( solve( !KD( $B ) ▶₀ #vk.16 ) )
                                  case CoreTranscript_Diff_case_1
                                  by step( contradiction /* impossible chain */ )
                                next
                                  case CoreTranscript_Diff_case_2
                                  by step( contradiction /* impossible chain */ )
                                next
                                  case CoreTranscript_Diff_case_3
                                  by step( contradiction /* impossible chain */ )
                                next
                                  case CoreTranscript_Diff_case_4
                                  by step( contradiction /* impossible chain */ )
                                next
                                  case CoreTranscript_Diff_case_5
                                  by step( contradiction /* impossible chain */ )
                                next
                                  case CoreTranscript_Diff_case_6
                                  by step( contradiction /* impossible chain */ )
                                qed
                              next
                                case pub
                                MIRRORED
                              qed
                            qed
                          qed
                        next
                          case c_skem_component
                          by step( solve( !KU( ~rhoS ) @ #vk.17 ) )
                        qed
                      next
                        case c_ekem_ct
                        by step( solve( !KU( ~rhoK ) @ #vk.16 ) )
                      qed
                    next
                      case c_lkem_ct
                      by step( solve( !KU( ~rhoL ) @ #vk.16 ) )
                    qed
                  next
                    case c_receiver_prekey
                    step( solve( !KU( skem_rpk(~receiverSkB) ) @ #vk.15 ) )
                      case c_skem_rpk
                      by step( solve( !KU( ~receiverSkB ) @ #vk.18 ) )
                    qed
                  qed
                next
                  case c_sender_prekey
                  step( solve( !KU( skem_spk(~senderSkA) ) @ #vk.15 ) )
                    case c_skem_spk
                    by step( solve( !KU( ~senderSkA ) @ #vk.17 ) )
                  qed
                qed
              next
                case c_pk
                step( solve( !KU( spk(~sigSkB) ) @ #vk.15 ) )
                  case c_spk
                  by step( solve( !KU( ~sigSkB ) @ #vk.17 ) )
                qed
              qed
            next
              case CoreTranscript_Diff_case_2
              step( solve( !KU( pk(spk(~sigSkB), kpk(~kemSkB)) ) @ #vk.8 ) )
                case CoreTranscript_Diff_case_1
                step( solve( !KU( sender_prekey(skem_spk(~senderSkA),
                                                sign(~sigSkA, sender_payload(skem_spk(~senderSkA))))
                             ) @ #vk.9 ) )
                  case CoreTranscript_Diff_case_1
                  step( solve( !KU( receiver_prekey(skem_rpk(~receiverSkB),
                                                    ekpk(~receiverEskB),
                                                    sign(~sigSkB,
                                                         receiver_payload(skem_rpk(~receiverSkB),
                                                                          ekpk(~receiverEskB))))
                               ) @ #vk.10 ) )
                    case CoreTranscript_Diff_case_1
                    step( solve( !KU( lkem_ct(kpk(~kemSkB), ~rhoL) ) @ #vk.11 ) )
                      case CoreTranscript_Diff
                      step( solve( !KU( ekem_ct(ekpk(~receiverEskB), ~rhoK) ) @ #vk.12 ) )
                        case CoreTranscript_Diff
                        step( solve( !KU( skem_component(skem_spk(~senderSkA),
                                                         skem_rpk(~receiverSkB), ~rhoS)
                                     ) @ #vk.13 ) )
                          case CoreTranscript_Diff
                          step( solve( !KU( sid_of($A, $B, pk(spk(~sigSkA), kpk(~kemSkA)),
                                                   pk(spk(~sigSkB), kpk(~kemSkB)),
                                                   sender_prekey(skem_spk(~senderSkA),
                                                                 sign(~sigSkA,
                                                                      sender_payload(skem_spk(~senderSkA)))),
                                                   receiver_prekey(skem_rpk(~receiverSkB),
                                                                   ekpk(~receiverEskB),
                                                                   sign(~sigSkB,
                                                                        receiver_payload(skem_rpk(~receiverSkB),
                                                                                         ekpk(~receiverEskB)))),
                                                   <lkem_ct(kpk(~kemSkB), ~rhoL), 
                                                    ekem_ct(ekpk(~receiverEskB), ~rhoK), 
                                                    skem_component(skem_spk(~senderSkA),
                                                                   skem_rpk(~receiverSkB), ~rhoS)
                                                   >)
                                       ) @ #vk.14 ) )
                            case CoreTranscript_Diff_case_1
                            MIRRORED
                          next
                            case CoreTranscript_Diff_case_2
                            MIRRORED
                          next
                            case c_sid_of
                            step( solve( !KU( $A ) @ #vk.15 ) )
                              case coerce
                              step( solve( !KD( $A ) ▶₀ #vk.15 ) )
                                case CoreTranscript_Diff_case_1
                                by step( contradiction /* impossible chain */ )
                              next
                                case CoreTranscript_Diff_case_2
                                by step( contradiction /* impossible chain */ )
                              next
                                case CoreTranscript_Diff_case_3
                                by step( contradiction /* impossible chain */ )
                              next
                                case CoreTranscript_Diff_case_4
                                by step( contradiction /* impossible chain */ )
                              next
                                case CoreTranscript_Diff_case_5
                                by step( contradiction /* impossible chain */ )
                              next
                                case CoreTranscript_Diff_case_6
                                by step( contradiction /* impossible chain */ )
                              qed
                            next
                              case pub
                              step( solve( !KU( $B ) @ #vk.16 ) )
                                case coerce
                                step( solve( !KD( $B ) ▶₀ #vk.16 ) )
                                  case CoreTranscript_Diff_case_1
                                  by step( contradiction /* impossible chain */ )
                                next
                                  case CoreTranscript_Diff_case_2
                                  by step( contradiction /* impossible chain */ )
                                next
                                  case CoreTranscript_Diff_case_3
                                  by step( contradiction /* impossible chain */ )
                                next
                                  case CoreTranscript_Diff_case_4
                                  by step( contradiction /* impossible chain */ )
                                next
                                  case CoreTranscript_Diff_case_5
                                  by step( contradiction /* impossible chain */ )
                                next
                                  case CoreTranscript_Diff_case_6
                                  by step( contradiction /* impossible chain */ )
                                qed
                              next
                                case pub
                                MIRRORED
                              qed
                            qed
                          qed
                        next
                          case c_skem_component
                          by step( solve( !KU( ~rhoS ) @ #vk.17 ) )
                        qed
                      next
                        case c_ekem_ct
                        by step( solve( !KU( ~rhoK ) @ #vk.16 ) )
                      qed
                    next
                      case c_lkem_ct
                      by step( solve( !KU( ~rhoL ) @ #vk.16 ) )
                    qed
                  next
                    case CoreTranscript_Diff_case_2
                    step( solve( !KU( lkem_ct(kpk(~kemSkB), ~rhoL) ) @ #vk.11 ) )
                      case CoreTranscript_Diff
                      step( solve( !KU( ekem_ct(ekpk(~receiverEskB), ~rhoK) ) @ #vk.12 ) )
                        case CoreTranscript_Diff
                        step( solve( !KU( skem_component(skem_spk(~senderSkA),
                                                         skem_rpk(~receiverSkB), ~rhoS)
                                     ) @ #vk.13 ) )
                          case CoreTranscript_Diff
                          step( solve( !KU( sid_of($A, $B, pk(spk(~sigSkA), kpk(~kemSkA)),
                                                   pk(spk(~sigSkB), kpk(~kemSkB)),
                                                   sender_prekey(skem_spk(~senderSkA),
                                                                 sign(~sigSkA,
                                                                      sender_payload(skem_spk(~senderSkA)))),
                                                   receiver_prekey(skem_rpk(~receiverSkB),
                                                                   ekpk(~receiverEskB),
                                                                   sign(~sigSkB,
                                                                        receiver_payload(skem_rpk(~receiverSkB),
                                                                                         ekpk(~receiverEskB)))),
                                                   <lkem_ct(kpk(~kemSkB), ~rhoL), 
                                                    ekem_ct(ekpk(~receiverEskB), ~rhoK), 
                                                    skem_component(skem_spk(~senderSkA),
                                                                   skem_rpk(~receiverSkB), ~rhoS)
                                                   >)
                                       ) @ #vk.14 ) )
                            case CoreTranscript_Diff_case_1
                            MIRRORED
                          next
                            case CoreTranscript_Diff_case_2
                            MIRRORED
                          next
                            case c_sid_of
                            step( solve( !KU( $A ) @ #vk.15 ) )
                              case coerce
                              step( solve( !KD( $A ) ▶₀ #vk.15 ) )
                                case CoreTranscript_Diff_case_1
                                by step( contradiction /* impossible chain */ )
                              next
                                case CoreTranscript_Diff_case_2
                                by step( contradiction /* impossible chain */ )
                              next
                                case CoreTranscript_Diff_case_3
                                by step( contradiction /* impossible chain */ )
                              next
                                case CoreTranscript_Diff_case_4
                                by step( contradiction /* impossible chain */ )
                              next
                                case CoreTranscript_Diff_case_5
                                by step( contradiction /* impossible chain */ )
                              next
                                case CoreTranscript_Diff_case_6
                                by step( contradiction /* impossible chain */ )
                              qed
                            next
                              case pub
                              step( solve( !KU( $B ) @ #vk.16 ) )
                                case coerce
                                step( solve( !KD( $B ) ▶₀ #vk.16 ) )
                                  case CoreTranscript_Diff_case_1
                                  by step( contradiction /* impossible chain */ )
                                next
                                  case CoreTranscript_Diff_case_2
                                  by step( contradiction /* impossible chain */ )
                                next
                                  case CoreTranscript_Diff_case_3
                                  by step( contradiction /* impossible chain */ )
                                next
                                  case CoreTranscript_Diff_case_4
                                  by step( contradiction /* impossible chain */ )
                                next
                                  case CoreTranscript_Diff_case_5
                                  by step( contradiction /* impossible chain */ )
                                next
                                  case CoreTranscript_Diff_case_6
                                  by step( contradiction /* impossible chain */ )
                                qed
                              next
                                case pub
                                MIRRORED
                              qed
                            qed
                          qed
                        next
                          case c_skem_component
                          by step( solve( !KU( ~rhoS ) @ #vk.17 ) )
                        qed
                      next
                        case c_ekem_ct
                        by step( solve( !KU( ~rhoK ) @ #vk.16 ) )
                      qed
                    next
                      case c_lkem_ct
                      by step( solve( !KU( ~rhoL ) @ #vk.16 ) )
                    qed
                  next
                    case c_receiver_prekey
                    step( solve( !KU( skem_rpk(~receiverSkB) ) @ #vk.15 ) )
                      case c_skem_rpk
                      by step( solve( !KU( ~receiverSkB ) @ #vk.18 ) )
                    qed
                  qed
                next
                  case CoreTranscript_Diff_case_2
                  step( solve( !KU( receiver_prekey(skem_rpk(~receiverSkB),
                                                    ekpk(~receiverEskB),
                                                    sign(~sigSkB,
                                                         receiver_payload(skem_rpk(~receiverSkB),
                                                                          ekpk(~receiverEskB))))
                               ) @ #vk.10 ) )
                    case CoreTranscript_Diff_case_1
                    step( solve( !KU( lkem_ct(kpk(~kemSkB), ~rhoL) ) @ #vk.11 ) )
                      case CoreTranscript_Diff
                      step( solve( !KU( ekem_ct(ekpk(~receiverEskB), ~rhoK) ) @ #vk.12 ) )
                        case CoreTranscript_Diff
                        step( solve( !KU( skem_component(skem_spk(~senderSkA),
                                                         skem_rpk(~receiverSkB), ~rhoS)
                                     ) @ #vk.13 ) )
                          case CoreTranscript_Diff
                          step( solve( !KU( sid_of($A, $B, pk(spk(~sigSkA), kpk(~kemSkA)),
                                                   pk(spk(~sigSkB), kpk(~kemSkB)),
                                                   sender_prekey(skem_spk(~senderSkA),
                                                                 sign(~sigSkA,
                                                                      sender_payload(skem_spk(~senderSkA)))),
                                                   receiver_prekey(skem_rpk(~receiverSkB),
                                                                   ekpk(~receiverEskB),
                                                                   sign(~sigSkB,
                                                                        receiver_payload(skem_rpk(~receiverSkB),
                                                                                         ekpk(~receiverEskB)))),
                                                   <lkem_ct(kpk(~kemSkB), ~rhoL), 
                                                    ekem_ct(ekpk(~receiverEskB), ~rhoK), 
                                                    skem_component(skem_spk(~senderSkA),
                                                                   skem_rpk(~receiverSkB), ~rhoS)
                                                   >)
                                       ) @ #vk.14 ) )
                            case CoreTranscript_Diff_case_1
                            MIRRORED
                          next
                            case CoreTranscript_Diff_case_2
                            MIRRORED
                          next
                            case c_sid_of
                            step( solve( !KU( $A ) @ #vk.15 ) )
                              case coerce
                              step( solve( !KD( $A ) ▶₀ #vk.15 ) )
                                case CoreTranscript_Diff_case_1
                                by step( contradiction /* impossible chain */ )
                              next
                                case CoreTranscript_Diff_case_2
                                by step( contradiction /* impossible chain */ )
                              next
                                case CoreTranscript_Diff_case_3
                                by step( contradiction /* impossible chain */ )
                              next
                                case CoreTranscript_Diff_case_4
                                by step( contradiction /* impossible chain */ )
                              next
                                case CoreTranscript_Diff_case_5
                                by step( contradiction /* impossible chain */ )
                              next
                                case CoreTranscript_Diff_case_6
                                by step( contradiction /* impossible chain */ )
                              qed
                            next
                              case pub
                              step( solve( !KU( $B ) @ #vk.16 ) )
                                case coerce
                                step( solve( !KD( $B ) ▶₀ #vk.16 ) )
                                  case CoreTranscript_Diff_case_1
                                  by step( contradiction /* impossible chain */ )
                                next
                                  case CoreTranscript_Diff_case_2
                                  by step( contradiction /* impossible chain */ )
                                next
                                  case CoreTranscript_Diff_case_3
                                  by step( contradiction /* impossible chain */ )
                                next
                                  case CoreTranscript_Diff_case_4
                                  by step( contradiction /* impossible chain */ )
                                next
                                  case CoreTranscript_Diff_case_5
                                  by step( contradiction /* impossible chain */ )
                                next
                                  case CoreTranscript_Diff_case_6
                                  by step( contradiction /* impossible chain */ )
                                qed
                              next
                                case pub
                                MIRRORED
                              qed
                            qed
                          qed
                        next
                          case c_skem_component
                          by step( solve( !KU( ~rhoS ) @ #vk.17 ) )
                        qed
                      next
                        case c_ekem_ct
                        by step( solve( !KU( ~rhoK ) @ #vk.16 ) )
                      qed
                    next
                      case c_lkem_ct
                      by step( solve( !KU( ~rhoL ) @ #vk.16 ) )
                    qed
                  next
                    case CoreTranscript_Diff_case_2
                    step( solve( !KU( lkem_ct(kpk(~kemSkB), ~rhoL) ) @ #vk.11 ) )
                      case CoreTranscript_Diff
                      step( solve( !KU( ekem_ct(ekpk(~receiverEskB), ~rhoK) ) @ #vk.12 ) )
                        case CoreTranscript_Diff
                        step( solve( !KU( skem_component(skem_spk(~senderSkA),
                                                         skem_rpk(~receiverSkB), ~rhoS)
                                     ) @ #vk.13 ) )
                          case CoreTranscript_Diff
                          step( solve( !KU( sid_of($A, $B, pk(spk(~sigSkA), kpk(~kemSkA)),
                                                   pk(spk(~sigSkB), kpk(~kemSkB)),
                                                   sender_prekey(skem_spk(~senderSkA),
                                                                 sign(~sigSkA,
                                                                      sender_payload(skem_spk(~senderSkA)))),
                                                   receiver_prekey(skem_rpk(~receiverSkB),
                                                                   ekpk(~receiverEskB),
                                                                   sign(~sigSkB,
                                                                        receiver_payload(skem_rpk(~receiverSkB),
                                                                                         ekpk(~receiverEskB)))),
                                                   <lkem_ct(kpk(~kemSkB), ~rhoL), 
                                                    ekem_ct(ekpk(~receiverEskB), ~rhoK), 
                                                    skem_component(skem_spk(~senderSkA),
                                                                   skem_rpk(~receiverSkB), ~rhoS)
                                                   >)
                                       ) @ #vk.14 ) )
                            case CoreTranscript_Diff_case_1
                            MIRRORED
                          next
                            case CoreTranscript_Diff_case_2
                            MIRRORED
                          next
                            case c_sid_of
                            step( solve( !KU( $A ) @ #vk.15 ) )
                              case coerce
                              step( solve( !KD( $A ) ▶₀ #vk.15 ) )
                                case CoreTranscript_Diff_case_1
                                by step( contradiction /* impossible chain */ )
                              next
                                case CoreTranscript_Diff_case_2
                                by step( contradiction /* impossible chain */ )
                              next
                                case CoreTranscript_Diff_case_3
                                by step( contradiction /* impossible chain */ )
                              next
                                case CoreTranscript_Diff_case_4
                                by step( contradiction /* impossible chain */ )
                              next
                                case CoreTranscript_Diff_case_5
                                by step( contradiction /* impossible chain */ )
                              next
                                case CoreTranscript_Diff_case_6
                                by step( contradiction /* impossible chain */ )
                              qed
                            next
                              case pub
                              step( solve( !KU( $B ) @ #vk.16 ) )
                                case coerce
                                step( solve( !KD( $B ) ▶₀ #vk.16 ) )
                                  case CoreTranscript_Diff_case_1
                                  by step( contradiction /* impossible chain */ )
                                next
                                  case CoreTranscript_Diff_case_2
                                  by step( contradiction /* impossible chain */ )
                                next
                                  case CoreTranscript_Diff_case_3
                                  by step( contradiction /* impossible chain */ )
                                next
                                  case CoreTranscript_Diff_case_4
                                  by step( contradiction /* impossible chain */ )
                                next
                                  case CoreTranscript_Diff_case_5
                                  by step( contradiction /* impossible chain */ )
                                next
                                  case CoreTranscript_Diff_case_6
                                  by step( contradiction /* impossible chain */ )
                                qed
                              next
                                case pub
                                MIRRORED
                              qed
                            qed
                          qed
                        next
                          case c_skem_component
                          by step( solve( !KU( ~rhoS ) @ #vk.17 ) )
                        qed
                      next
                        case c_ekem_ct
                        by step( solve( !KU( ~rhoK ) @ #vk.16 ) )
                      qed
                    next
                      case c_lkem_ct
                      by step( solve( !KU( ~rhoL ) @ #vk.16 ) )
                    qed
                  next
                    case c_receiver_prekey
                    step( solve( !KU( skem_rpk(~receiverSkB) ) @ #vk.15 ) )
                      case c_skem_rpk
                      by step( solve( !KU( ~receiverSkB ) @ #vk.18 ) )
                    qed
                  qed
                next
                  case c_sender_prekey
                  step( solve( !KU( skem_spk(~senderSkA) ) @ #vk.15 ) )
                    case c_skem_spk
                    by step( solve( !KU( ~senderSkA ) @ #vk.17 ) )
                  qed
                qed
              next
                case CoreTranscript_Diff_case_2
                step( solve( !KU( sender_prekey(skem_spk(~senderSkA),
                                                sign(~sigSkA, sender_payload(skem_spk(~senderSkA))))
                             ) @ #vk.9 ) )
                  case CoreTranscript_Diff_case_1
                  step( solve( !KU( receiver_prekey(skem_rpk(~receiverSkB),
                                                    ekpk(~receiverEskB),
                                                    sign(~sigSkB,
                                                         receiver_payload(skem_rpk(~receiverSkB),
                                                                          ekpk(~receiverEskB))))
                               ) @ #vk.10 ) )
                    case CoreTranscript_Diff_case_1
                    step( solve( !KU( lkem_ct(kpk(~kemSkB), ~rhoL) ) @ #vk.11 ) )
                      case CoreTranscript_Diff
                      step( solve( !KU( ekem_ct(ekpk(~receiverEskB), ~rhoK) ) @ #vk.12 ) )
                        case CoreTranscript_Diff
                        step( solve( !KU( skem_component(skem_spk(~senderSkA),
                                                         skem_rpk(~receiverSkB), ~rhoS)
                                     ) @ #vk.13 ) )
                          case CoreTranscript_Diff
                          step( solve( !KU( sid_of($A, $B, pk(spk(~sigSkA), kpk(~kemSkA)),
                                                   pk(spk(~sigSkB), kpk(~kemSkB)),
                                                   sender_prekey(skem_spk(~senderSkA),
                                                                 sign(~sigSkA,
                                                                      sender_payload(skem_spk(~senderSkA)))),
                                                   receiver_prekey(skem_rpk(~receiverSkB),
                                                                   ekpk(~receiverEskB),
                                                                   sign(~sigSkB,
                                                                        receiver_payload(skem_rpk(~receiverSkB),
                                                                                         ekpk(~receiverEskB)))),
                                                   <lkem_ct(kpk(~kemSkB), ~rhoL), 
                                                    ekem_ct(ekpk(~receiverEskB), ~rhoK), 
                                                    skem_component(skem_spk(~senderSkA),
                                                                   skem_rpk(~receiverSkB), ~rhoS)
                                                   >)
                                       ) @ #vk.14 ) )
                            case CoreTranscript_Diff_case_1
                            MIRRORED
                          next
                            case CoreTranscript_Diff_case_2
                            MIRRORED
                          next
                            case c_sid_of
                            step( solve( !KU( $A ) @ #vk.15 ) )
                              case coerce
                              step( solve( !KD( $A ) ▶₀ #vk.15 ) )
                                case CoreTranscript_Diff_case_1
                                by step( contradiction /* impossible chain */ )
                              next
                                case CoreTranscript_Diff_case_2
                                by step( contradiction /* impossible chain */ )
                              next
                                case CoreTranscript_Diff_case_3
                                by step( contradiction /* impossible chain */ )
                              next
                                case CoreTranscript_Diff_case_4
                                by step( contradiction /* impossible chain */ )
                              next
                                case CoreTranscript_Diff_case_5
                                by step( contradiction /* impossible chain */ )
                              next
                                case CoreTranscript_Diff_case_6
                                by step( contradiction /* impossible chain */ )
                              qed
                            next
                              case pub
                              step( solve( !KU( $B ) @ #vk.16 ) )
                                case coerce
                                step( solve( !KD( $B ) ▶₀ #vk.16 ) )
                                  case CoreTranscript_Diff_case_1
                                  by step( contradiction /* impossible chain */ )
                                next
                                  case CoreTranscript_Diff_case_2
                                  by step( contradiction /* impossible chain */ )
                                next
                                  case CoreTranscript_Diff_case_3
                                  by step( contradiction /* impossible chain */ )
                                next
                                  case CoreTranscript_Diff_case_4
                                  by step( contradiction /* impossible chain */ )
                                next
                                  case CoreTranscript_Diff_case_5
                                  by step( contradiction /* impossible chain */ )
                                next
                                  case CoreTranscript_Diff_case_6
                                  by step( contradiction /* impossible chain */ )
                                qed
                              next
                                case pub
                                MIRRORED
                              qed
                            qed
                          qed
                        next
                          case c_skem_component
                          by step( solve( !KU( ~rhoS ) @ #vk.17 ) )
                        qed
                      next
                        case c_ekem_ct
                        by step( solve( !KU( ~rhoK ) @ #vk.16 ) )
                      qed
                    next
                      case c_lkem_ct
                      by step( solve( !KU( ~rhoL ) @ #vk.16 ) )
                    qed
                  next
                    case CoreTranscript_Diff_case_2
                    step( solve( !KU( lkem_ct(kpk(~kemSkB), ~rhoL) ) @ #vk.11 ) )
                      case CoreTranscript_Diff
                      step( solve( !KU( ekem_ct(ekpk(~receiverEskB), ~rhoK) ) @ #vk.12 ) )
                        case CoreTranscript_Diff
                        step( solve( !KU( skem_component(skem_spk(~senderSkA),
                                                         skem_rpk(~receiverSkB), ~rhoS)
                                     ) @ #vk.13 ) )
                          case CoreTranscript_Diff
                          step( solve( !KU( sid_of($A, $B, pk(spk(~sigSkA), kpk(~kemSkA)),
                                                   pk(spk(~sigSkB), kpk(~kemSkB)),
                                                   sender_prekey(skem_spk(~senderSkA),
                                                                 sign(~sigSkA,
                                                                      sender_payload(skem_spk(~senderSkA)))),
                                                   receiver_prekey(skem_rpk(~receiverSkB),
                                                                   ekpk(~receiverEskB),
                                                                   sign(~sigSkB,
                                                                        receiver_payload(skem_rpk(~receiverSkB),
                                                                                         ekpk(~receiverEskB)))),
                                                   <lkem_ct(kpk(~kemSkB), ~rhoL), 
                                                    ekem_ct(ekpk(~receiverEskB), ~rhoK), 
                                                    skem_component(skem_spk(~senderSkA),
                                                                   skem_rpk(~receiverSkB), ~rhoS)
                                                   >)
                                       ) @ #vk.14 ) )
                            case CoreTranscript_Diff_case_1
                            MIRRORED
                          next
                            case CoreTranscript_Diff_case_2
                            MIRRORED
                          next
                            case c_sid_of
                            step( solve( !KU( $A ) @ #vk.15 ) )
                              case coerce
                              step( solve( !KD( $A ) ▶₀ #vk.15 ) )
                                case CoreTranscript_Diff_case_1
                                by step( contradiction /* impossible chain */ )
                              next
                                case CoreTranscript_Diff_case_2
                                by step( contradiction /* impossible chain */ )
                              next
                                case CoreTranscript_Diff_case_3
                                by step( contradiction /* impossible chain */ )
                              next
                                case CoreTranscript_Diff_case_4
                                by step( contradiction /* impossible chain */ )
                              next
                                case CoreTranscript_Diff_case_5
                                by step( contradiction /* impossible chain */ )
                              next
                                case CoreTranscript_Diff_case_6
                                by step( contradiction /* impossible chain */ )
                              qed
                            next
                              case pub
                              step( solve( !KU( $B ) @ #vk.16 ) )
                                case coerce
                                step( solve( !KD( $B ) ▶₀ #vk.16 ) )
                                  case CoreTranscript_Diff_case_1
                                  by step( contradiction /* impossible chain */ )
                                next
                                  case CoreTranscript_Diff_case_2
                                  by step( contradiction /* impossible chain */ )
                                next
                                  case CoreTranscript_Diff_case_3
                                  by step( contradiction /* impossible chain */ )
                                next
                                  case CoreTranscript_Diff_case_4
                                  by step( contradiction /* impossible chain */ )
                                next
                                  case CoreTranscript_Diff_case_5
                                  by step( contradiction /* impossible chain */ )
                                next
                                  case CoreTranscript_Diff_case_6
                                  by step( contradiction /* impossible chain */ )
                                qed
                              next
                                case pub
                                MIRRORED
                              qed
                            qed
                          qed
                        next
                          case c_skem_component
                          by step( solve( !KU( ~rhoS ) @ #vk.17 ) )
                        qed
                      next
                        case c_ekem_ct
                        by step( solve( !KU( ~rhoK ) @ #vk.16 ) )
                      qed
                    next
                      case c_lkem_ct
                      by step( solve( !KU( ~rhoL ) @ #vk.16 ) )
                    qed
                  next
                    case c_receiver_prekey
                    step( solve( !KU( skem_rpk(~receiverSkB) ) @ #vk.15 ) )
                      case c_skem_rpk
                      by step( solve( !KU( ~receiverSkB ) @ #vk.18 ) )
                    qed
                  qed
                next
                  case CoreTranscript_Diff_case_2
                  step( solve( !KU( receiver_prekey(skem_rpk(~receiverSkB),
                                                    ekpk(~receiverEskB),
                                                    sign(~sigSkB,
                                                         receiver_payload(skem_rpk(~receiverSkB),
                                                                          ekpk(~receiverEskB))))
                               ) @ #vk.10 ) )
                    case CoreTranscript_Diff_case_1
                    step( solve( !KU( lkem_ct(kpk(~kemSkB), ~rhoL) ) @ #vk.11 ) )
                      case CoreTranscript_Diff
                      step( solve( !KU( ekem_ct(ekpk(~receiverEskB), ~rhoK) ) @ #vk.12 ) )
                        case CoreTranscript_Diff
                        step( solve( !KU( skem_component(skem_spk(~senderSkA),
                                                         skem_rpk(~receiverSkB), ~rhoS)
                                     ) @ #vk.13 ) )
                          case CoreTranscript_Diff
                          step( solve( !KU( sid_of($A, $B, pk(spk(~sigSkA), kpk(~kemSkA)),
                                                   pk(spk(~sigSkB), kpk(~kemSkB)),
                                                   sender_prekey(skem_spk(~senderSkA),
                                                                 sign(~sigSkA,
                                                                      sender_payload(skem_spk(~senderSkA)))),
                                                   receiver_prekey(skem_rpk(~receiverSkB),
                                                                   ekpk(~receiverEskB),
                                                                   sign(~sigSkB,
                                                                        receiver_payload(skem_rpk(~receiverSkB),
                                                                                         ekpk(~receiverEskB)))),
                                                   <lkem_ct(kpk(~kemSkB), ~rhoL), 
                                                    ekem_ct(ekpk(~receiverEskB), ~rhoK), 
                                                    skem_component(skem_spk(~senderSkA),
                                                                   skem_rpk(~receiverSkB), ~rhoS)
                                                   >)
                                       ) @ #vk.14 ) )
                            case CoreTranscript_Diff_case_1
                            MIRRORED
                          next
                            case CoreTranscript_Diff_case_2
                            MIRRORED
                          next
                            case c_sid_of
                            step( solve( !KU( $A ) @ #vk.15 ) )
                              case coerce
                              step( solve( !KD( $A ) ▶₀ #vk.15 ) )
                                case CoreTranscript_Diff_case_1
                                by step( contradiction /* impossible chain */ )
                              next
                                case CoreTranscript_Diff_case_2
                                by step( contradiction /* impossible chain */ )
                              next
                                case CoreTranscript_Diff_case_3
                                by step( contradiction /* impossible chain */ )
                              next
                                case CoreTranscript_Diff_case_4
                                by step( contradiction /* impossible chain */ )
                              next
                                case CoreTranscript_Diff_case_5
                                by step( contradiction /* impossible chain */ )
                              next
                                case CoreTranscript_Diff_case_6
                                by step( contradiction /* impossible chain */ )
                              qed
                            next
                              case pub
                              step( solve( !KU( $B ) @ #vk.16 ) )
                                case coerce
                                step( solve( !KD( $B ) ▶₀ #vk.16 ) )
                                  case CoreTranscript_Diff_case_1
                                  by step( contradiction /* impossible chain */ )
                                next
                                  case CoreTranscript_Diff_case_2
                                  by step( contradiction /* impossible chain */ )
                                next
                                  case CoreTranscript_Diff_case_3
                                  by step( contradiction /* impossible chain */ )
                                next
                                  case CoreTranscript_Diff_case_4
                                  by step( contradiction /* impossible chain */ )
                                next
                                  case CoreTranscript_Diff_case_5
                                  by step( contradiction /* impossible chain */ )
                                next
                                  case CoreTranscript_Diff_case_6
                                  by step( contradiction /* impossible chain */ )
                                qed
                              next
                                case pub
                                MIRRORED
                              qed
                            qed
                          qed
                        next
                          case c_skem_component
                          by step( solve( !KU( ~rhoS ) @ #vk.17 ) )
                        qed
                      next
                        case c_ekem_ct
                        by step( solve( !KU( ~rhoK ) @ #vk.16 ) )
                      qed
                    next
                      case c_lkem_ct
                      by step( solve( !KU( ~rhoL ) @ #vk.16 ) )
                    qed
                  next
                    case CoreTranscript_Diff_case_2
                    step( solve( !KU( lkem_ct(kpk(~kemSkB), ~rhoL) ) @ #vk.11 ) )
                      case CoreTranscript_Diff
                      step( solve( !KU( ekem_ct(ekpk(~receiverEskB), ~rhoK) ) @ #vk.12 ) )
                        case CoreTranscript_Diff
                        step( solve( !KU( skem_component(skem_spk(~senderSkA),
                                                         skem_rpk(~receiverSkB), ~rhoS)
                                     ) @ #vk.13 ) )
                          case CoreTranscript_Diff
                          step( solve( !KU( sid_of($A, $B, pk(spk(~sigSkA), kpk(~kemSkA)),
                                                   pk(spk(~sigSkB), kpk(~kemSkB)),
                                                   sender_prekey(skem_spk(~senderSkA),
                                                                 sign(~sigSkA,
                                                                      sender_payload(skem_spk(~senderSkA)))),
                                                   receiver_prekey(skem_rpk(~receiverSkB),
                                                                   ekpk(~receiverEskB),
                                                                   sign(~sigSkB,
                                                                        receiver_payload(skem_rpk(~receiverSkB),
                                                                                         ekpk(~receiverEskB)))),
                                                   <lkem_ct(kpk(~kemSkB), ~rhoL), 
                                                    ekem_ct(ekpk(~receiverEskB), ~rhoK), 
                                                    skem_component(skem_spk(~senderSkA),
                                                                   skem_rpk(~receiverSkB), ~rhoS)
                                                   >)
                                       ) @ #vk.14 ) )
                            case CoreTranscript_Diff_case_1
                            MIRRORED
                          next
                            case CoreTranscript_Diff_case_2
                            MIRRORED
                          next
                            case c_sid_of
                            step( solve( !KU( $A ) @ #vk.15 ) )
                              case coerce
                              step( solve( !KD( $A ) ▶₀ #vk.15 ) )
                                case CoreTranscript_Diff_case_1
                                by step( contradiction /* impossible chain */ )
                              next
                                case CoreTranscript_Diff_case_2
                                by step( contradiction /* impossible chain */ )
                              next
                                case CoreTranscript_Diff_case_3
                                by step( contradiction /* impossible chain */ )
                              next
                                case CoreTranscript_Diff_case_4
                                by step( contradiction /* impossible chain */ )
                              next
                                case CoreTranscript_Diff_case_5
                                by step( contradiction /* impossible chain */ )
                              next
                                case CoreTranscript_Diff_case_6
                                by step( contradiction /* impossible chain */ )
                              qed
                            next
                              case pub
                              step( solve( !KU( $B ) @ #vk.16 ) )
                                case coerce
                                step( solve( !KD( $B ) ▶₀ #vk.16 ) )
                                  case CoreTranscript_Diff_case_1
                                  by step( contradiction /* impossible chain */ )
                                next
                                  case CoreTranscript_Diff_case_2
                                  by step( contradiction /* impossible chain */ )
                                next
                                  case CoreTranscript_Diff_case_3
                                  by step( contradiction /* impossible chain */ )
                                next
                                  case CoreTranscript_Diff_case_4
                                  by step( contradiction /* impossible chain */ )
                                next
                                  case CoreTranscript_Diff_case_5
                                  by step( contradiction /* impossible chain */ )
                                next
                                  case CoreTranscript_Diff_case_6
                                  by step( contradiction /* impossible chain */ )
                                qed
                              next
                                case pub
                                MIRRORED
                              qed
                            qed
                          qed
                        next
                          case c_skem_component
                          by step( solve( !KU( ~rhoS ) @ #vk.17 ) )
                        qed
                      next
                        case c_ekem_ct
                        by step( solve( !KU( ~rhoK ) @ #vk.16 ) )
                      qed
                    next
                      case c_lkem_ct
                      by step( solve( !KU( ~rhoL ) @ #vk.16 ) )
                    qed
                  next
                    case c_receiver_prekey
                    step( solve( !KU( skem_rpk(~receiverSkB) ) @ #vk.15 ) )
                      case c_skem_rpk
                      by step( solve( !KU( ~receiverSkB ) @ #vk.18 ) )
                    qed
                  qed
                next
                  case c_sender_prekey
                  step( solve( !KU( skem_spk(~senderSkA) ) @ #vk.15 ) )
                    case c_skem_spk
                    by step( solve( !KU( ~senderSkA ) @ #vk.17 ) )
                  qed
                qed
              next
                case c_pk
                step( solve( !KU( spk(~sigSkB) ) @ #vk.15 ) )
                  case c_spk
                  by step( solve( !KU( ~sigSkB ) @ #vk.17 ) )
                qed
              qed
            next
              case c_pk
              step( solve( !KU( spk(~sigSkA) ) @ #vk.15 ) )
                case c_spk
                by step( solve( !KU( ~sigSkA ) @ #vk.17 ) )
              qed
            qed
          qed
        next
          case pair
          step( solve( !KU( $B ) @ #vk.8 ) )
            case coerce
            step( solve( !KD( $B ) ▶₀ #vk.8 ) )
              case CoreTranscript_Diff_case_1
              by step( contradiction /* impossible chain */ )
            next
              case CoreTranscript_Diff_case_2
              by step( contradiction /* impossible chain */ )
            next
              case CoreTranscript_Diff_case_3
              by step( contradiction /* impossible chain */ )
            next
              case CoreTranscript_Diff_case_4
              by step( contradiction /* impossible chain */ )
            next
              case CoreTranscript_Diff_case_5
              by step( contradiction /* impossible chain */ )
            next
              case CoreTranscript_Diff_case_6
              by step( contradiction /* impossible chain */ )
            qed
          next
            case pub
            step( solve( !KU( pk(spk(~sigSkA), kpk(~kemSkA)) ) @ #vk.9 ) )
              case CoreTranscript_Diff_case_1
              step( solve( !KU( pk(spk(~sigSkB), kpk(~kemSkB)) ) @ #vk.10 ) )
                case CoreTranscript_Diff_case_1
                step( solve( !KU( sender_prekey(skem_spk(~senderSkA),
                                                sign(~sigSkA, sender_payload(skem_spk(~senderSkA))))
                             ) @ #vk.11 ) )
                  case CoreTranscript_Diff_case_1
                  step( solve( !KU( receiver_prekey(skem_rpk(~receiverSkB),
                                                    ekpk(~receiverEskB),
                                                    sign(~sigSkB,
                                                         receiver_payload(skem_rpk(~receiverSkB),
                                                                          ekpk(~receiverEskB))))
                               ) @ #vk.12 ) )
                    case CoreTranscript_Diff_case_1
                    step( solve( !KU( lkem_ct(kpk(~kemSkB), ~rhoL) ) @ #vk.13 ) )
                      case CoreTranscript_Diff
                      step( solve( !KU( ekem_ct(ekpk(~receiverEskB), ~rhoK) ) @ #vk.14 ) )
                        case CoreTranscript_Diff
                        step( solve( !KU( skem_component(skem_spk(~senderSkA),
                                                         skem_rpk(~receiverSkB), ~rhoS)
                                     ) @ #vk.15 ) )
                          case CoreTranscript_Diff
                          step( solve( !KU( sid_of($A, $B, pk(spk(~sigSkA), kpk(~kemSkA)),
                                                   pk(spk(~sigSkB), kpk(~kemSkB)),
                                                   sender_prekey(skem_spk(~senderSkA),
                                                                 sign(~sigSkA,
                                                                      sender_payload(skem_spk(~senderSkA)))),
                                                   receiver_prekey(skem_rpk(~receiverSkB),
                                                                   ekpk(~receiverEskB),
                                                                   sign(~sigSkB,
                                                                        receiver_payload(skem_rpk(~receiverSkB),
                                                                                         ekpk(~receiverEskB)))),
                                                   <lkem_ct(kpk(~kemSkB), ~rhoL), 
                                                    ekem_ct(ekpk(~receiverEskB), ~rhoK), 
                                                    skem_component(skem_spk(~senderSkA),
                                                                   skem_rpk(~receiverSkB), ~rhoS)
                                                   >)
                                       ) @ #vk.16 ) )
                            case CoreTranscript_Diff_case_1
                            MIRRORED
                          next
                            case CoreTranscript_Diff_case_2
                            MIRRORED
                          next
                            case c_sid_of
                            step( solve( !KU( $A ) @ #vk.17 ) )
                              case coerce
                              step( solve( !KD( $A ) ▶₀ #vk.17 ) )
                                case CoreTranscript_Diff_case_1
                                by step( contradiction /* impossible chain */ )
                              next
                                case CoreTranscript_Diff_case_2
                                by step( contradiction /* impossible chain */ )
                              next
                                case CoreTranscript_Diff_case_3
                                by step( contradiction /* impossible chain */ )
                              next
                                case CoreTranscript_Diff_case_4
                                by step( contradiction /* impossible chain */ )
                              next
                                case CoreTranscript_Diff_case_5
                                by step( contradiction /* impossible chain */ )
                              next
                                case CoreTranscript_Diff_case_6
                                by step( contradiction /* impossible chain */ )
                              qed
                            next
                              case pub
                              MIRRORED
                            qed
                          qed
                        next
                          case c_skem_component
                          by step( solve( !KU( ~rhoS ) @ #vk.19 ) )
                        qed
                      next
                        case c_ekem_ct
                        by step( solve( !KU( ~rhoK ) @ #vk.18 ) )
                      qed
                    next
                      case c_lkem_ct
                      by step( solve( !KU( ~rhoL ) @ #vk.18 ) )
                    qed
                  next
                    case CoreTranscript_Diff_case_2
                    step( solve( !KU( lkem_ct(kpk(~kemSkB), ~rhoL) ) @ #vk.13 ) )
                      case CoreTranscript_Diff
                      step( solve( !KU( ekem_ct(ekpk(~receiverEskB), ~rhoK) ) @ #vk.14 ) )
                        case CoreTranscript_Diff
                        step( solve( !KU( skem_component(skem_spk(~senderSkA),
                                                         skem_rpk(~receiverSkB), ~rhoS)
                                     ) @ #vk.15 ) )
                          case CoreTranscript_Diff
                          step( solve( !KU( sid_of($A, $B, pk(spk(~sigSkA), kpk(~kemSkA)),
                                                   pk(spk(~sigSkB), kpk(~kemSkB)),
                                                   sender_prekey(skem_spk(~senderSkA),
                                                                 sign(~sigSkA,
                                                                      sender_payload(skem_spk(~senderSkA)))),
                                                   receiver_prekey(skem_rpk(~receiverSkB),
                                                                   ekpk(~receiverEskB),
                                                                   sign(~sigSkB,
                                                                        receiver_payload(skem_rpk(~receiverSkB),
                                                                                         ekpk(~receiverEskB)))),
                                                   <lkem_ct(kpk(~kemSkB), ~rhoL), 
                                                    ekem_ct(ekpk(~receiverEskB), ~rhoK), 
                                                    skem_component(skem_spk(~senderSkA),
                                                                   skem_rpk(~receiverSkB), ~rhoS)
                                                   >)
                                       ) @ #vk.16 ) )
                            case CoreTranscript_Diff_case_1
                            MIRRORED
                          next
                            case CoreTranscript_Diff_case_2
                            MIRRORED
                          next
                            case c_sid_of
                            step( solve( !KU( $A ) @ #vk.17 ) )
                              case coerce
                              step( solve( !KD( $A ) ▶₀ #vk.17 ) )
                                case CoreTranscript_Diff_case_1
                                by step( contradiction /* impossible chain */ )
                              next
                                case CoreTranscript_Diff_case_2
                                by step( contradiction /* impossible chain */ )
                              next
                                case CoreTranscript_Diff_case_3
                                by step( contradiction /* impossible chain */ )
                              next
                                case CoreTranscript_Diff_case_4
                                by step( contradiction /* impossible chain */ )
                              next
                                case CoreTranscript_Diff_case_5
                                by step( contradiction /* impossible chain */ )
                              next
                                case CoreTranscript_Diff_case_6
                                by step( contradiction /* impossible chain */ )
                              qed
                            next
                              case pub
                              MIRRORED
                            qed
                          qed
                        next
                          case c_skem_component
                          by step( solve( !KU( ~rhoS ) @ #vk.19 ) )
                        qed
                      next
                        case c_ekem_ct
                        by step( solve( !KU( ~rhoK ) @ #vk.18 ) )
                      qed
                    next
                      case c_lkem_ct
                      by step( solve( !KU( ~rhoL ) @ #vk.18 ) )
                    qed
                  next
                    case c_receiver_prekey
                    step( solve( !KU( skem_rpk(~receiverSkB) ) @ #vk.17 ) )
                      case c_skem_rpk
                      by step( solve( !KU( ~receiverSkB ) @ #vk.20 ) )
                    qed
                  qed
                next
                  case CoreTranscript_Diff_case_2
                  step( solve( !KU( receiver_prekey(skem_rpk(~receiverSkB),
                                                    ekpk(~receiverEskB),
                                                    sign(~sigSkB,
                                                         receiver_payload(skem_rpk(~receiverSkB),
                                                                          ekpk(~receiverEskB))))
                               ) @ #vk.12 ) )
                    case CoreTranscript_Diff_case_1
                    step( solve( !KU( lkem_ct(kpk(~kemSkB), ~rhoL) ) @ #vk.13 ) )
                      case CoreTranscript_Diff
                      step( solve( !KU( ekem_ct(ekpk(~receiverEskB), ~rhoK) ) @ #vk.14 ) )
                        case CoreTranscript_Diff
                        step( solve( !KU( skem_component(skem_spk(~senderSkA),
                                                         skem_rpk(~receiverSkB), ~rhoS)
                                     ) @ #vk.15 ) )
                          case CoreTranscript_Diff
                          step( solve( !KU( sid_of($A, $B, pk(spk(~sigSkA), kpk(~kemSkA)),
                                                   pk(spk(~sigSkB), kpk(~kemSkB)),
                                                   sender_prekey(skem_spk(~senderSkA),
                                                                 sign(~sigSkA,
                                                                      sender_payload(skem_spk(~senderSkA)))),
                                                   receiver_prekey(skem_rpk(~receiverSkB),
                                                                   ekpk(~receiverEskB),
                                                                   sign(~sigSkB,
                                                                        receiver_payload(skem_rpk(~receiverSkB),
                                                                                         ekpk(~receiverEskB)))),
                                                   <lkem_ct(kpk(~kemSkB), ~rhoL), 
                                                    ekem_ct(ekpk(~receiverEskB), ~rhoK), 
                                                    skem_component(skem_spk(~senderSkA),
                                                                   skem_rpk(~receiverSkB), ~rhoS)
                                                   >)
                                       ) @ #vk.16 ) )
                            case CoreTranscript_Diff_case_1
                            MIRRORED
                          next
                            case CoreTranscript_Diff_case_2
                            MIRRORED
                          next
                            case c_sid_of
                            step( solve( !KU( $A ) @ #vk.17 ) )
                              case coerce
                              step( solve( !KD( $A ) ▶₀ #vk.17 ) )
                                case CoreTranscript_Diff_case_1
                                by step( contradiction /* impossible chain */ )
                              next
                                case CoreTranscript_Diff_case_2
                                by step( contradiction /* impossible chain */ )
                              next
                                case CoreTranscript_Diff_case_3
                                by step( contradiction /* impossible chain */ )
                              next
                                case CoreTranscript_Diff_case_4
                                by step( contradiction /* impossible chain */ )
                              next
                                case CoreTranscript_Diff_case_5
                                by step( contradiction /* impossible chain */ )
                              next
                                case CoreTranscript_Diff_case_6
                                by step( contradiction /* impossible chain */ )
                              qed
                            next
                              case pub
                              MIRRORED
                            qed
                          qed
                        next
                          case c_skem_component
                          by step( solve( !KU( ~rhoS ) @ #vk.19 ) )
                        qed
                      next
                        case c_ekem_ct
                        by step( solve( !KU( ~rhoK ) @ #vk.18 ) )
                      qed
                    next
                      case c_lkem_ct
                      by step( solve( !KU( ~rhoL ) @ #vk.18 ) )
                    qed
                  next
                    case CoreTranscript_Diff_case_2
                    step( solve( !KU( lkem_ct(kpk(~kemSkB), ~rhoL) ) @ #vk.13 ) )
                      case CoreTranscript_Diff
                      step( solve( !KU( ekem_ct(ekpk(~receiverEskB), ~rhoK) ) @ #vk.14 ) )
                        case CoreTranscript_Diff
                        step( solve( !KU( skem_component(skem_spk(~senderSkA),
                                                         skem_rpk(~receiverSkB), ~rhoS)
                                     ) @ #vk.15 ) )
                          case CoreTranscript_Diff
                          step( solve( !KU( sid_of($A, $B, pk(spk(~sigSkA), kpk(~kemSkA)),
                                                   pk(spk(~sigSkB), kpk(~kemSkB)),
                                                   sender_prekey(skem_spk(~senderSkA),
                                                                 sign(~sigSkA,
                                                                      sender_payload(skem_spk(~senderSkA)))),
                                                   receiver_prekey(skem_rpk(~receiverSkB),
                                                                   ekpk(~receiverEskB),
                                                                   sign(~sigSkB,
                                                                        receiver_payload(skem_rpk(~receiverSkB),
                                                                                         ekpk(~receiverEskB)))),
                                                   <lkem_ct(kpk(~kemSkB), ~rhoL), 
                                                    ekem_ct(ekpk(~receiverEskB), ~rhoK), 
                                                    skem_component(skem_spk(~senderSkA),
                                                                   skem_rpk(~receiverSkB), ~rhoS)
                                                   >)
                                       ) @ #vk.16 ) )
                            case CoreTranscript_Diff_case_1
                            MIRRORED
                          next
                            case CoreTranscript_Diff_case_2
                            MIRRORED
                          next
                            case c_sid_of
                            step( solve( !KU( $A ) @ #vk.17 ) )
                              case coerce
                              step( solve( !KD( $A ) ▶₀ #vk.17 ) )
                                case CoreTranscript_Diff_case_1
                                by step( contradiction /* impossible chain */ )
                              next
                                case CoreTranscript_Diff_case_2
                                by step( contradiction /* impossible chain */ )
                              next
                                case CoreTranscript_Diff_case_3
                                by step( contradiction /* impossible chain */ )
                              next
                                case CoreTranscript_Diff_case_4
                                by step( contradiction /* impossible chain */ )
                              next
                                case CoreTranscript_Diff_case_5
                                by step( contradiction /* impossible chain */ )
                              next
                                case CoreTranscript_Diff_case_6
                                by step( contradiction /* impossible chain */ )
                              qed
                            next
                              case pub
                              MIRRORED
                            qed
                          qed
                        next
                          case c_skem_component
                          by step( solve( !KU( ~rhoS ) @ #vk.19 ) )
                        qed
                      next
                        case c_ekem_ct
                        by step( solve( !KU( ~rhoK ) @ #vk.18 ) )
                      qed
                    next
                      case c_lkem_ct
                      by step( solve( !KU( ~rhoL ) @ #vk.18 ) )
                    qed
                  next
                    case c_receiver_prekey
                    step( solve( !KU( skem_rpk(~receiverSkB) ) @ #vk.17 ) )
                      case c_skem_rpk
                      by step( solve( !KU( ~receiverSkB ) @ #vk.20 ) )
                    qed
                  qed
                next
                  case c_sender_prekey
                  step( solve( !KU( skem_spk(~senderSkA) ) @ #vk.17 ) )
                    case c_skem_spk
                    by step( solve( !KU( ~senderSkA ) @ #vk.19 ) )
                  qed
                qed
              next
                case CoreTranscript_Diff_case_2
                step( solve( !KU( sender_prekey(skem_spk(~senderSkA),
                                                sign(~sigSkA, sender_payload(skem_spk(~senderSkA))))
                             ) @ #vk.11 ) )
                  case CoreTranscript_Diff_case_1
                  step( solve( !KU( receiver_prekey(skem_rpk(~receiverSkB),
                                                    ekpk(~receiverEskB),
                                                    sign(~sigSkB,
                                                         receiver_payload(skem_rpk(~receiverSkB),
                                                                          ekpk(~receiverEskB))))
                               ) @ #vk.12 ) )
                    case CoreTranscript_Diff_case_1
                    step( solve( !KU( lkem_ct(kpk(~kemSkB), ~rhoL) ) @ #vk.13 ) )
                      case CoreTranscript_Diff
                      step( solve( !KU( ekem_ct(ekpk(~receiverEskB), ~rhoK) ) @ #vk.14 ) )
                        case CoreTranscript_Diff
                        step( solve( !KU( skem_component(skem_spk(~senderSkA),
                                                         skem_rpk(~receiverSkB), ~rhoS)
                                     ) @ #vk.15 ) )
                          case CoreTranscript_Diff
                          step( solve( !KU( sid_of($A, $B, pk(spk(~sigSkA), kpk(~kemSkA)),
                                                   pk(spk(~sigSkB), kpk(~kemSkB)),
                                                   sender_prekey(skem_spk(~senderSkA),
                                                                 sign(~sigSkA,
                                                                      sender_payload(skem_spk(~senderSkA)))),
                                                   receiver_prekey(skem_rpk(~receiverSkB),
                                                                   ekpk(~receiverEskB),
                                                                   sign(~sigSkB,
                                                                        receiver_payload(skem_rpk(~receiverSkB),
                                                                                         ekpk(~receiverEskB)))),
                                                   <lkem_ct(kpk(~kemSkB), ~rhoL), 
                                                    ekem_ct(ekpk(~receiverEskB), ~rhoK), 
                                                    skem_component(skem_spk(~senderSkA),
                                                                   skem_rpk(~receiverSkB), ~rhoS)
                                                   >)
                                       ) @ #vk.16 ) )
                            case CoreTranscript_Diff_case_1
                            MIRRORED
                          next
                            case CoreTranscript_Diff_case_2
                            MIRRORED
                          next
                            case c_sid_of
                            step( solve( !KU( $A ) @ #vk.17 ) )
                              case coerce
                              step( solve( !KD( $A ) ▶₀ #vk.17 ) )
                                case CoreTranscript_Diff_case_1
                                by step( contradiction /* impossible chain */ )
                              next
                                case CoreTranscript_Diff_case_2
                                by step( contradiction /* impossible chain */ )
                              next
                                case CoreTranscript_Diff_case_3
                                by step( contradiction /* impossible chain */ )
                              next
                                case CoreTranscript_Diff_case_4
                                by step( contradiction /* impossible chain */ )
                              next
                                case CoreTranscript_Diff_case_5
                                by step( contradiction /* impossible chain */ )
                              next
                                case CoreTranscript_Diff_case_6
                                by step( contradiction /* impossible chain */ )
                              qed
                            next
                              case pub
                              MIRRORED
                            qed
                          qed
                        next
                          case c_skem_component
                          by step( solve( !KU( ~rhoS ) @ #vk.19 ) )
                        qed
                      next
                        case c_ekem_ct
                        by step( solve( !KU( ~rhoK ) @ #vk.18 ) )
                      qed
                    next
                      case c_lkem_ct
                      by step( solve( !KU( ~rhoL ) @ #vk.18 ) )
                    qed
                  next
                    case CoreTranscript_Diff_case_2
                    step( solve( !KU( lkem_ct(kpk(~kemSkB), ~rhoL) ) @ #vk.13 ) )
                      case CoreTranscript_Diff
                      step( solve( !KU( ekem_ct(ekpk(~receiverEskB), ~rhoK) ) @ #vk.14 ) )
                        case CoreTranscript_Diff
                        step( solve( !KU( skem_component(skem_spk(~senderSkA),
                                                         skem_rpk(~receiverSkB), ~rhoS)
                                     ) @ #vk.15 ) )
                          case CoreTranscript_Diff
                          step( solve( !KU( sid_of($A, $B, pk(spk(~sigSkA), kpk(~kemSkA)),
                                                   pk(spk(~sigSkB), kpk(~kemSkB)),
                                                   sender_prekey(skem_spk(~senderSkA),
                                                                 sign(~sigSkA,
                                                                      sender_payload(skem_spk(~senderSkA)))),
                                                   receiver_prekey(skem_rpk(~receiverSkB),
                                                                   ekpk(~receiverEskB),
                                                                   sign(~sigSkB,
                                                                        receiver_payload(skem_rpk(~receiverSkB),
                                                                                         ekpk(~receiverEskB)))),
                                                   <lkem_ct(kpk(~kemSkB), ~rhoL), 
                                                    ekem_ct(ekpk(~receiverEskB), ~rhoK), 
                                                    skem_component(skem_spk(~senderSkA),
                                                                   skem_rpk(~receiverSkB), ~rhoS)
                                                   >)
                                       ) @ #vk.16 ) )
                            case CoreTranscript_Diff_case_1
                            MIRRORED
                          next
                            case CoreTranscript_Diff_case_2
                            MIRRORED
                          next
                            case c_sid_of
                            step( solve( !KU( $A ) @ #vk.17 ) )
                              case coerce
                              step( solve( !KD( $A ) ▶₀ #vk.17 ) )
                                case CoreTranscript_Diff_case_1
                                by step( contradiction /* impossible chain */ )
                              next
                                case CoreTranscript_Diff_case_2
                                by step( contradiction /* impossible chain */ )
                              next
                                case CoreTranscript_Diff_case_3
                                by step( contradiction /* impossible chain */ )
                              next
                                case CoreTranscript_Diff_case_4
                                by step( contradiction /* impossible chain */ )
                              next
                                case CoreTranscript_Diff_case_5
                                by step( contradiction /* impossible chain */ )
                              next
                                case CoreTranscript_Diff_case_6
                                by step( contradiction /* impossible chain */ )
                              qed
                            next
                              case pub
                              MIRRORED
                            qed
                          qed
                        next
                          case c_skem_component
                          by step( solve( !KU( ~rhoS ) @ #vk.19 ) )
                        qed
                      next
                        case c_ekem_ct
                        by step( solve( !KU( ~rhoK ) @ #vk.18 ) )
                      qed
                    next
                      case c_lkem_ct
                      by step( solve( !KU( ~rhoL ) @ #vk.18 ) )
                    qed
                  next
                    case c_receiver_prekey
                    step( solve( !KU( skem_rpk(~receiverSkB) ) @ #vk.17 ) )
                      case c_skem_rpk
                      by step( solve( !KU( ~receiverSkB ) @ #vk.20 ) )
                    qed
                  qed
                next
                  case CoreTranscript_Diff_case_2
                  step( solve( !KU( receiver_prekey(skem_rpk(~receiverSkB),
                                                    ekpk(~receiverEskB),
                                                    sign(~sigSkB,
                                                         receiver_payload(skem_rpk(~receiverSkB),
                                                                          ekpk(~receiverEskB))))
                               ) @ #vk.12 ) )
                    case CoreTranscript_Diff_case_1
                    step( solve( !KU( lkem_ct(kpk(~kemSkB), ~rhoL) ) @ #vk.13 ) )
                      case CoreTranscript_Diff
                      step( solve( !KU( ekem_ct(ekpk(~receiverEskB), ~rhoK) ) @ #vk.14 ) )
                        case CoreTranscript_Diff
                        step( solve( !KU( skem_component(skem_spk(~senderSkA),
                                                         skem_rpk(~receiverSkB), ~rhoS)
                                     ) @ #vk.15 ) )
                          case CoreTranscript_Diff
                          step( solve( !KU( sid_of($A, $B, pk(spk(~sigSkA), kpk(~kemSkA)),
                                                   pk(spk(~sigSkB), kpk(~kemSkB)),
                                                   sender_prekey(skem_spk(~senderSkA),
                                                                 sign(~sigSkA,
                                                                      sender_payload(skem_spk(~senderSkA)))),
                                                   receiver_prekey(skem_rpk(~receiverSkB),
                                                                   ekpk(~receiverEskB),
                                                                   sign(~sigSkB,
                                                                        receiver_payload(skem_rpk(~receiverSkB),
                                                                                         ekpk(~receiverEskB)))),
                                                   <lkem_ct(kpk(~kemSkB), ~rhoL), 
                                                    ekem_ct(ekpk(~receiverEskB), ~rhoK), 
                                                    skem_component(skem_spk(~senderSkA),
                                                                   skem_rpk(~receiverSkB), ~rhoS)
                                                   >)
                                       ) @ #vk.16 ) )
                            case CoreTranscript_Diff_case_1
                            MIRRORED
                          next
                            case CoreTranscript_Diff_case_2
                            MIRRORED
                          next
                            case c_sid_of
                            step( solve( !KU( $A ) @ #vk.17 ) )
                              case coerce
                              step( solve( !KD( $A ) ▶₀ #vk.17 ) )
                                case CoreTranscript_Diff_case_1
                                by step( contradiction /* impossible chain */ )
                              next
                                case CoreTranscript_Diff_case_2
                                by step( contradiction /* impossible chain */ )
                              next
                                case CoreTranscript_Diff_case_3
                                by step( contradiction /* impossible chain */ )
                              next
                                case CoreTranscript_Diff_case_4
                                by step( contradiction /* impossible chain */ )
                              next
                                case CoreTranscript_Diff_case_5
                                by step( contradiction /* impossible chain */ )
                              next
                                case CoreTranscript_Diff_case_6
                                by step( contradiction /* impossible chain */ )
                              qed
                            next
                              case pub
                              MIRRORED
                            qed
                          qed
                        next
                          case c_skem_component
                          by step( solve( !KU( ~rhoS ) @ #vk.19 ) )
                        qed
                      next
                        case c_ekem_ct
                        by step( solve( !KU( ~rhoK ) @ #vk.18 ) )
                      qed
                    next
                      case c_lkem_ct
                      by step( solve( !KU( ~rhoL ) @ #vk.18 ) )
                    qed
                  next
                    case CoreTranscript_Diff_case_2
                    step( solve( !KU( lkem_ct(kpk(~kemSkB), ~rhoL) ) @ #vk.13 ) )
                      case CoreTranscript_Diff
                      step( solve( !KU( ekem_ct(ekpk(~receiverEskB), ~rhoK) ) @ #vk.14 ) )
                        case CoreTranscript_Diff
                        step( solve( !KU( skem_component(skem_spk(~senderSkA),
                                                         skem_rpk(~receiverSkB), ~rhoS)
                                     ) @ #vk.15 ) )
                          case CoreTranscript_Diff
                          step( solve( !KU( sid_of($A, $B, pk(spk(~sigSkA), kpk(~kemSkA)),
                                                   pk(spk(~sigSkB), kpk(~kemSkB)),
                                                   sender_prekey(skem_spk(~senderSkA),
                                                                 sign(~sigSkA,
                                                                      sender_payload(skem_spk(~senderSkA)))),
                                                   receiver_prekey(skem_rpk(~receiverSkB),
                                                                   ekpk(~receiverEskB),
                                                                   sign(~sigSkB,
                                                                        receiver_payload(skem_rpk(~receiverSkB),
                                                                                         ekpk(~receiverEskB)))),
                                                   <lkem_ct(kpk(~kemSkB), ~rhoL), 
                                                    ekem_ct(ekpk(~receiverEskB), ~rhoK), 
                                                    skem_component(skem_spk(~senderSkA),
                                                                   skem_rpk(~receiverSkB), ~rhoS)
                                                   >)
                                       ) @ #vk.16 ) )
                            case CoreTranscript_Diff_case_1
                            MIRRORED
                          next
                            case CoreTranscript_Diff_case_2
                            MIRRORED
                          next
                            case c_sid_of
                            step( solve( !KU( $A ) @ #vk.17 ) )
                              case coerce
                              step( solve( !KD( $A ) ▶₀ #vk.17 ) )
                                case CoreTranscript_Diff_case_1
                                by step( contradiction /* impossible chain */ )
                              next
                                case CoreTranscript_Diff_case_2
                                by step( contradiction /* impossible chain */ )
                              next
                                case CoreTranscript_Diff_case_3
                                by step( contradiction /* impossible chain */ )
                              next
                                case CoreTranscript_Diff_case_4
                                by step( contradiction /* impossible chain */ )
                              next
                                case CoreTranscript_Diff_case_5
                                by step( contradiction /* impossible chain */ )
                              next
                                case CoreTranscript_Diff_case_6
                                by step( contradiction /* impossible chain */ )
                              qed
                            next
                              case pub
                              MIRRORED
                            qed
                          qed
                        next
                          case c_skem_component
                          by step( solve( !KU( ~rhoS ) @ #vk.19 ) )
                        qed
                      next
                        case c_ekem_ct
                        by step( solve( !KU( ~rhoK ) @ #vk.18 ) )
                      qed
                    next
                      case c_lkem_ct
                      by step( solve( !KU( ~rhoL ) @ #vk.18 ) )
                    qed
                  next
                    case c_receiver_prekey
                    step( solve( !KU( skem_rpk(~receiverSkB) ) @ #vk.17 ) )
                      case c_skem_rpk
                      by step( solve( !KU( ~receiverSkB ) @ #vk.20 ) )
                    qed
                  qed
                next
                  case c_sender_prekey
                  step( solve( !KU( skem_spk(~senderSkA) ) @ #vk.17 ) )
                    case c_skem_spk
                    by step( solve( !KU( ~senderSkA ) @ #vk.19 ) )
                  qed
                qed
              next
                case c_pk
                step( solve( !KU( spk(~sigSkB) ) @ #vk.17 ) )
                  case c_spk
                  by step( solve( !KU( ~sigSkB ) @ #vk.19 ) )
                qed
              qed
            next
              case CoreTranscript_Diff_case_2
              step( solve( !KU( pk(spk(~sigSkB), kpk(~kemSkB)) ) @ #vk.10 ) )
                case CoreTranscript_Diff_case_1
                step( solve( !KU( sender_prekey(skem_spk(~senderSkA),
                                                sign(~sigSkA, sender_payload(skem_spk(~senderSkA))))
                             ) @ #vk.11 ) )
                  case CoreTranscript_Diff_case_1
                  step( solve( !KU( receiver_prekey(skem_rpk(~receiverSkB),
                                                    ekpk(~receiverEskB),
                                                    sign(~sigSkB,
                                                         receiver_payload(skem_rpk(~receiverSkB),
                                                                          ekpk(~receiverEskB))))
                               ) @ #vk.12 ) )
                    case CoreTranscript_Diff_case_1
                    step( solve( !KU( lkem_ct(kpk(~kemSkB), ~rhoL) ) @ #vk.13 ) )
                      case CoreTranscript_Diff
                      step( solve( !KU( ekem_ct(ekpk(~receiverEskB), ~rhoK) ) @ #vk.14 ) )
                        case CoreTranscript_Diff
                        step( solve( !KU( skem_component(skem_spk(~senderSkA),
                                                         skem_rpk(~receiverSkB), ~rhoS)
                                     ) @ #vk.15 ) )
                          case CoreTranscript_Diff
                          step( solve( !KU( sid_of($A, $B, pk(spk(~sigSkA), kpk(~kemSkA)),
                                                   pk(spk(~sigSkB), kpk(~kemSkB)),
                                                   sender_prekey(skem_spk(~senderSkA),
                                                                 sign(~sigSkA,
                                                                      sender_payload(skem_spk(~senderSkA)))),
                                                   receiver_prekey(skem_rpk(~receiverSkB),
                                                                   ekpk(~receiverEskB),
                                                                   sign(~sigSkB,
                                                                        receiver_payload(skem_rpk(~receiverSkB),
                                                                                         ekpk(~receiverEskB)))),
                                                   <lkem_ct(kpk(~kemSkB), ~rhoL), 
                                                    ekem_ct(ekpk(~receiverEskB), ~rhoK), 
                                                    skem_component(skem_spk(~senderSkA),
                                                                   skem_rpk(~receiverSkB), ~rhoS)
                                                   >)
                                       ) @ #vk.16 ) )
                            case CoreTranscript_Diff_case_1
                            MIRRORED
                          next
                            case CoreTranscript_Diff_case_2
                            MIRRORED
                          next
                            case c_sid_of
                            step( solve( !KU( $A ) @ #vk.17 ) )
                              case coerce
                              step( solve( !KD( $A ) ▶₀ #vk.17 ) )
                                case CoreTranscript_Diff_case_1
                                by step( contradiction /* impossible chain */ )
                              next
                                case CoreTranscript_Diff_case_2
                                by step( contradiction /* impossible chain */ )
                              next
                                case CoreTranscript_Diff_case_3
                                by step( contradiction /* impossible chain */ )
                              next
                                case CoreTranscript_Diff_case_4
                                by step( contradiction /* impossible chain */ )
                              next
                                case CoreTranscript_Diff_case_5
                                by step( contradiction /* impossible chain */ )
                              next
                                case CoreTranscript_Diff_case_6
                                by step( contradiction /* impossible chain */ )
                              qed
                            next
                              case pub
                              MIRRORED
                            qed
                          qed
                        next
                          case c_skem_component
                          by step( solve( !KU( ~rhoS ) @ #vk.19 ) )
                        qed
                      next
                        case c_ekem_ct
                        by step( solve( !KU( ~rhoK ) @ #vk.18 ) )
                      qed
                    next
                      case c_lkem_ct
                      by step( solve( !KU( ~rhoL ) @ #vk.18 ) )
                    qed
                  next
                    case CoreTranscript_Diff_case_2
                    step( solve( !KU( lkem_ct(kpk(~kemSkB), ~rhoL) ) @ #vk.13 ) )
                      case CoreTranscript_Diff
                      step( solve( !KU( ekem_ct(ekpk(~receiverEskB), ~rhoK) ) @ #vk.14 ) )
                        case CoreTranscript_Diff
                        step( solve( !KU( skem_component(skem_spk(~senderSkA),
                                                         skem_rpk(~receiverSkB), ~rhoS)
                                     ) @ #vk.15 ) )
                          case CoreTranscript_Diff
                          step( solve( !KU( sid_of($A, $B, pk(spk(~sigSkA), kpk(~kemSkA)),
                                                   pk(spk(~sigSkB), kpk(~kemSkB)),
                                                   sender_prekey(skem_spk(~senderSkA),
                                                                 sign(~sigSkA,
                                                                      sender_payload(skem_spk(~senderSkA)))),
                                                   receiver_prekey(skem_rpk(~receiverSkB),
                                                                   ekpk(~receiverEskB),
                                                                   sign(~sigSkB,
                                                                        receiver_payload(skem_rpk(~receiverSkB),
                                                                                         ekpk(~receiverEskB)))),
                                                   <lkem_ct(kpk(~kemSkB), ~rhoL), 
                                                    ekem_ct(ekpk(~receiverEskB), ~rhoK), 
                                                    skem_component(skem_spk(~senderSkA),
                                                                   skem_rpk(~receiverSkB), ~rhoS)
                                                   >)
                                       ) @ #vk.16 ) )
                            case CoreTranscript_Diff_case_1
                            MIRRORED
                          next
                            case CoreTranscript_Diff_case_2
                            MIRRORED
                          next
                            case c_sid_of
                            step( solve( !KU( $A ) @ #vk.17 ) )
                              case coerce
                              step( solve( !KD( $A ) ▶₀ #vk.17 ) )
                                case CoreTranscript_Diff_case_1
                                by step( contradiction /* impossible chain */ )
                              next
                                case CoreTranscript_Diff_case_2
                                by step( contradiction /* impossible chain */ )
                              next
                                case CoreTranscript_Diff_case_3
                                by step( contradiction /* impossible chain */ )
                              next
                                case CoreTranscript_Diff_case_4
                                by step( contradiction /* impossible chain */ )
                              next
                                case CoreTranscript_Diff_case_5
                                by step( contradiction /* impossible chain */ )
                              next
                                case CoreTranscript_Diff_case_6
                                by step( contradiction /* impossible chain */ )
                              qed
                            next
                              case pub
                              MIRRORED
                            qed
                          qed
                        next
                          case c_skem_component
                          by step( solve( !KU( ~rhoS ) @ #vk.19 ) )
                        qed
                      next
                        case c_ekem_ct
                        by step( solve( !KU( ~rhoK ) @ #vk.18 ) )
                      qed
                    next
                      case c_lkem_ct
                      by step( solve( !KU( ~rhoL ) @ #vk.18 ) )
                    qed
                  next
                    case c_receiver_prekey
                    step( solve( !KU( skem_rpk(~receiverSkB) ) @ #vk.17 ) )
                      case c_skem_rpk
                      by step( solve( !KU( ~receiverSkB ) @ #vk.20 ) )
                    qed
                  qed
                next
                  case CoreTranscript_Diff_case_2
                  step( solve( !KU( receiver_prekey(skem_rpk(~receiverSkB),
                                                    ekpk(~receiverEskB),
                                                    sign(~sigSkB,
                                                         receiver_payload(skem_rpk(~receiverSkB),
                                                                          ekpk(~receiverEskB))))
                               ) @ #vk.12 ) )
                    case CoreTranscript_Diff_case_1
                    step( solve( !KU( lkem_ct(kpk(~kemSkB), ~rhoL) ) @ #vk.13 ) )
                      case CoreTranscript_Diff
                      step( solve( !KU( ekem_ct(ekpk(~receiverEskB), ~rhoK) ) @ #vk.14 ) )
                        case CoreTranscript_Diff
                        step( solve( !KU( skem_component(skem_spk(~senderSkA),
                                                         skem_rpk(~receiverSkB), ~rhoS)
                                     ) @ #vk.15 ) )
                          case CoreTranscript_Diff
                          step( solve( !KU( sid_of($A, $B, pk(spk(~sigSkA), kpk(~kemSkA)),
                                                   pk(spk(~sigSkB), kpk(~kemSkB)),
                                                   sender_prekey(skem_spk(~senderSkA),
                                                                 sign(~sigSkA,
                                                                      sender_payload(skem_spk(~senderSkA)))),
                                                   receiver_prekey(skem_rpk(~receiverSkB),
                                                                   ekpk(~receiverEskB),
                                                                   sign(~sigSkB,
                                                                        receiver_payload(skem_rpk(~receiverSkB),
                                                                                         ekpk(~receiverEskB)))),
                                                   <lkem_ct(kpk(~kemSkB), ~rhoL), 
                                                    ekem_ct(ekpk(~receiverEskB), ~rhoK), 
                                                    skem_component(skem_spk(~senderSkA),
                                                                   skem_rpk(~receiverSkB), ~rhoS)
                                                   >)
                                       ) @ #vk.16 ) )
                            case CoreTranscript_Diff_case_1
                            MIRRORED
                          next
                            case CoreTranscript_Diff_case_2
                            MIRRORED
                          next
                            case c_sid_of
                            step( solve( !KU( $A ) @ #vk.17 ) )
                              case coerce
                              step( solve( !KD( $A ) ▶₀ #vk.17 ) )
                                case CoreTranscript_Diff_case_1
                                by step( contradiction /* impossible chain */ )
                              next
                                case CoreTranscript_Diff_case_2
                                by step( contradiction /* impossible chain */ )
                              next
                                case CoreTranscript_Diff_case_3
                                by step( contradiction /* impossible chain */ )
                              next
                                case CoreTranscript_Diff_case_4
                                by step( contradiction /* impossible chain */ )
                              next
                                case CoreTranscript_Diff_case_5
                                by step( contradiction /* impossible chain */ )
                              next
                                case CoreTranscript_Diff_case_6
                                by step( contradiction /* impossible chain */ )
                              qed
                            next
                              case pub
                              MIRRORED
                            qed
                          qed
                        next
                          case c_skem_component
                          by step( solve( !KU( ~rhoS ) @ #vk.19 ) )
                        qed
                      next
                        case c_ekem_ct
                        by step( solve( !KU( ~rhoK ) @ #vk.18 ) )
                      qed
                    next
                      case c_lkem_ct
                      by step( solve( !KU( ~rhoL ) @ #vk.18 ) )
                    qed
                  next
                    case CoreTranscript_Diff_case_2
                    step( solve( !KU( lkem_ct(kpk(~kemSkB), ~rhoL) ) @ #vk.13 ) )
                      case CoreTranscript_Diff
                      step( solve( !KU( ekem_ct(ekpk(~receiverEskB), ~rhoK) ) @ #vk.14 ) )
                        case CoreTranscript_Diff
                        step( solve( !KU( skem_component(skem_spk(~senderSkA),
                                                         skem_rpk(~receiverSkB), ~rhoS)
                                     ) @ #vk.15 ) )
                          case CoreTranscript_Diff
                          step( solve( !KU( sid_of($A, $B, pk(spk(~sigSkA), kpk(~kemSkA)),
                                                   pk(spk(~sigSkB), kpk(~kemSkB)),
                                                   sender_prekey(skem_spk(~senderSkA),
                                                                 sign(~sigSkA,
                                                                      sender_payload(skem_spk(~senderSkA)))),
                                                   receiver_prekey(skem_rpk(~receiverSkB),
                                                                   ekpk(~receiverEskB),
                                                                   sign(~sigSkB,
                                                                        receiver_payload(skem_rpk(~receiverSkB),
                                                                                         ekpk(~receiverEskB)))),
                                                   <lkem_ct(kpk(~kemSkB), ~rhoL), 
                                                    ekem_ct(ekpk(~receiverEskB), ~rhoK), 
                                                    skem_component(skem_spk(~senderSkA),
                                                                   skem_rpk(~receiverSkB), ~rhoS)
                                                   >)
                                       ) @ #vk.16 ) )
                            case CoreTranscript_Diff_case_1
                            MIRRORED
                          next
                            case CoreTranscript_Diff_case_2
                            MIRRORED
                          next
                            case c_sid_of
                            step( solve( !KU( $A ) @ #vk.17 ) )
                              case coerce
                              step( solve( !KD( $A ) ▶₀ #vk.17 ) )
                                case CoreTranscript_Diff_case_1
                                by step( contradiction /* impossible chain */ )
                              next
                                case CoreTranscript_Diff_case_2
                                by step( contradiction /* impossible chain */ )
                              next
                                case CoreTranscript_Diff_case_3
                                by step( contradiction /* impossible chain */ )
                              next
                                case CoreTranscript_Diff_case_4
                                by step( contradiction /* impossible chain */ )
                              next
                                case CoreTranscript_Diff_case_5
                                by step( contradiction /* impossible chain */ )
                              next
                                case CoreTranscript_Diff_case_6
                                by step( contradiction /* impossible chain */ )
                              qed
                            next
                              case pub
                              MIRRORED
                            qed
                          qed
                        next
                          case c_skem_component
                          by step( solve( !KU( ~rhoS ) @ #vk.19 ) )
                        qed
                      next
                        case c_ekem_ct
                        by step( solve( !KU( ~rhoK ) @ #vk.18 ) )
                      qed
                    next
                      case c_lkem_ct
                      by step( solve( !KU( ~rhoL ) @ #vk.18 ) )
                    qed
                  next
                    case c_receiver_prekey
                    step( solve( !KU( skem_rpk(~receiverSkB) ) @ #vk.17 ) )
                      case c_skem_rpk
                      by step( solve( !KU( ~receiverSkB ) @ #vk.20 ) )
                    qed
                  qed
                next
                  case c_sender_prekey
                  step( solve( !KU( skem_spk(~senderSkA) ) @ #vk.17 ) )
                    case c_skem_spk
                    by step( solve( !KU( ~senderSkA ) @ #vk.19 ) )
                  qed
                qed
              next
                case CoreTranscript_Diff_case_2
                step( solve( !KU( sender_prekey(skem_spk(~senderSkA),
                                                sign(~sigSkA, sender_payload(skem_spk(~senderSkA))))
                             ) @ #vk.11 ) )
                  case CoreTranscript_Diff_case_1
                  step( solve( !KU( receiver_prekey(skem_rpk(~receiverSkB),
                                                    ekpk(~receiverEskB),
                                                    sign(~sigSkB,
                                                         receiver_payload(skem_rpk(~receiverSkB),
                                                                          ekpk(~receiverEskB))))
                               ) @ #vk.12 ) )
                    case CoreTranscript_Diff_case_1
                    step( solve( !KU( lkem_ct(kpk(~kemSkB), ~rhoL) ) @ #vk.13 ) )
                      case CoreTranscript_Diff
                      step( solve( !KU( ekem_ct(ekpk(~receiverEskB), ~rhoK) ) @ #vk.14 ) )
                        case CoreTranscript_Diff
                        step( solve( !KU( skem_component(skem_spk(~senderSkA),
                                                         skem_rpk(~receiverSkB), ~rhoS)
                                     ) @ #vk.15 ) )
                          case CoreTranscript_Diff
                          step( solve( !KU( sid_of($A, $B, pk(spk(~sigSkA), kpk(~kemSkA)),
                                                   pk(spk(~sigSkB), kpk(~kemSkB)),
                                                   sender_prekey(skem_spk(~senderSkA),
                                                                 sign(~sigSkA,
                                                                      sender_payload(skem_spk(~senderSkA)))),
                                                   receiver_prekey(skem_rpk(~receiverSkB),
                                                                   ekpk(~receiverEskB),
                                                                   sign(~sigSkB,
                                                                        receiver_payload(skem_rpk(~receiverSkB),
                                                                                         ekpk(~receiverEskB)))),
                                                   <lkem_ct(kpk(~kemSkB), ~rhoL), 
                                                    ekem_ct(ekpk(~receiverEskB), ~rhoK), 
                                                    skem_component(skem_spk(~senderSkA),
                                                                   skem_rpk(~receiverSkB), ~rhoS)
                                                   >)
                                       ) @ #vk.16 ) )
                            case CoreTranscript_Diff_case_1
                            MIRRORED
                          next
                            case CoreTranscript_Diff_case_2
                            MIRRORED
                          next
                            case c_sid_of
                            step( solve( !KU( $A ) @ #vk.17 ) )
                              case coerce
                              step( solve( !KD( $A ) ▶₀ #vk.17 ) )
                                case CoreTranscript_Diff_case_1
                                by step( contradiction /* impossible chain */ )
                              next
                                case CoreTranscript_Diff_case_2
                                by step( contradiction /* impossible chain */ )
                              next
                                case CoreTranscript_Diff_case_3
                                by step( contradiction /* impossible chain */ )
                              next
                                case CoreTranscript_Diff_case_4
                                by step( contradiction /* impossible chain */ )
                              next
                                case CoreTranscript_Diff_case_5
                                by step( contradiction /* impossible chain */ )
                              next
                                case CoreTranscript_Diff_case_6
                                by step( contradiction /* impossible chain */ )
                              qed
                            next
                              case pub
                              MIRRORED
                            qed
                          qed
                        next
                          case c_skem_component
                          by step( solve( !KU( ~rhoS ) @ #vk.19 ) )
                        qed
                      next
                        case c_ekem_ct
                        by step( solve( !KU( ~rhoK ) @ #vk.18 ) )
                      qed
                    next
                      case c_lkem_ct
                      by step( solve( !KU( ~rhoL ) @ #vk.18 ) )
                    qed
                  next
                    case CoreTranscript_Diff_case_2
                    step( solve( !KU( lkem_ct(kpk(~kemSkB), ~rhoL) ) @ #vk.13 ) )
                      case CoreTranscript_Diff
                      step( solve( !KU( ekem_ct(ekpk(~receiverEskB), ~rhoK) ) @ #vk.14 ) )
                        case CoreTranscript_Diff
                        step( solve( !KU( skem_component(skem_spk(~senderSkA),
                                                         skem_rpk(~receiverSkB), ~rhoS)
                                     ) @ #vk.15 ) )
                          case CoreTranscript_Diff
                          step( solve( !KU( sid_of($A, $B, pk(spk(~sigSkA), kpk(~kemSkA)),
                                                   pk(spk(~sigSkB), kpk(~kemSkB)),
                                                   sender_prekey(skem_spk(~senderSkA),
                                                                 sign(~sigSkA,
                                                                      sender_payload(skem_spk(~senderSkA)))),
                                                   receiver_prekey(skem_rpk(~receiverSkB),
                                                                   ekpk(~receiverEskB),
                                                                   sign(~sigSkB,
                                                                        receiver_payload(skem_rpk(~receiverSkB),
                                                                                         ekpk(~receiverEskB)))),
                                                   <lkem_ct(kpk(~kemSkB), ~rhoL), 
                                                    ekem_ct(ekpk(~receiverEskB), ~rhoK), 
                                                    skem_component(skem_spk(~senderSkA),
                                                                   skem_rpk(~receiverSkB), ~rhoS)
                                                   >)
                                       ) @ #vk.16 ) )
                            case CoreTranscript_Diff_case_1
                            MIRRORED
                          next
                            case CoreTranscript_Diff_case_2
                            MIRRORED
                          next
                            case c_sid_of
                            step( solve( !KU( $A ) @ #vk.17 ) )
                              case coerce
                              step( solve( !KD( $A ) ▶₀ #vk.17 ) )
                                case CoreTranscript_Diff_case_1
                                by step( contradiction /* impossible chain */ )
                              next
                                case CoreTranscript_Diff_case_2
                                by step( contradiction /* impossible chain */ )
                              next
                                case CoreTranscript_Diff_case_3
                                by step( contradiction /* impossible chain */ )
                              next
                                case CoreTranscript_Diff_case_4
                                by step( contradiction /* impossible chain */ )
                              next
                                case CoreTranscript_Diff_case_5
                                by step( contradiction /* impossible chain */ )
                              next
                                case CoreTranscript_Diff_case_6
                                by step( contradiction /* impossible chain */ )
                              qed
                            next
                              case pub
                              MIRRORED
                            qed
                          qed
                        next
                          case c_skem_component
                          by step( solve( !KU( ~rhoS ) @ #vk.19 ) )
                        qed
                      next
                        case c_ekem_ct
                        by step( solve( !KU( ~rhoK ) @ #vk.18 ) )
                      qed
                    next
                      case c_lkem_ct
                      by step( solve( !KU( ~rhoL ) @ #vk.18 ) )
                    qed
                  next
                    case c_receiver_prekey
                    step( solve( !KU( skem_rpk(~receiverSkB) ) @ #vk.17 ) )
                      case c_skem_rpk
                      by step( solve( !KU( ~receiverSkB ) @ #vk.20 ) )
                    qed
                  qed
                next
                  case CoreTranscript_Diff_case_2
                  step( solve( !KU( receiver_prekey(skem_rpk(~receiverSkB),
                                                    ekpk(~receiverEskB),
                                                    sign(~sigSkB,
                                                         receiver_payload(skem_rpk(~receiverSkB),
                                                                          ekpk(~receiverEskB))))
                               ) @ #vk.12 ) )
                    case CoreTranscript_Diff_case_1
                    step( solve( !KU( lkem_ct(kpk(~kemSkB), ~rhoL) ) @ #vk.13 ) )
                      case CoreTranscript_Diff
                      step( solve( !KU( ekem_ct(ekpk(~receiverEskB), ~rhoK) ) @ #vk.14 ) )
                        case CoreTranscript_Diff
                        step( solve( !KU( skem_component(skem_spk(~senderSkA),
                                                         skem_rpk(~receiverSkB), ~rhoS)
                                     ) @ #vk.15 ) )
                          case CoreTranscript_Diff
                          step( solve( !KU( sid_of($A, $B, pk(spk(~sigSkA), kpk(~kemSkA)),
                                                   pk(spk(~sigSkB), kpk(~kemSkB)),
                                                   sender_prekey(skem_spk(~senderSkA),
                                                                 sign(~sigSkA,
                                                                      sender_payload(skem_spk(~senderSkA)))),
                                                   receiver_prekey(skem_rpk(~receiverSkB),
                                                                   ekpk(~receiverEskB),
                                                                   sign(~sigSkB,
                                                                        receiver_payload(skem_rpk(~receiverSkB),
                                                                                         ekpk(~receiverEskB)))),
                                                   <lkem_ct(kpk(~kemSkB), ~rhoL), 
                                                    ekem_ct(ekpk(~receiverEskB), ~rhoK), 
                                                    skem_component(skem_spk(~senderSkA),
                                                                   skem_rpk(~receiverSkB), ~rhoS)
                                                   >)
                                       ) @ #vk.16 ) )
                            case CoreTranscript_Diff_case_1
                            MIRRORED
                          next
                            case CoreTranscript_Diff_case_2
                            MIRRORED
                          next
                            case c_sid_of
                            step( solve( !KU( $A ) @ #vk.17 ) )
                              case coerce
                              step( solve( !KD( $A ) ▶₀ #vk.17 ) )
                                case CoreTranscript_Diff_case_1
                                by step( contradiction /* impossible chain */ )
                              next
                                case CoreTranscript_Diff_case_2
                                by step( contradiction /* impossible chain */ )
                              next
                                case CoreTranscript_Diff_case_3
                                by step( contradiction /* impossible chain */ )
                              next
                                case CoreTranscript_Diff_case_4
                                by step( contradiction /* impossible chain */ )
                              next
                                case CoreTranscript_Diff_case_5
                                by step( contradiction /* impossible chain */ )
                              next
                                case CoreTranscript_Diff_case_6
                                by step( contradiction /* impossible chain */ )
                              qed
                            next
                              case pub
                              MIRRORED
                            qed
                          qed
                        next
                          case c_skem_component
                          by step( solve( !KU( ~rhoS ) @ #vk.19 ) )
                        qed
                      next
                        case c_ekem_ct
                        by step( solve( !KU( ~rhoK ) @ #vk.18 ) )
                      qed
                    next
                      case c_lkem_ct
                      by step( solve( !KU( ~rhoL ) @ #vk.18 ) )
                    qed
                  next
                    case CoreTranscript_Diff_case_2
                    step( solve( !KU( lkem_ct(kpk(~kemSkB), ~rhoL) ) @ #vk.13 ) )
                      case CoreTranscript_Diff
                      step( solve( !KU( ekem_ct(ekpk(~receiverEskB), ~rhoK) ) @ #vk.14 ) )
                        case CoreTranscript_Diff
                        step( solve( !KU( skem_component(skem_spk(~senderSkA),
                                                         skem_rpk(~receiverSkB), ~rhoS)
                                     ) @ #vk.15 ) )
                          case CoreTranscript_Diff
                          step( solve( !KU( sid_of($A, $B, pk(spk(~sigSkA), kpk(~kemSkA)),
                                                   pk(spk(~sigSkB), kpk(~kemSkB)),
                                                   sender_prekey(skem_spk(~senderSkA),
                                                                 sign(~sigSkA,
                                                                      sender_payload(skem_spk(~senderSkA)))),
                                                   receiver_prekey(skem_rpk(~receiverSkB),
                                                                   ekpk(~receiverEskB),
                                                                   sign(~sigSkB,
                                                                        receiver_payload(skem_rpk(~receiverSkB),
                                                                                         ekpk(~receiverEskB)))),
                                                   <lkem_ct(kpk(~kemSkB), ~rhoL), 
                                                    ekem_ct(ekpk(~receiverEskB), ~rhoK), 
                                                    skem_component(skem_spk(~senderSkA),
                                                                   skem_rpk(~receiverSkB), ~rhoS)
                                                   >)
                                       ) @ #vk.16 ) )
                            case CoreTranscript_Diff_case_1
                            MIRRORED
                          next
                            case CoreTranscript_Diff_case_2
                            MIRRORED
                          next
                            case c_sid_of
                            step( solve( !KU( $A ) @ #vk.17 ) )
                              case coerce
                              step( solve( !KD( $A ) ▶₀ #vk.17 ) )
                                case CoreTranscript_Diff_case_1
                                by step( contradiction /* impossible chain */ )
                              next
                                case CoreTranscript_Diff_case_2
                                by step( contradiction /* impossible chain */ )
                              next
                                case CoreTranscript_Diff_case_3
                                by step( contradiction /* impossible chain */ )
                              next
                                case CoreTranscript_Diff_case_4
                                by step( contradiction /* impossible chain */ )
                              next
                                case CoreTranscript_Diff_case_5
                                by step( contradiction /* impossible chain */ )
                              next
                                case CoreTranscript_Diff_case_6
                                by step( contradiction /* impossible chain */ )
                              qed
                            next
                              case pub
                              MIRRORED
                            qed
                          qed
                        next
                          case c_skem_component
                          by step( solve( !KU( ~rhoS ) @ #vk.19 ) )
                        qed
                      next
                        case c_ekem_ct
                        by step( solve( !KU( ~rhoK ) @ #vk.18 ) )
                      qed
                    next
                      case c_lkem_ct
                      by step( solve( !KU( ~rhoL ) @ #vk.18 ) )
                    qed
                  next
                    case c_receiver_prekey
                    step( solve( !KU( skem_rpk(~receiverSkB) ) @ #vk.17 ) )
                      case c_skem_rpk
                      by step( solve( !KU( ~receiverSkB ) @ #vk.20 ) )
                    qed
                  qed
                next
                  case c_sender_prekey
                  step( solve( !KU( skem_spk(~senderSkA) ) @ #vk.17 ) )
                    case c_skem_spk
                    by step( solve( !KU( ~senderSkA ) @ #vk.19 ) )
                  qed
                qed
              next
                case c_pk
                step( solve( !KU( spk(~sigSkB) ) @ #vk.17 ) )
                  case c_spk
                  by step( solve( !KU( ~sigSkB ) @ #vk.19 ) )
                qed
              qed
            next
              case c_pk
              step( solve( !KU( spk(~sigSkA) ) @ #vk.17 ) )
                case c_spk
                by step( solve( !KU( ~sigSkA ) @ #vk.19 ) )
              qed
            qed
          qed
        qed
      next
        case pair
        step( solve( !KU( $A ) @ #vk.9 ) )
          case coerce
          step( solve( !KD( $A ) ▶₀ #vk.9 ) )
            case CoreTranscript_Diff_case_1
            by step( contradiction /* impossible chain */ )
          next
            case CoreTranscript_Diff_case_2
            by step( contradiction /* impossible chain */ )
          next
            case CoreTranscript_Diff_case_3
            by step( contradiction /* impossible chain */ )
          next
            case CoreTranscript_Diff_case_4
            by step( contradiction /* impossible chain */ )
          next
            case CoreTranscript_Diff_case_5
            by step( contradiction /* impossible chain */ )
          next
            case CoreTranscript_Diff_case_6
            by step( contradiction /* impossible chain */ )
          qed
        next
          case pub
          step( solve( !KU( $B ) @ #vk.10 ) )
            case coerce
            step( solve( !KD( $B ) ▶₀ #vk.10 ) )
              case CoreTranscript_Diff_case_1
              by step( contradiction /* impossible chain */ )
            next
              case CoreTranscript_Diff_case_2
              by step( contradiction /* impossible chain */ )
            next
              case CoreTranscript_Diff_case_3
              by step( contradiction /* impossible chain */ )
            next
              case CoreTranscript_Diff_case_4
              by step( contradiction /* impossible chain */ )
            next
              case CoreTranscript_Diff_case_5
              by step( contradiction /* impossible chain */ )
            next
              case CoreTranscript_Diff_case_6
              by step( contradiction /* impossible chain */ )
            qed
          next
            case pub
            step( solve( !KU( pk(spk(~sigSkA), kpk(~kemSkA)) ) @ #vk.11 ) )
              case CoreTranscript_Diff_case_1
              step( solve( !KU( pk(spk(~sigSkB), kpk(~kemSkB)) ) @ #vk.12 ) )
                case CoreTranscript_Diff_case_1
                step( solve( !KU( sender_prekey(skem_spk(~senderSkA),
                                                sign(~sigSkA, sender_payload(skem_spk(~senderSkA))))
                             ) @ #vk.13 ) )
                  case CoreTranscript_Diff_case_1
                  step( solve( !KU( receiver_prekey(skem_rpk(~receiverSkB),
                                                    ekpk(~receiverEskB),
                                                    sign(~sigSkB,
                                                         receiver_payload(skem_rpk(~receiverSkB),
                                                                          ekpk(~receiverEskB))))
                               ) @ #vk.14 ) )
                    case CoreTranscript_Diff_case_1
                    step( solve( !KU( lkem_ct(kpk(~kemSkB), ~rhoL) ) @ #vk.15 ) )
                      case CoreTranscript_Diff
                      step( solve( !KU( ekem_ct(ekpk(~receiverEskB), ~rhoK) ) @ #vk.16 ) )
                        case CoreTranscript_Diff
                        step( solve( !KU( skem_component(skem_spk(~senderSkA),
                                                         skem_rpk(~receiverSkB), ~rhoS)
                                     ) @ #vk.17 ) )
                          case CoreTranscript_Diff
                          step( solve( !KU( sid_of($A, $B, pk(spk(~sigSkA), kpk(~kemSkA)),
                                                   pk(spk(~sigSkB), kpk(~kemSkB)),
                                                   sender_prekey(skem_spk(~senderSkA),
                                                                 sign(~sigSkA,
                                                                      sender_payload(skem_spk(~senderSkA)))),
                                                   receiver_prekey(skem_rpk(~receiverSkB),
                                                                   ekpk(~receiverEskB),
                                                                   sign(~sigSkB,
                                                                        receiver_payload(skem_rpk(~receiverSkB),
                                                                                         ekpk(~receiverEskB)))),
                                                   <lkem_ct(kpk(~kemSkB), ~rhoL), 
                                                    ekem_ct(ekpk(~receiverEskB), ~rhoK), 
                                                    skem_component(skem_spk(~senderSkA),
                                                                   skem_rpk(~receiverSkB), ~rhoS)
                                                   >)
                                       ) @ #vk.18 ) )
                            case CoreTranscript_Diff_case_1
                            MIRRORED
                          next
                            case CoreTranscript_Diff_case_2
                            MIRRORED
                          next
                            case c_sid_of
                            MIRRORED
                          qed
                        next
                          case c_skem_component
                          by step( solve( !KU( ~rhoS ) @ #vk.21 ) )
                        qed
                      next
                        case c_ekem_ct
                        by step( solve( !KU( ~rhoK ) @ #vk.20 ) )
                      qed
                    next
                      case c_lkem_ct
                      by step( solve( !KU( ~rhoL ) @ #vk.20 ) )
                    qed
                  next
                    case CoreTranscript_Diff_case_2
                    step( solve( !KU( lkem_ct(kpk(~kemSkB), ~rhoL) ) @ #vk.15 ) )
                      case CoreTranscript_Diff
                      step( solve( !KU( ekem_ct(ekpk(~receiverEskB), ~rhoK) ) @ #vk.16 ) )
                        case CoreTranscript_Diff
                        step( solve( !KU( skem_component(skem_spk(~senderSkA),
                                                         skem_rpk(~receiverSkB), ~rhoS)
                                     ) @ #vk.17 ) )
                          case CoreTranscript_Diff
                          step( solve( !KU( sid_of($A, $B, pk(spk(~sigSkA), kpk(~kemSkA)),
                                                   pk(spk(~sigSkB), kpk(~kemSkB)),
                                                   sender_prekey(skem_spk(~senderSkA),
                                                                 sign(~sigSkA,
                                                                      sender_payload(skem_spk(~senderSkA)))),
                                                   receiver_prekey(skem_rpk(~receiverSkB),
                                                                   ekpk(~receiverEskB),
                                                                   sign(~sigSkB,
                                                                        receiver_payload(skem_rpk(~receiverSkB),
                                                                                         ekpk(~receiverEskB)))),
                                                   <lkem_ct(kpk(~kemSkB), ~rhoL), 
                                                    ekem_ct(ekpk(~receiverEskB), ~rhoK), 
                                                    skem_component(skem_spk(~senderSkA),
                                                                   skem_rpk(~receiverSkB), ~rhoS)
                                                   >)
                                       ) @ #vk.18 ) )
                            case CoreTranscript_Diff_case_1
                            MIRRORED
                          next
                            case CoreTranscript_Diff_case_2
                            MIRRORED
                          next
                            case c_sid_of
                            MIRRORED
                          qed
                        next
                          case c_skem_component
                          by step( solve( !KU( ~rhoS ) @ #vk.21 ) )
                        qed
                      next
                        case c_ekem_ct
                        by step( solve( !KU( ~rhoK ) @ #vk.20 ) )
                      qed
                    next
                      case c_lkem_ct
                      by step( solve( !KU( ~rhoL ) @ #vk.20 ) )
                    qed
                  next
                    case c_receiver_prekey
                    step( solve( !KU( skem_rpk(~receiverSkB) ) @ #vk.19 ) )
                      case c_skem_rpk
                      by step( solve( !KU( ~receiverSkB ) @ #vk.22 ) )
                    qed
                  qed
                next
                  case CoreTranscript_Diff_case_2
                  step( solve( !KU( receiver_prekey(skem_rpk(~receiverSkB),
                                                    ekpk(~receiverEskB),
                                                    sign(~sigSkB,
                                                         receiver_payload(skem_rpk(~receiverSkB),
                                                                          ekpk(~receiverEskB))))
                               ) @ #vk.14 ) )
                    case CoreTranscript_Diff_case_1
                    step( solve( !KU( lkem_ct(kpk(~kemSkB), ~rhoL) ) @ #vk.15 ) )
                      case CoreTranscript_Diff
                      step( solve( !KU( ekem_ct(ekpk(~receiverEskB), ~rhoK) ) @ #vk.16 ) )
                        case CoreTranscript_Diff
                        step( solve( !KU( skem_component(skem_spk(~senderSkA),
                                                         skem_rpk(~receiverSkB), ~rhoS)
                                     ) @ #vk.17 ) )
                          case CoreTranscript_Diff
                          step( solve( !KU( sid_of($A, $B, pk(spk(~sigSkA), kpk(~kemSkA)),
                                                   pk(spk(~sigSkB), kpk(~kemSkB)),
                                                   sender_prekey(skem_spk(~senderSkA),
                                                                 sign(~sigSkA,
                                                                      sender_payload(skem_spk(~senderSkA)))),
                                                   receiver_prekey(skem_rpk(~receiverSkB),
                                                                   ekpk(~receiverEskB),
                                                                   sign(~sigSkB,
                                                                        receiver_payload(skem_rpk(~receiverSkB),
                                                                                         ekpk(~receiverEskB)))),
                                                   <lkem_ct(kpk(~kemSkB), ~rhoL), 
                                                    ekem_ct(ekpk(~receiverEskB), ~rhoK), 
                                                    skem_component(skem_spk(~senderSkA),
                                                                   skem_rpk(~receiverSkB), ~rhoS)
                                                   >)
                                       ) @ #vk.18 ) )
                            case CoreTranscript_Diff_case_1
                            MIRRORED
                          next
                            case CoreTranscript_Diff_case_2
                            MIRRORED
                          next
                            case c_sid_of
                            MIRRORED
                          qed
                        next
                          case c_skem_component
                          by step( solve( !KU( ~rhoS ) @ #vk.21 ) )
                        qed
                      next
                        case c_ekem_ct
                        by step( solve( !KU( ~rhoK ) @ #vk.20 ) )
                      qed
                    next
                      case c_lkem_ct
                      by step( solve( !KU( ~rhoL ) @ #vk.20 ) )
                    qed
                  next
                    case CoreTranscript_Diff_case_2
                    step( solve( !KU( lkem_ct(kpk(~kemSkB), ~rhoL) ) @ #vk.15 ) )
                      case CoreTranscript_Diff
                      step( solve( !KU( ekem_ct(ekpk(~receiverEskB), ~rhoK) ) @ #vk.16 ) )
                        case CoreTranscript_Diff
                        step( solve( !KU( skem_component(skem_spk(~senderSkA),
                                                         skem_rpk(~receiverSkB), ~rhoS)
                                     ) @ #vk.17 ) )
                          case CoreTranscript_Diff
                          step( solve( !KU( sid_of($A, $B, pk(spk(~sigSkA), kpk(~kemSkA)),
                                                   pk(spk(~sigSkB), kpk(~kemSkB)),
                                                   sender_prekey(skem_spk(~senderSkA),
                                                                 sign(~sigSkA,
                                                                      sender_payload(skem_spk(~senderSkA)))),
                                                   receiver_prekey(skem_rpk(~receiverSkB),
                                                                   ekpk(~receiverEskB),
                                                                   sign(~sigSkB,
                                                                        receiver_payload(skem_rpk(~receiverSkB),
                                                                                         ekpk(~receiverEskB)))),
                                                   <lkem_ct(kpk(~kemSkB), ~rhoL), 
                                                    ekem_ct(ekpk(~receiverEskB), ~rhoK), 
                                                    skem_component(skem_spk(~senderSkA),
                                                                   skem_rpk(~receiverSkB), ~rhoS)
                                                   >)
                                       ) @ #vk.18 ) )
                            case CoreTranscript_Diff_case_1
                            MIRRORED
                          next
                            case CoreTranscript_Diff_case_2
                            MIRRORED
                          next
                            case c_sid_of
                            MIRRORED
                          qed
                        next
                          case c_skem_component
                          by step( solve( !KU( ~rhoS ) @ #vk.21 ) )
                        qed
                      next
                        case c_ekem_ct
                        by step( solve( !KU( ~rhoK ) @ #vk.20 ) )
                      qed
                    next
                      case c_lkem_ct
                      by step( solve( !KU( ~rhoL ) @ #vk.20 ) )
                    qed
                  next
                    case c_receiver_prekey
                    step( solve( !KU( skem_rpk(~receiverSkB) ) @ #vk.19 ) )
                      case c_skem_rpk
                      by step( solve( !KU( ~receiverSkB ) @ #vk.22 ) )
                    qed
                  qed
                next
                  case c_sender_prekey
                  step( solve( !KU( skem_spk(~senderSkA) ) @ #vk.19 ) )
                    case c_skem_spk
                    by step( solve( !KU( ~senderSkA ) @ #vk.21 ) )
                  qed
                qed
              next
                case CoreTranscript_Diff_case_2
                step( solve( !KU( sender_prekey(skem_spk(~senderSkA),
                                                sign(~sigSkA, sender_payload(skem_spk(~senderSkA))))
                             ) @ #vk.13 ) )
                  case CoreTranscript_Diff_case_1
                  step( solve( !KU( receiver_prekey(skem_rpk(~receiverSkB),
                                                    ekpk(~receiverEskB),
                                                    sign(~sigSkB,
                                                         receiver_payload(skem_rpk(~receiverSkB),
                                                                          ekpk(~receiverEskB))))
                               ) @ #vk.14 ) )
                    case CoreTranscript_Diff_case_1
                    step( solve( !KU( lkem_ct(kpk(~kemSkB), ~rhoL) ) @ #vk.15 ) )
                      case CoreTranscript_Diff
                      step( solve( !KU( ekem_ct(ekpk(~receiverEskB), ~rhoK) ) @ #vk.16 ) )
                        case CoreTranscript_Diff
                        step( solve( !KU( skem_component(skem_spk(~senderSkA),
                                                         skem_rpk(~receiverSkB), ~rhoS)
                                     ) @ #vk.17 ) )
                          case CoreTranscript_Diff
                          step( solve( !KU( sid_of($A, $B, pk(spk(~sigSkA), kpk(~kemSkA)),
                                                   pk(spk(~sigSkB), kpk(~kemSkB)),
                                                   sender_prekey(skem_spk(~senderSkA),
                                                                 sign(~sigSkA,
                                                                      sender_payload(skem_spk(~senderSkA)))),
                                                   receiver_prekey(skem_rpk(~receiverSkB),
                                                                   ekpk(~receiverEskB),
                                                                   sign(~sigSkB,
                                                                        receiver_payload(skem_rpk(~receiverSkB),
                                                                                         ekpk(~receiverEskB)))),
                                                   <lkem_ct(kpk(~kemSkB), ~rhoL), 
                                                    ekem_ct(ekpk(~receiverEskB), ~rhoK), 
                                                    skem_component(skem_spk(~senderSkA),
                                                                   skem_rpk(~receiverSkB), ~rhoS)
                                                   >)
                                       ) @ #vk.18 ) )
                            case CoreTranscript_Diff_case_1
                            MIRRORED
                          next
                            case CoreTranscript_Diff_case_2
                            MIRRORED
                          next
                            case c_sid_of
                            MIRRORED
                          qed
                        next
                          case c_skem_component
                          by step( solve( !KU( ~rhoS ) @ #vk.21 ) )
                        qed
                      next
                        case c_ekem_ct
                        by step( solve( !KU( ~rhoK ) @ #vk.20 ) )
                      qed
                    next
                      case c_lkem_ct
                      by step( solve( !KU( ~rhoL ) @ #vk.20 ) )
                    qed
                  next
                    case CoreTranscript_Diff_case_2
                    step( solve( !KU( lkem_ct(kpk(~kemSkB), ~rhoL) ) @ #vk.15 ) )
                      case CoreTranscript_Diff
                      step( solve( !KU( ekem_ct(ekpk(~receiverEskB), ~rhoK) ) @ #vk.16 ) )
                        case CoreTranscript_Diff
                        step( solve( !KU( skem_component(skem_spk(~senderSkA),
                                                         skem_rpk(~receiverSkB), ~rhoS)
                                     ) @ #vk.17 ) )
                          case CoreTranscript_Diff
                          step( solve( !KU( sid_of($A, $B, pk(spk(~sigSkA), kpk(~kemSkA)),
                                                   pk(spk(~sigSkB), kpk(~kemSkB)),
                                                   sender_prekey(skem_spk(~senderSkA),
                                                                 sign(~sigSkA,
                                                                      sender_payload(skem_spk(~senderSkA)))),
                                                   receiver_prekey(skem_rpk(~receiverSkB),
                                                                   ekpk(~receiverEskB),
                                                                   sign(~sigSkB,
                                                                        receiver_payload(skem_rpk(~receiverSkB),
                                                                                         ekpk(~receiverEskB)))),
                                                   <lkem_ct(kpk(~kemSkB), ~rhoL), 
                                                    ekem_ct(ekpk(~receiverEskB), ~rhoK), 
                                                    skem_component(skem_spk(~senderSkA),
                                                                   skem_rpk(~receiverSkB), ~rhoS)
                                                   >)
                                       ) @ #vk.18 ) )
                            case CoreTranscript_Diff_case_1
                            MIRRORED
                          next
                            case CoreTranscript_Diff_case_2
                            MIRRORED
                          next
                            case c_sid_of
                            MIRRORED
                          qed
                        next
                          case c_skem_component
                          by step( solve( !KU( ~rhoS ) @ #vk.21 ) )
                        qed
                      next
                        case c_ekem_ct
                        by step( solve( !KU( ~rhoK ) @ #vk.20 ) )
                      qed
                    next
                      case c_lkem_ct
                      by step( solve( !KU( ~rhoL ) @ #vk.20 ) )
                    qed
                  next
                    case c_receiver_prekey
                    step( solve( !KU( skem_rpk(~receiverSkB) ) @ #vk.19 ) )
                      case c_skem_rpk
                      by step( solve( !KU( ~receiverSkB ) @ #vk.22 ) )
                    qed
                  qed
                next
                  case CoreTranscript_Diff_case_2
                  step( solve( !KU( receiver_prekey(skem_rpk(~receiverSkB),
                                                    ekpk(~receiverEskB),
                                                    sign(~sigSkB,
                                                         receiver_payload(skem_rpk(~receiverSkB),
                                                                          ekpk(~receiverEskB))))
                               ) @ #vk.14 ) )
                    case CoreTranscript_Diff_case_1
                    step( solve( !KU( lkem_ct(kpk(~kemSkB), ~rhoL) ) @ #vk.15 ) )
                      case CoreTranscript_Diff
                      step( solve( !KU( ekem_ct(ekpk(~receiverEskB), ~rhoK) ) @ #vk.16 ) )
                        case CoreTranscript_Diff
                        step( solve( !KU( skem_component(skem_spk(~senderSkA),
                                                         skem_rpk(~receiverSkB), ~rhoS)
                                     ) @ #vk.17 ) )
                          case CoreTranscript_Diff
                          step( solve( !KU( sid_of($A, $B, pk(spk(~sigSkA), kpk(~kemSkA)),
                                                   pk(spk(~sigSkB), kpk(~kemSkB)),
                                                   sender_prekey(skem_spk(~senderSkA),
                                                                 sign(~sigSkA,
                                                                      sender_payload(skem_spk(~senderSkA)))),
                                                   receiver_prekey(skem_rpk(~receiverSkB),
                                                                   ekpk(~receiverEskB),
                                                                   sign(~sigSkB,
                                                                        receiver_payload(skem_rpk(~receiverSkB),
                                                                                         ekpk(~receiverEskB)))),
                                                   <lkem_ct(kpk(~kemSkB), ~rhoL), 
                                                    ekem_ct(ekpk(~receiverEskB), ~rhoK), 
                                                    skem_component(skem_spk(~senderSkA),
                                                                   skem_rpk(~receiverSkB), ~rhoS)
                                                   >)
                                       ) @ #vk.18 ) )
                            case CoreTranscript_Diff_case_1
                            MIRRORED
                          next
                            case CoreTranscript_Diff_case_2
                            MIRRORED
                          next
                            case c_sid_of
                            MIRRORED
                          qed
                        next
                          case c_skem_component
                          by step( solve( !KU( ~rhoS ) @ #vk.21 ) )
                        qed
                      next
                        case c_ekem_ct
                        by step( solve( !KU( ~rhoK ) @ #vk.20 ) )
                      qed
                    next
                      case c_lkem_ct
                      by step( solve( !KU( ~rhoL ) @ #vk.20 ) )
                    qed
                  next
                    case CoreTranscript_Diff_case_2
                    step( solve( !KU( lkem_ct(kpk(~kemSkB), ~rhoL) ) @ #vk.15 ) )
                      case CoreTranscript_Diff
                      step( solve( !KU( ekem_ct(ekpk(~receiverEskB), ~rhoK) ) @ #vk.16 ) )
                        case CoreTranscript_Diff
                        step( solve( !KU( skem_component(skem_spk(~senderSkA),
                                                         skem_rpk(~receiverSkB), ~rhoS)
                                     ) @ #vk.17 ) )
                          case CoreTranscript_Diff
                          step( solve( !KU( sid_of($A, $B, pk(spk(~sigSkA), kpk(~kemSkA)),
                                                   pk(spk(~sigSkB), kpk(~kemSkB)),
                                                   sender_prekey(skem_spk(~senderSkA),
                                                                 sign(~sigSkA,
                                                                      sender_payload(skem_spk(~senderSkA)))),
                                                   receiver_prekey(skem_rpk(~receiverSkB),
                                                                   ekpk(~receiverEskB),
                                                                   sign(~sigSkB,
                                                                        receiver_payload(skem_rpk(~receiverSkB),
                                                                                         ekpk(~receiverEskB)))),
                                                   <lkem_ct(kpk(~kemSkB), ~rhoL), 
                                                    ekem_ct(ekpk(~receiverEskB), ~rhoK), 
                                                    skem_component(skem_spk(~senderSkA),
                                                                   skem_rpk(~receiverSkB), ~rhoS)
                                                   >)
                                       ) @ #vk.18 ) )
                            case CoreTranscript_Diff_case_1
                            MIRRORED
                          next
                            case CoreTranscript_Diff_case_2
                            MIRRORED
                          next
                            case c_sid_of
                            MIRRORED
                          qed
                        next
                          case c_skem_component
                          by step( solve( !KU( ~rhoS ) @ #vk.21 ) )
                        qed
                      next
                        case c_ekem_ct
                        by step( solve( !KU( ~rhoK ) @ #vk.20 ) )
                      qed
                    next
                      case c_lkem_ct
                      by step( solve( !KU( ~rhoL ) @ #vk.20 ) )
                    qed
                  next
                    case c_receiver_prekey
                    step( solve( !KU( skem_rpk(~receiverSkB) ) @ #vk.19 ) )
                      case c_skem_rpk
                      by step( solve( !KU( ~receiverSkB ) @ #vk.22 ) )
                    qed
                  qed
                next
                  case c_sender_prekey
                  step( solve( !KU( skem_spk(~senderSkA) ) @ #vk.19 ) )
                    case c_skem_spk
                    by step( solve( !KU( ~senderSkA ) @ #vk.21 ) )
                  qed
                qed
              next
                case c_pk
                step( solve( !KU( spk(~sigSkB) ) @ #vk.19 ) )
                  case c_spk
                  by step( solve( !KU( ~sigSkB ) @ #vk.21 ) )
                qed
              qed
            next
              case CoreTranscript_Diff_case_2
              step( solve( !KU( pk(spk(~sigSkB), kpk(~kemSkB)) ) @ #vk.12 ) )
                case CoreTranscript_Diff_case_1
                step( solve( !KU( sender_prekey(skem_spk(~senderSkA),
                                                sign(~sigSkA, sender_payload(skem_spk(~senderSkA))))
                             ) @ #vk.13 ) )
                  case CoreTranscript_Diff_case_1
                  step( solve( !KU( receiver_prekey(skem_rpk(~receiverSkB),
                                                    ekpk(~receiverEskB),
                                                    sign(~sigSkB,
                                                         receiver_payload(skem_rpk(~receiverSkB),
                                                                          ekpk(~receiverEskB))))
                               ) @ #vk.14 ) )
                    case CoreTranscript_Diff_case_1
                    step( solve( !KU( lkem_ct(kpk(~kemSkB), ~rhoL) ) @ #vk.15 ) )
                      case CoreTranscript_Diff
                      step( solve( !KU( ekem_ct(ekpk(~receiverEskB), ~rhoK) ) @ #vk.16 ) )
                        case CoreTranscript_Diff
                        step( solve( !KU( skem_component(skem_spk(~senderSkA),
                                                         skem_rpk(~receiverSkB), ~rhoS)
                                     ) @ #vk.17 ) )
                          case CoreTranscript_Diff
                          step( solve( !KU( sid_of($A, $B, pk(spk(~sigSkA), kpk(~kemSkA)),
                                                   pk(spk(~sigSkB), kpk(~kemSkB)),
                                                   sender_prekey(skem_spk(~senderSkA),
                                                                 sign(~sigSkA,
                                                                      sender_payload(skem_spk(~senderSkA)))),
                                                   receiver_prekey(skem_rpk(~receiverSkB),
                                                                   ekpk(~receiverEskB),
                                                                   sign(~sigSkB,
                                                                        receiver_payload(skem_rpk(~receiverSkB),
                                                                                         ekpk(~receiverEskB)))),
                                                   <lkem_ct(kpk(~kemSkB), ~rhoL), 
                                                    ekem_ct(ekpk(~receiverEskB), ~rhoK), 
                                                    skem_component(skem_spk(~senderSkA),
                                                                   skem_rpk(~receiverSkB), ~rhoS)
                                                   >)
                                       ) @ #vk.18 ) )
                            case CoreTranscript_Diff_case_1
                            MIRRORED
                          next
                            case CoreTranscript_Diff_case_2
                            MIRRORED
                          next
                            case c_sid_of
                            MIRRORED
                          qed
                        next
                          case c_skem_component
                          by step( solve( !KU( ~rhoS ) @ #vk.21 ) )
                        qed
                      next
                        case c_ekem_ct
                        by step( solve( !KU( ~rhoK ) @ #vk.20 ) )
                      qed
                    next
                      case c_lkem_ct
                      by step( solve( !KU( ~rhoL ) @ #vk.20 ) )
                    qed
                  next
                    case CoreTranscript_Diff_case_2
                    step( solve( !KU( lkem_ct(kpk(~kemSkB), ~rhoL) ) @ #vk.15 ) )
                      case CoreTranscript_Diff
                      step( solve( !KU( ekem_ct(ekpk(~receiverEskB), ~rhoK) ) @ #vk.16 ) )
                        case CoreTranscript_Diff
                        step( solve( !KU( skem_component(skem_spk(~senderSkA),
                                                         skem_rpk(~receiverSkB), ~rhoS)
                                     ) @ #vk.17 ) )
                          case CoreTranscript_Diff
                          step( solve( !KU( sid_of($A, $B, pk(spk(~sigSkA), kpk(~kemSkA)),
                                                   pk(spk(~sigSkB), kpk(~kemSkB)),
                                                   sender_prekey(skem_spk(~senderSkA),
                                                                 sign(~sigSkA,
                                                                      sender_payload(skem_spk(~senderSkA)))),
                                                   receiver_prekey(skem_rpk(~receiverSkB),
                                                                   ekpk(~receiverEskB),
                                                                   sign(~sigSkB,
                                                                        receiver_payload(skem_rpk(~receiverSkB),
                                                                                         ekpk(~receiverEskB)))),
                                                   <lkem_ct(kpk(~kemSkB), ~rhoL), 
                                                    ekem_ct(ekpk(~receiverEskB), ~rhoK), 
                                                    skem_component(skem_spk(~senderSkA),
                                                                   skem_rpk(~receiverSkB), ~rhoS)
                                                   >)
                                       ) @ #vk.18 ) )
                            case CoreTranscript_Diff_case_1
                            MIRRORED
                          next
                            case CoreTranscript_Diff_case_2
                            MIRRORED
                          next
                            case c_sid_of
                            MIRRORED
                          qed
                        next
                          case c_skem_component
                          by step( solve( !KU( ~rhoS ) @ #vk.21 ) )
                        qed
                      next
                        case c_ekem_ct
                        by step( solve( !KU( ~rhoK ) @ #vk.20 ) )
                      qed
                    next
                      case c_lkem_ct
                      by step( solve( !KU( ~rhoL ) @ #vk.20 ) )
                    qed
                  next
                    case c_receiver_prekey
                    step( solve( !KU( skem_rpk(~receiverSkB) ) @ #vk.19 ) )
                      case c_skem_rpk
                      by step( solve( !KU( ~receiverSkB ) @ #vk.22 ) )
                    qed
                  qed
                next
                  case CoreTranscript_Diff_case_2
                  step( solve( !KU( receiver_prekey(skem_rpk(~receiverSkB),
                                                    ekpk(~receiverEskB),
                                                    sign(~sigSkB,
                                                         receiver_payload(skem_rpk(~receiverSkB),
                                                                          ekpk(~receiverEskB))))
                               ) @ #vk.14 ) )
                    case CoreTranscript_Diff_case_1
                    step( solve( !KU( lkem_ct(kpk(~kemSkB), ~rhoL) ) @ #vk.15 ) )
                      case CoreTranscript_Diff
                      step( solve( !KU( ekem_ct(ekpk(~receiverEskB), ~rhoK) ) @ #vk.16 ) )
                        case CoreTranscript_Diff
                        step( solve( !KU( skem_component(skem_spk(~senderSkA),
                                                         skem_rpk(~receiverSkB), ~rhoS)
                                     ) @ #vk.17 ) )
                          case CoreTranscript_Diff
                          step( solve( !KU( sid_of($A, $B, pk(spk(~sigSkA), kpk(~kemSkA)),
                                                   pk(spk(~sigSkB), kpk(~kemSkB)),
                                                   sender_prekey(skem_spk(~senderSkA),
                                                                 sign(~sigSkA,
                                                                      sender_payload(skem_spk(~senderSkA)))),
                                                   receiver_prekey(skem_rpk(~receiverSkB),
                                                                   ekpk(~receiverEskB),
                                                                   sign(~sigSkB,
                                                                        receiver_payload(skem_rpk(~receiverSkB),
                                                                                         ekpk(~receiverEskB)))),
                                                   <lkem_ct(kpk(~kemSkB), ~rhoL), 
                                                    ekem_ct(ekpk(~receiverEskB), ~rhoK), 
                                                    skem_component(skem_spk(~senderSkA),
                                                                   skem_rpk(~receiverSkB), ~rhoS)
                                                   >)
                                       ) @ #vk.18 ) )
                            case CoreTranscript_Diff_case_1
                            MIRRORED
                          next
                            case CoreTranscript_Diff_case_2
                            MIRRORED
                          next
                            case c_sid_of
                            MIRRORED
                          qed
                        next
                          case c_skem_component
                          by step( solve( !KU( ~rhoS ) @ #vk.21 ) )
                        qed
                      next
                        case c_ekem_ct
                        by step( solve( !KU( ~rhoK ) @ #vk.20 ) )
                      qed
                    next
                      case c_lkem_ct
                      by step( solve( !KU( ~rhoL ) @ #vk.20 ) )
                    qed
                  next
                    case CoreTranscript_Diff_case_2
                    step( solve( !KU( lkem_ct(kpk(~kemSkB), ~rhoL) ) @ #vk.15 ) )
                      case CoreTranscript_Diff
                      step( solve( !KU( ekem_ct(ekpk(~receiverEskB), ~rhoK) ) @ #vk.16 ) )
                        case CoreTranscript_Diff
                        step( solve( !KU( skem_component(skem_spk(~senderSkA),
                                                         skem_rpk(~receiverSkB), ~rhoS)
                                     ) @ #vk.17 ) )
                          case CoreTranscript_Diff
                          step( solve( !KU( sid_of($A, $B, pk(spk(~sigSkA), kpk(~kemSkA)),
                                                   pk(spk(~sigSkB), kpk(~kemSkB)),
                                                   sender_prekey(skem_spk(~senderSkA),
                                                                 sign(~sigSkA,
                                                                      sender_payload(skem_spk(~senderSkA)))),
                                                   receiver_prekey(skem_rpk(~receiverSkB),
                                                                   ekpk(~receiverEskB),
                                                                   sign(~sigSkB,
                                                                        receiver_payload(skem_rpk(~receiverSkB),
                                                                                         ekpk(~receiverEskB)))),
                                                   <lkem_ct(kpk(~kemSkB), ~rhoL), 
                                                    ekem_ct(ekpk(~receiverEskB), ~rhoK), 
                                                    skem_component(skem_spk(~senderSkA),
                                                                   skem_rpk(~receiverSkB), ~rhoS)
                                                   >)
                                       ) @ #vk.18 ) )
                            case CoreTranscript_Diff_case_1
                            MIRRORED
                          next
                            case CoreTranscript_Diff_case_2
                            MIRRORED
                          next
                            case c_sid_of
                            MIRRORED
                          qed
                        next
                          case c_skem_component
                          by step( solve( !KU( ~rhoS ) @ #vk.21 ) )
                        qed
                      next
                        case c_ekem_ct
                        by step( solve( !KU( ~rhoK ) @ #vk.20 ) )
                      qed
                    next
                      case c_lkem_ct
                      by step( solve( !KU( ~rhoL ) @ #vk.20 ) )
                    qed
                  next
                    case c_receiver_prekey
                    step( solve( !KU( skem_rpk(~receiverSkB) ) @ #vk.19 ) )
                      case c_skem_rpk
                      by step( solve( !KU( ~receiverSkB ) @ #vk.22 ) )
                    qed
                  qed
                next
                  case c_sender_prekey
                  step( solve( !KU( skem_spk(~senderSkA) ) @ #vk.19 ) )
                    case c_skem_spk
                    by step( solve( !KU( ~senderSkA ) @ #vk.21 ) )
                  qed
                qed
              next
                case CoreTranscript_Diff_case_2
                step( solve( !KU( sender_prekey(skem_spk(~senderSkA),
                                                sign(~sigSkA, sender_payload(skem_spk(~senderSkA))))
                             ) @ #vk.13 ) )
                  case CoreTranscript_Diff_case_1
                  step( solve( !KU( receiver_prekey(skem_rpk(~receiverSkB),
                                                    ekpk(~receiverEskB),
                                                    sign(~sigSkB,
                                                         receiver_payload(skem_rpk(~receiverSkB),
                                                                          ekpk(~receiverEskB))))
                               ) @ #vk.14 ) )
                    case CoreTranscript_Diff_case_1
                    step( solve( !KU( lkem_ct(kpk(~kemSkB), ~rhoL) ) @ #vk.15 ) )
                      case CoreTranscript_Diff
                      step( solve( !KU( ekem_ct(ekpk(~receiverEskB), ~rhoK) ) @ #vk.16 ) )
                        case CoreTranscript_Diff
                        step( solve( !KU( skem_component(skem_spk(~senderSkA),
                                                         skem_rpk(~receiverSkB), ~rhoS)
                                     ) @ #vk.17 ) )
                          case CoreTranscript_Diff
                          step( solve( !KU( sid_of($A, $B, pk(spk(~sigSkA), kpk(~kemSkA)),
                                                   pk(spk(~sigSkB), kpk(~kemSkB)),
                                                   sender_prekey(skem_spk(~senderSkA),
                                                                 sign(~sigSkA,
                                                                      sender_payload(skem_spk(~senderSkA)))),
                                                   receiver_prekey(skem_rpk(~receiverSkB),
                                                                   ekpk(~receiverEskB),
                                                                   sign(~sigSkB,
                                                                        receiver_payload(skem_rpk(~receiverSkB),
                                                                                         ekpk(~receiverEskB)))),
                                                   <lkem_ct(kpk(~kemSkB), ~rhoL), 
                                                    ekem_ct(ekpk(~receiverEskB), ~rhoK), 
                                                    skem_component(skem_spk(~senderSkA),
                                                                   skem_rpk(~receiverSkB), ~rhoS)
                                                   >)
                                       ) @ #vk.18 ) )
                            case CoreTranscript_Diff_case_1
                            MIRRORED
                          next
                            case CoreTranscript_Diff_case_2
                            MIRRORED
                          next
                            case c_sid_of
                            MIRRORED
                          qed
                        next
                          case c_skem_component
                          by step( solve( !KU( ~rhoS ) @ #vk.21 ) )
                        qed
                      next
                        case c_ekem_ct
                        by step( solve( !KU( ~rhoK ) @ #vk.20 ) )
                      qed
                    next
                      case c_lkem_ct
                      by step( solve( !KU( ~rhoL ) @ #vk.20 ) )
                    qed
                  next
                    case CoreTranscript_Diff_case_2
                    step( solve( !KU( lkem_ct(kpk(~kemSkB), ~rhoL) ) @ #vk.15 ) )
                      case CoreTranscript_Diff
                      step( solve( !KU( ekem_ct(ekpk(~receiverEskB), ~rhoK) ) @ #vk.16 ) )
                        case CoreTranscript_Diff
                        step( solve( !KU( skem_component(skem_spk(~senderSkA),
                                                         skem_rpk(~receiverSkB), ~rhoS)
                                     ) @ #vk.17 ) )
                          case CoreTranscript_Diff
                          step( solve( !KU( sid_of($A, $B, pk(spk(~sigSkA), kpk(~kemSkA)),
                                                   pk(spk(~sigSkB), kpk(~kemSkB)),
                                                   sender_prekey(skem_spk(~senderSkA),
                                                                 sign(~sigSkA,
                                                                      sender_payload(skem_spk(~senderSkA)))),
                                                   receiver_prekey(skem_rpk(~receiverSkB),
                                                                   ekpk(~receiverEskB),
                                                                   sign(~sigSkB,
                                                                        receiver_payload(skem_rpk(~receiverSkB),
                                                                                         ekpk(~receiverEskB)))),
                                                   <lkem_ct(kpk(~kemSkB), ~rhoL), 
                                                    ekem_ct(ekpk(~receiverEskB), ~rhoK), 
                                                    skem_component(skem_spk(~senderSkA),
                                                                   skem_rpk(~receiverSkB), ~rhoS)
                                                   >)
                                       ) @ #vk.18 ) )
                            case CoreTranscript_Diff_case_1
                            MIRRORED
                          next
                            case CoreTranscript_Diff_case_2
                            MIRRORED
                          next
                            case c_sid_of
                            MIRRORED
                          qed
                        next
                          case c_skem_component
                          by step( solve( !KU( ~rhoS ) @ #vk.21 ) )
                        qed
                      next
                        case c_ekem_ct
                        by step( solve( !KU( ~rhoK ) @ #vk.20 ) )
                      qed
                    next
                      case c_lkem_ct
                      by step( solve( !KU( ~rhoL ) @ #vk.20 ) )
                    qed
                  next
                    case c_receiver_prekey
                    step( solve( !KU( skem_rpk(~receiverSkB) ) @ #vk.19 ) )
                      case c_skem_rpk
                      by step( solve( !KU( ~receiverSkB ) @ #vk.22 ) )
                    qed
                  qed
                next
                  case CoreTranscript_Diff_case_2
                  step( solve( !KU( receiver_prekey(skem_rpk(~receiverSkB),
                                                    ekpk(~receiverEskB),
                                                    sign(~sigSkB,
                                                         receiver_payload(skem_rpk(~receiverSkB),
                                                                          ekpk(~receiverEskB))))
                               ) @ #vk.14 ) )
                    case CoreTranscript_Diff_case_1
                    step( solve( !KU( lkem_ct(kpk(~kemSkB), ~rhoL) ) @ #vk.15 ) )
                      case CoreTranscript_Diff
                      step( solve( !KU( ekem_ct(ekpk(~receiverEskB), ~rhoK) ) @ #vk.16 ) )
                        case CoreTranscript_Diff
                        step( solve( !KU( skem_component(skem_spk(~senderSkA),
                                                         skem_rpk(~receiverSkB), ~rhoS)
                                     ) @ #vk.17 ) )
                          case CoreTranscript_Diff
                          step( solve( !KU( sid_of($A, $B, pk(spk(~sigSkA), kpk(~kemSkA)),
                                                   pk(spk(~sigSkB), kpk(~kemSkB)),
                                                   sender_prekey(skem_spk(~senderSkA),
                                                                 sign(~sigSkA,
                                                                      sender_payload(skem_spk(~senderSkA)))),
                                                   receiver_prekey(skem_rpk(~receiverSkB),
                                                                   ekpk(~receiverEskB),
                                                                   sign(~sigSkB,
                                                                        receiver_payload(skem_rpk(~receiverSkB),
                                                                                         ekpk(~receiverEskB)))),
                                                   <lkem_ct(kpk(~kemSkB), ~rhoL), 
                                                    ekem_ct(ekpk(~receiverEskB), ~rhoK), 
                                                    skem_component(skem_spk(~senderSkA),
                                                                   skem_rpk(~receiverSkB), ~rhoS)
                                                   >)
                                       ) @ #vk.18 ) )
                            case CoreTranscript_Diff_case_1
                            MIRRORED
                          next
                            case CoreTranscript_Diff_case_2
                            MIRRORED
                          next
                            case c_sid_of
                            MIRRORED
                          qed
                        next
                          case c_skem_component
                          by step( solve( !KU( ~rhoS ) @ #vk.21 ) )
                        qed
                      next
                        case c_ekem_ct
                        by step( solve( !KU( ~rhoK ) @ #vk.20 ) )
                      qed
                    next
                      case c_lkem_ct
                      by step( solve( !KU( ~rhoL ) @ #vk.20 ) )
                    qed
                  next
                    case CoreTranscript_Diff_case_2
                    step( solve( !KU( lkem_ct(kpk(~kemSkB), ~rhoL) ) @ #vk.15 ) )
                      case CoreTranscript_Diff
                      step( solve( !KU( ekem_ct(ekpk(~receiverEskB), ~rhoK) ) @ #vk.16 ) )
                        case CoreTranscript_Diff
                        step( solve( !KU( skem_component(skem_spk(~senderSkA),
                                                         skem_rpk(~receiverSkB), ~rhoS)
                                     ) @ #vk.17 ) )
                          case CoreTranscript_Diff
                          step( solve( !KU( sid_of($A, $B, pk(spk(~sigSkA), kpk(~kemSkA)),
                                                   pk(spk(~sigSkB), kpk(~kemSkB)),
                                                   sender_prekey(skem_spk(~senderSkA),
                                                                 sign(~sigSkA,
                                                                      sender_payload(skem_spk(~senderSkA)))),
                                                   receiver_prekey(skem_rpk(~receiverSkB),
                                                                   ekpk(~receiverEskB),
                                                                   sign(~sigSkB,
                                                                        receiver_payload(skem_rpk(~receiverSkB),
                                                                                         ekpk(~receiverEskB)))),
                                                   <lkem_ct(kpk(~kemSkB), ~rhoL), 
                                                    ekem_ct(ekpk(~receiverEskB), ~rhoK), 
                                                    skem_component(skem_spk(~senderSkA),
                                                                   skem_rpk(~receiverSkB), ~rhoS)
                                                   >)
                                       ) @ #vk.18 ) )
                            case CoreTranscript_Diff_case_1
                            MIRRORED
                          next
                            case CoreTranscript_Diff_case_2
                            MIRRORED
                          next
                            case c_sid_of
                            MIRRORED
                          qed
                        next
                          case c_skem_component
                          by step( solve( !KU( ~rhoS ) @ #vk.21 ) )
                        qed
                      next
                        case c_ekem_ct
                        by step( solve( !KU( ~rhoK ) @ #vk.20 ) )
                      qed
                    next
                      case c_lkem_ct
                      by step( solve( !KU( ~rhoL ) @ #vk.20 ) )
                    qed
                  next
                    case c_receiver_prekey
                    step( solve( !KU( skem_rpk(~receiverSkB) ) @ #vk.19 ) )
                      case c_skem_rpk
                      by step( solve( !KU( ~receiverSkB ) @ #vk.22 ) )
                    qed
                  qed
                next
                  case c_sender_prekey
                  step( solve( !KU( skem_spk(~senderSkA) ) @ #vk.19 ) )
                    case c_skem_spk
                    by step( solve( !KU( ~senderSkA ) @ #vk.21 ) )
                  qed
                qed
              next
                case c_pk
                step( solve( !KU( spk(~sigSkB) ) @ #vk.19 ) )
                  case c_spk
                  by step( solve( !KU( ~sigSkB ) @ #vk.21 ) )
                qed
              qed
            next
              case c_pk
              step( solve( !KU( spk(~sigSkA) ) @ #vk.19 ) )
                case c_spk
                by step( solve( !KU( ~sigSkA ) @ #vk.21 ) )
              qed
            qed
          qed
        qed
      qed
    next
      case CoreTranscript_Diff_case_6
      step( solve( (#vl, 0) ~~> (#i, 1) ) )
        case sid_of
        step( solve( !KU( sid_of($A, $B, pk(spk(~sigSkA), kpk(~kemSkA)),
                                 pk(spk(~sigSkB), kpk(~kemSkB)),
                                 sender_prekey(skem_spk(~senderSkA),
                                               sign(~sigSkA, sender_payload(skem_spk(~senderSkA)))),
                                 receiver_prekey(skem_rpk(~receiverSkB), ekpk(~receiverEskB),
                                                 sign(~sigSkB,
                                                      receiver_payload(skem_rpk(~receiverSkB),
                                                                       ekpk(~receiverEskB)))),
                                 <lkem_ct(kpk(~kemSkB), ~rhoL), ekem_ct(ekpk(~receiverEskB), ~rhoK), 
                                  skem_component(skem_spk(~senderSkA), skem_rpk(~receiverSkB), ~rhoS)>)
                     ) @ #vk ) )
          case CoreTranscript_Diff_case_1
          MIRRORED
        next
          case CoreTranscript_Diff_case_2
          MIRRORED
        next
          case c_sid_of
          step( solve( !KU( $A ) @ #vk.3 ) )
            case coerce
            step( solve( !KD( $A ) ▶₀ #vk.3 ) )
              case CoreTranscript_Diff_case_1
              by step( contradiction /* impossible chain */ )
            next
              case CoreTranscript_Diff_case_2
              by step( contradiction /* impossible chain */ )
            next
              case CoreTranscript_Diff_case_3
              by step( contradiction /* impossible chain */ )
            next
              case CoreTranscript_Diff_case_4
              by step( contradiction /* impossible chain */ )
            next
              case CoreTranscript_Diff_case_5
              by step( contradiction /* impossible chain */ )
            next
              case CoreTranscript_Diff_case_6
              by step( contradiction /* impossible chain */ )
            qed
          next
            case pub
            step( solve( !KU( $B ) @ #vk.4 ) )
              case coerce
              step( solve( !KD( $B ) ▶₀ #vk.4 ) )
                case CoreTranscript_Diff_case_1
                by step( contradiction /* impossible chain */ )
              next
                case CoreTranscript_Diff_case_2
                by step( contradiction /* impossible chain */ )
              next
                case CoreTranscript_Diff_case_3
                by step( contradiction /* impossible chain */ )
              next
                case CoreTranscript_Diff_case_4
                by step( contradiction /* impossible chain */ )
              next
                case CoreTranscript_Diff_case_5
                by step( contradiction /* impossible chain */ )
              next
                case CoreTranscript_Diff_case_6
                by step( contradiction /* impossible chain */ )
              qed
            next
              case pub
              step( solve( !KU( pk(spk(~sigSkA), kpk(~kemSkA)) ) @ #vk.5 ) )
                case CoreTranscript_Diff_case_1
                step( solve( !KU( pk(spk(~sigSkB), kpk(~kemSkB)) ) @ #vk.6 ) )
                  case CoreTranscript_Diff_case_1
                  step( solve( !KU( sender_prekey(skem_spk(~senderSkA),
                                                  sign(~sigSkA, sender_payload(skem_spk(~senderSkA))))
                               ) @ #vk.7 ) )
                    case CoreTranscript_Diff_case_1
                    step( solve( !KU( receiver_prekey(skem_rpk(~receiverSkB),
                                                      ekpk(~receiverEskB),
                                                      sign(~sigSkB,
                                                           receiver_payload(skem_rpk(~receiverSkB),
                                                                            ekpk(~receiverEskB))))
                                 ) @ #vk.8 ) )
                      case CoreTranscript_Diff_case_1
                      step( solve( !KU( lkem_ct(kpk(~kemSkB), ~rhoL) ) @ #vk.9 ) )
                        case CoreTranscript_Diff
                        step( solve( !KU( ekem_ct(ekpk(~receiverEskB), ~rhoK) ) @ #vk.10 ) )
                          case CoreTranscript_Diff
                          step( solve( !KU( skem_component(skem_spk(~senderSkA),
                                                           skem_rpk(~receiverSkB), ~rhoS)
                                       ) @ #vk.11 ) )
                            case CoreTranscript_Diff
                            MIRRORED
                          next
                            case c_skem_component
                            by step( solve( !KU( ~rhoS ) @ #vk.14 ) )
                          qed
                        next
                          case c_ekem_ct
                          by step( solve( !KU( ~rhoK ) @ #vk.13 ) )
                        qed
                      next
                        case c_lkem_ct
                        by step( solve( !KU( ~rhoL ) @ #vk.13 ) )
                      qed
                    next
                      case CoreTranscript_Diff_case_2
                      step( solve( !KU( lkem_ct(kpk(~kemSkB), ~rhoL) ) @ #vk.9 ) )
                        case CoreTranscript_Diff
                        step( solve( !KU( ekem_ct(ekpk(~receiverEskB), ~rhoK) ) @ #vk.10 ) )
                          case CoreTranscript_Diff
                          step( solve( !KU( skem_component(skem_spk(~senderSkA),
                                                           skem_rpk(~receiverSkB), ~rhoS)
                                       ) @ #vk.11 ) )
                            case CoreTranscript_Diff
                            MIRRORED
                          next
                            case c_skem_component
                            by step( solve( !KU( ~rhoS ) @ #vk.14 ) )
                          qed
                        next
                          case c_ekem_ct
                          by step( solve( !KU( ~rhoK ) @ #vk.13 ) )
                        qed
                      next
                        case c_lkem_ct
                        by step( solve( !KU( ~rhoL ) @ #vk.13 ) )
                      qed
                    next
                      case c_receiver_prekey
                      step( solve( !KU( skem_rpk(~receiverSkB) ) @ #vk.12 ) )
                        case c_skem_rpk
                        by step( solve( !KU( ~receiverSkB ) @ #vk.15 ) )
                      qed
                    qed
                  next
                    case CoreTranscript_Diff_case_2
                    step( solve( !KU( receiver_prekey(skem_rpk(~receiverSkB),
                                                      ekpk(~receiverEskB),
                                                      sign(~sigSkB,
                                                           receiver_payload(skem_rpk(~receiverSkB),
                                                                            ekpk(~receiverEskB))))
                                 ) @ #vk.8 ) )
                      case CoreTranscript_Diff_case_1
                      step( solve( !KU( lkem_ct(kpk(~kemSkB), ~rhoL) ) @ #vk.9 ) )
                        case CoreTranscript_Diff
                        step( solve( !KU( ekem_ct(ekpk(~receiverEskB), ~rhoK) ) @ #vk.10 ) )
                          case CoreTranscript_Diff
                          step( solve( !KU( skem_component(skem_spk(~senderSkA),
                                                           skem_rpk(~receiverSkB), ~rhoS)
                                       ) @ #vk.11 ) )
                            case CoreTranscript_Diff
                            MIRRORED
                          next
                            case c_skem_component
                            by step( solve( !KU( ~rhoS ) @ #vk.14 ) )
                          qed
                        next
                          case c_ekem_ct
                          by step( solve( !KU( ~rhoK ) @ #vk.13 ) )
                        qed
                      next
                        case c_lkem_ct
                        by step( solve( !KU( ~rhoL ) @ #vk.13 ) )
                      qed
                    next
                      case CoreTranscript_Diff_case_2
                      step( solve( !KU( lkem_ct(kpk(~kemSkB), ~rhoL) ) @ #vk.9 ) )
                        case CoreTranscript_Diff
                        step( solve( !KU( ekem_ct(ekpk(~receiverEskB), ~rhoK) ) @ #vk.10 ) )
                          case CoreTranscript_Diff
                          step( solve( !KU( skem_component(skem_spk(~senderSkA),
                                                           skem_rpk(~receiverSkB), ~rhoS)
                                       ) @ #vk.11 ) )
                            case CoreTranscript_Diff
                            MIRRORED
                          next
                            case c_skem_component
                            by step( solve( !KU( ~rhoS ) @ #vk.14 ) )
                          qed
                        next
                          case c_ekem_ct
                          by step( solve( !KU( ~rhoK ) @ #vk.13 ) )
                        qed
                      next
                        case c_lkem_ct
                        by step( solve( !KU( ~rhoL ) @ #vk.13 ) )
                      qed
                    next
                      case c_receiver_prekey
                      step( solve( !KU( skem_rpk(~receiverSkB) ) @ #vk.12 ) )
                        case c_skem_rpk
                        by step( solve( !KU( ~receiverSkB ) @ #vk.15 ) )
                      qed
                    qed
                  next
                    case c_sender_prekey
                    step( solve( !KU( skem_spk(~senderSkA) ) @ #vk.12 ) )
                      case c_skem_spk
                      by step( solve( !KU( ~senderSkA ) @ #vk.14 ) )
                    qed
                  qed
                next
                  case CoreTranscript_Diff_case_2
                  step( solve( !KU( sender_prekey(skem_spk(~senderSkA),
                                                  sign(~sigSkA, sender_payload(skem_spk(~senderSkA))))
                               ) @ #vk.7 ) )
                    case CoreTranscript_Diff_case_1
                    step( solve( !KU( receiver_prekey(skem_rpk(~receiverSkB),
                                                      ekpk(~receiverEskB),
                                                      sign(~sigSkB,
                                                           receiver_payload(skem_rpk(~receiverSkB),
                                                                            ekpk(~receiverEskB))))
                                 ) @ #vk.8 ) )
                      case CoreTranscript_Diff_case_1
                      step( solve( !KU( lkem_ct(kpk(~kemSkB), ~rhoL) ) @ #vk.9 ) )
                        case CoreTranscript_Diff
                        step( solve( !KU( ekem_ct(ekpk(~receiverEskB), ~rhoK) ) @ #vk.10 ) )
                          case CoreTranscript_Diff
                          step( solve( !KU( skem_component(skem_spk(~senderSkA),
                                                           skem_rpk(~receiverSkB), ~rhoS)
                                       ) @ #vk.11 ) )
                            case CoreTranscript_Diff
                            MIRRORED
                          next
                            case c_skem_component
                            by step( solve( !KU( ~rhoS ) @ #vk.14 ) )
                          qed
                        next
                          case c_ekem_ct
                          by step( solve( !KU( ~rhoK ) @ #vk.13 ) )
                        qed
                      next
                        case c_lkem_ct
                        by step( solve( !KU( ~rhoL ) @ #vk.13 ) )
                      qed
                    next
                      case CoreTranscript_Diff_case_2
                      step( solve( !KU( lkem_ct(kpk(~kemSkB), ~rhoL) ) @ #vk.9 ) )
                        case CoreTranscript_Diff
                        step( solve( !KU( ekem_ct(ekpk(~receiverEskB), ~rhoK) ) @ #vk.10 ) )
                          case CoreTranscript_Diff
                          step( solve( !KU( skem_component(skem_spk(~senderSkA),
                                                           skem_rpk(~receiverSkB), ~rhoS)
                                       ) @ #vk.11 ) )
                            case CoreTranscript_Diff
                            MIRRORED
                          next
                            case c_skem_component
                            by step( solve( !KU( ~rhoS ) @ #vk.14 ) )
                          qed
                        next
                          case c_ekem_ct
                          by step( solve( !KU( ~rhoK ) @ #vk.13 ) )
                        qed
                      next
                        case c_lkem_ct
                        by step( solve( !KU( ~rhoL ) @ #vk.13 ) )
                      qed
                    next
                      case c_receiver_prekey
                      step( solve( !KU( skem_rpk(~receiverSkB) ) @ #vk.12 ) )
                        case c_skem_rpk
                        by step( solve( !KU( ~receiverSkB ) @ #vk.15 ) )
                      qed
                    qed
                  next
                    case CoreTranscript_Diff_case_2
                    step( solve( !KU( receiver_prekey(skem_rpk(~receiverSkB),
                                                      ekpk(~receiverEskB),
                                                      sign(~sigSkB,
                                                           receiver_payload(skem_rpk(~receiverSkB),
                                                                            ekpk(~receiverEskB))))
                                 ) @ #vk.8 ) )
                      case CoreTranscript_Diff_case_1
                      step( solve( !KU( lkem_ct(kpk(~kemSkB), ~rhoL) ) @ #vk.9 ) )
                        case CoreTranscript_Diff
                        step( solve( !KU( ekem_ct(ekpk(~receiverEskB), ~rhoK) ) @ #vk.10 ) )
                          case CoreTranscript_Diff
                          step( solve( !KU( skem_component(skem_spk(~senderSkA),
                                                           skem_rpk(~receiverSkB), ~rhoS)
                                       ) @ #vk.11 ) )
                            case CoreTranscript_Diff
                            MIRRORED
                          next
                            case c_skem_component
                            by step( solve( !KU( ~rhoS ) @ #vk.14 ) )
                          qed
                        next
                          case c_ekem_ct
                          by step( solve( !KU( ~rhoK ) @ #vk.13 ) )
                        qed
                      next
                        case c_lkem_ct
                        by step( solve( !KU( ~rhoL ) @ #vk.13 ) )
                      qed
                    next
                      case CoreTranscript_Diff_case_2
                      step( solve( !KU( lkem_ct(kpk(~kemSkB), ~rhoL) ) @ #vk.9 ) )
                        case CoreTranscript_Diff
                        step( solve( !KU( ekem_ct(ekpk(~receiverEskB), ~rhoK) ) @ #vk.10 ) )
                          case CoreTranscript_Diff
                          step( solve( !KU( skem_component(skem_spk(~senderSkA),
                                                           skem_rpk(~receiverSkB), ~rhoS)
                                       ) @ #vk.11 ) )
                            case CoreTranscript_Diff
                            MIRRORED
                          next
                            case c_skem_component
                            by step( solve( !KU( ~rhoS ) @ #vk.14 ) )
                          qed
                        next
                          case c_ekem_ct
                          by step( solve( !KU( ~rhoK ) @ #vk.13 ) )
                        qed
                      next
                        case c_lkem_ct
                        by step( solve( !KU( ~rhoL ) @ #vk.13 ) )
                      qed
                    next
                      case c_receiver_prekey
                      step( solve( !KU( skem_rpk(~receiverSkB) ) @ #vk.12 ) )
                        case c_skem_rpk
                        by step( solve( !KU( ~receiverSkB ) @ #vk.15 ) )
                      qed
                    qed
                  next
                    case c_sender_prekey
                    step( solve( !KU( skem_spk(~senderSkA) ) @ #vk.12 ) )
                      case c_skem_spk
                      by step( solve( !KU( ~senderSkA ) @ #vk.14 ) )
                    qed
                  qed
                next
                  case c_pk
                  step( solve( !KU( spk(~sigSkB) ) @ #vk.12 ) )
                    case c_spk
                    by step( solve( !KU( ~sigSkB ) @ #vk.14 ) )
                  qed
                qed
              next
                case CoreTranscript_Diff_case_2
                step( solve( !KU( pk(spk(~sigSkB), kpk(~kemSkB)) ) @ #vk.6 ) )
                  case CoreTranscript_Diff_case_1
                  step( solve( !KU( sender_prekey(skem_spk(~senderSkA),
                                                  sign(~sigSkA, sender_payload(skem_spk(~senderSkA))))
                               ) @ #vk.7 ) )
                    case CoreTranscript_Diff_case_1
                    step( solve( !KU( receiver_prekey(skem_rpk(~receiverSkB),
                                                      ekpk(~receiverEskB),
                                                      sign(~sigSkB,
                                                           receiver_payload(skem_rpk(~receiverSkB),
                                                                            ekpk(~receiverEskB))))
                                 ) @ #vk.8 ) )
                      case CoreTranscript_Diff_case_1
                      step( solve( !KU( lkem_ct(kpk(~kemSkB), ~rhoL) ) @ #vk.9 ) )
                        case CoreTranscript_Diff
                        step( solve( !KU( ekem_ct(ekpk(~receiverEskB), ~rhoK) ) @ #vk.10 ) )
                          case CoreTranscript_Diff
                          step( solve( !KU( skem_component(skem_spk(~senderSkA),
                                                           skem_rpk(~receiverSkB), ~rhoS)
                                       ) @ #vk.11 ) )
                            case CoreTranscript_Diff
                            MIRRORED
                          next
                            case c_skem_component
                            by step( solve( !KU( ~rhoS ) @ #vk.14 ) )
                          qed
                        next
                          case c_ekem_ct
                          by step( solve( !KU( ~rhoK ) @ #vk.13 ) )
                        qed
                      next
                        case c_lkem_ct
                        by step( solve( !KU( ~rhoL ) @ #vk.13 ) )
                      qed
                    next
                      case CoreTranscript_Diff_case_2
                      step( solve( !KU( lkem_ct(kpk(~kemSkB), ~rhoL) ) @ #vk.9 ) )
                        case CoreTranscript_Diff
                        step( solve( !KU( ekem_ct(ekpk(~receiverEskB), ~rhoK) ) @ #vk.10 ) )
                          case CoreTranscript_Diff
                          step( solve( !KU( skem_component(skem_spk(~senderSkA),
                                                           skem_rpk(~receiverSkB), ~rhoS)
                                       ) @ #vk.11 ) )
                            case CoreTranscript_Diff
                            MIRRORED
                          next
                            case c_skem_component
                            by step( solve( !KU( ~rhoS ) @ #vk.14 ) )
                          qed
                        next
                          case c_ekem_ct
                          by step( solve( !KU( ~rhoK ) @ #vk.13 ) )
                        qed
                      next
                        case c_lkem_ct
                        by step( solve( !KU( ~rhoL ) @ #vk.13 ) )
                      qed
                    next
                      case c_receiver_prekey
                      step( solve( !KU( skem_rpk(~receiverSkB) ) @ #vk.12 ) )
                        case c_skem_rpk
                        by step( solve( !KU( ~receiverSkB ) @ #vk.15 ) )
                      qed
                    qed
                  next
                    case CoreTranscript_Diff_case_2
                    step( solve( !KU( receiver_prekey(skem_rpk(~receiverSkB),
                                                      ekpk(~receiverEskB),
                                                      sign(~sigSkB,
                                                           receiver_payload(skem_rpk(~receiverSkB),
                                                                            ekpk(~receiverEskB))))
                                 ) @ #vk.8 ) )
                      case CoreTranscript_Diff_case_1
                      step( solve( !KU( lkem_ct(kpk(~kemSkB), ~rhoL) ) @ #vk.9 ) )
                        case CoreTranscript_Diff
                        step( solve( !KU( ekem_ct(ekpk(~receiverEskB), ~rhoK) ) @ #vk.10 ) )
                          case CoreTranscript_Diff
                          step( solve( !KU( skem_component(skem_spk(~senderSkA),
                                                           skem_rpk(~receiverSkB), ~rhoS)
                                       ) @ #vk.11 ) )
                            case CoreTranscript_Diff
                            MIRRORED
                          next
                            case c_skem_component
                            by step( solve( !KU( ~rhoS ) @ #vk.14 ) )
                          qed
                        next
                          case c_ekem_ct
                          by step( solve( !KU( ~rhoK ) @ #vk.13 ) )
                        qed
                      next
                        case c_lkem_ct
                        by step( solve( !KU( ~rhoL ) @ #vk.13 ) )
                      qed
                    next
                      case CoreTranscript_Diff_case_2
                      step( solve( !KU( lkem_ct(kpk(~kemSkB), ~rhoL) ) @ #vk.9 ) )
                        case CoreTranscript_Diff
                        step( solve( !KU( ekem_ct(ekpk(~receiverEskB), ~rhoK) ) @ #vk.10 ) )
                          case CoreTranscript_Diff
                          step( solve( !KU( skem_component(skem_spk(~senderSkA),
                                                           skem_rpk(~receiverSkB), ~rhoS)
                                       ) @ #vk.11 ) )
                            case CoreTranscript_Diff
                            MIRRORED
                          next
                            case c_skem_component
                            by step( solve( !KU( ~rhoS ) @ #vk.14 ) )
                          qed
                        next
                          case c_ekem_ct
                          by step( solve( !KU( ~rhoK ) @ #vk.13 ) )
                        qed
                      next
                        case c_lkem_ct
                        by step( solve( !KU( ~rhoL ) @ #vk.13 ) )
                      qed
                    next
                      case c_receiver_prekey
                      step( solve( !KU( skem_rpk(~receiverSkB) ) @ #vk.12 ) )
                        case c_skem_rpk
                        by step( solve( !KU( ~receiverSkB ) @ #vk.15 ) )
                      qed
                    qed
                  next
                    case c_sender_prekey
                    step( solve( !KU( skem_spk(~senderSkA) ) @ #vk.12 ) )
                      case c_skem_spk
                      by step( solve( !KU( ~senderSkA ) @ #vk.14 ) )
                    qed
                  qed
                next
                  case CoreTranscript_Diff_case_2
                  step( solve( !KU( sender_prekey(skem_spk(~senderSkA),
                                                  sign(~sigSkA, sender_payload(skem_spk(~senderSkA))))
                               ) @ #vk.7 ) )
                    case CoreTranscript_Diff_case_1
                    step( solve( !KU( receiver_prekey(skem_rpk(~receiverSkB),
                                                      ekpk(~receiverEskB),
                                                      sign(~sigSkB,
                                                           receiver_payload(skem_rpk(~receiverSkB),
                                                                            ekpk(~receiverEskB))))
                                 ) @ #vk.8 ) )
                      case CoreTranscript_Diff_case_1
                      step( solve( !KU( lkem_ct(kpk(~kemSkB), ~rhoL) ) @ #vk.9 ) )
                        case CoreTranscript_Diff
                        step( solve( !KU( ekem_ct(ekpk(~receiverEskB), ~rhoK) ) @ #vk.10 ) )
                          case CoreTranscript_Diff
                          step( solve( !KU( skem_component(skem_spk(~senderSkA),
                                                           skem_rpk(~receiverSkB), ~rhoS)
                                       ) @ #vk.11 ) )
                            case CoreTranscript_Diff
                            MIRRORED
                          next
                            case c_skem_component
                            by step( solve( !KU( ~rhoS ) @ #vk.14 ) )
                          qed
                        next
                          case c_ekem_ct
                          by step( solve( !KU( ~rhoK ) @ #vk.13 ) )
                        qed
                      next
                        case c_lkem_ct
                        by step( solve( !KU( ~rhoL ) @ #vk.13 ) )
                      qed
                    next
                      case CoreTranscript_Diff_case_2
                      step( solve( !KU( lkem_ct(kpk(~kemSkB), ~rhoL) ) @ #vk.9 ) )
                        case CoreTranscript_Diff
                        step( solve( !KU( ekem_ct(ekpk(~receiverEskB), ~rhoK) ) @ #vk.10 ) )
                          case CoreTranscript_Diff
                          step( solve( !KU( skem_component(skem_spk(~senderSkA),
                                                           skem_rpk(~receiverSkB), ~rhoS)
                                       ) @ #vk.11 ) )
                            case CoreTranscript_Diff
                            MIRRORED
                          next
                            case c_skem_component
                            by step( solve( !KU( ~rhoS ) @ #vk.14 ) )
                          qed
                        next
                          case c_ekem_ct
                          by step( solve( !KU( ~rhoK ) @ #vk.13 ) )
                        qed
                      next
                        case c_lkem_ct
                        by step( solve( !KU( ~rhoL ) @ #vk.13 ) )
                      qed
                    next
                      case c_receiver_prekey
                      step( solve( !KU( skem_rpk(~receiverSkB) ) @ #vk.12 ) )
                        case c_skem_rpk
                        by step( solve( !KU( ~receiverSkB ) @ #vk.15 ) )
                      qed
                    qed
                  next
                    case CoreTranscript_Diff_case_2
                    step( solve( !KU( receiver_prekey(skem_rpk(~receiverSkB),
                                                      ekpk(~receiverEskB),
                                                      sign(~sigSkB,
                                                           receiver_payload(skem_rpk(~receiverSkB),
                                                                            ekpk(~receiverEskB))))
                                 ) @ #vk.8 ) )
                      case CoreTranscript_Diff_case_1
                      step( solve( !KU( lkem_ct(kpk(~kemSkB), ~rhoL) ) @ #vk.9 ) )
                        case CoreTranscript_Diff
                        step( solve( !KU( ekem_ct(ekpk(~receiverEskB), ~rhoK) ) @ #vk.10 ) )
                          case CoreTranscript_Diff
                          step( solve( !KU( skem_component(skem_spk(~senderSkA),
                                                           skem_rpk(~receiverSkB), ~rhoS)
                                       ) @ #vk.11 ) )
                            case CoreTranscript_Diff
                            MIRRORED
                          next
                            case c_skem_component
                            by step( solve( !KU( ~rhoS ) @ #vk.14 ) )
                          qed
                        next
                          case c_ekem_ct
                          by step( solve( !KU( ~rhoK ) @ #vk.13 ) )
                        qed
                      next
                        case c_lkem_ct
                        by step( solve( !KU( ~rhoL ) @ #vk.13 ) )
                      qed
                    next
                      case CoreTranscript_Diff_case_2
                      step( solve( !KU( lkem_ct(kpk(~kemSkB), ~rhoL) ) @ #vk.9 ) )
                        case CoreTranscript_Diff
                        step( solve( !KU( ekem_ct(ekpk(~receiverEskB), ~rhoK) ) @ #vk.10 ) )
                          case CoreTranscript_Diff
                          step( solve( !KU( skem_component(skem_spk(~senderSkA),
                                                           skem_rpk(~receiverSkB), ~rhoS)
                                       ) @ #vk.11 ) )
                            case CoreTranscript_Diff
                            MIRRORED
                          next
                            case c_skem_component
                            by step( solve( !KU( ~rhoS ) @ #vk.14 ) )
                          qed
                        next
                          case c_ekem_ct
                          by step( solve( !KU( ~rhoK ) @ #vk.13 ) )
                        qed
                      next
                        case c_lkem_ct
                        by step( solve( !KU( ~rhoL ) @ #vk.13 ) )
                      qed
                    next
                      case c_receiver_prekey
                      step( solve( !KU( skem_rpk(~receiverSkB) ) @ #vk.12 ) )
                        case c_skem_rpk
                        by step( solve( !KU( ~receiverSkB ) @ #vk.15 ) )
                      qed
                    qed
                  next
                    case c_sender_prekey
                    step( solve( !KU( skem_spk(~senderSkA) ) @ #vk.12 ) )
                      case c_skem_spk
                      by step( solve( !KU( ~senderSkA ) @ #vk.14 ) )
                    qed
                  qed
                next
                  case c_pk
                  step( solve( !KU( spk(~sigSkB) ) @ #vk.12 ) )
                    case c_spk
                    by step( solve( !KU( ~sigSkB ) @ #vk.14 ) )
                  qed
                qed
              next
                case c_pk
                step( solve( !KU( spk(~sigSkA) ) @ #vk.12 ) )
                  case c_spk
                  by step( solve( !KU( ~sigSkA ) @ #vk.14 ) )
                qed
              qed
            qed
          qed
        qed
      qed
    qed
  qed
next
  case Rule_Send
  backward-search
    case LHS
    step( simplify )
    MIRRORED
  next
    case RHS
    step( simplify )
    MIRRORED
  qed
qed

/* All wellformedness checks were successful. */

/*
Generated from:
Tamarin version 1.12.0
Maude version 3.5.1
Git revision: UNKNOWN, branch: UNKNOWN
Compiled at: 2026-03-08 10:05:47.616272992 UTC
*/

end

==============================================================================
summary of summaries:

analyzed: tamarin/kwaay_deniability_core_diff.spthy

  processing time: 151.93s
  
  RHS :  executable_core_real_transcript (exists-trace): verified (2 steps)
  LHS :  executable_core_real_transcript (exists-trace): verified (2 steps)
  RHS :  executable_core_simulated_transcript (exists-trace): verified (2 steps)
  LHS :  executable_core_simulated_transcript (exists-trace): verified (2 steps)
  DiffLemma:  Observational_equivalence : verified (4352 steps)

==============================================================================
