Process 0 (that is, the initial process):
{1}new sskA: sig_sk;
{2}new kskA: kem_sk;
{3}new sskB: sig_sk;
{4}new kskB: kem_sk;
{5}new senderSkA: skem_sender_sk;
{6}new receiverSkB: skem_receiver_sk;
{7}new ekskB: ekem_sk;
{8}!
{9}let sskA_1: sig_sk = sskA in
{10}let kskA_1: kem_sk = kskA in
{11}let sskB_1: sig_sk = sskB in
{12}let kskB_1: kem_sk = kskB in
{13}let senderSkA_1: skem_sender_sk = senderSkA in
{14}let receiverSkB_1: skem_receiver_sk = receiverSkB in
{15}let ekskB_1: ekem_sk = ekskB in
{16}let pkA: pk_tuple = pk(spk(sskA_1),kpk(kskA_1)) in
{17}let pkB: pk_tuple = pk(spk(sskB_1),kpk(kskB_1)) in
{18}out(c, pkA);
{19}out(c, pkB);
{20}let senderPkA: skem_sender_pk = pk_skem_sender(senderSkA_1) in
{21}let senderPayloadA: prekey_payload = payload_sender(senderPkA) in
{22}let senderPrekeyA: sender_prekey_bundle = sender_prekey(senderPkA,sign(sskA_1,senderPayloadA)) in
{23}out(c, senderPrekeyA);
{24}let receiverPkB: skem_receiver_pk = pk_skem_receiver(receiverSkB_1) in
{25}let receiverEpkB: ekem_pk = ekpk(ekskB_1) in
{26}let receiverPayloadB: prekey_payload = payload_receiver(receiverPkB,receiverEpkB) in
{27}let receiverPrekeyB: receiver_prekey_bundle = receiver_prekey(receiverPkB,receiverEpkB,sign(sskB_1,receiverPayloadB)) in
{28}out(c, receiverPrekeyB);
{29}in(c, receiverPrekeyForSend: receiver_prekey_bundle);
{30}let receiverPkForSend: skem_receiver_pk = get_receiver_prekey_pk(receiverPrekeyForSend) in
{31}let receiverEpkForSend: ekem_pk = get_receiver_prekey_ekpk(receiverPrekeyForSend) in
{32}let receiverSigForSend: signature = get_receiver_prekey_sig(receiverPrekeyForSend) in
{33}let receiverPayloadForSend: prekey_payload = payload_receiver(receiverPkForSend,receiverEpkForSend) in
{34}let =true = verify(spk(sskB_1),receiverPayloadForSend,receiverSigForSend) in
{35}event ReceiverPrekeyVerified(A,B,receiverPrekeyForSend);
{36}in(c, senderPrekeyFromNet: sender_prekey_bundle);
{37}let senderPkFromNet: skem_sender_pk = get_sender_prekey_pk(senderPrekeyFromNet) in
{38}let senderSigFromNet: signature = get_sender_prekey_sig(senderPrekeyFromNet) in
{39}let senderPayloadFromNet: prekey_payload = payload_sender(senderPkFromNet) in
{40}let =true = verify(spk(sskA_1),senderPayloadFromNet,senderSigFromNet) in
{41}event SenderPrekeyVerified(B,A,senderPrekeyFromNet);
{42}new rL: randomness;
{43}new rE: randomness;
{44}new rS: randomness;
{45}let ctL: kem_ct = lkem_enc(kpk(kskB_1),rL) in
{46}let KL: shared_secret = lkem_ss(kpk(kskB_1),rL) in
{47}let ctE: ekem_ct = ekem_enc(receiverEpkForSend,rE) in
{48}let KE: shared_secret = ekem_ss(receiverEpkForSend,rE) in
{49}let ctS: skem_ct = skem_enc(senderSkA_1,receiverPkForSend,rS) in
{50}let KS: shared_secret = skem_ss(senderSkA_1,receiverPkForSend,rS) in
{51}event AuthComponentSent(A,B,ctS,KS);
{52}let m: message_tuple = msg(ctL,ctE,ctS) in
{53}let sidAB: sid_t = sid_of(A,B,pkA,pkB,senderPrekeyA,receiverPrekeyForSend,m) in
{54}let kSend: session_key = kdf_bad(KL,KE,sidAB) in
{55}event SenderKey(A,B,sidAB,kSend);
{56}event SendDone(A,B,sidAB,kSend);
{57}out(c, m);
{58}in(c, mFromNet: message_tuple);
{59}let ctLFromNet: kem_ct = get_lkem_ct(mFromNet) in
{60}let ctEFromNet: ekem_ct = get_ekem_ct(mFromNet) in
{61}let ctSFromNet: skem_ct = get_skem_ct(mFromNet) in
{62}event ReceiverLocalPrekeyUsed(B,A,receiverPrekeyB);
{63}let KL2: shared_secret = lkem_dec(kskB_1,ctLFromNet) in
{64}let KE2: shared_secret = ekem_dec(ekskB_1,ctEFromNet) in
{65}let KS2: shared_secret = skem_dec(receiverSkB_1,senderPkFromNet,ctSFromNet) in
{66}event AuthComponentAccepted(B,A,ctSFromNet,KS2);
{67}let sidBA: sid_t = sid_of(A,B,pkA,pkB,senderPrekeyFromNet,receiverPrekeyB,mFromNet) in
{68}let kRecv: session_key = kdf_bad(KL2,KE2,sidBA) in
{69}event RecvComputed(B,A,sidBA,kRecv);
{70}event ReceiverKey(B,A,sidBA,kRecv);
{71}event ProtectedData(B,A,sidBA,protectedPayload);
{72}out(c, senc(kRecv,protectedPayload));
{73}event RecvDone(B,A,sidBA,kRecv);
{74}event HonestRun(kRecv)

File "D:\kwaay-formal\logs\q1-analysis-model\generated\ATTACKER_KEY_BAD.pv", line 134, character 7:
Warning: identifier A rebound.
File "D:\kwaay-formal\logs\q1-analysis-model\generated\ATTACKER_KEY_BAD.pv", line 134, character 17:
Warning: identifier B rebound.
File "D:\kwaay-formal\logs\q1-analysis-model\generated\ATTACKER_KEY_BAD.pv", line 138, character 7:
Warning: identifier A rebound.
File "D:\kwaay-formal\logs\q1-analysis-model\generated\ATTACKER_KEY_BAD.pv", line 138, character 17:
Warning: identifier B rebound.
File "D:\kwaay-formal\logs\q1-analysis-model\generated\ATTACKER_KEY_BAD.pv", line 140, character 7:
Warning: identifier A rebound.
File "D:\kwaay-formal\logs\q1-analysis-model\generated\ATTACKER_KEY_BAD.pv", line 140, character 17:
Warning: identifier B rebound.
File "D:\kwaay-formal\logs\q1-analysis-model\generated\ATTACKER_KEY_BAD.pv", line 143, character 7:
Warning: identifier A rebound.
File "D:\kwaay-formal\logs\q1-analysis-model\generated\ATTACKER_KEY_BAD.pv", line 143, character 17:
Warning: identifier B rebound.
--  Process 1 (that is, process 0, with let moved downwards):
{1}new sskA: sig_sk;
{2}new kskA: kem_sk;
{3}new sskB: sig_sk;
{4}new kskB: kem_sk;
{5}new senderSkA: skem_sender_sk;
{6}new receiverSkB: skem_receiver_sk;
{7}new ekskB: ekem_sk;
{8}!
{10}let kskA_1: kem_sk = kskA in
{9}let sskA_1: sig_sk = sskA in
{16}let pkA: pk_tuple = pk(spk(sskA_1),kpk(kskA_1)) in
{18}out(c, pkA);
{12}let kskB_1: kem_sk = kskB in
{11}let sskB_1: sig_sk = sskB in
{17}let pkB: pk_tuple = pk(spk(sskB_1),kpk(kskB_1)) in
{19}out(c, pkB);
{13}let senderSkA_1: skem_sender_sk = senderSkA in
{20}let senderPkA: skem_sender_pk = pk_skem_sender(senderSkA_1) in
{21}let senderPayloadA: prekey_payload = payload_sender(senderPkA) in
{22}let senderPrekeyA: sender_prekey_bundle = sender_prekey(senderPkA,sign(sskA_1,senderPayloadA)) in
{23}out(c, senderPrekeyA);
{15}let ekskB_1: ekem_sk = ekskB in
{25}let receiverEpkB: ekem_pk = ekpk(ekskB_1) in
{14}let receiverSkB_1: skem_receiver_sk = receiverSkB in
{24}let receiverPkB: skem_receiver_pk = pk_skem_receiver(receiverSkB_1) in
{26}let receiverPayloadB: prekey_payload = payload_receiver(receiverPkB,receiverEpkB) in
{27}let receiverPrekeyB: receiver_prekey_bundle = receiver_prekey(receiverPkB,receiverEpkB,sign(sskB_1,receiverPayloadB)) in
{28}out(c, receiverPrekeyB);
{29}in(c, receiverPrekeyForSend: receiver_prekey_bundle);
{30}let receiverPkForSend: skem_receiver_pk = get_receiver_prekey_pk(receiverPrekeyForSend) in
{31}let receiverEpkForSend: ekem_pk = get_receiver_prekey_ekpk(receiverPrekeyForSend) in
{32}let receiverSigForSend: signature = get_receiver_prekey_sig(receiverPrekeyForSend) in
{33}let receiverPayloadForSend: prekey_payload = payload_receiver(receiverPkForSend,receiverEpkForSend) in
{34}let =true = verify(spk(sskB_1),receiverPayloadForSend,receiverSigForSend) in
{35}event ReceiverPrekeyVerified(A,B,receiverPrekeyForSend);
{36}in(c, senderPrekeyFromNet: sender_prekey_bundle);
{37}let senderPkFromNet: skem_sender_pk = get_sender_prekey_pk(senderPrekeyFromNet) in
{38}let senderSigFromNet: signature = get_sender_prekey_sig(senderPrekeyFromNet) in
{39}let senderPayloadFromNet: prekey_payload = payload_sender(senderPkFromNet) in
{40}let =true = verify(spk(sskA_1),senderPayloadFromNet,senderSigFromNet) in
{41}event SenderPrekeyVerified(B,A,senderPrekeyFromNet);
{42}new rL: randomness;
{43}new rE: randomness;
{44}new rS: randomness;
{50}let KS: shared_secret = skem_ss(senderSkA_1,receiverPkForSend,rS) in
{49}let ctS: skem_ct = skem_enc(senderSkA_1,receiverPkForSend,rS) in
{51}event AuthComponentSent(A,B,ctS,KS);
{47}let ctE: ekem_ct = ekem_enc(receiverEpkForSend,rE) in
{45}let ctL: kem_ct = lkem_enc(kpk(kskB_1),rL) in
{52}let m: message_tuple = msg(ctL,ctE,ctS) in
{53}let sidAB: sid_t = sid_of(A,B,pkA,pkB,senderPrekeyA,receiverPrekeyForSend,m) in
{48}let KE: shared_secret = ekem_ss(receiverEpkForSend,rE) in
{46}let KL: shared_secret = lkem_ss(kpk(kskB_1),rL) in
{54}let kSend: session_key = kdf_bad(KL,KE,sidAB) in
{55}event SenderKey(A,B,sidAB,kSend);
{56}event SendDone(A,B,sidAB,kSend);
{57}out(c, m);
{58}in(c, mFromNet: message_tuple);
{59}let ctLFromNet: kem_ct = get_lkem_ct(mFromNet) in
{60}let ctEFromNet: ekem_ct = get_ekem_ct(mFromNet) in
{61}let ctSFromNet: skem_ct = get_skem_ct(mFromNet) in
{62}event ReceiverLocalPrekeyUsed(B,A,receiverPrekeyB);
{63}let KL2: shared_secret = lkem_dec(kskB_1,ctLFromNet) in
{64}let KE2: shared_secret = ekem_dec(ekskB_1,ctEFromNet) in
{65}let KS2: shared_secret = skem_dec(receiverSkB_1,senderPkFromNet,ctSFromNet) in
{66}event AuthComponentAccepted(B,A,ctSFromNet,KS2);
{67}let sidBA: sid_t = sid_of(A,B,pkA,pkB,senderPrekeyFromNet,receiverPrekeyB,mFromNet) in
{68}let kRecv: session_key = kdf_bad(KL2,KE2,sidBA) in
{69}event RecvComputed(B,A,sidBA,kRecv);
{70}event ReceiverKey(B,A,sidBA,kRecv);
{71}event ProtectedData(B,A,sidBA,protectedPayload);
{72}out(c, senc(kRecv,protectedPayload));
{73}event RecvDone(B,A,sidBA,kRecv);
{74}event HonestRun(kRecv)

-- Query not event(HonestRun(k)) in process 1.
Translating the process into Horn clauses...
Completing...
200 rules inserted. Base: 144 rules (62 with conclusion selected). Queue: 15 rules.
Starting query not event(HonestRun(k))
goal reachable: attacker(r) && attacker(r_1) -> event(HonestRun(kdf_bad(lkem_ss(kpk(kskB[]),r),ekem_ss(ekpk(ekskB[]),r_1),sid_of(A[],B[],pk(spk(sskA[]),kpk(kskA[])),pk(spk(sskB[]),kpk(kskB[])),sender_prekey(pk_skem_sender(senderSkA[]),sign(sskA[],payload_sender(pk_skem_sender(senderSkA[])))),receiver_prekey(pk_skem_receiver(receiverSkB[]),ekpk(ekskB[]),sign(sskB[],payload_receiver(pk_skem_receiver(receiverSkB[]),ekpk(ekskB[])))),msg(lkem_enc(kpk(kskB[]),r),ekem_enc(ekpk(ekskB[]),r_1),skem_enc(senderSkA[],pk_skem_receiver(receiverSkB[]),rS_1))))))
Abbreviations:
rS_1 = rS[senderPrekeyFromNet = sender_prekey(pk_skem_sender(senderSkA[]),sign(sskA[],payload_sender(pk_skem_sender(senderSkA[])))),receiverPrekeyForSend = receiver_prekey(pk_skem_receiver(receiverSkB[]),ekpk(ekskB[]),sign(sskB[],payload_receiver(pk_skem_receiver(receiverSkB[]),ekpk(ekskB[])))),!1 = @sid]

Derivation:
Abbreviations:
rS_1 = rS[senderPrekeyFromNet = sender_prekey(pk_skem_sender(senderSkA[]),sign(sskA[],payload_sender(pk_skem_sender(senderSkA[])))),receiverPrekeyForSend = receiver_prekey(pk_skem_receiver(receiverSkB[]),ekpk(ekskB[]),sign(sskB[],payload_receiver(pk_skem_receiver(receiverSkB[]),ekpk(ekskB[])))),!1 = @sid]
rL_1 = rL[senderPrekeyFromNet = sender_prekey(pk_skem_sender(senderSkA[]),sign(sskA[],payload_sender(pk_skem_sender(senderSkA[])))),receiverPrekeyForSend = receiver_prekey(pk_skem_receiver(receiverSkB[]),ekpk(ekskB[]),sign(sskB[],payload_receiver(pk_skem_receiver(receiverSkB[]),ekpk(ekskB[])))),!1 = @sid]
rE_1 = rE[senderPrekeyFromNet = sender_prekey(pk_skem_sender(senderSkA[]),sign(sskA[],payload_sender(pk_skem_sender(senderSkA[])))),receiverPrekeyForSend = receiver_prekey(pk_skem_receiver(receiverSkB[]),ekpk(ekskB[]),sign(sskB[],payload_receiver(pk_skem_receiver(receiverSkB[]),ekpk(ekskB[])))),!1 = @sid]

1. The message receiver_prekey(pk_skem_receiver(receiverSkB[]),ekpk(ekskB[]),sign(sskB[],payload_receiver(pk_skem_receiver(receiverSkB[]),ekpk(ekskB[])))) may be sent to the attacker at output {28}.
attacker(receiver_prekey(pk_skem_receiver(receiverSkB[]),ekpk(ekskB[]),sign(sskB[],payload_receiver(pk_skem_receiver(receiverSkB[]),ekpk(ekskB[]))))).

2. The message sender_prekey(pk_skem_sender(senderSkA[]),sign(sskA[],payload_sender(pk_skem_sender(senderSkA[])))) may be sent to the attacker at output {23}.
attacker(sender_prekey(pk_skem_sender(senderSkA[]),sign(sskA[],payload_sender(pk_skem_sender(senderSkA[]))))).

3. The message receiver_prekey(pk_skem_receiver(receiverSkB[]),ekpk(ekskB[]),sign(sskB[],payload_receiver(pk_skem_receiver(receiverSkB[]),ekpk(ekskB[])))) that the attacker may have by 1 may be received at input {29}.
The message sender_prekey(pk_skem_sender(senderSkA[]),sign(sskA[],payload_sender(pk_skem_sender(senderSkA[])))) that the attacker may have by 2 may be received at input {36}.
So the message msg(lkem_enc(kpk(kskB[]),rL_1),ekem_enc(ekpk(ekskB[]),rE_1),skem_enc(senderSkA[],pk_skem_receiver(receiverSkB[]),rS_1)) may be sent to the attacker at output {57}.
attacker(msg(lkem_enc(kpk(kskB[]),rL_1),ekem_enc(ekpk(ekskB[]),rE_1),skem_enc(senderSkA[],pk_skem_receiver(receiverSkB[]),rS_1))).

4. By 3, the attacker may know msg(lkem_enc(kpk(kskB[]),rL_1),ekem_enc(ekpk(ekskB[]),rE_1),skem_enc(senderSkA[],pk_skem_receiver(receiverSkB[]),rS_1)).
Using the function get_skem_ct the attacker may obtain skem_enc(senderSkA[],pk_skem_receiver(receiverSkB[]),rS_1).
attacker(skem_enc(senderSkA[],pk_skem_receiver(receiverSkB[]),rS_1)).

5. We assume as hypothesis that
attacker(r).

6. By 1, the attacker may know receiver_prekey(pk_skem_receiver(receiverSkB[]),ekpk(ekskB[]),sign(sskB[],payload_receiver(pk_skem_receiver(receiverSkB[]),ekpk(ekskB[])))).
Using the function get_receiver_prekey_ekpk the attacker may obtain ekpk(ekskB[]).
attacker(ekpk(ekskB[])).

7. By 6, the attacker may know ekpk(ekskB[]).
By 5, the attacker may know r.
Using the function ekem_enc the attacker may obtain ekem_enc(ekpk(ekskB[]),r).
attacker(ekem_enc(ekpk(ekskB[]),r)).

8. We assume as hypothesis that
attacker(r_1).

9. The message pk(spk(sskB[]),kpk(kskB[])) may be sent to the attacker at output {19}.
attacker(pk(spk(sskB[]),kpk(kskB[]))).

10. By 9, the attacker may know pk(spk(sskB[]),kpk(kskB[])).
Using the function get_kem_pk the attacker may obtain kpk(kskB[]).
attacker(kpk(kskB[])).

11. By 10, the attacker may know kpk(kskB[]).
By 8, the attacker may know r_1.
Using the function lkem_enc the attacker may obtain lkem_enc(kpk(kskB[]),r_1).
attacker(lkem_enc(kpk(kskB[]),r_1)).

12. By 11, the attacker may know lkem_enc(kpk(kskB[]),r_1).
By 7, the attacker may know ekem_enc(ekpk(ekskB[]),r).
By 4, the attacker may know skem_enc(senderSkA[],pk_skem_receiver(receiverSkB[]),rS_1).
Using the function msg the attacker may obtain msg(lkem_enc(kpk(kskB[]),r_1),ekem_enc(ekpk(ekskB[]),r),skem_enc(senderSkA[],pk_skem_receiver(receiverSkB[]),rS_1)).
attacker(msg(lkem_enc(kpk(kskB[]),r_1),ekem_enc(ekpk(ekskB[]),r),skem_enc(senderSkA[],pk_skem_receiver(receiverSkB[]),rS_1))).

13. The message receiver_prekey(pk_skem_receiver(receiverSkB[]),ekpk(ekskB[]),sign(sskB[],payload_receiver(pk_skem_receiver(receiverSkB[]),ekpk(ekskB[])))) that the attacker may have by 1 may be received at input {29}.
The message sender_prekey(pk_skem_sender(senderSkA[]),sign(sskA[],payload_sender(pk_skem_sender(senderSkA[])))) that the attacker may have by 2 may be received at input {36}.
The message msg(lkem_enc(kpk(kskB[]),r_1),ekem_enc(ekpk(ekskB[]),r),skem_enc(senderSkA[],pk_skem_receiver(receiverSkB[]),rS_1)) that the attacker may have by 12 may be received at input {58}.
So event HonestRun(kdf_bad(lkem_ss(kpk(kskB[]),r_1),ekem_ss(ekpk(ekskB[]),r),sid_of(A[],B[],pk(spk(sskA[]),kpk(kskA[])),pk(spk(sskB[]),kpk(kskB[])),sender_prekey(pk_skem_sender(senderSkA[]),sign(sskA[],payload_sender(pk_skem_sender(senderSkA[])))),receiver_prekey(pk_skem_receiver(receiverSkB[]),ekpk(ekskB[]),sign(sskB[],payload_receiver(pk_skem_receiver(receiverSkB[]),ekpk(ekskB[])))),msg(lkem_enc(kpk(kskB[]),r_1),ekem_enc(ekpk(ekskB[]),r),skem_enc(senderSkA[],pk_skem_receiver(receiverSkB[]),rS_1))))) may be executed at {74}.
event(HonestRun(kdf_bad(lkem_ss(kpk(kskB[]),r_1),ekem_ss(ekpk(ekskB[]),r),sid_of(A[],B[],pk(spk(sskA[]),kpk(kskA[])),pk(spk(sskB[]),kpk(kskB[])),sender_prekey(pk_skem_sender(senderSkA[]),sign(sskA[],payload_sender(pk_skem_sender(senderSkA[])))),receiver_prekey(pk_skem_receiver(receiverSkB[]),ekpk(ekskB[]),sign(sskB[],payload_receiver(pk_skem_receiver(receiverSkB[]),ekpk(ekskB[])))),msg(lkem_enc(kpk(kskB[]),r_1),ekem_enc(ekpk(ekskB[]),r),skem_enc(senderSkA[],pk_skem_receiver(receiverSkB[]),rS_1)))))).

14. By 13, event(HonestRun(kdf_bad(lkem_ss(kpk(kskB[]),r_1),ekem_ss(ekpk(ekskB[]),r),sid_of(A[],B[],pk(spk(sskA[]),kpk(kskA[])),pk(spk(sskB[]),kpk(kskB[])),sender_prekey(pk_skem_sender(senderSkA[]),sign(sskA[],payload_sender(pk_skem_sender(senderSkA[])))),receiver_prekey(pk_skem_receiver(receiverSkB[]),ekpk(ekskB[]),sign(sskB[],payload_receiver(pk_skem_receiver(receiverSkB[]),ekpk(ekskB[])))),msg(lkem_enc(kpk(kskB[]),r_1),ekem_enc(ekpk(ekskB[]),r),skem_enc(senderSkA[],pk_skem_receiver(receiverSkB[]),rS_1)))))).
The goal is reached, represented in the following fact:
event(HonestRun(kdf_bad(lkem_ss(kpk(kskB[]),r_1),ekem_ss(ekpk(ekskB[]),r),sid_of(A[],B[],pk(spk(sskA[]),kpk(kskA[])),pk(spk(sskB[]),kpk(kskB[])),sender_prekey(pk_skem_sender(senderSkA[]),sign(sskA[],payload_sender(pk_skem_sender(senderSkA[])))),receiver_prekey(pk_skem_receiver(receiverSkB[]),ekpk(ekskB[]),sign(sskB[],payload_receiver(pk_skem_receiver(receiverSkB[]),ekpk(ekskB[])))),msg(lkem_enc(kpk(kskB[]),r_1),ekem_enc(ekpk(ekskB[]),r),skem_enc(senderSkA[],pk_skem_receiver(receiverSkB[]),rS_1)))))).


A more detailed output of the traces is available with
  set traceDisplay = long.

new sskA: sig_sk creating sskA_2 at {1}

new kskA: kem_sk creating kskA_2 at {2}

new sskB: sig_sk creating sskB_2 at {3}

new kskB: kem_sk creating kskB_2 at {4}

new senderSkA: skem_sender_sk creating senderSkA_2 at {5}

new receiverSkB: skem_receiver_sk creating receiverSkB_2 at {6}

new ekskB: ekem_sk creating ekskB_2 at {7}

out(c, ~M) with ~M = pk(spk(sskA_2),kpk(kskA_2)) at {18} in copy a

out(c, ~M_1) with ~M_1 = pk(spk(sskB_2),kpk(kskB_2)) at {19} in copy a

out(c, ~M_2) with ~M_2 = sender_prekey(pk_skem_sender(senderSkA_2),sign(sskA_2,payload_sender(pk_skem_sender(senderSkA_2)))) at {23} in copy a

out(c, ~M_3) with ~M_3 = receiver_prekey(pk_skem_receiver(receiverSkB_2),ekpk(ekskB_2),sign(sskB_2,payload_receiver(pk_skem_receiver(receiverSkB_2),ekpk(ekskB_2)))) at {28} in copy a

out(c, ~M_4) with ~M_4 = pk(spk(sskA_2),kpk(kskA_2)) at {18} in copy a_1

out(c, ~M_5) with ~M_5 = pk(spk(sskB_2),kpk(kskB_2)) at {19} in copy a_1

out(c, ~M_6) with ~M_6 = sender_prekey(pk_skem_sender(senderSkA_2),sign(sskA_2,payload_sender(pk_skem_sender(senderSkA_2)))) at {23} in copy a_1

out(c, ~M_7) with ~M_7 = receiver_prekey(pk_skem_receiver(receiverSkB_2),ekpk(ekskB_2),sign(sskB_2,payload_receiver(pk_skem_receiver(receiverSkB_2),ekpk(ekskB_2)))) at {28} in copy a_1

out(c, ~M_8) with ~M_8 = pk(spk(sskA_2),kpk(kskA_2)) at {18} in copy a_2

out(c, ~M_9) with ~M_9 = pk(spk(sskB_2),kpk(kskB_2)) at {19} in copy a_2

out(c, ~M_10) with ~M_10 = sender_prekey(pk_skem_sender(senderSkA_2),sign(sskA_2,payload_sender(pk_skem_sender(senderSkA_2)))) at {23} in copy a_2

out(c, ~M_11) with ~M_11 = receiver_prekey(pk_skem_receiver(receiverSkB_2),ekpk(ekskB_2),sign(sskB_2,payload_receiver(pk_skem_receiver(receiverSkB_2),ekpk(ekskB_2)))) at {28} in copy a_2

out(c, ~M_12) with ~M_12 = pk(spk(sskA_2),kpk(kskA_2)) at {18} in copy a_3

out(c, ~M_13) with ~M_13 = pk(spk(sskB_2),kpk(kskB_2)) at {19} in copy a_3

out(c, ~M_14) with ~M_14 = sender_prekey(pk_skem_sender(senderSkA_2),sign(sskA_2,payload_sender(pk_skem_sender(senderSkA_2)))) at {23} in copy a_3

out(c, ~M_15) with ~M_15 = receiver_prekey(pk_skem_receiver(receiverSkB_2),ekpk(ekskB_2),sign(sskB_2,payload_receiver(pk_skem_receiver(receiverSkB_2),ekpk(ekskB_2)))) at {28} in copy a_3

out(c, ~M_16) with ~M_16 = pk(spk(sskA_2),kpk(kskA_2)) at {18} in copy a_4

out(c, ~M_17) with ~M_17 = pk(spk(sskB_2),kpk(kskB_2)) at {19} in copy a_4

out(c, ~M_18) with ~M_18 = sender_prekey(pk_skem_sender(senderSkA_2),sign(sskA_2,payload_sender(pk_skem_sender(senderSkA_2)))) at {23} in copy a_4

out(c, ~M_19) with ~M_19 = receiver_prekey(pk_skem_receiver(receiverSkB_2),ekpk(ekskB_2),sign(sskB_2,payload_receiver(pk_skem_receiver(receiverSkB_2),ekpk(ekskB_2)))) at {28} in copy a_4

in(c, ~M_3) with ~M_3 = receiver_prekey(pk_skem_receiver(receiverSkB_2),ekpk(ekskB_2),sign(sskB_2,payload_receiver(pk_skem_receiver(receiverSkB_2),ekpk(ekskB_2)))) at {29} in copy a_3

event ReceiverPrekeyVerified(A,B,receiver_prekey(pk_skem_receiver(receiverSkB_2),ekpk(ekskB_2),sign(sskB_2,payload_receiver(pk_skem_receiver(receiverSkB_2),ekpk(ekskB_2))))) at {35} in copy a_3

in(c, ~M_2) with ~M_2 = sender_prekey(pk_skem_sender(senderSkA_2),sign(sskA_2,payload_sender(pk_skem_sender(senderSkA_2)))) at {36} in copy a_3

event SenderPrekeyVerified(B,A,sender_prekey(pk_skem_sender(senderSkA_2),sign(sskA_2,payload_sender(pk_skem_sender(senderSkA_2))))) at {41} in copy a_3

new rL: randomness creating rL_2 at {42} in copy a_3

new rE: randomness creating rE_2 at {43} in copy a_3

new rS: randomness creating rS_2 at {44} in copy a_3

event AuthComponentSent(A,B,skem_enc(senderSkA_2,pk_skem_receiver(receiverSkB_2),rS_2),skem_ss(senderSkA_2,pk_skem_receiver(receiverSkB_2),rS_2)) at {51} in copy a_3

event SenderKey(A,B,sid_of(A,B,pk(spk(sskA_2),kpk(kskA_2)),pk(spk(sskB_2),kpk(kskB_2)),sender_prekey(pk_skem_sender(senderSkA_2),sign(sskA_2,payload_sender(pk_skem_sender(senderSkA_2)))),receiver_prekey(pk_skem_receiver(receiverSkB_2),ekpk(ekskB_2),sign(sskB_2,payload_receiver(pk_skem_receiver(receiverSkB_2),ekpk(ekskB_2)))),msg(lkem_enc(kpk(kskB_2),rL_2),ekem_enc(ekpk(ekskB_2),rE_2),skem_enc(senderSkA_2,pk_skem_receiver(receiverSkB_2),rS_2))),kdf_bad(lkem_ss(kpk(kskB_2),rL_2),ekem_ss(ekpk(ekskB_2),rE_2),sid_of(A,B,pk(spk(sskA_2),kpk(kskA_2)),pk(spk(sskB_2),kpk(kskB_2)),sender_prekey(pk_skem_sender(senderSkA_2),sign(sskA_2,payload_sender(pk_skem_sender(senderSkA_2)))),receiver_prekey(pk_skem_receiver(receiverSkB_2),ekpk(ekskB_2),sign(sskB_2,payload_receiver(pk_skem_receiver(receiverSkB_2),ekpk(ekskB_2)))),msg(lkem_enc(kpk(kskB_2),rL_2),ekem_enc(ekpk(ekskB_2),rE_2),skem_enc(senderSkA_2,pk_skem_receiver(receiverSkB_2),rS_2))))) at {55} in copy a_3

event SendDone(A,B,sid_of(A,B,pk(spk(sskA_2),kpk(kskA_2)),pk(spk(sskB_2),kpk(kskB_2)),sender_prekey(pk_skem_sender(senderSkA_2),sign(sskA_2,payload_sender(pk_skem_sender(senderSkA_2)))),receiver_prekey(pk_skem_receiver(receiverSkB_2),ekpk(ekskB_2),sign(sskB_2,payload_receiver(pk_skem_receiver(receiverSkB_2),ekpk(ekskB_2)))),msg(lkem_enc(kpk(kskB_2),rL_2),ekem_enc(ekpk(ekskB_2),rE_2),skem_enc(senderSkA_2,pk_skem_receiver(receiverSkB_2),rS_2))),kdf_bad(lkem_ss(kpk(kskB_2),rL_2),ekem_ss(ekpk(ekskB_2),rE_2),sid_of(A,B,pk(spk(sskA_2),kpk(kskA_2)),pk(spk(sskB_2),kpk(kskB_2)),sender_prekey(pk_skem_sender(senderSkA_2),sign(sskA_2,payload_sender(pk_skem_sender(senderSkA_2)))),receiver_prekey(pk_skem_receiver(receiverSkB_2),ekpk(ekskB_2),sign(sskB_2,payload_receiver(pk_skem_receiver(receiverSkB_2),ekpk(ekskB_2)))),msg(lkem_enc(kpk(kskB_2),rL_2),ekem_enc(ekpk(ekskB_2),rE_2),skem_enc(senderSkA_2,pk_skem_receiver(receiverSkB_2),rS_2))))) at {56} in copy a_3

out(c, ~M_20) with ~M_20 = msg(lkem_enc(kpk(kskB_2),rL_2),ekem_enc(ekpk(ekskB_2),rE_2),skem_enc(senderSkA_2,pk_skem_receiver(receiverSkB_2),rS_2)) at {57} in copy a_3

in(c, ~M_3) with ~M_3 = receiver_prekey(pk_skem_receiver(receiverSkB_2),ekpk(ekskB_2),sign(sskB_2,payload_receiver(pk_skem_receiver(receiverSkB_2),ekpk(ekskB_2)))) at {29} in copy a

event ReceiverPrekeyVerified(A,B,receiver_prekey(pk_skem_receiver(receiverSkB_2),ekpk(ekskB_2),sign(sskB_2,payload_receiver(pk_skem_receiver(receiverSkB_2),ekpk(ekskB_2))))) at {35} in copy a

in(c, ~M_2) with ~M_2 = sender_prekey(pk_skem_sender(senderSkA_2),sign(sskA_2,payload_sender(pk_skem_sender(senderSkA_2)))) at {36} in copy a

event SenderPrekeyVerified(B,A,sender_prekey(pk_skem_sender(senderSkA_2),sign(sskA_2,payload_sender(pk_skem_sender(senderSkA_2))))) at {41} in copy a

new rL: randomness creating rL_3 at {42} in copy a

new rE: randomness creating rE_3 at {43} in copy a

new rS: randomness creating rS_3 at {44} in copy a

event AuthComponentSent(A,B,skem_enc(senderSkA_2,pk_skem_receiver(receiverSkB_2),rS_3),skem_ss(senderSkA_2,pk_skem_receiver(receiverSkB_2),rS_3)) at {51} in copy a

event SenderKey(A,B,sid_of(A,B,pk(spk(sskA_2),kpk(kskA_2)),pk(spk(sskB_2),kpk(kskB_2)),sender_prekey(pk_skem_sender(senderSkA_2),sign(sskA_2,payload_sender(pk_skem_sender(senderSkA_2)))),receiver_prekey(pk_skem_receiver(receiverSkB_2),ekpk(ekskB_2),sign(sskB_2,payload_receiver(pk_skem_receiver(receiverSkB_2),ekpk(ekskB_2)))),msg(lkem_enc(kpk(kskB_2),rL_3),ekem_enc(ekpk(ekskB_2),rE_3),skem_enc(senderSkA_2,pk_skem_receiver(receiverSkB_2),rS_3))),kdf_bad(lkem_ss(kpk(kskB_2),rL_3),ekem_ss(ekpk(ekskB_2),rE_3),sid_of(A,B,pk(spk(sskA_2),kpk(kskA_2)),pk(spk(sskB_2),kpk(kskB_2)),sender_prekey(pk_skem_sender(senderSkA_2),sign(sskA_2,payload_sender(pk_skem_sender(senderSkA_2)))),receiver_prekey(pk_skem_receiver(receiverSkB_2),ekpk(ekskB_2),sign(sskB_2,payload_receiver(pk_skem_receiver(receiverSkB_2),ekpk(ekskB_2)))),msg(lkem_enc(kpk(kskB_2),rL_3),ekem_enc(ekpk(ekskB_2),rE_3),skem_enc(senderSkA_2,pk_skem_receiver(receiverSkB_2),rS_3))))) at {55} in copy a

event SendDone(A,B,sid_of(A,B,pk(spk(sskA_2),kpk(kskA_2)),pk(spk(sskB_2),kpk(kskB_2)),sender_prekey(pk_skem_sender(senderSkA_2),sign(sskA_2,payload_sender(pk_skem_sender(senderSkA_2)))),receiver_prekey(pk_skem_receiver(receiverSkB_2),ekpk(ekskB_2),sign(sskB_2,payload_receiver(pk_skem_receiver(receiverSkB_2),ekpk(ekskB_2)))),msg(lkem_enc(kpk(kskB_2),rL_3),ekem_enc(ekpk(ekskB_2),rE_3),skem_enc(senderSkA_2,pk_skem_receiver(receiverSkB_2),rS_3))),kdf_bad(lkem_ss(kpk(kskB_2),rL_3),ekem_ss(ekpk(ekskB_2),rE_3),sid_of(A,B,pk(spk(sskA_2),kpk(kskA_2)),pk(spk(sskB_2),kpk(kskB_2)),sender_prekey(pk_skem_sender(senderSkA_2),sign(sskA_2,payload_sender(pk_skem_sender(senderSkA_2)))),receiver_prekey(pk_skem_receiver(receiverSkB_2),ekpk(ekskB_2),sign(sskB_2,payload_receiver(pk_skem_receiver(receiverSkB_2),ekpk(ekskB_2)))),msg(lkem_enc(kpk(kskB_2),rL_3),ekem_enc(ekpk(ekskB_2),rE_3),skem_enc(senderSkA_2,pk_skem_receiver(receiverSkB_2),rS_3))))) at {56} in copy a

out(c, ~M_21) with ~M_21 = msg(lkem_enc(kpk(kskB_2),rL_3),ekem_enc(ekpk(ekskB_2),rE_3),skem_enc(senderSkA_2,pk_skem_receiver(receiverSkB_2),rS_3)) at {57} in copy a

in(c, msg(lkem_enc(get_kem_pk(~M_1),a_5),ekem_enc(get_receiver_prekey_ekpk(~M_3),a_6),get_skem_ct(~M_20))) with msg(lkem_enc(get_kem_pk(~M_1),a_5),ekem_enc(get_receiver_prekey_ekpk(~M_3),a_6),get_skem_ct(~M_20)) = msg(lkem_enc(kpk(kskB_2),a_5),ekem_enc(ekpk(ekskB_2),a_6),skem_enc(senderSkA_2,pk_skem_receiver(receiverSkB_2),rS_2)) at {58} in copy a

event ReceiverLocalPrekeyUsed(B,A,receiver_prekey(pk_skem_receiver(receiverSkB_2),ekpk(ekskB_2),sign(sskB_2,payload_receiver(pk_skem_receiver(receiverSkB_2),ekpk(ekskB_2))))) at {62} in copy a

event AuthComponentAccepted(B,A,skem_enc(senderSkA_2,pk_skem_receiver(receiverSkB_2),rS_2),skem_ss(senderSkA_2,pk_skem_receiver(receiverSkB_2),rS_2)) at {66} in copy a

event RecvComputed(B,A,sid_of(A,B,pk(spk(sskA_2),kpk(kskA_2)),pk(spk(sskB_2),kpk(kskB_2)),sender_prekey(pk_skem_sender(senderSkA_2),sign(sskA_2,payload_sender(pk_skem_sender(senderSkA_2)))),receiver_prekey(pk_skem_receiver(receiverSkB_2),ekpk(ekskB_2),sign(sskB_2,payload_receiver(pk_skem_receiver(receiverSkB_2),ekpk(ekskB_2)))),msg(lkem_enc(kpk(kskB_2),a_5),ekem_enc(ekpk(ekskB_2),a_6),skem_enc(senderSkA_2,pk_skem_receiver(receiverSkB_2),rS_2))),kdf_bad(lkem_ss(kpk(kskB_2),a_5),ekem_ss(ekpk(ekskB_2),a_6),sid_of(A,B,pk(spk(sskA_2),kpk(kskA_2)),pk(spk(sskB_2),kpk(kskB_2)),sender_prekey(pk_skem_sender(senderSkA_2),sign(sskA_2,payload_sender(pk_skem_sender(senderSkA_2)))),receiver_prekey(pk_skem_receiver(receiverSkB_2),ekpk(ekskB_2),sign(sskB_2,payload_receiver(pk_skem_receiver(receiverSkB_2),ekpk(ekskB_2)))),msg(lkem_enc(kpk(kskB_2),a_5),ekem_enc(ekpk(ekskB_2),a_6),skem_enc(senderSkA_2,pk_skem_receiver(receiverSkB_2),rS_2))))) at {69} in copy a

event ReceiverKey(B,A,sid_of(A,B,pk(spk(sskA_2),kpk(kskA_2)),pk(spk(sskB_2),kpk(kskB_2)),sender_prekey(pk_skem_sender(senderSkA_2),sign(sskA_2,payload_sender(pk_skem_sender(senderSkA_2)))),receiver_prekey(pk_skem_receiver(receiverSkB_2),ekpk(ekskB_2),sign(sskB_2,payload_receiver(pk_skem_receiver(receiverSkB_2),ekpk(ekskB_2)))),msg(lkem_enc(kpk(kskB_2),a_5),ekem_enc(ekpk(ekskB_2),a_6),skem_enc(senderSkA_2,pk_skem_receiver(receiverSkB_2),rS_2))),kdf_bad(lkem_ss(kpk(kskB_2),a_5),ekem_ss(ekpk(ekskB_2),a_6),sid_of(A,B,pk(spk(sskA_2),kpk(kskA_2)),pk(spk(sskB_2),kpk(kskB_2)),sender_prekey(pk_skem_sender(senderSkA_2),sign(sskA_2,payload_sender(pk_skem_sender(senderSkA_2)))),receiver_prekey(pk_skem_receiver(receiverSkB_2),ekpk(ekskB_2),sign(sskB_2,payload_receiver(pk_skem_receiver(receiverSkB_2),ekpk(ekskB_2)))),msg(lkem_enc(kpk(kskB_2),a_5),ekem_enc(ekpk(ekskB_2),a_6),skem_enc(senderSkA_2,pk_skem_receiver(receiverSkB_2),rS_2))))) at {70} in copy a

event ProtectedData(B,A,sid_of(A,B,pk(spk(sskA_2),kpk(kskA_2)),pk(spk(sskB_2),kpk(kskB_2)),sender_prekey(pk_skem_sender(senderSkA_2),sign(sskA_2,payload_sender(pk_skem_sender(senderSkA_2)))),receiver_prekey(pk_skem_receiver(receiverSkB_2),ekpk(ekskB_2),sign(sskB_2,payload_receiver(pk_skem_receiver(receiverSkB_2),ekpk(ekskB_2)))),msg(lkem_enc(kpk(kskB_2),a_5),ekem_enc(ekpk(ekskB_2),a_6),skem_enc(senderSkA_2,pk_skem_receiver(receiverSkB_2),rS_2))),protectedPayload) at {71} in copy a

out(c, ~M_22) with ~M_22 = senc(kdf_bad(lkem_ss(kpk(kskB_2),a_5),ekem_ss(ekpk(ekskB_2),a_6),sid_of(A,B,pk(spk(sskA_2),kpk(kskA_2)),pk(spk(sskB_2),kpk(kskB_2)),sender_prekey(pk_skem_sender(senderSkA_2),sign(sskA_2,payload_sender(pk_skem_sender(senderSkA_2)))),receiver_prekey(pk_skem_receiver(receiverSkB_2),ekpk(ekskB_2),sign(sskB_2,payload_receiver(pk_skem_receiver(receiverSkB_2),ekpk(ekskB_2)))),msg(lkem_enc(kpk(kskB_2),a_5),ekem_enc(ekpk(ekskB_2),a_6),skem_enc(senderSkA_2,pk_skem_receiver(receiverSkB_2),rS_2)))),protectedPayload) at {72} in copy a

event RecvDone(B,A,sid_of(A,B,pk(spk(sskA_2),kpk(kskA_2)),pk(spk(sskB_2),kpk(kskB_2)),sender_prekey(pk_skem_sender(senderSkA_2),sign(sskA_2,payload_sender(pk_skem_sender(senderSkA_2)))),receiver_prekey(pk_skem_receiver(receiverSkB_2),ekpk(ekskB_2),sign(sskB_2,payload_receiver(pk_skem_receiver(receiverSkB_2),ekpk(ekskB_2)))),msg(lkem_enc(kpk(kskB_2),a_5),ekem_enc(ekpk(ekskB_2),a_6),skem_enc(senderSkA_2,pk_skem_receiver(receiverSkB_2),rS_2))),kdf_bad(lkem_ss(kpk(kskB_2),a_5),ekem_ss(ekpk(ekskB_2),a_6),sid_of(A,B,pk(spk(sskA_2),kpk(kskA_2)),pk(spk(sskB_2),kpk(kskB_2)),sender_prekey(pk_skem_sender(senderSkA_2),sign(sskA_2,payload_sender(pk_skem_sender(senderSkA_2)))),receiver_prekey(pk_skem_receiver(receiverSkB_2),ekpk(ekskB_2),sign(sskB_2,payload_receiver(pk_skem_receiver(receiverSkB_2),ekpk(ekskB_2)))),msg(lkem_enc(kpk(kskB_2),a_5),ekem_enc(ekpk(ekskB_2),a_6),skem_enc(senderSkA_2,pk_skem_receiver(receiverSkB_2),rS_2))))) at {73} in copy a

event HonestRun(kdf_bad(lkem_ss(kpk(kskB_2),a_5),ekem_ss(ekpk(ekskB_2),a_6),sid_of(A,B,pk(spk(sskA_2),kpk(kskA_2)),pk(spk(sskB_2),kpk(kskB_2)),sender_prekey(pk_skem_sender(senderSkA_2),sign(sskA_2,payload_sender(pk_skem_sender(senderSkA_2)))),receiver_prekey(pk_skem_receiver(receiverSkB_2),ekpk(ekskB_2),sign(sskB_2,payload_receiver(pk_skem_receiver(receiverSkB_2),ekpk(ekskB_2)))),msg(lkem_enc(kpk(kskB_2),a_5),ekem_enc(ekpk(ekskB_2),a_6),skem_enc(senderSkA_2,pk_skem_receiver(receiverSkB_2),rS_2))))) at {74} in copy a (goal)

The event HonestRun(kdf_bad(lkem_ss(kpk(kskB_2),a_5),ekem_ss(ekpk(ekskB_2),a_6),sid_of(A,B,pk(spk(sskA_2),kpk(kskA_2)),pk(spk(sskB_2),kpk(kskB_2)),sender_prekey(pk_skem_sender(senderSkA_2),sign(sskA_2,payload_sender(pk_skem_sender(senderSkA_2)))),receiver_prekey(pk_skem_receiver(receiverSkB_2),ekpk(ekskB_2),sign(sskB_2,payload_receiver(pk_skem_receiver(receiverSkB_2),ekpk(ekskB_2)))),msg(lkem_enc(kpk(kskB_2),a_5),ekem_enc(ekpk(ekskB_2),a_6),skem_enc(senderSkA_2,pk_skem_receiver(receiverSkB_2),rS_2))))) is executed at {74} in copy a.
A trace has been found.
RESULT not event(HonestRun(k)) is false.
-- Query event(RecvDone(B_1,A_1,s,k)) ==> event(SendDone(A_1,B_1,s,k)) in process 1.
Translating the process into Horn clauses...
Completing...
200 rules inserted. Base: 166 rules (59 with conclusion selected). Queue: 32 rules.
Starting query event(RecvDone(B_1,A_1,s,k)) ==> event(SendDone(A_1,B_1,s,k))
goal reachable: attacker(r) && attacker(r_1) && b-event(SendDone(A[],B[],sid_of(A[],B[],pk(spk(sskA[]),kpk(kskA[])),pk(spk(sskB[]),kpk(kskB[])),sender_prekey(pk_skem_sender(senderSkA[]),sign(sskA[],payload_sender(pk_skem_sender(senderSkA[])))),receiver_prekey(pk_skem_receiver(receiverSkB[]),ekpk(ekskB[]),sign(sskB[],payload_receiver(pk_skem_receiver(receiverSkB[]),ekpk(ekskB[])))),msg(lkem_enc(kpk(kskB[]),rL_1),ekem_enc(ekpk(ekskB[]),rE_1),skem_enc(senderSkA[],pk_skem_receiver(receiverSkB[]),rS_1))),kdf_bad(lkem_ss(kpk(kskB[]),rL_1),ekem_ss(ekpk(ekskB[]),rE_1),sid_of(A[],B[],pk(spk(sskA[]),kpk(kskA[])),pk(spk(sskB[]),kpk(kskB[])),sender_prekey(pk_skem_sender(senderSkA[]),sign(sskA[],payload_sender(pk_skem_sender(senderSkA[])))),receiver_prekey(pk_skem_receiver(receiverSkB[]),ekpk(ekskB[]),sign(sskB[],payload_receiver(pk_skem_receiver(receiverSkB[]),ekpk(ekskB[])))),msg(lkem_enc(kpk(kskB[]),rL_1),ekem_enc(ekpk(ekskB[]),rE_1),skem_enc(senderSkA[],pk_skem_receiver(receiverSkB[]),rS_1)))))) -> event(RecvDone(B[],A[],sid_of(A[],B[],pk(spk(sskA[]),kpk(kskA[])),pk(spk(sskB[]),kpk(kskB[])),sender_prekey(pk_skem_sender(senderSkA[]),sign(sskA[],payload_sender(pk_skem_sender(senderSkA[])))),receiver_prekey(pk_skem_receiver(receiverSkB[]),ekpk(ekskB[]),sign(sskB[],payload_receiver(pk_skem_receiver(receiverSkB[]),ekpk(ekskB[])))),msg(lkem_enc(kpk(kskB[]),r),ekem_enc(ekpk(ekskB[]),r_1),skem_enc(senderSkA[],pk_skem_receiver(receiverSkB[]),rS_1))),kdf_bad(lkem_ss(kpk(kskB[]),r),ekem_ss(ekpk(ekskB[]),r_1),sid_of(A[],B[],pk(spk(sskA[]),kpk(kskA[])),pk(spk(sskB[]),kpk(kskB[])),sender_prekey(pk_skem_sender(senderSkA[]),sign(sskA[],payload_sender(pk_skem_sender(senderSkA[])))),receiver_prekey(pk_skem_receiver(receiverSkB[]),ekpk(ekskB[]),sign(sskB[],payload_receiver(pk_skem_receiver(receiverSkB[]),ekpk(ekskB[])))),msg(lkem_enc(kpk(kskB[]),r),ekem_enc(ekpk(ekskB[]),r_1),skem_enc(senderSkA[],pk_skem_receiver(receiverSkB[]),rS_1))))))
Abbreviations:
rS_1 = rS[senderPrekeyFromNet = sender_prekey(pk_skem_sender(senderSkA[]),sign(sskA[],payload_sender(pk_skem_sender(senderSkA[])))),receiverPrekeyForSend = receiver_prekey(pk_skem_receiver(receiverSkB[]),ekpk(ekskB[]),sign(sskB[],payload_receiver(pk_skem_receiver(receiverSkB[]),ekpk(ekskB[])))),!1 = @sid]
rL_1 = rL[senderPrekeyFromNet = sender_prekey(pk_skem_sender(senderSkA[]),sign(sskA[],payload_sender(pk_skem_sender(senderSkA[])))),receiverPrekeyForSend = receiver_prekey(pk_skem_receiver(receiverSkB[]),ekpk(ekskB[]),sign(sskB[],payload_receiver(pk_skem_receiver(receiverSkB[]),ekpk(ekskB[])))),!1 = @sid]
rE_1 = rE[senderPrekeyFromNet = sender_prekey(pk_skem_sender(senderSkA[]),sign(sskA[],payload_sender(pk_skem_sender(senderSkA[])))),receiverPrekeyForSend = receiver_prekey(pk_skem_receiver(receiverSkB[]),ekpk(ekskB[]),sign(sskB[],payload_receiver(pk_skem_receiver(receiverSkB[]),ekpk(ekskB[])))),!1 = @sid]

Derivation:
Abbreviations:
rS_1 = rS[senderPrekeyFromNet = sender_prekey(pk_skem_sender(senderSkA[]),sign(sskA[],payload_sender(pk_skem_sender(senderSkA[])))),receiverPrekeyForSend = receiver_prekey(pk_skem_receiver(receiverSkB[]),ekpk(ekskB[]),sign(sskB[],payload_receiver(pk_skem_receiver(receiverSkB[]),ekpk(ekskB[])))),!1 = @sid]
rL_1 = rL[senderPrekeyFromNet = sender_prekey(pk_skem_sender(senderSkA[]),sign(sskA[],payload_sender(pk_skem_sender(senderSkA[])))),receiverPrekeyForSend = receiver_prekey(pk_skem_receiver(receiverSkB[]),ekpk(ekskB[]),sign(sskB[],payload_receiver(pk_skem_receiver(receiverSkB[]),ekpk(ekskB[])))),!1 = @sid]
rE_1 = rE[senderPrekeyFromNet = sender_prekey(pk_skem_sender(senderSkA[]),sign(sskA[],payload_sender(pk_skem_sender(senderSkA[])))),receiverPrekeyForSend = receiver_prekey(pk_skem_receiver(receiverSkB[]),ekpk(ekskB[]),sign(sskB[],payload_receiver(pk_skem_receiver(receiverSkB[]),ekpk(ekskB[])))),!1 = @sid]

1. The message receiver_prekey(pk_skem_receiver(receiverSkB[]),ekpk(ekskB[]),sign(sskB[],payload_receiver(pk_skem_receiver(receiverSkB[]),ekpk(ekskB[])))) may be sent to the attacker at output {28}.
attacker(receiver_prekey(pk_skem_receiver(receiverSkB[]),ekpk(ekskB[]),sign(sskB[],payload_receiver(pk_skem_receiver(receiverSkB[]),ekpk(ekskB[]))))).

2. The message sender_prekey(pk_skem_sender(senderSkA[]),sign(sskA[],payload_sender(pk_skem_sender(senderSkA[])))) may be sent to the attacker at output {23}.
attacker(sender_prekey(pk_skem_sender(senderSkA[]),sign(sskA[],payload_sender(pk_skem_sender(senderSkA[]))))).

3. The message receiver_prekey(pk_skem_receiver(receiverSkB[]),ekpk(ekskB[]),sign(sskB[],payload_receiver(pk_skem_receiver(receiverSkB[]),ekpk(ekskB[])))) that the attacker may have by 1 may be received at input {29}.
The message sender_prekey(pk_skem_sender(senderSkA[]),sign(sskA[],payload_sender(pk_skem_sender(senderSkA[])))) that the attacker may have by 2 may be received at input {36}.
The event SendDone(A[],B[],sid_of(A[],B[],pk(spk(sskA[]),kpk(kskA[])),pk(spk(sskB[]),kpk(kskB[])),sender_prekey(pk_skem_sender(senderSkA[]),sign(sskA[],payload_sender(pk_skem_sender(senderSkA[])))),receiver_prekey(pk_skem_receiver(receiverSkB[]),ekpk(ekskB[]),sign(sskB[],payload_receiver(pk_skem_receiver(receiverSkB[]),ekpk(ekskB[])))),msg(lkem_enc(kpk(kskB[]),rL_1),ekem_enc(ekpk(ekskB[]),rE_1),skem_enc(senderSkA[],pk_skem_receiver(receiverSkB[]),rS_1))),kdf_bad(lkem_ss(kpk(kskB[]),rL_1),ekem_ss(ekpk(ekskB[]),rE_1),sid_of(A[],B[],pk(spk(sskA[]),kpk(kskA[])),pk(spk(sskB[]),kpk(kskB[])),sender_prekey(pk_skem_sender(senderSkA[]),sign(sskA[],payload_sender(pk_skem_sender(senderSkA[])))),receiver_prekey(pk_skem_receiver(receiverSkB[]),ekpk(ekskB[]),sign(sskB[],payload_receiver(pk_skem_receiver(receiverSkB[]),ekpk(ekskB[])))),msg(lkem_enc(kpk(kskB[]),rL_1),ekem_enc(ekpk(ekskB[]),rE_1),skem_enc(senderSkA[],pk_skem_receiver(receiverSkB[]),rS_1))))) may be executed at {56}.
So the message msg(lkem_enc(kpk(kskB[]),rL_1),ekem_enc(ekpk(ekskB[]),rE_1),skem_enc(senderSkA[],pk_skem_receiver(receiverSkB[]),rS_1)) may be sent to the attacker at output {57}.
attacker(msg(lkem_enc(kpk(kskB[]),rL_1),ekem_enc(ekpk(ekskB[]),rE_1),skem_enc(senderSkA[],pk_skem_receiver(receiverSkB[]),rS_1))).

4. By 3, the attacker may know msg(lkem_enc(kpk(kskB[]),rL_1),ekem_enc(ekpk(ekskB[]),rE_1),skem_enc(senderSkA[],pk_skem_receiver(receiverSkB[]),rS_1)).
Using the function get_skem_ct the attacker may obtain skem_enc(senderSkA[],pk_skem_receiver(receiverSkB[]),rS_1).
attacker(skem_enc(senderSkA[],pk_skem_receiver(receiverSkB[]),rS_1)).

5. We assume as hypothesis that
attacker(r).

6. By 1, the attacker may know receiver_prekey(pk_skem_receiver(receiverSkB[]),ekpk(ekskB[]),sign(sskB[],payload_receiver(pk_skem_receiver(receiverSkB[]),ekpk(ekskB[])))).
Using the function get_receiver_prekey_ekpk the attacker may obtain ekpk(ekskB[]).
attacker(ekpk(ekskB[])).

7. By 6, the attacker may know ekpk(ekskB[]).
By 5, the attacker may know r.
Using the function ekem_enc the attacker may obtain ekem_enc(ekpk(ekskB[]),r).
attacker(ekem_enc(ekpk(ekskB[]),r)).

8. We assume as hypothesis that
attacker(r_1).

9. The message pk(spk(sskB[]),kpk(kskB[])) may be sent to the attacker at output {19}.
attacker(pk(spk(sskB[]),kpk(kskB[]))).

10. By 9, the attacker may know pk(spk(sskB[]),kpk(kskB[])).
Using the function get_kem_pk the attacker may obtain kpk(kskB[]).
attacker(kpk(kskB[])).

11. By 10, the attacker may know kpk(kskB[]).
By 8, the attacker may know r_1.
Using the function lkem_enc the attacker may obtain lkem_enc(kpk(kskB[]),r_1).
attacker(lkem_enc(kpk(kskB[]),r_1)).

12. By 11, the attacker may know lkem_enc(kpk(kskB[]),r_1).
By 7, the attacker may know ekem_enc(ekpk(ekskB[]),r).
By 4, the attacker may know skem_enc(senderSkA[],pk_skem_receiver(receiverSkB[]),rS_1).
Using the function msg the attacker may obtain msg(lkem_enc(kpk(kskB[]),r_1),ekem_enc(ekpk(ekskB[]),r),skem_enc(senderSkA[],pk_skem_receiver(receiverSkB[]),rS_1)).
attacker(msg(lkem_enc(kpk(kskB[]),r_1),ekem_enc(ekpk(ekskB[]),r),skem_enc(senderSkA[],pk_skem_receiver(receiverSkB[]),rS_1))).

13. The message receiver_prekey(pk_skem_receiver(receiverSkB[]),ekpk(ekskB[]),sign(sskB[],payload_receiver(pk_skem_receiver(receiverSkB[]),ekpk(ekskB[])))) that the attacker may have by 1 may be received at input {29}.
The message sender_prekey(pk_skem_sender(senderSkA[]),sign(sskA[],payload_sender(pk_skem_sender(senderSkA[])))) that the attacker may have by 2 may be received at input {36}.
The event SendDone(A[],B[],sid_of(A[],B[],pk(spk(sskA[]),kpk(kskA[])),pk(spk(sskB[]),kpk(kskB[])),sender_prekey(pk_skem_sender(senderSkA[]),sign(sskA[],payload_sender(pk_skem_sender(senderSkA[])))),receiver_prekey(pk_skem_receiver(receiverSkB[]),ekpk(ekskB[]),sign(sskB[],payload_receiver(pk_skem_receiver(receiverSkB[]),ekpk(ekskB[])))),msg(lkem_enc(kpk(kskB[]),rL_1),ekem_enc(ekpk(ekskB[]),rE_1),skem_enc(senderSkA[],pk_skem_receiver(receiverSkB[]),rS_1))),kdf_bad(lkem_ss(kpk(kskB[]),rL_1),ekem_ss(ekpk(ekskB[]),rE_1),sid_of(A[],B[],pk(spk(sskA[]),kpk(kskA[])),pk(spk(sskB[]),kpk(kskB[])),sender_prekey(pk_skem_sender(senderSkA[]),sign(sskA[],payload_sender(pk_skem_sender(senderSkA[])))),receiver_prekey(pk_skem_receiver(receiverSkB[]),ekpk(ekskB[]),sign(sskB[],payload_receiver(pk_skem_receiver(receiverSkB[]),ekpk(ekskB[])))),msg(lkem_enc(kpk(kskB[]),rL_1),ekem_enc(ekpk(ekskB[]),rE_1),skem_enc(senderSkA[],pk_skem_receiver(receiverSkB[]),rS_1))))) may be executed at {56}.
The message msg(lkem_enc(kpk(kskB[]),r_1),ekem_enc(ekpk(ekskB[]),r),skem_enc(senderSkA[],pk_skem_receiver(receiverSkB[]),rS_1)) that the attacker may have by 12 may be received at input {58}.
So event RecvDone(B[],A[],sid_of(A[],B[],pk(spk(sskA[]),kpk(kskA[])),pk(spk(sskB[]),kpk(kskB[])),sender_prekey(pk_skem_sender(senderSkA[]),sign(sskA[],payload_sender(pk_skem_sender(senderSkA[])))),receiver_prekey(pk_skem_receiver(receiverSkB[]),ekpk(ekskB[]),sign(sskB[],payload_receiver(pk_skem_receiver(receiverSkB[]),ekpk(ekskB[])))),msg(lkem_enc(kpk(kskB[]),r_1),ekem_enc(ekpk(ekskB[]),r),skem_enc(senderSkA[],pk_skem_receiver(receiverSkB[]),rS_1))),kdf_bad(lkem_ss(kpk(kskB[]),r_1),ekem_ss(ekpk(ekskB[]),r),sid_of(A[],B[],pk(spk(sskA[]),kpk(kskA[])),pk(spk(sskB[]),kpk(kskB[])),sender_prekey(pk_skem_sender(senderSkA[]),sign(sskA[],payload_sender(pk_skem_sender(senderSkA[])))),receiver_prekey(pk_skem_receiver(receiverSkB[]),ekpk(ekskB[]),sign(sskB[],payload_receiver(pk_skem_receiver(receiverSkB[]),ekpk(ekskB[])))),msg(lkem_enc(kpk(kskB[]),r_1),ekem_enc(ekpk(ekskB[]),r),skem_enc(senderSkA[],pk_skem_receiver(receiverSkB[]),rS_1))))) may be executed at {73}.
event(RecvDone(B[],A[],sid_of(A[],B[],pk(spk(sskA[]),kpk(kskA[])),pk(spk(sskB[]),kpk(kskB[])),sender_prekey(pk_skem_sender(senderSkA[]),sign(sskA[],payload_sender(pk_skem_sender(senderSkA[])))),receiver_prekey(pk_skem_receiver(receiverSkB[]),ekpk(ekskB[]),sign(sskB[],payload_receiver(pk_skem_receiver(receiverSkB[]),ekpk(ekskB[])))),msg(lkem_enc(kpk(kskB[]),r_1),ekem_enc(ekpk(ekskB[]),r),skem_enc(senderSkA[],pk_skem_receiver(receiverSkB[]),rS_1))),kdf_bad(lkem_ss(kpk(kskB[]),r_1),ekem_ss(ekpk(ekskB[]),r),sid_of(A[],B[],pk(spk(sskA[]),kpk(kskA[])),pk(spk(sskB[]),kpk(kskB[])),sender_prekey(pk_skem_sender(senderSkA[]),sign(sskA[],payload_sender(pk_skem_sender(senderSkA[])))),receiver_prekey(pk_skem_receiver(receiverSkB[]),ekpk(ekskB[]),sign(sskB[],payload_receiver(pk_skem_receiver(receiverSkB[]),ekpk(ekskB[])))),msg(lkem_enc(kpk(kskB[]),r_1),ekem_enc(ekpk(ekskB[]),r),skem_enc(senderSkA[],pk_skem_receiver(receiverSkB[]),rS_1)))))).

14. By 13, event(RecvDone(B[],A[],sid_of(A[],B[],pk(spk(sskA[]),kpk(kskA[])),pk(spk(sskB[]),kpk(kskB[])),sender_prekey(pk_skem_sender(senderSkA[]),sign(sskA[],payload_sender(pk_skem_sender(senderSkA[])))),receiver_prekey(pk_skem_receiver(receiverSkB[]),ekpk(ekskB[]),sign(sskB[],payload_receiver(pk_skem_receiver(receiverSkB[]),ekpk(ekskB[])))),msg(lkem_enc(kpk(kskB[]),r_1),ekem_enc(ekpk(ekskB[]),r),skem_enc(senderSkA[],pk_skem_receiver(receiverSkB[]),rS_1))),kdf_bad(lkem_ss(kpk(kskB[]),r_1),ekem_ss(ekpk(ekskB[]),r),sid_of(A[],B[],pk(spk(sskA[]),kpk(kskA[])),pk(spk(sskB[]),kpk(kskB[])),sender_prekey(pk_skem_sender(senderSkA[]),sign(sskA[],payload_sender(pk_skem_sender(senderSkA[])))),receiver_prekey(pk_skem_receiver(receiverSkB[]),ekpk(ekskB[]),sign(sskB[],payload_receiver(pk_skem_receiver(receiverSkB[]),ekpk(ekskB[])))),msg(lkem_enc(kpk(kskB[]),r_1),ekem_enc(ekpk(ekskB[]),r),skem_enc(senderSkA[],pk_skem_receiver(receiverSkB[]),rS_1)))))).
The goal is reached, represented in the following fact:
event(RecvDone(B[],A[],sid_of(A[],B[],pk(spk(sskA[]),kpk(kskA[])),pk(spk(sskB[]),kpk(kskB[])),sender_prekey(pk_skem_sender(senderSkA[]),sign(sskA[],payload_sender(pk_skem_sender(senderSkA[])))),receiver_prekey(pk_skem_receiver(receiverSkB[]),ekpk(ekskB[]),sign(sskB[],payload_receiver(pk_skem_receiver(receiverSkB[]),ekpk(ekskB[])))),msg(lkem_enc(kpk(kskB[]),r_1),ekem_enc(ekpk(ekskB[]),r),skem_enc(senderSkA[],pk_skem_receiver(receiverSkB[]),rS_1))),kdf_bad(lkem_ss(kpk(kskB[]),r_1),ekem_ss(ekpk(ekskB[]),r),sid_of(A[],B[],pk(spk(sskA[]),kpk(kskA[])),pk(spk(sskB[]),kpk(kskB[])),sender_prekey(pk_skem_sender(senderSkA[]),sign(sskA[],payload_sender(pk_skem_sender(senderSkA[])))),receiver_prekey(pk_skem_receiver(receiverSkB[]),ekpk(ekskB[]),sign(sskB[],payload_receiver(pk_skem_receiver(receiverSkB[]),ekpk(ekskB[])))),msg(lkem_enc(kpk(kskB[]),r_1),ekem_enc(ekpk(ekskB[]),r),skem_enc(senderSkA[],pk_skem_receiver(receiverSkB[]),rS_1)))))).


A more detailed output of the traces is available with
  set traceDisplay = long.

new sskA: sig_sk creating sskA_2 at {1}

new kskA: kem_sk creating kskA_2 at {2}

new sskB: sig_sk creating sskB_2 at {3}

new kskB: kem_sk creating kskB_2 at {4}

new senderSkA: skem_sender_sk creating senderSkA_2 at {5}

new receiverSkB: skem_receiver_sk creating receiverSkB_2 at {6}

new ekskB: ekem_sk creating ekskB_2 at {7}

out(c, ~M) with ~M = pk(spk(sskA_2),kpk(kskA_2)) at {18} in copy a

out(c, ~M_1) with ~M_1 = pk(spk(sskB_2),kpk(kskB_2)) at {19} in copy a

out(c, ~M_2) with ~M_2 = sender_prekey(pk_skem_sender(senderSkA_2),sign(sskA_2,payload_sender(pk_skem_sender(senderSkA_2)))) at {23} in copy a

out(c, ~M_3) with ~M_3 = receiver_prekey(pk_skem_receiver(receiverSkB_2),ekpk(ekskB_2),sign(sskB_2,payload_receiver(pk_skem_receiver(receiverSkB_2),ekpk(ekskB_2)))) at {28} in copy a

out(c, ~M_4) with ~M_4 = pk(spk(sskA_2),kpk(kskA_2)) at {18} in copy a_1

out(c, ~M_5) with ~M_5 = pk(spk(sskB_2),kpk(kskB_2)) at {19} in copy a_1

out(c, ~M_6) with ~M_6 = sender_prekey(pk_skem_sender(senderSkA_2),sign(sskA_2,payload_sender(pk_skem_sender(senderSkA_2)))) at {23} in copy a_1

out(c, ~M_7) with ~M_7 = receiver_prekey(pk_skem_receiver(receiverSkB_2),ekpk(ekskB_2),sign(sskB_2,payload_receiver(pk_skem_receiver(receiverSkB_2),ekpk(ekskB_2)))) at {28} in copy a_1

out(c, ~M_8) with ~M_8 = pk(spk(sskA_2),kpk(kskA_2)) at {18} in copy a_2

out(c, ~M_9) with ~M_9 = pk(spk(sskB_2),kpk(kskB_2)) at {19} in copy a_2

out(c, ~M_10) with ~M_10 = sender_prekey(pk_skem_sender(senderSkA_2),sign(sskA_2,payload_sender(pk_skem_sender(senderSkA_2)))) at {23} in copy a_2

out(c, ~M_11) with ~M_11 = receiver_prekey(pk_skem_receiver(receiverSkB_2),ekpk(ekskB_2),sign(sskB_2,payload_receiver(pk_skem_receiver(receiverSkB_2),ekpk(ekskB_2)))) at {28} in copy a_2

out(c, ~M_12) with ~M_12 = pk(spk(sskA_2),kpk(kskA_2)) at {18} in copy a_3

out(c, ~M_13) with ~M_13 = pk(spk(sskB_2),kpk(kskB_2)) at {19} in copy a_3

out(c, ~M_14) with ~M_14 = sender_prekey(pk_skem_sender(senderSkA_2),sign(sskA_2,payload_sender(pk_skem_sender(senderSkA_2)))) at {23} in copy a_3

out(c, ~M_15) with ~M_15 = receiver_prekey(pk_skem_receiver(receiverSkB_2),ekpk(ekskB_2),sign(sskB_2,payload_receiver(pk_skem_receiver(receiverSkB_2),ekpk(ekskB_2)))) at {28} in copy a_3

in(c, ~M_3) with ~M_3 = receiver_prekey(pk_skem_receiver(receiverSkB_2),ekpk(ekskB_2),sign(sskB_2,payload_receiver(pk_skem_receiver(receiverSkB_2),ekpk(ekskB_2)))) at {29} in copy a

event ReceiverPrekeyVerified(A,B,receiver_prekey(pk_skem_receiver(receiverSkB_2),ekpk(ekskB_2),sign(sskB_2,payload_receiver(pk_skem_receiver(receiverSkB_2),ekpk(ekskB_2))))) at {35} in copy a

in(c, ~M_2) with ~M_2 = sender_prekey(pk_skem_sender(senderSkA_2),sign(sskA_2,payload_sender(pk_skem_sender(senderSkA_2)))) at {36} in copy a

event SenderPrekeyVerified(B,A,sender_prekey(pk_skem_sender(senderSkA_2),sign(sskA_2,payload_sender(pk_skem_sender(senderSkA_2))))) at {41} in copy a

new rL: randomness creating rL_2 at {42} in copy a

new rE: randomness creating rE_2 at {43} in copy a

new rS: randomness creating rS_2 at {44} in copy a

event AuthComponentSent(A,B,skem_enc(senderSkA_2,pk_skem_receiver(receiverSkB_2),rS_2),skem_ss(senderSkA_2,pk_skem_receiver(receiverSkB_2),rS_2)) at {51} in copy a

event SenderKey(A,B,sid_of(A,B,pk(spk(sskA_2),kpk(kskA_2)),pk(spk(sskB_2),kpk(kskB_2)),sender_prekey(pk_skem_sender(senderSkA_2),sign(sskA_2,payload_sender(pk_skem_sender(senderSkA_2)))),receiver_prekey(pk_skem_receiver(receiverSkB_2),ekpk(ekskB_2),sign(sskB_2,payload_receiver(pk_skem_receiver(receiverSkB_2),ekpk(ekskB_2)))),msg(lkem_enc(kpk(kskB_2),rL_2),ekem_enc(ekpk(ekskB_2),rE_2),skem_enc(senderSkA_2,pk_skem_receiver(receiverSkB_2),rS_2))),kdf_bad(lkem_ss(kpk(kskB_2),rL_2),ekem_ss(ekpk(ekskB_2),rE_2),sid_of(A,B,pk(spk(sskA_2),kpk(kskA_2)),pk(spk(sskB_2),kpk(kskB_2)),sender_prekey(pk_skem_sender(senderSkA_2),sign(sskA_2,payload_sender(pk_skem_sender(senderSkA_2)))),receiver_prekey(pk_skem_receiver(receiverSkB_2),ekpk(ekskB_2),sign(sskB_2,payload_receiver(pk_skem_receiver(receiverSkB_2),ekpk(ekskB_2)))),msg(lkem_enc(kpk(kskB_2),rL_2),ekem_enc(ekpk(ekskB_2),rE_2),skem_enc(senderSkA_2,pk_skem_receiver(receiverSkB_2),rS_2))))) at {55} in copy a

event SendDone(A,B,sid_of(A,B,pk(spk(sskA_2),kpk(kskA_2)),pk(spk(sskB_2),kpk(kskB_2)),sender_prekey(pk_skem_sender(senderSkA_2),sign(sskA_2,payload_sender(pk_skem_sender(senderSkA_2)))),receiver_prekey(pk_skem_receiver(receiverSkB_2),ekpk(ekskB_2),sign(sskB_2,payload_receiver(pk_skem_receiver(receiverSkB_2),ekpk(ekskB_2)))),msg(lkem_enc(kpk(kskB_2),rL_2),ekem_enc(ekpk(ekskB_2),rE_2),skem_enc(senderSkA_2,pk_skem_receiver(receiverSkB_2),rS_2))),kdf_bad(lkem_ss(kpk(kskB_2),rL_2),ekem_ss(ekpk(ekskB_2),rE_2),sid_of(A,B,pk(spk(sskA_2),kpk(kskA_2)),pk(spk(sskB_2),kpk(kskB_2)),sender_prekey(pk_skem_sender(senderSkA_2),sign(sskA_2,payload_sender(pk_skem_sender(senderSkA_2)))),receiver_prekey(pk_skem_receiver(receiverSkB_2),ekpk(ekskB_2),sign(sskB_2,payload_receiver(pk_skem_receiver(receiverSkB_2),ekpk(ekskB_2)))),msg(lkem_enc(kpk(kskB_2),rL_2),ekem_enc(ekpk(ekskB_2),rE_2),skem_enc(senderSkA_2,pk_skem_receiver(receiverSkB_2),rS_2))))) at {56} in copy a

out(c, ~M_16) with ~M_16 = msg(lkem_enc(kpk(kskB_2),rL_2),ekem_enc(ekpk(ekskB_2),rE_2),skem_enc(senderSkA_2,pk_skem_receiver(receiverSkB_2),rS_2)) at {57} in copy a

in(c, msg(lkem_enc(get_kem_pk(~M_1),a_4),ekem_enc(get_receiver_prekey_ekpk(~M_3),a_5),get_skem_ct(~M_16))) with msg(lkem_enc(get_kem_pk(~M_1),a_4),ekem_enc(get_receiver_prekey_ekpk(~M_3),a_5),get_skem_ct(~M_16)) = msg(lkem_enc(kpk(kskB_2),a_4),ekem_enc(ekpk(ekskB_2),a_5),skem_enc(senderSkA_2,pk_skem_receiver(receiverSkB_2),rS_2)) at {58} in copy a

event ReceiverLocalPrekeyUsed(B,A,receiver_prekey(pk_skem_receiver(receiverSkB_2),ekpk(ekskB_2),sign(sskB_2,payload_receiver(pk_skem_receiver(receiverSkB_2),ekpk(ekskB_2))))) at {62} in copy a

event AuthComponentAccepted(B,A,skem_enc(senderSkA_2,pk_skem_receiver(receiverSkB_2),rS_2),skem_ss(senderSkA_2,pk_skem_receiver(receiverSkB_2),rS_2)) at {66} in copy a

event RecvComputed(B,A,sid_of(A,B,pk(spk(sskA_2),kpk(kskA_2)),pk(spk(sskB_2),kpk(kskB_2)),sender_prekey(pk_skem_sender(senderSkA_2),sign(sskA_2,payload_sender(pk_skem_sender(senderSkA_2)))),receiver_prekey(pk_skem_receiver(receiverSkB_2),ekpk(ekskB_2),sign(sskB_2,payload_receiver(pk_skem_receiver(receiverSkB_2),ekpk(ekskB_2)))),msg(lkem_enc(kpk(kskB_2),a_4),ekem_enc(ekpk(ekskB_2),a_5),skem_enc(senderSkA_2,pk_skem_receiver(receiverSkB_2),rS_2))),kdf_bad(lkem_ss(kpk(kskB_2),a_4),ekem_ss(ekpk(ekskB_2),a_5),sid_of(A,B,pk(spk(sskA_2),kpk(kskA_2)),pk(spk(sskB_2),kpk(kskB_2)),sender_prekey(pk_skem_sender(senderSkA_2),sign(sskA_2,payload_sender(pk_skem_sender(senderSkA_2)))),receiver_prekey(pk_skem_receiver(receiverSkB_2),ekpk(ekskB_2),sign(sskB_2,payload_receiver(pk_skem_receiver(receiverSkB_2),ekpk(ekskB_2)))),msg(lkem_enc(kpk(kskB_2),a_4),ekem_enc(ekpk(ekskB_2),a_5),skem_enc(senderSkA_2,pk_skem_receiver(receiverSkB_2),rS_2))))) at {69} in copy a

event ReceiverKey(B,A,sid_of(A,B,pk(spk(sskA_2),kpk(kskA_2)),pk(spk(sskB_2),kpk(kskB_2)),sender_prekey(pk_skem_sender(senderSkA_2),sign(sskA_2,payload_sender(pk_skem_sender(senderSkA_2)))),receiver_prekey(pk_skem_receiver(receiverSkB_2),ekpk(ekskB_2),sign(sskB_2,payload_receiver(pk_skem_receiver(receiverSkB_2),ekpk(ekskB_2)))),msg(lkem_enc(kpk(kskB_2),a_4),ekem_enc(ekpk(ekskB_2),a_5),skem_enc(senderSkA_2,pk_skem_receiver(receiverSkB_2),rS_2))),kdf_bad(lkem_ss(kpk(kskB_2),a_4),ekem_ss(ekpk(ekskB_2),a_5),sid_of(A,B,pk(spk(sskA_2),kpk(kskA_2)),pk(spk(sskB_2),kpk(kskB_2)),sender_prekey(pk_skem_sender(senderSkA_2),sign(sskA_2,payload_sender(pk_skem_sender(senderSkA_2)))),receiver_prekey(pk_skem_receiver(receiverSkB_2),ekpk(ekskB_2),sign(sskB_2,payload_receiver(pk_skem_receiver(receiverSkB_2),ekpk(ekskB_2)))),msg(lkem_enc(kpk(kskB_2),a_4),ekem_enc(ekpk(ekskB_2),a_5),skem_enc(senderSkA_2,pk_skem_receiver(receiverSkB_2),rS_2))))) at {70} in copy a

event ProtectedData(B,A,sid_of(A,B,pk(spk(sskA_2),kpk(kskA_2)),pk(spk(sskB_2),kpk(kskB_2)),sender_prekey(pk_skem_sender(senderSkA_2),sign(sskA_2,payload_sender(pk_skem_sender(senderSkA_2)))),receiver_prekey(pk_skem_receiver(receiverSkB_2),ekpk(ekskB_2),sign(sskB_2,payload_receiver(pk_skem_receiver(receiverSkB_2),ekpk(ekskB_2)))),msg(lkem_enc(kpk(kskB_2),a_4),ekem_enc(ekpk(ekskB_2),a_5),skem_enc(senderSkA_2,pk_skem_receiver(receiverSkB_2),rS_2))),protectedPayload) at {71} in copy a

out(c, ~M_17) with ~M_17 = senc(kdf_bad(lkem_ss(kpk(kskB_2),a_4),ekem_ss(ekpk(ekskB_2),a_5),sid_of(A,B,pk(spk(sskA_2),kpk(kskA_2)),pk(spk(sskB_2),kpk(kskB_2)),sender_prekey(pk_skem_sender(senderSkA_2),sign(sskA_2,payload_sender(pk_skem_sender(senderSkA_2)))),receiver_prekey(pk_skem_receiver(receiverSkB_2),ekpk(ekskB_2),sign(sskB_2,payload_receiver(pk_skem_receiver(receiverSkB_2),ekpk(ekskB_2)))),msg(lkem_enc(kpk(kskB_2),a_4),ekem_enc(ekpk(ekskB_2),a_5),skem_enc(senderSkA_2,pk_skem_receiver(receiverSkB_2),rS_2)))),protectedPayload) at {72} in copy a

event RecvDone(B,A,sid_of(A,B,pk(spk(sskA_2),kpk(kskA_2)),pk(spk(sskB_2),kpk(kskB_2)),sender_prekey(pk_skem_sender(senderSkA_2),sign(sskA_2,payload_sender(pk_skem_sender(senderSkA_2)))),receiver_prekey(pk_skem_receiver(receiverSkB_2),ekpk(ekskB_2),sign(sskB_2,payload_receiver(pk_skem_receiver(receiverSkB_2),ekpk(ekskB_2)))),msg(lkem_enc(kpk(kskB_2),a_4),ekem_enc(ekpk(ekskB_2),a_5),skem_enc(senderSkA_2,pk_skem_receiver(receiverSkB_2),rS_2))),kdf_bad(lkem_ss(kpk(kskB_2),a_4),ekem_ss(ekpk(ekskB_2),a_5),sid_of(A,B,pk(spk(sskA_2),kpk(kskA_2)),pk(spk(sskB_2),kpk(kskB_2)),sender_prekey(pk_skem_sender(senderSkA_2),sign(sskA_2,payload_sender(pk_skem_sender(senderSkA_2)))),receiver_prekey(pk_skem_receiver(receiverSkB_2),ekpk(ekskB_2),sign(sskB_2,payload_receiver(pk_skem_receiver(receiverSkB_2),ekpk(ekskB_2)))),msg(lkem_enc(kpk(kskB_2),a_4),ekem_enc(ekpk(ekskB_2),a_5),skem_enc(senderSkA_2,pk_skem_receiver(receiverSkB_2),rS_2))))) at {73} in copy a (goal)

The event RecvDone(B,A,sid_of(A,B,pk(spk(sskA_2),kpk(kskA_2)),pk(spk(sskB_2),kpk(kskB_2)),sender_prekey(pk_skem_sender(senderSkA_2),sign(sskA_2,payload_sender(pk_skem_sender(senderSkA_2)))),receiver_prekey(pk_skem_receiver(receiverSkB_2),ekpk(ekskB_2),sign(sskB_2,payload_receiver(pk_skem_receiver(receiverSkB_2),ekpk(ekskB_2)))),msg(lkem_enc(kpk(kskB_2),a_4),ekem_enc(ekpk(ekskB_2),a_5),skem_enc(senderSkA_2,pk_skem_receiver(receiverSkB_2),rS_2))),kdf_bad(lkem_ss(kpk(kskB_2),a_4),ekem_ss(ekpk(ekskB_2),a_5),sid_of(A,B,pk(spk(sskA_2),kpk(kskA_2)),pk(spk(sskB_2),kpk(kskB_2)),sender_prekey(pk_skem_sender(senderSkA_2),sign(sskA_2,payload_sender(pk_skem_sender(senderSkA_2)))),receiver_prekey(pk_skem_receiver(receiverSkB_2),ekpk(ekskB_2),sign(sskB_2,payload_receiver(pk_skem_receiver(receiverSkB_2),ekpk(ekskB_2)))),msg(lkem_enc(kpk(kskB_2),a_4),ekem_enc(ekpk(ekskB_2),a_5),skem_enc(senderSkA_2,pk_skem_receiver(receiverSkB_2),rS_2))))) is executed at {73} in copy a.
A trace has been found.
RESULT event(RecvDone(B_1,A_1,s,k)) ==> event(SendDone(A_1,B_1,s,k)) is false.
-- Query not (event(ReceiverKey(B_1,A_1,s,k)) && attacker(k)) in process 1.
Translating the process into Horn clauses...
Completing...
200 rules inserted. Base: 144 rules (62 with conclusion selected). Queue: 16 rules.
Starting query not (event(ReceiverKey(B_1,A_1,s,k)) && attacker(k))
goal reachable: attacker(r) && attacker(r_1) -> event(ReceiverKey(B[],A[],sid_of(A[],B[],pk(spk(sskA[]),kpk(kskA[])),pk(spk(sskB[]),kpk(kskB[])),sender_prekey(pk_skem_sender(senderSkA[]),sign(sskA[],payload_sender(pk_skem_sender(senderSkA[])))),receiver_prekey(pk_skem_receiver(receiverSkB[]),ekpk(ekskB[]),sign(sskB[],payload_receiver(pk_skem_receiver(receiverSkB[]),ekpk(ekskB[])))),msg(lkem_enc(kpk(kskB[]),r),ekem_enc(ekpk(ekskB[]),r_1),skem_enc(senderSkA[],pk_skem_receiver(receiverSkB[]),rS_1))),kdf_bad(lkem_ss(kpk(kskB[]),r),ekem_ss(ekpk(ekskB[]),r_1),sid_of(A[],B[],pk(spk(sskA[]),kpk(kskA[])),pk(spk(sskB[]),kpk(kskB[])),sender_prekey(pk_skem_sender(senderSkA[]),sign(sskA[],payload_sender(pk_skem_sender(senderSkA[])))),receiver_prekey(pk_skem_receiver(receiverSkB[]),ekpk(ekskB[]),sign(sskB[],payload_receiver(pk_skem_receiver(receiverSkB[]),ekpk(ekskB[])))),msg(lkem_enc(kpk(kskB[]),r),ekem_enc(ekpk(ekskB[]),r_1),skem_enc(senderSkA[],pk_skem_receiver(receiverSkB[]),rS_1)))))) && attacker(kdf_bad(lkem_ss(kpk(kskB[]),r),ekem_ss(ekpk(ekskB[]),r_1),sid_of(A[],B[],pk(spk(sskA[]),kpk(kskA[])),pk(spk(sskB[]),kpk(kskB[])),sender_prekey(pk_skem_sender(senderSkA[]),sign(sskA[],payload_sender(pk_skem_sender(senderSkA[])))),receiver_prekey(pk_skem_receiver(receiverSkB[]),ekpk(ekskB[]),sign(sskB[],payload_receiver(pk_skem_receiver(receiverSkB[]),ekpk(ekskB[])))),msg(lkem_enc(kpk(kskB[]),r),ekem_enc(ekpk(ekskB[]),r_1),skem_enc(senderSkA[],pk_skem_receiver(receiverSkB[]),rS_1)))))
Abbreviations:
rS_1 = rS[senderPrekeyFromNet = sender_prekey(pk_skem_sender(senderSkA[]),sign(sskA[],payload_sender(pk_skem_sender(senderSkA[])))),receiverPrekeyForSend = receiver_prekey(pk_skem_receiver(receiverSkB[]),ekpk(ekskB[]),sign(sskB[],payload_receiver(pk_skem_receiver(receiverSkB[]),ekpk(ekskB[])))),!1 = @sid]

Derivation:
Abbreviations:
rS_1 = rS[senderPrekeyFromNet = sender_prekey(pk_skem_sender(senderSkA[]),sign(sskA[],payload_sender(pk_skem_sender(senderSkA[])))),receiverPrekeyForSend = receiver_prekey(pk_skem_receiver(receiverSkB[]),ekpk(ekskB[]),sign(sskB[],payload_receiver(pk_skem_receiver(receiverSkB[]),ekpk(ekskB[])))),!1 = @sid]
rL_1 = rL[senderPrekeyFromNet = sender_prekey(pk_skem_sender(senderSkA[]),sign(sskA[],payload_sender(pk_skem_sender(senderSkA[])))),receiverPrekeyForSend = receiver_prekey(pk_skem_receiver(receiverSkB[]),ekpk(ekskB[]),sign(sskB[],payload_receiver(pk_skem_receiver(receiverSkB[]),ekpk(ekskB[])))),!1 = @sid]
rE_1 = rE[senderPrekeyFromNet = sender_prekey(pk_skem_sender(senderSkA[]),sign(sskA[],payload_sender(pk_skem_sender(senderSkA[])))),receiverPrekeyForSend = receiver_prekey(pk_skem_receiver(receiverSkB[]),ekpk(ekskB[]),sign(sskB[],payload_receiver(pk_skem_receiver(receiverSkB[]),ekpk(ekskB[])))),!1 = @sid]

1. The message receiver_prekey(pk_skem_receiver(receiverSkB[]),ekpk(ekskB[]),sign(sskB[],payload_receiver(pk_skem_receiver(receiverSkB[]),ekpk(ekskB[])))) may be sent to the attacker at output {28}.
attacker(receiver_prekey(pk_skem_receiver(receiverSkB[]),ekpk(ekskB[]),sign(sskB[],payload_receiver(pk_skem_receiver(receiverSkB[]),ekpk(ekskB[]))))).

2. The message sender_prekey(pk_skem_sender(senderSkA[]),sign(sskA[],payload_sender(pk_skem_sender(senderSkA[])))) may be sent to the attacker at output {23}.
attacker(sender_prekey(pk_skem_sender(senderSkA[]),sign(sskA[],payload_sender(pk_skem_sender(senderSkA[]))))).

3. The message receiver_prekey(pk_skem_receiver(receiverSkB[]),ekpk(ekskB[]),sign(sskB[],payload_receiver(pk_skem_receiver(receiverSkB[]),ekpk(ekskB[])))) that the attacker may have by 1 may be received at input {29}.
The message sender_prekey(pk_skem_sender(senderSkA[]),sign(sskA[],payload_sender(pk_skem_sender(senderSkA[])))) that the attacker may have by 2 may be received at input {36}.
So the message msg(lkem_enc(kpk(kskB[]),rL_1),ekem_enc(ekpk(ekskB[]),rE_1),skem_enc(senderSkA[],pk_skem_receiver(receiverSkB[]),rS_1)) may be sent to the attacker at output {57}.
attacker(msg(lkem_enc(kpk(kskB[]),rL_1),ekem_enc(ekpk(ekskB[]),rE_1),skem_enc(senderSkA[],pk_skem_receiver(receiverSkB[]),rS_1))).

4. By 3, the attacker may know msg(lkem_enc(kpk(kskB[]),rL_1),ekem_enc(ekpk(ekskB[]),rE_1),skem_enc(senderSkA[],pk_skem_receiver(receiverSkB[]),rS_1)).
Using the function get_skem_ct the attacker may obtain skem_enc(senderSkA[],pk_skem_receiver(receiverSkB[]),rS_1).
attacker(skem_enc(senderSkA[],pk_skem_receiver(receiverSkB[]),rS_1)).

5. We assume as hypothesis that
attacker(r).

6. By 1, the attacker may know receiver_prekey(pk_skem_receiver(receiverSkB[]),ekpk(ekskB[]),sign(sskB[],payload_receiver(pk_skem_receiver(receiverSkB[]),ekpk(ekskB[])))).
Using the function get_receiver_prekey_ekpk the attacker may obtain ekpk(ekskB[]).
attacker(ekpk(ekskB[])).

7. By 6, the attacker may know ekpk(ekskB[]).
By 5, the attacker may know r.
Using the function ekem_enc the attacker may obtain ekem_enc(ekpk(ekskB[]),r).
attacker(ekem_enc(ekpk(ekskB[]),r)).

8. We assume as hypothesis that
attacker(r_1).

9. The message pk(spk(sskB[]),kpk(kskB[])) may be sent to the attacker at output {19}.
attacker(pk(spk(sskB[]),kpk(kskB[]))).

10. By 9, the attacker may know pk(spk(sskB[]),kpk(kskB[])).
Using the function get_kem_pk the attacker may obtain kpk(kskB[]).
attacker(kpk(kskB[])).

11. By 10, the attacker may know kpk(kskB[]).
By 8, the attacker may know r_1.
Using the function lkem_enc the attacker may obtain lkem_enc(kpk(kskB[]),r_1).
attacker(lkem_enc(kpk(kskB[]),r_1)).

12. By 11, the attacker may know lkem_enc(kpk(kskB[]),r_1).
By 7, the attacker may know ekem_enc(ekpk(ekskB[]),r).
By 4, the attacker may know skem_enc(senderSkA[],pk_skem_receiver(receiverSkB[]),rS_1).
Using the function msg the attacker may obtain msg(lkem_enc(kpk(kskB[]),r_1),ekem_enc(ekpk(ekskB[]),r),skem_enc(senderSkA[],pk_skem_receiver(receiverSkB[]),rS_1)).
attacker(msg(lkem_enc(kpk(kskB[]),r_1),ekem_enc(ekpk(ekskB[]),r),skem_enc(senderSkA[],pk_skem_receiver(receiverSkB[]),rS_1))).

13. The message pk(spk(sskA[]),kpk(kskA[])) may be sent to the attacker at output {18}.
attacker(pk(spk(sskA[]),kpk(kskA[]))).

14. The attacker initially knows B[].
attacker(B[]).

15. The attacker initially knows A[].
attacker(A[]).

16. By 15, the attacker may know A[].
By 14, the attacker may know B[].
By 13, the attacker may know pk(spk(sskA[]),kpk(kskA[])).
By 9, the attacker may know pk(spk(sskB[]),kpk(kskB[])).
By 2, the attacker may know sender_prekey(pk_skem_sender(senderSkA[]),sign(sskA[],payload_sender(pk_skem_sender(senderSkA[])))).
By 1, the attacker may know receiver_prekey(pk_skem_receiver(receiverSkB[]),ekpk(ekskB[]),sign(sskB[],payload_receiver(pk_skem_receiver(receiverSkB[]),ekpk(ekskB[])))).
By 12, the attacker may know msg(lkem_enc(kpk(kskB[]),r_1),ekem_enc(ekpk(ekskB[]),r),skem_enc(senderSkA[],pk_skem_receiver(receiverSkB[]),rS_1)).
Using the function sid_of the attacker may obtain sid_of(A[],B[],pk(spk(sskA[]),kpk(kskA[])),pk(spk(sskB[]),kpk(kskB[])),sender_prekey(pk_skem_sender(senderSkA[]),sign(sskA[],payload_sender(pk_skem_sender(senderSkA[])))),receiver_prekey(pk_skem_receiver(receiverSkB[]),ekpk(ekskB[]),sign(sskB[],payload_receiver(pk_skem_receiver(receiverSkB[]),ekpk(ekskB[])))),msg(lkem_enc(kpk(kskB[]),r_1),ekem_enc(ekpk(ekskB[]),r),skem_enc(senderSkA[],pk_skem_receiver(receiverSkB[]),rS_1))).
attacker(sid_of(A[],B[],pk(spk(sskA[]),kpk(kskA[])),pk(spk(sskB[]),kpk(kskB[])),sender_prekey(pk_skem_sender(senderSkA[]),sign(sskA[],payload_sender(pk_skem_sender(senderSkA[])))),receiver_prekey(pk_skem_receiver(receiverSkB[]),ekpk(ekskB[]),sign(sskB[],payload_receiver(pk_skem_receiver(receiverSkB[]),ekpk(ekskB[])))),msg(lkem_enc(kpk(kskB[]),r_1),ekem_enc(ekpk(ekskB[]),r),skem_enc(senderSkA[],pk_skem_receiver(receiverSkB[]),rS_1)))).

17. By 6, the attacker may know ekpk(ekskB[]).
By 5, the attacker may know r.
Using the function ekem_ss the attacker may obtain ekem_ss(ekpk(ekskB[]),r).
attacker(ekem_ss(ekpk(ekskB[]),r)).

18. By 10, the attacker may know kpk(kskB[]).
By 8, the attacker may know r_1.
Using the function lkem_ss the attacker may obtain lkem_ss(kpk(kskB[]),r_1).
attacker(lkem_ss(kpk(kskB[]),r_1)).

19. By 18, the attacker may know lkem_ss(kpk(kskB[]),r_1).
By 17, the attacker may know ekem_ss(ekpk(ekskB[]),r).
By 16, the attacker may know sid_of(A[],B[],pk(spk(sskA[]),kpk(kskA[])),pk(spk(sskB[]),kpk(kskB[])),sender_prekey(pk_skem_sender(senderSkA[]),sign(sskA[],payload_sender(pk_skem_sender(senderSkA[])))),receiver_prekey(pk_skem_receiver(receiverSkB[]),ekpk(ekskB[]),sign(sskB[],payload_receiver(pk_skem_receiver(receiverSkB[]),ekpk(ekskB[])))),msg(lkem_enc(kpk(kskB[]),r_1),ekem_enc(ekpk(ekskB[]),r),skem_enc(senderSkA[],pk_skem_receiver(receiverSkB[]),rS_1))).
Using the function kdf_bad the attacker may obtain kdf_bad(lkem_ss(kpk(kskB[]),r_1),ekem_ss(ekpk(ekskB[]),r),sid_of(A[],B[],pk(spk(sskA[]),kpk(kskA[])),pk(spk(sskB[]),kpk(kskB[])),sender_prekey(pk_skem_sender(senderSkA[]),sign(sskA[],payload_sender(pk_skem_sender(senderSkA[])))),receiver_prekey(pk_skem_receiver(receiverSkB[]),ekpk(ekskB[]),sign(sskB[],payload_receiver(pk_skem_receiver(receiverSkB[]),ekpk(ekskB[])))),msg(lkem_enc(kpk(kskB[]),r_1),ekem_enc(ekpk(ekskB[]),r),skem_enc(senderSkA[],pk_skem_receiver(receiverSkB[]),rS_1)))).
attacker(kdf_bad(lkem_ss(kpk(kskB[]),r_1),ekem_ss(ekpk(ekskB[]),r),sid_of(A[],B[],pk(spk(sskA[]),kpk(kskA[])),pk(spk(sskB[]),kpk(kskB[])),sender_prekey(pk_skem_sender(senderSkA[]),sign(sskA[],payload_sender(pk_skem_sender(senderSkA[])))),receiver_prekey(pk_skem_receiver(receiverSkB[]),ekpk(ekskB[]),sign(sskB[],payload_receiver(pk_skem_receiver(receiverSkB[]),ekpk(ekskB[])))),msg(lkem_enc(kpk(kskB[]),r_1),ekem_enc(ekpk(ekskB[]),r),skem_enc(senderSkA[],pk_skem_receiver(receiverSkB[]),rS_1))))).

20. The message receiver_prekey(pk_skem_receiver(receiverSkB[]),ekpk(ekskB[]),sign(sskB[],payload_receiver(pk_skem_receiver(receiverSkB[]),ekpk(ekskB[])))) that the attacker may have by 1 may be received at input {29}.
The message sender_prekey(pk_skem_sender(senderSkA[]),sign(sskA[],payload_sender(pk_skem_sender(senderSkA[])))) that the attacker may have by 2 may be received at input {36}.
The message msg(lkem_enc(kpk(kskB[]),r_1),ekem_enc(ekpk(ekskB[]),r),skem_enc(senderSkA[],pk_skem_receiver(receiverSkB[]),rS_1)) that the attacker may have by 12 may be received at input {58}.
So event ReceiverKey(B[],A[],sid_of(A[],B[],pk(spk(sskA[]),kpk(kskA[])),pk(spk(sskB[]),kpk(kskB[])),sender_prekey(pk_skem_sender(senderSkA[]),sign(sskA[],payload_sender(pk_skem_sender(senderSkA[])))),receiver_prekey(pk_skem_receiver(receiverSkB[]),ekpk(ekskB[]),sign(sskB[],payload_receiver(pk_skem_receiver(receiverSkB[]),ekpk(ekskB[])))),msg(lkem_enc(kpk(kskB[]),r_1),ekem_enc(ekpk(ekskB[]),r),skem_enc(senderSkA[],pk_skem_receiver(receiverSkB[]),rS_1))),kdf_bad(lkem_ss(kpk(kskB[]),r_1),ekem_ss(ekpk(ekskB[]),r),sid_of(A[],B[],pk(spk(sskA[]),kpk(kskA[])),pk(spk(sskB[]),kpk(kskB[])),sender_prekey(pk_skem_sender(senderSkA[]),sign(sskA[],payload_sender(pk_skem_sender(senderSkA[])))),receiver_prekey(pk_skem_receiver(receiverSkB[]),ekpk(ekskB[]),sign(sskB[],payload_receiver(pk_skem_receiver(receiverSkB[]),ekpk(ekskB[])))),msg(lkem_enc(kpk(kskB[]),r_1),ekem_enc(ekpk(ekskB[]),r),skem_enc(senderSkA[],pk_skem_receiver(receiverSkB[]),rS_1))))) may be executed at {70}.
event(ReceiverKey(B[],A[],sid_of(A[],B[],pk(spk(sskA[]),kpk(kskA[])),pk(spk(sskB[]),kpk(kskB[])),sender_prekey(pk_skem_sender(senderSkA[]),sign(sskA[],payload_sender(pk_skem_sender(senderSkA[])))),receiver_prekey(pk_skem_receiver(receiverSkB[]),ekpk(ekskB[]),sign(sskB[],payload_receiver(pk_skem_receiver(receiverSkB[]),ekpk(ekskB[])))),msg(lkem_enc(kpk(kskB[]),r_1),ekem_enc(ekpk(ekskB[]),r),skem_enc(senderSkA[],pk_skem_receiver(receiverSkB[]),rS_1))),kdf_bad(lkem_ss(kpk(kskB[]),r_1),ekem_ss(ekpk(ekskB[]),r),sid_of(A[],B[],pk(spk(sskA[]),kpk(kskA[])),pk(spk(sskB[]),kpk(kskB[])),sender_prekey(pk_skem_sender(senderSkA[]),sign(sskA[],payload_sender(pk_skem_sender(senderSkA[])))),receiver_prekey(pk_skem_receiver(receiverSkB[]),ekpk(ekskB[]),sign(sskB[],payload_receiver(pk_skem_receiver(receiverSkB[]),ekpk(ekskB[])))),msg(lkem_enc(kpk(kskB[]),r_1),ekem_enc(ekpk(ekskB[]),r),skem_enc(senderSkA[],pk_skem_receiver(receiverSkB[]),rS_1)))))).

21. By 20, event(ReceiverKey(B[],A[],sid_of(A[],B[],pk(spk(sskA[]),kpk(kskA[])),pk(spk(sskB[]),kpk(kskB[])),sender_prekey(pk_skem_sender(senderSkA[]),sign(sskA[],payload_sender(pk_skem_sender(senderSkA[])))),receiver_prekey(pk_skem_receiver(receiverSkB[]),ekpk(ekskB[]),sign(sskB[],payload_receiver(pk_skem_receiver(receiverSkB[]),ekpk(ekskB[])))),msg(lkem_enc(kpk(kskB[]),r_1),ekem_enc(ekpk(ekskB[]),r),skem_enc(senderSkA[],pk_skem_receiver(receiverSkB[]),rS_1))),kdf_bad(lkem_ss(kpk(kskB[]),r_1),ekem_ss(ekpk(ekskB[]),r),sid_of(A[],B[],pk(spk(sskA[]),kpk(kskA[])),pk(spk(sskB[]),kpk(kskB[])),sender_prekey(pk_skem_sender(senderSkA[]),sign(sskA[],payload_sender(pk_skem_sender(senderSkA[])))),receiver_prekey(pk_skem_receiver(receiverSkB[]),ekpk(ekskB[]),sign(sskB[],payload_receiver(pk_skem_receiver(receiverSkB[]),ekpk(ekskB[])))),msg(lkem_enc(kpk(kskB[]),r_1),ekem_enc(ekpk(ekskB[]),r),skem_enc(senderSkA[],pk_skem_receiver(receiverSkB[]),rS_1)))))).
By 19, attacker(kdf_bad(lkem_ss(kpk(kskB[]),r_1),ekem_ss(ekpk(ekskB[]),r),sid_of(A[],B[],pk(spk(sskA[]),kpk(kskA[])),pk(spk(sskB[]),kpk(kskB[])),sender_prekey(pk_skem_sender(senderSkA[]),sign(sskA[],payload_sender(pk_skem_sender(senderSkA[])))),receiver_prekey(pk_skem_receiver(receiverSkB[]),ekpk(ekskB[]),sign(sskB[],payload_receiver(pk_skem_receiver(receiverSkB[]),ekpk(ekskB[])))),msg(lkem_enc(kpk(kskB[]),r_1),ekem_enc(ekpk(ekskB[]),r),skem_enc(senderSkA[],pk_skem_receiver(receiverSkB[]),rS_1))))).
The goals are reached, combined in the following fact:
event(ReceiverKey(B[],A[],sid_of(A[],B[],pk(spk(sskA[]),kpk(kskA[])),pk(spk(sskB[]),kpk(kskB[])),sender_prekey(pk_skem_sender(senderSkA[]),sign(sskA[],payload_sender(pk_skem_sender(senderSkA[])))),receiver_prekey(pk_skem_receiver(receiverSkB[]),ekpk(ekskB[]),sign(sskB[],payload_receiver(pk_skem_receiver(receiverSkB[]),ekpk(ekskB[])))),msg(lkem_enc(kpk(kskB[]),r_1),ekem_enc(ekpk(ekskB[]),r),skem_enc(senderSkA[],pk_skem_receiver(receiverSkB[]),rS_1))),kdf_bad(lkem_ss(kpk(kskB[]),r_1),ekem_ss(ekpk(ekskB[]),r),sid_of(A[],B[],pk(spk(sskA[]),kpk(kskA[])),pk(spk(sskB[]),kpk(kskB[])),sender_prekey(pk_skem_sender(senderSkA[]),sign(sskA[],payload_sender(pk_skem_sender(senderSkA[])))),receiver_prekey(pk_skem_receiver(receiverSkB[]),ekpk(ekskB[]),sign(sskB[],payload_receiver(pk_skem_receiver(receiverSkB[]),ekpk(ekskB[])))),msg(lkem_enc(kpk(kskB[]),r_1),ekem_enc(ekpk(ekskB[]),r),skem_enc(senderSkA[],pk_skem_receiver(receiverSkB[]),rS_1)))))) && attacker(kdf_bad(lkem_ss(kpk(kskB[]),r_1),ekem_ss(ekpk(ekskB[]),r),sid_of(A[],B[],pk(spk(sskA[]),kpk(kskA[])),pk(spk(sskB[]),kpk(kskB[])),sender_prekey(pk_skem_sender(senderSkA[]),sign(sskA[],payload_sender(pk_skem_sender(senderSkA[])))),receiver_prekey(pk_skem_receiver(receiverSkB[]),ekpk(ekskB[]),sign(sskB[],payload_receiver(pk_skem_receiver(receiverSkB[]),ekpk(ekskB[])))),msg(lkem_enc(kpk(kskB[]),r_1),ekem_enc(ekpk(ekskB[]),r),skem_enc(senderSkA[],pk_skem_receiver(receiverSkB[]),rS_1))))).


A more detailed output of the traces is available with
  set traceDisplay = long.

new sskA: sig_sk creating sskA_2 at {1}

new kskA: kem_sk creating kskA_2 at {2}

new sskB: sig_sk creating sskB_2 at {3}

new kskB: kem_sk creating kskB_2 at {4}

new senderSkA: skem_sender_sk creating senderSkA_2 at {5}

new receiverSkB: skem_receiver_sk creating receiverSkB_2 at {6}

new ekskB: ekem_sk creating ekskB_2 at {7}

out(c, ~M) with ~M = pk(spk(sskA_2),kpk(kskA_2)) at {18} in copy a

out(c, ~M_1) with ~M_1 = pk(spk(sskB_2),kpk(kskB_2)) at {19} in copy a

out(c, ~M_2) with ~M_2 = sender_prekey(pk_skem_sender(senderSkA_2),sign(sskA_2,payload_sender(pk_skem_sender(senderSkA_2)))) at {23} in copy a

out(c, ~M_3) with ~M_3 = receiver_prekey(pk_skem_receiver(receiverSkB_2),ekpk(ekskB_2),sign(sskB_2,payload_receiver(pk_skem_receiver(receiverSkB_2),ekpk(ekskB_2)))) at {28} in copy a

out(c, ~M_4) with ~M_4 = pk(spk(sskA_2),kpk(kskA_2)) at {18} in copy a_1

out(c, ~M_5) with ~M_5 = pk(spk(sskB_2),kpk(kskB_2)) at {19} in copy a_1

out(c, ~M_6) with ~M_6 = sender_prekey(pk_skem_sender(senderSkA_2),sign(sskA_2,payload_sender(pk_skem_sender(senderSkA_2)))) at {23} in copy a_1

out(c, ~M_7) with ~M_7 = receiver_prekey(pk_skem_receiver(receiverSkB_2),ekpk(ekskB_2),sign(sskB_2,payload_receiver(pk_skem_receiver(receiverSkB_2),ekpk(ekskB_2)))) at {28} in copy a_1

out(c, ~M_8) with ~M_8 = pk(spk(sskA_2),kpk(kskA_2)) at {18} in copy a_2

out(c, ~M_9) with ~M_9 = pk(spk(sskB_2),kpk(kskB_2)) at {19} in copy a_2

out(c, ~M_10) with ~M_10 = sender_prekey(pk_skem_sender(senderSkA_2),sign(sskA_2,payload_sender(pk_skem_sender(senderSkA_2)))) at {23} in copy a_2

out(c, ~M_11) with ~M_11 = receiver_prekey(pk_skem_receiver(receiverSkB_2),ekpk(ekskB_2),sign(sskB_2,payload_receiver(pk_skem_receiver(receiverSkB_2),ekpk(ekskB_2)))) at {28} in copy a_2

out(c, ~M_12) with ~M_12 = pk(spk(sskA_2),kpk(kskA_2)) at {18} in copy a_3

out(c, ~M_13) with ~M_13 = pk(spk(sskB_2),kpk(kskB_2)) at {19} in copy a_3

out(c, ~M_14) with ~M_14 = sender_prekey(pk_skem_sender(senderSkA_2),sign(sskA_2,payload_sender(pk_skem_sender(senderSkA_2)))) at {23} in copy a_3

out(c, ~M_15) with ~M_15 = receiver_prekey(pk_skem_receiver(receiverSkB_2),ekpk(ekskB_2),sign(sskB_2,payload_receiver(pk_skem_receiver(receiverSkB_2),ekpk(ekskB_2)))) at {28} in copy a_3

out(c, ~M_16) with ~M_16 = pk(spk(sskA_2),kpk(kskA_2)) at {18} in copy a_4

out(c, ~M_17) with ~M_17 = pk(spk(sskB_2),kpk(kskB_2)) at {19} in copy a_4

out(c, ~M_18) with ~M_18 = sender_prekey(pk_skem_sender(senderSkA_2),sign(sskA_2,payload_sender(pk_skem_sender(senderSkA_2)))) at {23} in copy a_4

out(c, ~M_19) with ~M_19 = receiver_prekey(pk_skem_receiver(receiverSkB_2),ekpk(ekskB_2),sign(sskB_2,payload_receiver(pk_skem_receiver(receiverSkB_2),ekpk(ekskB_2)))) at {28} in copy a_4

out(c, ~M_20) with ~M_20 = pk(spk(sskA_2),kpk(kskA_2)) at {18} in copy a_5

out(c, ~M_21) with ~M_21 = pk(spk(sskB_2),kpk(kskB_2)) at {19} in copy a_5

out(c, ~M_22) with ~M_22 = sender_prekey(pk_skem_sender(senderSkA_2),sign(sskA_2,payload_sender(pk_skem_sender(senderSkA_2)))) at {23} in copy a_5

out(c, ~M_23) with ~M_23 = receiver_prekey(pk_skem_receiver(receiverSkB_2),ekpk(ekskB_2),sign(sskB_2,payload_receiver(pk_skem_receiver(receiverSkB_2),ekpk(ekskB_2)))) at {28} in copy a_5

in(c, ~M_3) with ~M_3 = receiver_prekey(pk_skem_receiver(receiverSkB_2),ekpk(ekskB_2),sign(sskB_2,payload_receiver(pk_skem_receiver(receiverSkB_2),ekpk(ekskB_2)))) at {29} in copy a_5

event ReceiverPrekeyVerified(A,B,receiver_prekey(pk_skem_receiver(receiverSkB_2),ekpk(ekskB_2),sign(sskB_2,payload_receiver(pk_skem_receiver(receiverSkB_2),ekpk(ekskB_2))))) at {35} in copy a_5

in(c, ~M_2) with ~M_2 = sender_prekey(pk_skem_sender(senderSkA_2),sign(sskA_2,payload_sender(pk_skem_sender(senderSkA_2)))) at {36} in copy a_5

event SenderPrekeyVerified(B,A,sender_prekey(pk_skem_sender(senderSkA_2),sign(sskA_2,payload_sender(pk_skem_sender(senderSkA_2))))) at {41} in copy a_5

new rL: randomness creating rL_2 at {42} in copy a_5

new rE: randomness creating rE_2 at {43} in copy a_5

new rS: randomness creating rS_2 at {44} in copy a_5

event AuthComponentSent(A,B,skem_enc(senderSkA_2,pk_skem_receiver(receiverSkB_2),rS_2),skem_ss(senderSkA_2,pk_skem_receiver(receiverSkB_2),rS_2)) at {51} in copy a_5

event SenderKey(A,B,sid_of(A,B,pk(spk(sskA_2),kpk(kskA_2)),pk(spk(sskB_2),kpk(kskB_2)),sender_prekey(pk_skem_sender(senderSkA_2),sign(sskA_2,payload_sender(pk_skem_sender(senderSkA_2)))),receiver_prekey(pk_skem_receiver(receiverSkB_2),ekpk(ekskB_2),sign(sskB_2,payload_receiver(pk_skem_receiver(receiverSkB_2),ekpk(ekskB_2)))),msg(lkem_enc(kpk(kskB_2),rL_2),ekem_enc(ekpk(ekskB_2),rE_2),skem_enc(senderSkA_2,pk_skem_receiver(receiverSkB_2),rS_2))),kdf_bad(lkem_ss(kpk(kskB_2),rL_2),ekem_ss(ekpk(ekskB_2),rE_2),sid_of(A,B,pk(spk(sskA_2),kpk(kskA_2)),pk(spk(sskB_2),kpk(kskB_2)),sender_prekey(pk_skem_sender(senderSkA_2),sign(sskA_2,payload_sender(pk_skem_sender(senderSkA_2)))),receiver_prekey(pk_skem_receiver(receiverSkB_2),ekpk(ekskB_2),sign(sskB_2,payload_receiver(pk_skem_receiver(receiverSkB_2),ekpk(ekskB_2)))),msg(lkem_enc(kpk(kskB_2),rL_2),ekem_enc(ekpk(ekskB_2),rE_2),skem_enc(senderSkA_2,pk_skem_receiver(receiverSkB_2),rS_2))))) at {55} in copy a_5

event SendDone(A,B,sid_of(A,B,pk(spk(sskA_2),kpk(kskA_2)),pk(spk(sskB_2),kpk(kskB_2)),sender_prekey(pk_skem_sender(senderSkA_2),sign(sskA_2,payload_sender(pk_skem_sender(senderSkA_2)))),receiver_prekey(pk_skem_receiver(receiverSkB_2),ekpk(ekskB_2),sign(sskB_2,payload_receiver(pk_skem_receiver(receiverSkB_2),ekpk(ekskB_2)))),msg(lkem_enc(kpk(kskB_2),rL_2),ekem_enc(ekpk(ekskB_2),rE_2),skem_enc(senderSkA_2,pk_skem_receiver(receiverSkB_2),rS_2))),kdf_bad(lkem_ss(kpk(kskB_2),rL_2),ekem_ss(ekpk(ekskB_2),rE_2),sid_of(A,B,pk(spk(sskA_2),kpk(kskA_2)),pk(spk(sskB_2),kpk(kskB_2)),sender_prekey(pk_skem_sender(senderSkA_2),sign(sskA_2,payload_sender(pk_skem_sender(senderSkA_2)))),receiver_prekey(pk_skem_receiver(receiverSkB_2),ekpk(ekskB_2),sign(sskB_2,payload_receiver(pk_skem_receiver(receiverSkB_2),ekpk(ekskB_2)))),msg(lkem_enc(kpk(kskB_2),rL_2),ekem_enc(ekpk(ekskB_2),rE_2),skem_enc(senderSkA_2,pk_skem_receiver(receiverSkB_2),rS_2))))) at {56} in copy a_5

out(c, ~M_24) with ~M_24 = msg(lkem_enc(kpk(kskB_2),rL_2),ekem_enc(ekpk(ekskB_2),rE_2),skem_enc(senderSkA_2,pk_skem_receiver(receiverSkB_2),rS_2)) at {57} in copy a_5

in(c, ~M_3) with ~M_3 = receiver_prekey(pk_skem_receiver(receiverSkB_2),ekpk(ekskB_2),sign(sskB_2,payload_receiver(pk_skem_receiver(receiverSkB_2),ekpk(ekskB_2)))) at {29} in copy a

event ReceiverPrekeyVerified(A,B,receiver_prekey(pk_skem_receiver(receiverSkB_2),ekpk(ekskB_2),sign(sskB_2,payload_receiver(pk_skem_receiver(receiverSkB_2),ekpk(ekskB_2))))) at {35} in copy a

in(c, ~M_2) with ~M_2 = sender_prekey(pk_skem_sender(senderSkA_2),sign(sskA_2,payload_sender(pk_skem_sender(senderSkA_2)))) at {36} in copy a

event SenderPrekeyVerified(B,A,sender_prekey(pk_skem_sender(senderSkA_2),sign(sskA_2,payload_sender(pk_skem_sender(senderSkA_2))))) at {41} in copy a

new rL: randomness creating rL_3 at {42} in copy a

new rE: randomness creating rE_3 at {43} in copy a

new rS: randomness creating rS_3 at {44} in copy a

event AuthComponentSent(A,B,skem_enc(senderSkA_2,pk_skem_receiver(receiverSkB_2),rS_3),skem_ss(senderSkA_2,pk_skem_receiver(receiverSkB_2),rS_3)) at {51} in copy a

event SenderKey(A,B,sid_of(A,B,pk(spk(sskA_2),kpk(kskA_2)),pk(spk(sskB_2),kpk(kskB_2)),sender_prekey(pk_skem_sender(senderSkA_2),sign(sskA_2,payload_sender(pk_skem_sender(senderSkA_2)))),receiver_prekey(pk_skem_receiver(receiverSkB_2),ekpk(ekskB_2),sign(sskB_2,payload_receiver(pk_skem_receiver(receiverSkB_2),ekpk(ekskB_2)))),msg(lkem_enc(kpk(kskB_2),rL_3),ekem_enc(ekpk(ekskB_2),rE_3),skem_enc(senderSkA_2,pk_skem_receiver(receiverSkB_2),rS_3))),kdf_bad(lkem_ss(kpk(kskB_2),rL_3),ekem_ss(ekpk(ekskB_2),rE_3),sid_of(A,B,pk(spk(sskA_2),kpk(kskA_2)),pk(spk(sskB_2),kpk(kskB_2)),sender_prekey(pk_skem_sender(senderSkA_2),sign(sskA_2,payload_sender(pk_skem_sender(senderSkA_2)))),receiver_prekey(pk_skem_receiver(receiverSkB_2),ekpk(ekskB_2),sign(sskB_2,payload_receiver(pk_skem_receiver(receiverSkB_2),ekpk(ekskB_2)))),msg(lkem_enc(kpk(kskB_2),rL_3),ekem_enc(ekpk(ekskB_2),rE_3),skem_enc(senderSkA_2,pk_skem_receiver(receiverSkB_2),rS_3))))) at {55} in copy a

event SendDone(A,B,sid_of(A,B,pk(spk(sskA_2),kpk(kskA_2)),pk(spk(sskB_2),kpk(kskB_2)),sender_prekey(pk_skem_sender(senderSkA_2),sign(sskA_2,payload_sender(pk_skem_sender(senderSkA_2)))),receiver_prekey(pk_skem_receiver(receiverSkB_2),ekpk(ekskB_2),sign(sskB_2,payload_receiver(pk_skem_receiver(receiverSkB_2),ekpk(ekskB_2)))),msg(lkem_enc(kpk(kskB_2),rL_3),ekem_enc(ekpk(ekskB_2),rE_3),skem_enc(senderSkA_2,pk_skem_receiver(receiverSkB_2),rS_3))),kdf_bad(lkem_ss(kpk(kskB_2),rL_3),ekem_ss(ekpk(ekskB_2),rE_3),sid_of(A,B,pk(spk(sskA_2),kpk(kskA_2)),pk(spk(sskB_2),kpk(kskB_2)),sender_prekey(pk_skem_sender(senderSkA_2),sign(sskA_2,payload_sender(pk_skem_sender(senderSkA_2)))),receiver_prekey(pk_skem_receiver(receiverSkB_2),ekpk(ekskB_2),sign(sskB_2,payload_receiver(pk_skem_receiver(receiverSkB_2),ekpk(ekskB_2)))),msg(lkem_enc(kpk(kskB_2),rL_3),ekem_enc(ekpk(ekskB_2),rE_3),skem_enc(senderSkA_2,pk_skem_receiver(receiverSkB_2),rS_3))))) at {56} in copy a

out(c, ~M_25) with ~M_25 = msg(lkem_enc(kpk(kskB_2),rL_3),ekem_enc(ekpk(ekskB_2),rE_3),skem_enc(senderSkA_2,pk_skem_receiver(receiverSkB_2),rS_3)) at {57} in copy a

in(c, msg(lkem_enc(get_kem_pk(~M_1),a_6),ekem_enc(get_receiver_prekey_ekpk(~M_3),a_7),get_skem_ct(~M_25))) with msg(lkem_enc(get_kem_pk(~M_1),a_6),ekem_enc(get_receiver_prekey_ekpk(~M_3),a_7),get_skem_ct(~M_25)) = msg(lkem_enc(kpk(kskB_2),a_6),ekem_enc(ekpk(ekskB_2),a_7),skem_enc(senderSkA_2,pk_skem_receiver(receiverSkB_2),rS_3)) at {58} in copy a_5

event ReceiverLocalPrekeyUsed(B,A,receiver_prekey(pk_skem_receiver(receiverSkB_2),ekpk(ekskB_2),sign(sskB_2,payload_receiver(pk_skem_receiver(receiverSkB_2),ekpk(ekskB_2))))) at {62} in copy a_5

event AuthComponentAccepted(B,A,skem_enc(senderSkA_2,pk_skem_receiver(receiverSkB_2),rS_3),skem_ss(senderSkA_2,pk_skem_receiver(receiverSkB_2),rS_3)) at {66} in copy a_5

event RecvComputed(B,A,sid_of(A,B,pk(spk(sskA_2),kpk(kskA_2)),pk(spk(sskB_2),kpk(kskB_2)),sender_prekey(pk_skem_sender(senderSkA_2),sign(sskA_2,payload_sender(pk_skem_sender(senderSkA_2)))),receiver_prekey(pk_skem_receiver(receiverSkB_2),ekpk(ekskB_2),sign(sskB_2,payload_receiver(pk_skem_receiver(receiverSkB_2),ekpk(ekskB_2)))),msg(lkem_enc(kpk(kskB_2),a_6),ekem_enc(ekpk(ekskB_2),a_7),skem_enc(senderSkA_2,pk_skem_receiver(receiverSkB_2),rS_3))),kdf_bad(lkem_ss(kpk(kskB_2),a_6),ekem_ss(ekpk(ekskB_2),a_7),sid_of(A,B,pk(spk(sskA_2),kpk(kskA_2)),pk(spk(sskB_2),kpk(kskB_2)),sender_prekey(pk_skem_sender(senderSkA_2),sign(sskA_2,payload_sender(pk_skem_sender(senderSkA_2)))),receiver_prekey(pk_skem_receiver(receiverSkB_2),ekpk(ekskB_2),sign(sskB_2,payload_receiver(pk_skem_receiver(receiverSkB_2),ekpk(ekskB_2)))),msg(lkem_enc(kpk(kskB_2),a_6),ekem_enc(ekpk(ekskB_2),a_7),skem_enc(senderSkA_2,pk_skem_receiver(receiverSkB_2),rS_3))))) at {69} in copy a_5

event ReceiverKey(B,A,sid_of(A,B,pk(spk(sskA_2),kpk(kskA_2)),pk(spk(sskB_2),kpk(kskB_2)),sender_prekey(pk_skem_sender(senderSkA_2),sign(sskA_2,payload_sender(pk_skem_sender(senderSkA_2)))),receiver_prekey(pk_skem_receiver(receiverSkB_2),ekpk(ekskB_2),sign(sskB_2,payload_receiver(pk_skem_receiver(receiverSkB_2),ekpk(ekskB_2)))),msg(lkem_enc(kpk(kskB_2),a_6),ekem_enc(ekpk(ekskB_2),a_7),skem_enc(senderSkA_2,pk_skem_receiver(receiverSkB_2),rS_3))),kdf_bad(lkem_ss(kpk(kskB_2),a_6),ekem_ss(ekpk(ekskB_2),a_7),sid_of(A,B,pk(spk(sskA_2),kpk(kskA_2)),pk(spk(sskB_2),kpk(kskB_2)),sender_prekey(pk_skem_sender(senderSkA_2),sign(sskA_2,payload_sender(pk_skem_sender(senderSkA_2)))),receiver_prekey(pk_skem_receiver(receiverSkB_2),ekpk(ekskB_2),sign(sskB_2,payload_receiver(pk_skem_receiver(receiverSkB_2),ekpk(ekskB_2)))),msg(lkem_enc(kpk(kskB_2),a_6),ekem_enc(ekpk(ekskB_2),a_7),skem_enc(senderSkA_2,pk_skem_receiver(receiverSkB_2),rS_3))))) at {70} in copy a_5 (goal)

The event ReceiverKey(B,A,sid_of(A,B,pk(spk(sskA_2),kpk(kskA_2)),pk(spk(sskB_2),kpk(kskB_2)),sender_prekey(pk_skem_sender(senderSkA_2),sign(sskA_2,payload_sender(pk_skem_sender(senderSkA_2)))),receiver_prekey(pk_skem_receiver(receiverSkB_2),ekpk(ekskB_2),sign(sskB_2,payload_receiver(pk_skem_receiver(receiverSkB_2),ekpk(ekskB_2)))),msg(lkem_enc(kpk(kskB_2),a_6),ekem_enc(ekpk(ekskB_2),a_7),skem_enc(senderSkA_2,pk_skem_receiver(receiverSkB_2),rS_3))),kdf_bad(lkem_ss(kpk(kskB_2),a_6),ekem_ss(ekpk(ekskB_2),a_7),sid_of(A,B,pk(spk(sskA_2),kpk(kskA_2)),pk(spk(sskB_2),kpk(kskB_2)),sender_prekey(pk_skem_sender(senderSkA_2),sign(sskA_2,payload_sender(pk_skem_sender(senderSkA_2)))),receiver_prekey(pk_skem_receiver(receiverSkB_2),ekpk(ekskB_2),sign(sskB_2,payload_receiver(pk_skem_receiver(receiverSkB_2),ekpk(ekskB_2)))),msg(lkem_enc(kpk(kskB_2),a_6),ekem_enc(ekpk(ekskB_2),a_7),skem_enc(senderSkA_2,pk_skem_receiver(receiverSkB_2),rS_3))))) is executed at {70} in copy a_5.
The attacker has the message kdf_bad(lkem_ss(get_kem_pk(~M_1),a_6),ekem_ss(get_receiver_prekey_ekpk(~M_3),a_7),sid_of(A,B,~M,~M_1,~M_2,~M_3,msg(lkem_enc(get_kem_pk(~M_1),a_6),ekem_enc(get_receiver_prekey_ekpk(~M_3),a_7),get_skem_ct(~M_25)))) = kdf_bad(lkem_ss(kpk(kskB_2),a_6),ekem_ss(ekpk(ekskB_2),a_7),sid_of(A,B,pk(spk(sskA_2),kpk(kskA_2)),pk(spk(sskB_2),kpk(kskB_2)),sender_prekey(pk_skem_sender(senderSkA_2),sign(sskA_2,payload_sender(pk_skem_sender(senderSkA_2)))),receiver_prekey(pk_skem_receiver(receiverSkB_2),ekpk(ekskB_2),sign(sskB_2,payload_receiver(pk_skem_receiver(receiverSkB_2),ekpk(ekskB_2)))),msg(lkem_enc(kpk(kskB_2),a_6),ekem_enc(ekpk(ekskB_2),a_7),skem_enc(senderSkA_2,pk_skem_receiver(receiverSkB_2),rS_3)))).
A trace has been found.
RESULT not (event(ReceiverKey(B_1,A_1,s,k)) && attacker(k)) is false.
-- Query event(AuthComponentAccepted(B_1,A_1,cts,Ks)) ==> event(AuthComponentSent(A_1,B_1,cts,Ks)) in process 1.
Translating the process into Horn clauses...
Completing...
200 rules inserted. Base: 156 rules (60 with conclusion selected). Queue: 20 rules.
Starting query event(AuthComponentAccepted(B_1,A_1,cts,Ks)) ==> event(AuthComponentSent(A_1,B_1,cts,Ks))
goal reachable: b-event(AuthComponentSent(A[],B[],skem_enc(senderSkA[],pk_skem_receiver(receiverSkB[]),rS_1),skem_ss(senderSkA[],pk_skem_receiver(receiverSkB[]),rS_1))) -> event(AuthComponentAccepted(B[],A[],skem_enc(senderSkA[],pk_skem_receiver(receiverSkB[]),rS_1),skem_ss(senderSkA[],pk_skem_receiver(receiverSkB[]),rS_1)))
Abbreviations:
rS_1 = rS[senderPrekeyFromNet = sender_prekey(pk_skem_sender(senderSkA[]),sign(sskA[],payload_sender(pk_skem_sender(senderSkA[])))),receiverPrekeyForSend = receiver_prekey(pk_skem_receiver(receiverSkB[]),ekpk(ekskB[]),sign(sskB[],payload_receiver(pk_skem_receiver(receiverSkB[]),ekpk(ekskB[])))),!1 = @sid]
RESULT event(AuthComponentAccepted(B_1,A_1,cts,Ks)) ==> event(AuthComponentSent(A_1,B_1,cts,Ks)) is true.
-- Query not (event(ProtectedData(B_1,A_1,s,d)) && attacker(d)) in process 1.
Translating the process into Horn clauses...
Completing...
200 rules inserted. Base: 144 rules (62 with conclusion selected). Queue: 16 rules.
Starting query not (event(ProtectedData(B_1,A_1,s,d)) && attacker(d))
goal reachable: event(ProtectedData(B[],A[],sid_of(A[],B[],pk(spk(sskA[]),kpk(kskA[])),pk(spk(sskB[]),kpk(kskB[])),sender_prekey(pk_skem_sender(senderSkA[]),sign(sskA[],payload_sender(pk_skem_sender(senderSkA[])))),receiver_prekey(pk_skem_receiver(receiverSkB[]),ekpk(ekskB[]),sign(sskB[],payload_receiver(pk_skem_receiver(receiverSkB[]),ekpk(ekskB[])))),msg(lkem_enc(kpk(kskB[]),rL_1),ekem_enc(ekpk(ekskB[]),rE_1),skem_enc(senderSkA[],pk_skem_receiver(receiverSkB[]),rS_1))),protectedPayload[])) && attacker(protectedPayload[])
Abbreviations:
rL_1 = rL[senderPrekeyFromNet = sender_prekey(pk_skem_sender(senderSkA[]),sign(sskA[],payload_sender(pk_skem_sender(senderSkA[])))),receiverPrekeyForSend = receiver_prekey(pk_skem_receiver(receiverSkB[]),ekpk(ekskB[]),sign(sskB[],payload_receiver(pk_skem_receiver(receiverSkB[]),ekpk(ekskB[])))),!1 = @sid]
rE_1 = rE[senderPrekeyFromNet = sender_prekey(pk_skem_sender(senderSkA[]),sign(sskA[],payload_sender(pk_skem_sender(senderSkA[])))),receiverPrekeyForSend = receiver_prekey(pk_skem_receiver(receiverSkB[]),ekpk(ekskB[]),sign(sskB[],payload_receiver(pk_skem_receiver(receiverSkB[]),ekpk(ekskB[])))),!1 = @sid_1]
rS_1 = rS[senderPrekeyFromNet = sender_prekey(pk_skem_sender(senderSkA[]),sign(sskA[],payload_sender(pk_skem_sender(senderSkA[])))),receiverPrekeyForSend = receiver_prekey(pk_skem_receiver(receiverSkB[]),ekpk(ekskB[]),sign(sskB[],payload_receiver(pk_skem_receiver(receiverSkB[]),ekpk(ekskB[])))),!1 = @sid_2]

Derivation:
Abbreviations:
rL_1 = rL[senderPrekeyFromNet = sender_prekey(pk_skem_sender(senderSkA[]),sign(sskA[],payload_sender(pk_skem_sender(senderSkA[])))),receiverPrekeyForSend = receiver_prekey(pk_skem_receiver(receiverSkB[]),ekpk(ekskB[]),sign(sskB[],payload_receiver(pk_skem_receiver(receiverSkB[]),ekpk(ekskB[])))),!1 = @sid]
rE_1 = rE[senderPrekeyFromNet = sender_prekey(pk_skem_sender(senderSkA[]),sign(sskA[],payload_sender(pk_skem_sender(senderSkA[])))),receiverPrekeyForSend = receiver_prekey(pk_skem_receiver(receiverSkB[]),ekpk(ekskB[]),sign(sskB[],payload_receiver(pk_skem_receiver(receiverSkB[]),ekpk(ekskB[])))),!1 = @sid_1]
rS_1 = rS[senderPrekeyFromNet = sender_prekey(pk_skem_sender(senderSkA[]),sign(sskA[],payload_sender(pk_skem_sender(senderSkA[])))),receiverPrekeyForSend = receiver_prekey(pk_skem_receiver(receiverSkB[]),ekpk(ekskB[]),sign(sskB[],payload_receiver(pk_skem_receiver(receiverSkB[]),ekpk(ekskB[])))),!1 = @sid_2]
rE_2 = rE[senderPrekeyFromNet = sender_prekey(pk_skem_sender(senderSkA[]),sign(sskA[],payload_sender(pk_skem_sender(senderSkA[])))),receiverPrekeyForSend = receiver_prekey(pk_skem_receiver(receiverSkB[]),ekpk(ekskB[]),sign(sskB[],payload_receiver(pk_skem_receiver(receiverSkB[]),ekpk(ekskB[])))),!1 = @sid]
rS_2 = rS[senderPrekeyFromNet = sender_prekey(pk_skem_sender(senderSkA[]),sign(sskA[],payload_sender(pk_skem_sender(senderSkA[])))),receiverPrekeyForSend = receiver_prekey(pk_skem_receiver(receiverSkB[]),ekpk(ekskB[]),sign(sskB[],payload_receiver(pk_skem_receiver(receiverSkB[]),ekpk(ekskB[])))),!1 = @sid]
rL_2 = rL[senderPrekeyFromNet = sender_prekey(pk_skem_sender(senderSkA[]),sign(sskA[],payload_sender(pk_skem_sender(senderSkA[])))),receiverPrekeyForSend = receiver_prekey(pk_skem_receiver(receiverSkB[]),ekpk(ekskB[]),sign(sskB[],payload_receiver(pk_skem_receiver(receiverSkB[]),ekpk(ekskB[])))),!1 = @sid_1]
rS_3 = rS[senderPrekeyFromNet = sender_prekey(pk_skem_sender(senderSkA[]),sign(sskA[],payload_sender(pk_skem_sender(senderSkA[])))),receiverPrekeyForSend = receiver_prekey(pk_skem_receiver(receiverSkB[]),ekpk(ekskB[]),sign(sskB[],payload_receiver(pk_skem_receiver(receiverSkB[]),ekpk(ekskB[])))),!1 = @sid_1]
rL_3 = rL[senderPrekeyFromNet = sender_prekey(pk_skem_sender(senderSkA[]),sign(sskA[],payload_sender(pk_skem_sender(senderSkA[])))),receiverPrekeyForSend = receiver_prekey(pk_skem_receiver(receiverSkB[]),ekpk(ekskB[]),sign(sskB[],payload_receiver(pk_skem_receiver(receiverSkB[]),ekpk(ekskB[])))),!1 = @sid_2]
rE_3 = rE[senderPrekeyFromNet = sender_prekey(pk_skem_sender(senderSkA[]),sign(sskA[],payload_sender(pk_skem_sender(senderSkA[])))),receiverPrekeyForSend = receiver_prekey(pk_skem_receiver(receiverSkB[]),ekpk(ekskB[]),sign(sskB[],payload_receiver(pk_skem_receiver(receiverSkB[]),ekpk(ekskB[])))),!1 = @sid_2]
rS_4 = rS[senderPrekeyFromNet = sender_prekey(pk_skem_sender(senderSkA[]),sign(sskA[],payload_sender(pk_skem_sender(senderSkA[])))),receiverPrekeyForSend = receiver_prekey(pk_skem_receiver(receiverSkB[]),ekpk(ekskB[]),sign(sskB[],payload_receiver(pk_skem_receiver(receiverSkB[]),ekpk(ekskB[])))),!1 = @sid_3]
rL_4 = rL[senderPrekeyFromNet = sender_prekey(pk_skem_sender(senderSkA[]),sign(sskA[],payload_sender(pk_skem_sender(senderSkA[])))),receiverPrekeyForSend = receiver_prekey(pk_skem_receiver(receiverSkB[]),ekpk(ekskB[]),sign(sskB[],payload_receiver(pk_skem_receiver(receiverSkB[]),ekpk(ekskB[])))),!1 = @sid_3]
rE_4 = rE[senderPrekeyFromNet = sender_prekey(pk_skem_sender(senderSkA[]),sign(sskA[],payload_sender(pk_skem_sender(senderSkA[])))),receiverPrekeyForSend = receiver_prekey(pk_skem_receiver(receiverSkB[]),ekpk(ekskB[]),sign(sskB[],payload_receiver(pk_skem_receiver(receiverSkB[]),ekpk(ekskB[])))),!1 = @sid_3]

1. The message receiver_prekey(pk_skem_receiver(receiverSkB[]),ekpk(ekskB[]),sign(sskB[],payload_receiver(pk_skem_receiver(receiverSkB[]),ekpk(ekskB[])))) may be sent to the attacker at output {28}.
attacker(receiver_prekey(pk_skem_receiver(receiverSkB[]),ekpk(ekskB[]),sign(sskB[],payload_receiver(pk_skem_receiver(receiverSkB[]),ekpk(ekskB[]))))).

2. The message sender_prekey(pk_skem_sender(senderSkA[]),sign(sskA[],payload_sender(pk_skem_sender(senderSkA[])))) may be sent to the attacker at output {23}.
attacker(sender_prekey(pk_skem_sender(senderSkA[]),sign(sskA[],payload_sender(pk_skem_sender(senderSkA[]))))).

3. The message receiver_prekey(pk_skem_receiver(receiverSkB[]),ekpk(ekskB[]),sign(sskB[],payload_receiver(pk_skem_receiver(receiverSkB[]),ekpk(ekskB[])))) that the attacker may have by 1 may be received at input {29}.
The message sender_prekey(pk_skem_sender(senderSkA[]),sign(sskA[],payload_sender(pk_skem_sender(senderSkA[])))) that the attacker may have by 2 may be received at input {36}.
So the message msg(lkem_enc(kpk(kskB[]),rL_4),ekem_enc(ekpk(ekskB[]),rE_4),skem_enc(senderSkA[],pk_skem_receiver(receiverSkB[]),rS_4)) may be sent to the attacker at output {57}.
attacker(msg(lkem_enc(kpk(kskB[]),rL_4),ekem_enc(ekpk(ekskB[]),rE_4),skem_enc(senderSkA[],pk_skem_receiver(receiverSkB[]),rS_4))).

4. By 3, the attacker may know msg(lkem_enc(kpk(kskB[]),rL_4),ekem_enc(ekpk(ekskB[]),rE_4),skem_enc(senderSkA[],pk_skem_receiver(receiverSkB[]),rS_4)).
Using the function get_skem_ct the attacker may obtain skem_enc(senderSkA[],pk_skem_receiver(receiverSkB[]),rS_4).
attacker(skem_enc(senderSkA[],pk_skem_receiver(receiverSkB[]),rS_4)).

5. The attacker has some term r.
attacker(r).

6. By 1, the attacker may know receiver_prekey(pk_skem_receiver(receiverSkB[]),ekpk(ekskB[]),sign(sskB[],payload_receiver(pk_skem_receiver(receiverSkB[]),ekpk(ekskB[])))).
Using the function get_receiver_prekey_ekpk the attacker may obtain ekpk(ekskB[]).
attacker(ekpk(ekskB[])).

7. By 6, the attacker may know ekpk(ekskB[]).
By 5, the attacker may know r.
Using the function ekem_enc the attacker may obtain ekem_enc(ekpk(ekskB[]),r).
attacker(ekem_enc(ekpk(ekskB[]),r)).

8. The attacker has some term r_1.
attacker(r_1).

9. The message pk(spk(sskB[]),kpk(kskB[])) may be sent to the attacker at output {19}.
attacker(pk(spk(sskB[]),kpk(kskB[]))).

10. By 9, the attacker may know pk(spk(sskB[]),kpk(kskB[])).
Using the function get_kem_pk the attacker may obtain kpk(kskB[]).
attacker(kpk(kskB[])).

11. By 10, the attacker may know kpk(kskB[]).
By 8, the attacker may know r_1.
Using the function lkem_enc the attacker may obtain lkem_enc(kpk(kskB[]),r_1).
attacker(lkem_enc(kpk(kskB[]),r_1)).

12. By 11, the attacker may know lkem_enc(kpk(kskB[]),r_1).
By 7, the attacker may know ekem_enc(ekpk(ekskB[]),r).
By 4, the attacker may know skem_enc(senderSkA[],pk_skem_receiver(receiverSkB[]),rS_4).
Using the function msg the attacker may obtain msg(lkem_enc(kpk(kskB[]),r_1),ekem_enc(ekpk(ekskB[]),r),skem_enc(senderSkA[],pk_skem_receiver(receiverSkB[]),rS_4)).
attacker(msg(lkem_enc(kpk(kskB[]),r_1),ekem_enc(ekpk(ekskB[]),r),skem_enc(senderSkA[],pk_skem_receiver(receiverSkB[]),rS_4))).

13. The message receiver_prekey(pk_skem_receiver(receiverSkB[]),ekpk(ekskB[]),sign(sskB[],payload_receiver(pk_skem_receiver(receiverSkB[]),ekpk(ekskB[])))) that the attacker may have by 1 may be received at input {29}.
The message sender_prekey(pk_skem_sender(senderSkA[]),sign(sskA[],payload_sender(pk_skem_sender(senderSkA[])))) that the attacker may have by 2 may be received at input {36}.
The message msg(lkem_enc(kpk(kskB[]),r_1),ekem_enc(ekpk(ekskB[]),r),skem_enc(senderSkA[],pk_skem_receiver(receiverSkB[]),rS_4)) that the attacker may have by 12 may be received at input {58}.
So the message senc(kdf_bad(lkem_ss(kpk(kskB[]),r_1),ekem_ss(ekpk(ekskB[]),r),sid_of(A[],B[],pk(spk(sskA[]),kpk(kskA[])),pk(spk(sskB[]),kpk(kskB[])),sender_prekey(pk_skem_sender(senderSkA[]),sign(sskA[],payload_sender(pk_skem_sender(senderSkA[])))),receiver_prekey(pk_skem_receiver(receiverSkB[]),ekpk(ekskB[]),sign(sskB[],payload_receiver(pk_skem_receiver(receiverSkB[]),ekpk(ekskB[])))),msg(lkem_enc(kpk(kskB[]),r_1),ekem_enc(ekpk(ekskB[]),r),skem_enc(senderSkA[],pk_skem_receiver(receiverSkB[]),rS_4)))),protectedPayload[]) may be sent to the attacker at output {72}.
attacker(senc(kdf_bad(lkem_ss(kpk(kskB[]),r_1),ekem_ss(ekpk(ekskB[]),r),sid_of(A[],B[],pk(spk(sskA[]),kpk(kskA[])),pk(spk(sskB[]),kpk(kskB[])),sender_prekey(pk_skem_sender(senderSkA[]),sign(sskA[],payload_sender(pk_skem_sender(senderSkA[])))),receiver_prekey(pk_skem_receiver(receiverSkB[]),ekpk(ekskB[]),sign(sskB[],payload_receiver(pk_skem_receiver(receiverSkB[]),ekpk(ekskB[])))),msg(lkem_enc(kpk(kskB[]),r_1),ekem_enc(ekpk(ekskB[]),r),skem_enc(senderSkA[],pk_skem_receiver(receiverSkB[]),rS_4)))),protectedPayload[])).

14. The message pk(spk(sskA[]),kpk(kskA[])) may be sent to the attacker at output {18}.
attacker(pk(spk(sskA[]),kpk(kskA[]))).

15. The attacker initially knows B[].
attacker(B[]).

16. The attacker initially knows A[].
attacker(A[]).

17. By 16, the attacker may know A[].
By 15, the attacker may know B[].
By 14, the attacker may know pk(spk(sskA[]),kpk(kskA[])).
By 9, the attacker may know pk(spk(sskB[]),kpk(kskB[])).
By 2, the attacker may know sender_prekey(pk_skem_sender(senderSkA[]),sign(sskA[],payload_sender(pk_skem_sender(senderSkA[])))).
By 1, the attacker may know receiver_prekey(pk_skem_receiver(receiverSkB[]),ekpk(ekskB[]),sign(sskB[],payload_receiver(pk_skem_receiver(receiverSkB[]),ekpk(ekskB[])))).
By 12, the attacker may know msg(lkem_enc(kpk(kskB[]),r_1),ekem_enc(ekpk(ekskB[]),r),skem_enc(senderSkA[],pk_skem_receiver(receiverSkB[]),rS_4)).
Using the function sid_of the attacker may obtain sid_of(A[],B[],pk(spk(sskA[]),kpk(kskA[])),pk(spk(sskB[]),kpk(kskB[])),sender_prekey(pk_skem_sender(senderSkA[]),sign(sskA[],payload_sender(pk_skem_sender(senderSkA[])))),receiver_prekey(pk_skem_receiver(receiverSkB[]),ekpk(ekskB[]),sign(sskB[],payload_receiver(pk_skem_receiver(receiverSkB[]),ekpk(ekskB[])))),msg(lkem_enc(kpk(kskB[]),r_1),ekem_enc(ekpk(ekskB[]),r),skem_enc(senderSkA[],pk_skem_receiver(receiverSkB[]),rS_4))).
attacker(sid_of(A[],B[],pk(spk(sskA[]),kpk(kskA[])),pk(spk(sskB[]),kpk(kskB[])),sender_prekey(pk_skem_sender(senderSkA[]),sign(sskA[],payload_sender(pk_skem_sender(senderSkA[])))),receiver_prekey(pk_skem_receiver(receiverSkB[]),ekpk(ekskB[]),sign(sskB[],payload_receiver(pk_skem_receiver(receiverSkB[]),ekpk(ekskB[])))),msg(lkem_enc(kpk(kskB[]),r_1),ekem_enc(ekpk(ekskB[]),r),skem_enc(senderSkA[],pk_skem_receiver(receiverSkB[]),rS_4)))).

18. By 6, the attacker may know ekpk(ekskB[]).
By 5, the attacker may know r.
Using the function ekem_ss the attacker may obtain ekem_ss(ekpk(ekskB[]),r).
attacker(ekem_ss(ekpk(ekskB[]),r)).

19. By 10, the attacker may know kpk(kskB[]).
By 8, the attacker may know r_1.
Using the function lkem_ss the attacker may obtain lkem_ss(kpk(kskB[]),r_1).
attacker(lkem_ss(kpk(kskB[]),r_1)).

20. By 19, the attacker may know lkem_ss(kpk(kskB[]),r_1).
By 18, the attacker may know ekem_ss(ekpk(ekskB[]),r).
By 17, the attacker may know sid_of(A[],B[],pk(spk(sskA[]),kpk(kskA[])),pk(spk(sskB[]),kpk(kskB[])),sender_prekey(pk_skem_sender(senderSkA[]),sign(sskA[],payload_sender(pk_skem_sender(senderSkA[])))),receiver_prekey(pk_skem_receiver(receiverSkB[]),ekpk(ekskB[]),sign(sskB[],payload_receiver(pk_skem_receiver(receiverSkB[]),ekpk(ekskB[])))),msg(lkem_enc(kpk(kskB[]),r_1),ekem_enc(ekpk(ekskB[]),r),skem_enc(senderSkA[],pk_skem_receiver(receiverSkB[]),rS_4))).
Using the function kdf_bad the attacker may obtain kdf_bad(lkem_ss(kpk(kskB[]),r_1),ekem_ss(ekpk(ekskB[]),r),sid_of(A[],B[],pk(spk(sskA[]),kpk(kskA[])),pk(spk(sskB[]),kpk(kskB[])),sender_prekey(pk_skem_sender(senderSkA[]),sign(sskA[],payload_sender(pk_skem_sender(senderSkA[])))),receiver_prekey(pk_skem_receiver(receiverSkB[]),ekpk(ekskB[]),sign(sskB[],payload_receiver(pk_skem_receiver(receiverSkB[]),ekpk(ekskB[])))),msg(lkem_enc(kpk(kskB[]),r_1),ekem_enc(ekpk(ekskB[]),r),skem_enc(senderSkA[],pk_skem_receiver(receiverSkB[]),rS_4)))).
attacker(kdf_bad(lkem_ss(kpk(kskB[]),r_1),ekem_ss(ekpk(ekskB[]),r),sid_of(A[],B[],pk(spk(sskA[]),kpk(kskA[])),pk(spk(sskB[]),kpk(kskB[])),sender_prekey(pk_skem_sender(senderSkA[]),sign(sskA[],payload_sender(pk_skem_sender(senderSkA[])))),receiver_prekey(pk_skem_receiver(receiverSkB[]),ekpk(ekskB[]),sign(sskB[],payload_receiver(pk_skem_receiver(receiverSkB[]),ekpk(ekskB[])))),msg(lkem_enc(kpk(kskB[]),r_1),ekem_enc(ekpk(ekskB[]),r),skem_enc(senderSkA[],pk_skem_receiver(receiverSkB[]),rS_4))))).

21. By 20, the attacker may know kdf_bad(lkem_ss(kpk(kskB[]),r_1),ekem_ss(ekpk(ekskB[]),r),sid_of(A[],B[],pk(spk(sskA[]),kpk(kskA[])),pk(spk(sskB[]),kpk(kskB[])),sender_prekey(pk_skem_sender(senderSkA[]),sign(sskA[],payload_sender(pk_skem_sender(senderSkA[])))),receiver_prekey(pk_skem_receiver(receiverSkB[]),ekpk(ekskB[]),sign(sskB[],payload_receiver(pk_skem_receiver(receiverSkB[]),ekpk(ekskB[])))),msg(lkem_enc(kpk(kskB[]),r_1),ekem_enc(ekpk(ekskB[]),r),skem_enc(senderSkA[],pk_skem_receiver(receiverSkB[]),rS_4)))).
By 13, the attacker may know senc(kdf_bad(lkem_ss(kpk(kskB[]),r_1),ekem_ss(ekpk(ekskB[]),r),sid_of(A[],B[],pk(spk(sskA[]),kpk(kskA[])),pk(spk(sskB[]),kpk(kskB[])),sender_prekey(pk_skem_sender(senderSkA[]),sign(sskA[],payload_sender(pk_skem_sender(senderSkA[])))),receiver_prekey(pk_skem_receiver(receiverSkB[]),ekpk(ekskB[]),sign(sskB[],payload_receiver(pk_skem_receiver(receiverSkB[]),ekpk(ekskB[])))),msg(lkem_enc(kpk(kskB[]),r_1),ekem_enc(ekpk(ekskB[]),r),skem_enc(senderSkA[],pk_skem_receiver(receiverSkB[]),rS_4)))),protectedPayload[]).
Using the function sdec the attacker may obtain protectedPayload[].
attacker(protectedPayload[]).

22. The message receiver_prekey(pk_skem_receiver(receiverSkB[]),ekpk(ekskB[]),sign(sskB[],payload_receiver(pk_skem_receiver(receiverSkB[]),ekpk(ekskB[])))) that the attacker may have by 1 may be received at input {29}.
The message sender_prekey(pk_skem_sender(senderSkA[]),sign(sskA[],payload_sender(pk_skem_sender(senderSkA[])))) that the attacker may have by 2 may be received at input {36}.
So the message msg(lkem_enc(kpk(kskB[]),rL_3),ekem_enc(ekpk(ekskB[]),rE_3),skem_enc(senderSkA[],pk_skem_receiver(receiverSkB[]),rS_1)) may be sent to the attacker at output {57}.
attacker(msg(lkem_enc(kpk(kskB[]),rL_3),ekem_enc(ekpk(ekskB[]),rE_3),skem_enc(senderSkA[],pk_skem_receiver(receiverSkB[]),rS_1))).

23. By 22, the attacker may know msg(lkem_enc(kpk(kskB[]),rL_3),ekem_enc(ekpk(ekskB[]),rE_3),skem_enc(senderSkA[],pk_skem_receiver(receiverSkB[]),rS_1)).
Using the function get_skem_ct the attacker may obtain skem_enc(senderSkA[],pk_skem_receiver(receiverSkB[]),rS_1).
attacker(skem_enc(senderSkA[],pk_skem_receiver(receiverSkB[]),rS_1)).

24. The message receiver_prekey(pk_skem_receiver(receiverSkB[]),ekpk(ekskB[]),sign(sskB[],payload_receiver(pk_skem_receiver(receiverSkB[]),ekpk(ekskB[])))) that the attacker may have by 1 may be received at input {29}.
The message sender_prekey(pk_skem_sender(senderSkA[]),sign(sskA[],payload_sender(pk_skem_sender(senderSkA[])))) that the attacker may have by 2 may be received at input {36}.
So the message msg(lkem_enc(kpk(kskB[]),rL_2),ekem_enc(ekpk(ekskB[]),rE_1),skem_enc(senderSkA[],pk_skem_receiver(receiverSkB[]),rS_3)) may be sent to the attacker at output {57}.
attacker(msg(lkem_enc(kpk(kskB[]),rL_2),ekem_enc(ekpk(ekskB[]),rE_1),skem_enc(senderSkA[],pk_skem_receiver(receiverSkB[]),rS_3))).

25. By 24, the attacker may know msg(lkem_enc(kpk(kskB[]),rL_2),ekem_enc(ekpk(ekskB[]),rE_1),skem_enc(senderSkA[],pk_skem_receiver(receiverSkB[]),rS_3)).
Using the function get_ekem_ct the attacker may obtain ekem_enc(ekpk(ekskB[]),rE_1).
attacker(ekem_enc(ekpk(ekskB[]),rE_1)).

26. The message receiver_prekey(pk_skem_receiver(receiverSkB[]),ekpk(ekskB[]),sign(sskB[],payload_receiver(pk_skem_receiver(receiverSkB[]),ekpk(ekskB[])))) that the attacker may have by 1 may be received at input {29}.
The message sender_prekey(pk_skem_sender(senderSkA[]),sign(sskA[],payload_sender(pk_skem_sender(senderSkA[])))) that the attacker may have by 2 may be received at input {36}.
So the message msg(lkem_enc(kpk(kskB[]),rL_1),ekem_enc(ekpk(ekskB[]),rE_2),skem_enc(senderSkA[],pk_skem_receiver(receiverSkB[]),rS_2)) may be sent to the attacker at output {57}.
attacker(msg(lkem_enc(kpk(kskB[]),rL_1),ekem_enc(ekpk(ekskB[]),rE_2),skem_enc(senderSkA[],pk_skem_receiver(receiverSkB[]),rS_2))).

27. By 26, the attacker may know msg(lkem_enc(kpk(kskB[]),rL_1),ekem_enc(ekpk(ekskB[]),rE_2),skem_enc(senderSkA[],pk_skem_receiver(receiverSkB[]),rS_2)).
Using the function get_lkem_ct the attacker may obtain lkem_enc(kpk(kskB[]),rL_1).
attacker(lkem_enc(kpk(kskB[]),rL_1)).

28. By 27, the attacker may know lkem_enc(kpk(kskB[]),rL_1).
By 25, the attacker may know ekem_enc(ekpk(ekskB[]),rE_1).
By 23, the attacker may know skem_enc(senderSkA[],pk_skem_receiver(receiverSkB[]),rS_1).
Using the function msg the attacker may obtain msg(lkem_enc(kpk(kskB[]),rL_1),ekem_enc(ekpk(ekskB[]),rE_1),skem_enc(senderSkA[],pk_skem_receiver(receiverSkB[]),rS_1)).
attacker(msg(lkem_enc(kpk(kskB[]),rL_1),ekem_enc(ekpk(ekskB[]),rE_1),skem_enc(senderSkA[],pk_skem_receiver(receiverSkB[]),rS_1))).

29. The message receiver_prekey(pk_skem_receiver(receiverSkB[]),ekpk(ekskB[]),sign(sskB[],payload_receiver(pk_skem_receiver(receiverSkB[]),ekpk(ekskB[])))) that the attacker may have by 1 may be received at input {29}.
The message sender_prekey(pk_skem_sender(senderSkA[]),sign(sskA[],payload_sender(pk_skem_sender(senderSkA[])))) that the attacker may have by 2 may be received at input {36}.
The message msg(lkem_enc(kpk(kskB[]),rL_1),ekem_enc(ekpk(ekskB[]),rE_1),skem_enc(senderSkA[],pk_skem_receiver(receiverSkB[]),rS_1)) that the attacker may have by 28 may be received at input {58}.
So event ProtectedData(B[],A[],sid_of(A[],B[],pk(spk(sskA[]),kpk(kskA[])),pk(spk(sskB[]),kpk(kskB[])),sender_prekey(pk_skem_sender(senderSkA[]),sign(sskA[],payload_sender(pk_skem_sender(senderSkA[])))),receiver_prekey(pk_skem_receiver(receiverSkB[]),ekpk(ekskB[]),sign(sskB[],payload_receiver(pk_skem_receiver(receiverSkB[]),ekpk(ekskB[])))),msg(lkem_enc(kpk(kskB[]),rL_1),ekem_enc(ekpk(ekskB[]),rE_1),skem_enc(senderSkA[],pk_skem_receiver(receiverSkB[]),rS_1))),protectedPayload[]) may be executed at {71}.
event(ProtectedData(B[],A[],sid_of(A[],B[],pk(spk(sskA[]),kpk(kskA[])),pk(spk(sskB[]),kpk(kskB[])),sender_prekey(pk_skem_sender(senderSkA[]),sign(sskA[],payload_sender(pk_skem_sender(senderSkA[])))),receiver_prekey(pk_skem_receiver(receiverSkB[]),ekpk(ekskB[]),sign(sskB[],payload_receiver(pk_skem_receiver(receiverSkB[]),ekpk(ekskB[])))),msg(lkem_enc(kpk(kskB[]),rL_1),ekem_enc(ekpk(ekskB[]),rE_1),skem_enc(senderSkA[],pk_skem_receiver(receiverSkB[]),rS_1))),protectedPayload[])).

30. By 29, event(ProtectedData(B[],A[],sid_of(A[],B[],pk(spk(sskA[]),kpk(kskA[])),pk(spk(sskB[]),kpk(kskB[])),sender_prekey(pk_skem_sender(senderSkA[]),sign(sskA[],payload_sender(pk_skem_sender(senderSkA[])))),receiver_prekey(pk_skem_receiver(receiverSkB[]),ekpk(ekskB[]),sign(sskB[],payload_receiver(pk_skem_receiver(receiverSkB[]),ekpk(ekskB[])))),msg(lkem_enc(kpk(kskB[]),rL_1),ekem_enc(ekpk(ekskB[]),rE_1),skem_enc(senderSkA[],pk_skem_receiver(receiverSkB[]),rS_1))),protectedPayload[])).
By 21, attacker(protectedPayload[]).
The goals are reached, combined in the following fact:
event(ProtectedData(B[],A[],sid_of(A[],B[],pk(spk(sskA[]),kpk(kskA[])),pk(spk(sskB[]),kpk(kskB[])),sender_prekey(pk_skem_sender(senderSkA[]),sign(sskA[],payload_sender(pk_skem_sender(senderSkA[])))),receiver_prekey(pk_skem_receiver(receiverSkB[]),ekpk(ekskB[]),sign(sskB[],payload_receiver(pk_skem_receiver(receiverSkB[]),ekpk(ekskB[])))),msg(lkem_enc(kpk(kskB[]),rL_1),ekem_enc(ekpk(ekskB[]),rE_1),skem_enc(senderSkA[],pk_skem_receiver(receiverSkB[]),rS_1))),protectedPayload[])) && attacker(protectedPayload[]).


A more detailed output of the traces is available with
  set traceDisplay = long.

new sskA: sig_sk creating sskA_2 at {1}

new kskA: kem_sk creating kskA_2 at {2}

new sskB: sig_sk creating sskB_2 at {3}

new kskB: kem_sk creating kskB_2 at {4}

new senderSkA: skem_sender_sk creating senderSkA_2 at {5}

new receiverSkB: skem_receiver_sk creating receiverSkB_2 at {6}

new ekskB: ekem_sk creating ekskB_2 at {7}

out(c, ~M) with ~M = pk(spk(sskA_2),kpk(kskA_2)) at {18} in copy a

out(c, ~M_1) with ~M_1 = pk(spk(sskB_2),kpk(kskB_2)) at {19} in copy a

out(c, ~M_2) with ~M_2 = sender_prekey(pk_skem_sender(senderSkA_2),sign(sskA_2,payload_sender(pk_skem_sender(senderSkA_2)))) at {23} in copy a

out(c, ~M_3) with ~M_3 = receiver_prekey(pk_skem_receiver(receiverSkB_2),ekpk(ekskB_2),sign(sskB_2,payload_receiver(pk_skem_receiver(receiverSkB_2),ekpk(ekskB_2)))) at {28} in copy a

out(c, ~M_4) with ~M_4 = pk(spk(sskA_2),kpk(kskA_2)) at {18} in copy a_1

out(c, ~M_5) with ~M_5 = pk(spk(sskB_2),kpk(kskB_2)) at {19} in copy a_1

out(c, ~M_6) with ~M_6 = sender_prekey(pk_skem_sender(senderSkA_2),sign(sskA_2,payload_sender(pk_skem_sender(senderSkA_2)))) at {23} in copy a_1

out(c, ~M_7) with ~M_7 = receiver_prekey(pk_skem_receiver(receiverSkB_2),ekpk(ekskB_2),sign(sskB_2,payload_receiver(pk_skem_receiver(receiverSkB_2),ekpk(ekskB_2)))) at {28} in copy a_1

out(c, ~M_8) with ~M_8 = pk(spk(sskA_2),kpk(kskA_2)) at {18} in copy a_2

out(c, ~M_9) with ~M_9 = pk(spk(sskB_2),kpk(kskB_2)) at {19} in copy a_2

out(c, ~M_10) with ~M_10 = sender_prekey(pk_skem_sender(senderSkA_2),sign(sskA_2,payload_sender(pk_skem_sender(senderSkA_2)))) at {23} in copy a_2

out(c, ~M_11) with ~M_11 = receiver_prekey(pk_skem_receiver(receiverSkB_2),ekpk(ekskB_2),sign(sskB_2,payload_receiver(pk_skem_receiver(receiverSkB_2),ekpk(ekskB_2)))) at {28} in copy a_2

out(c, ~M_12) with ~M_12 = pk(spk(sskA_2),kpk(kskA_2)) at {18} in copy a_3

out(c, ~M_13) with ~M_13 = pk(spk(sskB_2),kpk(kskB_2)) at {19} in copy a_3

out(c, ~M_14) with ~M_14 = sender_prekey(pk_skem_sender(senderSkA_2),sign(sskA_2,payload_sender(pk_skem_sender(senderSkA_2)))) at {23} in copy a_3

out(c, ~M_15) with ~M_15 = receiver_prekey(pk_skem_receiver(receiverSkB_2),ekpk(ekskB_2),sign(sskB_2,payload_receiver(pk_skem_receiver(receiverSkB_2),ekpk(ekskB_2)))) at {28} in copy a_3

out(c, ~M_16) with ~M_16 = pk(spk(sskA_2),kpk(kskA_2)) at {18} in copy a_4

out(c, ~M_17) with ~M_17 = pk(spk(sskB_2),kpk(kskB_2)) at {19} in copy a_4

out(c, ~M_18) with ~M_18 = sender_prekey(pk_skem_sender(senderSkA_2),sign(sskA_2,payload_sender(pk_skem_sender(senderSkA_2)))) at {23} in copy a_4

out(c, ~M_19) with ~M_19 = receiver_prekey(pk_skem_receiver(receiverSkB_2),ekpk(ekskB_2),sign(sskB_2,payload_receiver(pk_skem_receiver(receiverSkB_2),ekpk(ekskB_2)))) at {28} in copy a_4

out(c, ~M_20) with ~M_20 = pk(spk(sskA_2),kpk(kskA_2)) at {18} in copy a_5

out(c, ~M_21) with ~M_21 = pk(spk(sskB_2),kpk(kskB_2)) at {19} in copy a_5

out(c, ~M_22) with ~M_22 = sender_prekey(pk_skem_sender(senderSkA_2),sign(sskA_2,payload_sender(pk_skem_sender(senderSkA_2)))) at {23} in copy a_5

out(c, ~M_23) with ~M_23 = receiver_prekey(pk_skem_receiver(receiverSkB_2),ekpk(ekskB_2),sign(sskB_2,payload_receiver(pk_skem_receiver(receiverSkB_2),ekpk(ekskB_2)))) at {28} in copy a_5

out(c, ~M_24) with ~M_24 = pk(spk(sskA_2),kpk(kskA_2)) at {18} in copy a_6

out(c, ~M_25) with ~M_25 = pk(spk(sskB_2),kpk(kskB_2)) at {19} in copy a_6

out(c, ~M_26) with ~M_26 = sender_prekey(pk_skem_sender(senderSkA_2),sign(sskA_2,payload_sender(pk_skem_sender(senderSkA_2)))) at {23} in copy a_6

out(c, ~M_27) with ~M_27 = receiver_prekey(pk_skem_receiver(receiverSkB_2),ekpk(ekskB_2),sign(sskB_2,payload_receiver(pk_skem_receiver(receiverSkB_2),ekpk(ekskB_2)))) at {28} in copy a_6

out(c, ~M_28) with ~M_28 = pk(spk(sskA_2),kpk(kskA_2)) at {18} in copy a_7

out(c, ~M_29) with ~M_29 = pk(spk(sskB_2),kpk(kskB_2)) at {19} in copy a_7

out(c, ~M_30) with ~M_30 = sender_prekey(pk_skem_sender(senderSkA_2),sign(sskA_2,payload_sender(pk_skem_sender(senderSkA_2)))) at {23} in copy a_7

out(c, ~M_31) with ~M_31 = receiver_prekey(pk_skem_receiver(receiverSkB_2),ekpk(ekskB_2),sign(sskB_2,payload_receiver(pk_skem_receiver(receiverSkB_2),ekpk(ekskB_2)))) at {28} in copy a_7

out(c, ~M_32) with ~M_32 = pk(spk(sskA_2),kpk(kskA_2)) at {18} in copy a_8

out(c, ~M_33) with ~M_33 = pk(spk(sskB_2),kpk(kskB_2)) at {19} in copy a_8

out(c, ~M_34) with ~M_34 = sender_prekey(pk_skem_sender(senderSkA_2),sign(sskA_2,payload_sender(pk_skem_sender(senderSkA_2)))) at {23} in copy a_8

out(c, ~M_35) with ~M_35 = receiver_prekey(pk_skem_receiver(receiverSkB_2),ekpk(ekskB_2),sign(sskB_2,payload_receiver(pk_skem_receiver(receiverSkB_2),ekpk(ekskB_2)))) at {28} in copy a_8

out(c, ~M_36) with ~M_36 = pk(spk(sskA_2),kpk(kskA_2)) at {18} in copy a_9

out(c, ~M_37) with ~M_37 = pk(spk(sskB_2),kpk(kskB_2)) at {19} in copy a_9

out(c, ~M_38) with ~M_38 = sender_prekey(pk_skem_sender(senderSkA_2),sign(sskA_2,payload_sender(pk_skem_sender(senderSkA_2)))) at {23} in copy a_9

out(c, ~M_39) with ~M_39 = receiver_prekey(pk_skem_receiver(receiverSkB_2),ekpk(ekskB_2),sign(sskB_2,payload_receiver(pk_skem_receiver(receiverSkB_2),ekpk(ekskB_2)))) at {28} in copy a_9

in(c, ~M_3) with ~M_3 = receiver_prekey(pk_skem_receiver(receiverSkB_2),ekpk(ekskB_2),sign(sskB_2,payload_receiver(pk_skem_receiver(receiverSkB_2),ekpk(ekskB_2)))) at {29} in copy a_9

event ReceiverPrekeyVerified(A,B,receiver_prekey(pk_skem_receiver(receiverSkB_2),ekpk(ekskB_2),sign(sskB_2,payload_receiver(pk_skem_receiver(receiverSkB_2),ekpk(ekskB_2))))) at {35} in copy a_9

in(c, ~M_2) with ~M_2 = sender_prekey(pk_skem_sender(senderSkA_2),sign(sskA_2,payload_sender(pk_skem_sender(senderSkA_2)))) at {36} in copy a_9

event SenderPrekeyVerified(B,A,sender_prekey(pk_skem_sender(senderSkA_2),sign(sskA_2,payload_sender(pk_skem_sender(senderSkA_2))))) at {41} in copy a_9

new rL: randomness creating rL_5 at {42} in copy a_9

new rE: randomness creating rE_5 at {43} in copy a_9

new rS: randomness creating rS_5 at {44} in copy a_9

event AuthComponentSent(A,B,skem_enc(senderSkA_2,pk_skem_receiver(receiverSkB_2),rS_5),skem_ss(senderSkA_2,pk_skem_receiver(receiverSkB_2),rS_5)) at {51} in copy a_9

event SenderKey(A,B,sid_of(A,B,pk(spk(sskA_2),kpk(kskA_2)),pk(spk(sskB_2),kpk(kskB_2)),sender_prekey(pk_skem_sender(senderSkA_2),sign(sskA_2,payload_sender(pk_skem_sender(senderSkA_2)))),receiver_prekey(pk_skem_receiver(receiverSkB_2),ekpk(ekskB_2),sign(sskB_2,payload_receiver(pk_skem_receiver(receiverSkB_2),ekpk(ekskB_2)))),msg(lkem_enc(kpk(kskB_2),rL_5),ekem_enc(ekpk(ekskB_2),rE_5),skem_enc(senderSkA_2,pk_skem_receiver(receiverSkB_2),rS_5))),kdf_bad(lkem_ss(kpk(kskB_2),rL_5),ekem_ss(ekpk(ekskB_2),rE_5),sid_of(A,B,pk(spk(sskA_2),kpk(kskA_2)),pk(spk(sskB_2),kpk(kskB_2)),sender_prekey(pk_skem_sender(senderSkA_2),sign(sskA_2,payload_sender(pk_skem_sender(senderSkA_2)))),receiver_prekey(pk_skem_receiver(receiverSkB_2),ekpk(ekskB_2),sign(sskB_2,payload_receiver(pk_skem_receiver(receiverSkB_2),ekpk(ekskB_2)))),msg(lkem_enc(kpk(kskB_2),rL_5),ekem_enc(ekpk(ekskB_2),rE_5),skem_enc(senderSkA_2,pk_skem_receiver(receiverSkB_2),rS_5))))) at {55} in copy a_9

event SendDone(A,B,sid_of(A,B,pk(spk(sskA_2),kpk(kskA_2)),pk(spk(sskB_2),kpk(kskB_2)),sender_prekey(pk_skem_sender(senderSkA_2),sign(sskA_2,payload_sender(pk_skem_sender(senderSkA_2)))),receiver_prekey(pk_skem_receiver(receiverSkB_2),ekpk(ekskB_2),sign(sskB_2,payload_receiver(pk_skem_receiver(receiverSkB_2),ekpk(ekskB_2)))),msg(lkem_enc(kpk(kskB_2),rL_5),ekem_enc(ekpk(ekskB_2),rE_5),skem_enc(senderSkA_2,pk_skem_receiver(receiverSkB_2),rS_5))),kdf_bad(lkem_ss(kpk(kskB_2),rL_5),ekem_ss(ekpk(ekskB_2),rE_5),sid_of(A,B,pk(spk(sskA_2),kpk(kskA_2)),pk(spk(sskB_2),kpk(kskB_2)),sender_prekey(pk_skem_sender(senderSkA_2),sign(sskA_2,payload_sender(pk_skem_sender(senderSkA_2)))),receiver_prekey(pk_skem_receiver(receiverSkB_2),ekpk(ekskB_2),sign(sskB_2,payload_receiver(pk_skem_receiver(receiverSkB_2),ekpk(ekskB_2)))),msg(lkem_enc(kpk(kskB_2),rL_5),ekem_enc(ekpk(ekskB_2),rE_5),skem_enc(senderSkA_2,pk_skem_receiver(receiverSkB_2),rS_5))))) at {56} in copy a_9

out(c, ~M_40) with ~M_40 = msg(lkem_enc(kpk(kskB_2),rL_5),ekem_enc(ekpk(ekskB_2),rE_5),skem_enc(senderSkA_2,pk_skem_receiver(receiverSkB_2),rS_5)) at {57} in copy a_9

in(c, ~M_3) with ~M_3 = receiver_prekey(pk_skem_receiver(receiverSkB_2),ekpk(ekskB_2),sign(sskB_2,payload_receiver(pk_skem_receiver(receiverSkB_2),ekpk(ekskB_2)))) at {29} in copy a_8

event ReceiverPrekeyVerified(A,B,receiver_prekey(pk_skem_receiver(receiverSkB_2),ekpk(ekskB_2),sign(sskB_2,payload_receiver(pk_skem_receiver(receiverSkB_2),ekpk(ekskB_2))))) at {35} in copy a_8

in(c, ~M_2) with ~M_2 = sender_prekey(pk_skem_sender(senderSkA_2),sign(sskA_2,payload_sender(pk_skem_sender(senderSkA_2)))) at {36} in copy a_8

event SenderPrekeyVerified(B,A,sender_prekey(pk_skem_sender(senderSkA_2),sign(sskA_2,payload_sender(pk_skem_sender(senderSkA_2))))) at {41} in copy a_8

new rL: randomness creating rL_6 at {42} in copy a_8

new rE: randomness creating rE_6 at {43} in copy a_8

new rS: randomness creating rS_6 at {44} in copy a_8

event AuthComponentSent(A,B,skem_enc(senderSkA_2,pk_skem_receiver(receiverSkB_2),rS_6),skem_ss(senderSkA_2,pk_skem_receiver(receiverSkB_2),rS_6)) at {51} in copy a_8

event SenderKey(A,B,sid_of(A,B,pk(spk(sskA_2),kpk(kskA_2)),pk(spk(sskB_2),kpk(kskB_2)),sender_prekey(pk_skem_sender(senderSkA_2),sign(sskA_2,payload_sender(pk_skem_sender(senderSkA_2)))),receiver_prekey(pk_skem_receiver(receiverSkB_2),ekpk(ekskB_2),sign(sskB_2,payload_receiver(pk_skem_receiver(receiverSkB_2),ekpk(ekskB_2)))),msg(lkem_enc(kpk(kskB_2),rL_6),ekem_enc(ekpk(ekskB_2),rE_6),skem_enc(senderSkA_2,pk_skem_receiver(receiverSkB_2),rS_6))),kdf_bad(lkem_ss(kpk(kskB_2),rL_6),ekem_ss(ekpk(ekskB_2),rE_6),sid_of(A,B,pk(spk(sskA_2),kpk(kskA_2)),pk(spk(sskB_2),kpk(kskB_2)),sender_prekey(pk_skem_sender(senderSkA_2),sign(sskA_2,payload_sender(pk_skem_sender(senderSkA_2)))),receiver_prekey(pk_skem_receiver(receiverSkB_2),ekpk(ekskB_2),sign(sskB_2,payload_receiver(pk_skem_receiver(receiverSkB_2),ekpk(ekskB_2)))),msg(lkem_enc(kpk(kskB_2),rL_6),ekem_enc(ekpk(ekskB_2),rE_6),skem_enc(senderSkA_2,pk_skem_receiver(receiverSkB_2),rS_6))))) at {55} in copy a_8

event SendDone(A,B,sid_of(A,B,pk(spk(sskA_2),kpk(kskA_2)),pk(spk(sskB_2),kpk(kskB_2)),sender_prekey(pk_skem_sender(senderSkA_2),sign(sskA_2,payload_sender(pk_skem_sender(senderSkA_2)))),receiver_prekey(pk_skem_receiver(receiverSkB_2),ekpk(ekskB_2),sign(sskB_2,payload_receiver(pk_skem_receiver(receiverSkB_2),ekpk(ekskB_2)))),msg(lkem_enc(kpk(kskB_2),rL_6),ekem_enc(ekpk(ekskB_2),rE_6),skem_enc(senderSkA_2,pk_skem_receiver(receiverSkB_2),rS_6))),kdf_bad(lkem_ss(kpk(kskB_2),rL_6),ekem_ss(ekpk(ekskB_2),rE_6),sid_of(A,B,pk(spk(sskA_2),kpk(kskA_2)),pk(spk(sskB_2),kpk(kskB_2)),sender_prekey(pk_skem_sender(senderSkA_2),sign(sskA_2,payload_sender(pk_skem_sender(senderSkA_2)))),receiver_prekey(pk_skem_receiver(receiverSkB_2),ekpk(ekskB_2),sign(sskB_2,payload_receiver(pk_skem_receiver(receiverSkB_2),ekpk(ekskB_2)))),msg(lkem_enc(kpk(kskB_2),rL_6),ekem_enc(ekpk(ekskB_2),rE_6),skem_enc(senderSkA_2,pk_skem_receiver(receiverSkB_2),rS_6))))) at {56} in copy a_8

out(c, ~M_41) with ~M_41 = msg(lkem_enc(kpk(kskB_2),rL_6),ekem_enc(ekpk(ekskB_2),rE_6),skem_enc(senderSkA_2,pk_skem_receiver(receiverSkB_2),rS_6)) at {57} in copy a_8

in(c, ~M_3) with ~M_3 = receiver_prekey(pk_skem_receiver(receiverSkB_2),ekpk(ekskB_2),sign(sskB_2,payload_receiver(pk_skem_receiver(receiverSkB_2),ekpk(ekskB_2)))) at {29} in copy a_7

event ReceiverPrekeyVerified(A,B,receiver_prekey(pk_skem_receiver(receiverSkB_2),ekpk(ekskB_2),sign(sskB_2,payload_receiver(pk_skem_receiver(receiverSkB_2),ekpk(ekskB_2))))) at {35} in copy a_7

in(c, ~M_2) with ~M_2 = sender_prekey(pk_skem_sender(senderSkA_2),sign(sskA_2,payload_sender(pk_skem_sender(senderSkA_2)))) at {36} in copy a_7

event SenderPrekeyVerified(B,A,sender_prekey(pk_skem_sender(senderSkA_2),sign(sskA_2,payload_sender(pk_skem_sender(senderSkA_2))))) at {41} in copy a_7

new rL: randomness creating rL_7 at {42} in copy a_7

new rE: randomness creating rE_7 at {43} in copy a_7

new rS: randomness creating rS_7 at {44} in copy a_7

event AuthComponentSent(A,B,skem_enc(senderSkA_2,pk_skem_receiver(receiverSkB_2),rS_7),skem_ss(senderSkA_2,pk_skem_receiver(receiverSkB_2),rS_7)) at {51} in copy a_7

event SenderKey(A,B,sid_of(A,B,pk(spk(sskA_2),kpk(kskA_2)),pk(spk(sskB_2),kpk(kskB_2)),sender_prekey(pk_skem_sender(senderSkA_2),sign(sskA_2,payload_sender(pk_skem_sender(senderSkA_2)))),receiver_prekey(pk_skem_receiver(receiverSkB_2),ekpk(ekskB_2),sign(sskB_2,payload_receiver(pk_skem_receiver(receiverSkB_2),ekpk(ekskB_2)))),msg(lkem_enc(kpk(kskB_2),rL_7),ekem_enc(ekpk(ekskB_2),rE_7),skem_enc(senderSkA_2,pk_skem_receiver(receiverSkB_2),rS_7))),kdf_bad(lkem_ss(kpk(kskB_2),rL_7),ekem_ss(ekpk(ekskB_2),rE_7),sid_of(A,B,pk(spk(sskA_2),kpk(kskA_2)),pk(spk(sskB_2),kpk(kskB_2)),sender_prekey(pk_skem_sender(senderSkA_2),sign(sskA_2,payload_sender(pk_skem_sender(senderSkA_2)))),receiver_prekey(pk_skem_receiver(receiverSkB_2),ekpk(ekskB_2),sign(sskB_2,payload_receiver(pk_skem_receiver(receiverSkB_2),ekpk(ekskB_2)))),msg(lkem_enc(kpk(kskB_2),rL_7),ekem_enc(ekpk(ekskB_2),rE_7),skem_enc(senderSkA_2,pk_skem_receiver(receiverSkB_2),rS_7))))) at {55} in copy a_7

event SendDone(A,B,sid_of(A,B,pk(spk(sskA_2),kpk(kskA_2)),pk(spk(sskB_2),kpk(kskB_2)),sender_prekey(pk_skem_sender(senderSkA_2),sign(sskA_2,payload_sender(pk_skem_sender(senderSkA_2)))),receiver_prekey(pk_skem_receiver(receiverSkB_2),ekpk(ekskB_2),sign(sskB_2,payload_receiver(pk_skem_receiver(receiverSkB_2),ekpk(ekskB_2)))),msg(lkem_enc(kpk(kskB_2),rL_7),ekem_enc(ekpk(ekskB_2),rE_7),skem_enc(senderSkA_2,pk_skem_receiver(receiverSkB_2),rS_7))),kdf_bad(lkem_ss(kpk(kskB_2),rL_7),ekem_ss(ekpk(ekskB_2),rE_7),sid_of(A,B,pk(spk(sskA_2),kpk(kskA_2)),pk(spk(sskB_2),kpk(kskB_2)),sender_prekey(pk_skem_sender(senderSkA_2),sign(sskA_2,payload_sender(pk_skem_sender(senderSkA_2)))),receiver_prekey(pk_skem_receiver(receiverSkB_2),ekpk(ekskB_2),sign(sskB_2,payload_receiver(pk_skem_receiver(receiverSkB_2),ekpk(ekskB_2)))),msg(lkem_enc(kpk(kskB_2),rL_7),ekem_enc(ekpk(ekskB_2),rE_7),skem_enc(senderSkA_2,pk_skem_receiver(receiverSkB_2),rS_7))))) at {56} in copy a_7

out(c, ~M_42) with ~M_42 = msg(lkem_enc(kpk(kskB_2),rL_7),ekem_enc(ekpk(ekskB_2),rE_7),skem_enc(senderSkA_2,pk_skem_receiver(receiverSkB_2),rS_7)) at {57} in copy a_7

in(c, ~M_3) with ~M_3 = receiver_prekey(pk_skem_receiver(receiverSkB_2),ekpk(ekskB_2),sign(sskB_2,payload_receiver(pk_skem_receiver(receiverSkB_2),ekpk(ekskB_2)))) at {29} in copy a_6

event ReceiverPrekeyVerified(A,B,receiver_prekey(pk_skem_receiver(receiverSkB_2),ekpk(ekskB_2),sign(sskB_2,payload_receiver(pk_skem_receiver(receiverSkB_2),ekpk(ekskB_2))))) at {35} in copy a_6

in(c, ~M_2) with ~M_2 = sender_prekey(pk_skem_sender(senderSkA_2),sign(sskA_2,payload_sender(pk_skem_sender(senderSkA_2)))) at {36} in copy a_6

event SenderPrekeyVerified(B,A,sender_prekey(pk_skem_sender(senderSkA_2),sign(sskA_2,payload_sender(pk_skem_sender(senderSkA_2))))) at {41} in copy a_6

new rL: randomness creating rL_8 at {42} in copy a_6

new rE: randomness creating rE_8 at {43} in copy a_6

new rS: randomness creating rS_8 at {44} in copy a_6

event AuthComponentSent(A,B,skem_enc(senderSkA_2,pk_skem_receiver(receiverSkB_2),rS_8),skem_ss(senderSkA_2,pk_skem_receiver(receiverSkB_2),rS_8)) at {51} in copy a_6

event SenderKey(A,B,sid_of(A,B,pk(spk(sskA_2),kpk(kskA_2)),pk(spk(sskB_2),kpk(kskB_2)),sender_prekey(pk_skem_sender(senderSkA_2),sign(sskA_2,payload_sender(pk_skem_sender(senderSkA_2)))),receiver_prekey(pk_skem_receiver(receiverSkB_2),ekpk(ekskB_2),sign(sskB_2,payload_receiver(pk_skem_receiver(receiverSkB_2),ekpk(ekskB_2)))),msg(lkem_enc(kpk(kskB_2),rL_8),ekem_enc(ekpk(ekskB_2),rE_8),skem_enc(senderSkA_2,pk_skem_receiver(receiverSkB_2),rS_8))),kdf_bad(lkem_ss(kpk(kskB_2),rL_8),ekem_ss(ekpk(ekskB_2),rE_8),sid_of(A,B,pk(spk(sskA_2),kpk(kskA_2)),pk(spk(sskB_2),kpk(kskB_2)),sender_prekey(pk_skem_sender(senderSkA_2),sign(sskA_2,payload_sender(pk_skem_sender(senderSkA_2)))),receiver_prekey(pk_skem_receiver(receiverSkB_2),ekpk(ekskB_2),sign(sskB_2,payload_receiver(pk_skem_receiver(receiverSkB_2),ekpk(ekskB_2)))),msg(lkem_enc(kpk(kskB_2),rL_8),ekem_enc(ekpk(ekskB_2),rE_8),skem_enc(senderSkA_2,pk_skem_receiver(receiverSkB_2),rS_8))))) at {55} in copy a_6

event SendDone(A,B,sid_of(A,B,pk(spk(sskA_2),kpk(kskA_2)),pk(spk(sskB_2),kpk(kskB_2)),sender_prekey(pk_skem_sender(senderSkA_2),sign(sskA_2,payload_sender(pk_skem_sender(senderSkA_2)))),receiver_prekey(pk_skem_receiver(receiverSkB_2),ekpk(ekskB_2),sign(sskB_2,payload_receiver(pk_skem_receiver(receiverSkB_2),ekpk(ekskB_2)))),msg(lkem_enc(kpk(kskB_2),rL_8),ekem_enc(ekpk(ekskB_2),rE_8),skem_enc(senderSkA_2,pk_skem_receiver(receiverSkB_2),rS_8))),kdf_bad(lkem_ss(kpk(kskB_2),rL_8),ekem_ss(ekpk(ekskB_2),rE_8),sid_of(A,B,pk(spk(sskA_2),kpk(kskA_2)),pk(spk(sskB_2),kpk(kskB_2)),sender_prekey(pk_skem_sender(senderSkA_2),sign(sskA_2,payload_sender(pk_skem_sender(senderSkA_2)))),receiver_prekey(pk_skem_receiver(receiverSkB_2),ekpk(ekskB_2),sign(sskB_2,payload_receiver(pk_skem_receiver(receiverSkB_2),ekpk(ekskB_2)))),msg(lkem_enc(kpk(kskB_2),rL_8),ekem_enc(ekpk(ekskB_2),rE_8),skem_enc(senderSkA_2,pk_skem_receiver(receiverSkB_2),rS_8))))) at {56} in copy a_6

out(c, ~M_43) with ~M_43 = msg(lkem_enc(kpk(kskB_2),rL_8),ekem_enc(ekpk(ekskB_2),rE_8),skem_enc(senderSkA_2,pk_skem_receiver(receiverSkB_2),rS_8)) at {57} in copy a_6

in(c, msg(get_lkem_ct(~M_40),get_ekem_ct(~M_41),get_skem_ct(~M_42))) with msg(get_lkem_ct(~M_40),get_ekem_ct(~M_41),get_skem_ct(~M_42)) = msg(lkem_enc(kpk(kskB_2),rL_5),ekem_enc(ekpk(ekskB_2),rE_6),skem_enc(senderSkA_2,pk_skem_receiver(receiverSkB_2),rS_7)) at {58} in copy a_6

event ReceiverLocalPrekeyUsed(B,A,receiver_prekey(pk_skem_receiver(receiverSkB_2),ekpk(ekskB_2),sign(sskB_2,payload_receiver(pk_skem_receiver(receiverSkB_2),ekpk(ekskB_2))))) at {62} in copy a_6

event AuthComponentAccepted(B,A,skem_enc(senderSkA_2,pk_skem_receiver(receiverSkB_2),rS_7),skem_ss(senderSkA_2,pk_skem_receiver(receiverSkB_2),rS_7)) at {66} in copy a_6

event RecvComputed(B,A,sid_of(A,B,pk(spk(sskA_2),kpk(kskA_2)),pk(spk(sskB_2),kpk(kskB_2)),sender_prekey(pk_skem_sender(senderSkA_2),sign(sskA_2,payload_sender(pk_skem_sender(senderSkA_2)))),receiver_prekey(pk_skem_receiver(receiverSkB_2),ekpk(ekskB_2),sign(sskB_2,payload_receiver(pk_skem_receiver(receiverSkB_2),ekpk(ekskB_2)))),msg(lkem_enc(kpk(kskB_2),rL_5),ekem_enc(ekpk(ekskB_2),rE_6),skem_enc(senderSkA_2,pk_skem_receiver(receiverSkB_2),rS_7))),kdf_bad(lkem_ss(kpk(kskB_2),rL_5),ekem_ss(ekpk(ekskB_2),rE_6),sid_of(A,B,pk(spk(sskA_2),kpk(kskA_2)),pk(spk(sskB_2),kpk(kskB_2)),sender_prekey(pk_skem_sender(senderSkA_2),sign(sskA_2,payload_sender(pk_skem_sender(senderSkA_2)))),receiver_prekey(pk_skem_receiver(receiverSkB_2),ekpk(ekskB_2),sign(sskB_2,payload_receiver(pk_skem_receiver(receiverSkB_2),ekpk(ekskB_2)))),msg(lkem_enc(kpk(kskB_2),rL_5),ekem_enc(ekpk(ekskB_2),rE_6),skem_enc(senderSkA_2,pk_skem_receiver(receiverSkB_2),rS_7))))) at {69} in copy a_6

event ReceiverKey(B,A,sid_of(A,B,pk(spk(sskA_2),kpk(kskA_2)),pk(spk(sskB_2),kpk(kskB_2)),sender_prekey(pk_skem_sender(senderSkA_2),sign(sskA_2,payload_sender(pk_skem_sender(senderSkA_2)))),receiver_prekey(pk_skem_receiver(receiverSkB_2),ekpk(ekskB_2),sign(sskB_2,payload_receiver(pk_skem_receiver(receiverSkB_2),ekpk(ekskB_2)))),msg(lkem_enc(kpk(kskB_2),rL_5),ekem_enc(ekpk(ekskB_2),rE_6),skem_enc(senderSkA_2,pk_skem_receiver(receiverSkB_2),rS_7))),kdf_bad(lkem_ss(kpk(kskB_2),rL_5),ekem_ss(ekpk(ekskB_2),rE_6),sid_of(A,B,pk(spk(sskA_2),kpk(kskA_2)),pk(spk(sskB_2),kpk(kskB_2)),sender_prekey(pk_skem_sender(senderSkA_2),sign(sskA_2,payload_sender(pk_skem_sender(senderSkA_2)))),receiver_prekey(pk_skem_receiver(receiverSkB_2),ekpk(ekskB_2),sign(sskB_2,payload_receiver(pk_skem_receiver(receiverSkB_2),ekpk(ekskB_2)))),msg(lkem_enc(kpk(kskB_2),rL_5),ekem_enc(ekpk(ekskB_2),rE_6),skem_enc(senderSkA_2,pk_skem_receiver(receiverSkB_2),rS_7))))) at {70} in copy a_6

event ProtectedData(B,A,sid_of(A,B,pk(spk(sskA_2),kpk(kskA_2)),pk(spk(sskB_2),kpk(kskB_2)),sender_prekey(pk_skem_sender(senderSkA_2),sign(sskA_2,payload_sender(pk_skem_sender(senderSkA_2)))),receiver_prekey(pk_skem_receiver(receiverSkB_2),ekpk(ekskB_2),sign(sskB_2,payload_receiver(pk_skem_receiver(receiverSkB_2),ekpk(ekskB_2)))),msg(lkem_enc(kpk(kskB_2),rL_5),ekem_enc(ekpk(ekskB_2),rE_6),skem_enc(senderSkA_2,pk_skem_receiver(receiverSkB_2),rS_7))),protectedPayload) at {71} in copy a_6 (goal)

out(c, ~M_44) with ~M_44 = senc(kdf_bad(lkem_ss(kpk(kskB_2),rL_5),ekem_ss(ekpk(ekskB_2),rE_6),sid_of(A,B,pk(spk(sskA_2),kpk(kskA_2)),pk(spk(sskB_2),kpk(kskB_2)),sender_prekey(pk_skem_sender(senderSkA_2),sign(sskA_2,payload_sender(pk_skem_sender(senderSkA_2)))),receiver_prekey(pk_skem_receiver(receiverSkB_2),ekpk(ekskB_2),sign(sskB_2,payload_receiver(pk_skem_receiver(receiverSkB_2),ekpk(ekskB_2)))),msg(lkem_enc(kpk(kskB_2),rL_5),ekem_enc(ekpk(ekskB_2),rE_6),skem_enc(senderSkA_2,pk_skem_receiver(receiverSkB_2),rS_7)))),protectedPayload) at {72} in copy a_6

event RecvDone(B,A,sid_of(A,B,pk(spk(sskA_2),kpk(kskA_2)),pk(spk(sskB_2),kpk(kskB_2)),sender_prekey(pk_skem_sender(senderSkA_2),sign(sskA_2,payload_sender(pk_skem_sender(senderSkA_2)))),receiver_prekey(pk_skem_receiver(receiverSkB_2),ekpk(ekskB_2),sign(sskB_2,payload_receiver(pk_skem_receiver(receiverSkB_2),ekpk(ekskB_2)))),msg(lkem_enc(kpk(kskB_2),rL_5),ekem_enc(ekpk(ekskB_2),rE_6),skem_enc(senderSkA_2,pk_skem_receiver(receiverSkB_2),rS_7))),kdf_bad(lkem_ss(kpk(kskB_2),rL_5),ekem_ss(ekpk(ekskB_2),rE_6),sid_of(A,B,pk(spk(sskA_2),kpk(kskA_2)),pk(spk(sskB_2),kpk(kskB_2)),sender_prekey(pk_skem_sender(senderSkA_2),sign(sskA_2,payload_sender(pk_skem_sender(senderSkA_2)))),receiver_prekey(pk_skem_receiver(receiverSkB_2),ekpk(ekskB_2),sign(sskB_2,payload_receiver(pk_skem_receiver(receiverSkB_2),ekpk(ekskB_2)))),msg(lkem_enc(kpk(kskB_2),rL_5),ekem_enc(ekpk(ekskB_2),rE_6),skem_enc(senderSkA_2,pk_skem_receiver(receiverSkB_2),rS_7))))) at {73} in copy a_6

event HonestRun(kdf_bad(lkem_ss(kpk(kskB_2),rL_5),ekem_ss(ekpk(ekskB_2),rE_6),sid_of(A,B,pk(spk(sskA_2),kpk(kskA_2)),pk(spk(sskB_2),kpk(kskB_2)),sender_prekey(pk_skem_sender(senderSkA_2),sign(sskA_2,payload_sender(pk_skem_sender(senderSkA_2)))),receiver_prekey(pk_skem_receiver(receiverSkB_2),ekpk(ekskB_2),sign(sskB_2,payload_receiver(pk_skem_receiver(receiverSkB_2),ekpk(ekskB_2)))),msg(lkem_enc(kpk(kskB_2),rL_5),ekem_enc(ekpk(ekskB_2),rE_6),skem_enc(senderSkA_2,pk_skem_receiver(receiverSkB_2),rS_7))))) at {74} in copy a_6

in(c, ~M_3) with ~M_3 = receiver_prekey(pk_skem_receiver(receiverSkB_2),ekpk(ekskB_2),sign(sskB_2,payload_receiver(pk_skem_receiver(receiverSkB_2),ekpk(ekskB_2)))) at {29} in copy a_3

event ReceiverPrekeyVerified(A,B,receiver_prekey(pk_skem_receiver(receiverSkB_2),ekpk(ekskB_2),sign(sskB_2,payload_receiver(pk_skem_receiver(receiverSkB_2),ekpk(ekskB_2))))) at {35} in copy a_3

in(c, ~M_2) with ~M_2 = sender_prekey(pk_skem_sender(senderSkA_2),sign(sskA_2,payload_sender(pk_skem_sender(senderSkA_2)))) at {36} in copy a_3

event SenderPrekeyVerified(B,A,sender_prekey(pk_skem_sender(senderSkA_2),sign(sskA_2,payload_sender(pk_skem_sender(senderSkA_2))))) at {41} in copy a_3

new rL: randomness creating rL_9 at {42} in copy a_3

new rE: randomness creating rE_9 at {43} in copy a_3

new rS: randomness creating rS_9 at {44} in copy a_3

event AuthComponentSent(A,B,skem_enc(senderSkA_2,pk_skem_receiver(receiverSkB_2),rS_9),skem_ss(senderSkA_2,pk_skem_receiver(receiverSkB_2),rS_9)) at {51} in copy a_3

event SenderKey(A,B,sid_of(A,B,pk(spk(sskA_2),kpk(kskA_2)),pk(spk(sskB_2),kpk(kskB_2)),sender_prekey(pk_skem_sender(senderSkA_2),sign(sskA_2,payload_sender(pk_skem_sender(senderSkA_2)))),receiver_prekey(pk_skem_receiver(receiverSkB_2),ekpk(ekskB_2),sign(sskB_2,payload_receiver(pk_skem_receiver(receiverSkB_2),ekpk(ekskB_2)))),msg(lkem_enc(kpk(kskB_2),rL_9),ekem_enc(ekpk(ekskB_2),rE_9),skem_enc(senderSkA_2,pk_skem_receiver(receiverSkB_2),rS_9))),kdf_bad(lkem_ss(kpk(kskB_2),rL_9),ekem_ss(ekpk(ekskB_2),rE_9),sid_of(A,B,pk(spk(sskA_2),kpk(kskA_2)),pk(spk(sskB_2),kpk(kskB_2)),sender_prekey(pk_skem_sender(senderSkA_2),sign(sskA_2,payload_sender(pk_skem_sender(senderSkA_2)))),receiver_prekey(pk_skem_receiver(receiverSkB_2),ekpk(ekskB_2),sign(sskB_2,payload_receiver(pk_skem_receiver(receiverSkB_2),ekpk(ekskB_2)))),msg(lkem_enc(kpk(kskB_2),rL_9),ekem_enc(ekpk(ekskB_2),rE_9),skem_enc(senderSkA_2,pk_skem_receiver(receiverSkB_2),rS_9))))) at {55} in copy a_3

event SendDone(A,B,sid_of(A,B,pk(spk(sskA_2),kpk(kskA_2)),pk(spk(sskB_2),kpk(kskB_2)),sender_prekey(pk_skem_sender(senderSkA_2),sign(sskA_2,payload_sender(pk_skem_sender(senderSkA_2)))),receiver_prekey(pk_skem_receiver(receiverSkB_2),ekpk(ekskB_2),sign(sskB_2,payload_receiver(pk_skem_receiver(receiverSkB_2),ekpk(ekskB_2)))),msg(lkem_enc(kpk(kskB_2),rL_9),ekem_enc(ekpk(ekskB_2),rE_9),skem_enc(senderSkA_2,pk_skem_receiver(receiverSkB_2),rS_9))),kdf_bad(lkem_ss(kpk(kskB_2),rL_9),ekem_ss(ekpk(ekskB_2),rE_9),sid_of(A,B,pk(spk(sskA_2),kpk(kskA_2)),pk(spk(sskB_2),kpk(kskB_2)),sender_prekey(pk_skem_sender(senderSkA_2),sign(sskA_2,payload_sender(pk_skem_sender(senderSkA_2)))),receiver_prekey(pk_skem_receiver(receiverSkB_2),ekpk(ekskB_2),sign(sskB_2,payload_receiver(pk_skem_receiver(receiverSkB_2),ekpk(ekskB_2)))),msg(lkem_enc(kpk(kskB_2),rL_9),ekem_enc(ekpk(ekskB_2),rE_9),skem_enc(senderSkA_2,pk_skem_receiver(receiverSkB_2),rS_9))))) at {56} in copy a_3

out(c, ~M_45) with ~M_45 = msg(lkem_enc(kpk(kskB_2),rL_9),ekem_enc(ekpk(ekskB_2),rE_9),skem_enc(senderSkA_2,pk_skem_receiver(receiverSkB_2),rS_9)) at {57} in copy a_3

in(c, ~M_3) with ~M_3 = receiver_prekey(pk_skem_receiver(receiverSkB_2),ekpk(ekskB_2),sign(sskB_2,payload_receiver(pk_skem_receiver(receiverSkB_2),ekpk(ekskB_2)))) at {29} in copy a

event ReceiverPrekeyVerified(A,B,receiver_prekey(pk_skem_receiver(receiverSkB_2),ekpk(ekskB_2),sign(sskB_2,payload_receiver(pk_skem_receiver(receiverSkB_2),ekpk(ekskB_2))))) at {35} in copy a

in(c, ~M_2) with ~M_2 = sender_prekey(pk_skem_sender(senderSkA_2),sign(sskA_2,payload_sender(pk_skem_sender(senderSkA_2)))) at {36} in copy a

event SenderPrekeyVerified(B,A,sender_prekey(pk_skem_sender(senderSkA_2),sign(sskA_2,payload_sender(pk_skem_sender(senderSkA_2))))) at {41} in copy a

new rL: randomness creating rL_10 at {42} in copy a

new rE: randomness creating rE_10 at {43} in copy a

new rS: randomness creating rS_10 at {44} in copy a

event AuthComponentSent(A,B,skem_enc(senderSkA_2,pk_skem_receiver(receiverSkB_2),rS_10),skem_ss(senderSkA_2,pk_skem_receiver(receiverSkB_2),rS_10)) at {51} in copy a

event SenderKey(A,B,sid_of(A,B,pk(spk(sskA_2),kpk(kskA_2)),pk(spk(sskB_2),kpk(kskB_2)),sender_prekey(pk_skem_sender(senderSkA_2),sign(sskA_2,payload_sender(pk_skem_sender(senderSkA_2)))),receiver_prekey(pk_skem_receiver(receiverSkB_2),ekpk(ekskB_2),sign(sskB_2,payload_receiver(pk_skem_receiver(receiverSkB_2),ekpk(ekskB_2)))),msg(lkem_enc(kpk(kskB_2),rL_10),ekem_enc(ekpk(ekskB_2),rE_10),skem_enc(senderSkA_2,pk_skem_receiver(receiverSkB_2),rS_10))),kdf_bad(lkem_ss(kpk(kskB_2),rL_10),ekem_ss(ekpk(ekskB_2),rE_10),sid_of(A,B,pk(spk(sskA_2),kpk(kskA_2)),pk(spk(sskB_2),kpk(kskB_2)),sender_prekey(pk_skem_sender(senderSkA_2),sign(sskA_2,payload_sender(pk_skem_sender(senderSkA_2)))),receiver_prekey(pk_skem_receiver(receiverSkB_2),ekpk(ekskB_2),sign(sskB_2,payload_receiver(pk_skem_receiver(receiverSkB_2),ekpk(ekskB_2)))),msg(lkem_enc(kpk(kskB_2),rL_10),ekem_enc(ekpk(ekskB_2),rE_10),skem_enc(senderSkA_2,pk_skem_receiver(receiverSkB_2),rS_10))))) at {55} in copy a

event SendDone(A,B,sid_of(A,B,pk(spk(sskA_2),kpk(kskA_2)),pk(spk(sskB_2),kpk(kskB_2)),sender_prekey(pk_skem_sender(senderSkA_2),sign(sskA_2,payload_sender(pk_skem_sender(senderSkA_2)))),receiver_prekey(pk_skem_receiver(receiverSkB_2),ekpk(ekskB_2),sign(sskB_2,payload_receiver(pk_skem_receiver(receiverSkB_2),ekpk(ekskB_2)))),msg(lkem_enc(kpk(kskB_2),rL_10),ekem_enc(ekpk(ekskB_2),rE_10),skem_enc(senderSkA_2,pk_skem_receiver(receiverSkB_2),rS_10))),kdf_bad(lkem_ss(kpk(kskB_2),rL_10),ekem_ss(ekpk(ekskB_2),rE_10),sid_of(A,B,pk(spk(sskA_2),kpk(kskA_2)),pk(spk(sskB_2),kpk(kskB_2)),sender_prekey(pk_skem_sender(senderSkA_2),sign(sskA_2,payload_sender(pk_skem_sender(senderSkA_2)))),receiver_prekey(pk_skem_receiver(receiverSkB_2),ekpk(ekskB_2),sign(sskB_2,payload_receiver(pk_skem_receiver(receiverSkB_2),ekpk(ekskB_2)))),msg(lkem_enc(kpk(kskB_2),rL_10),ekem_enc(ekpk(ekskB_2),rE_10),skem_enc(senderSkA_2,pk_skem_receiver(receiverSkB_2),rS_10))))) at {56} in copy a

out(c, ~M_46) with ~M_46 = msg(lkem_enc(kpk(kskB_2),rL_10),ekem_enc(ekpk(ekskB_2),rE_10),skem_enc(senderSkA_2,pk_skem_receiver(receiverSkB_2),rS_10)) at {57} in copy a

in(c, msg(lkem_enc(get_kem_pk(~M_1),a_10),ekem_enc(get_receiver_prekey_ekpk(~M_3),a_11),get_skem_ct(~M_45))) with msg(lkem_enc(get_kem_pk(~M_1),a_10),ekem_enc(get_receiver_prekey_ekpk(~M_3),a_11),get_skem_ct(~M_45)) = msg(lkem_enc(kpk(kskB_2),a_10),ekem_enc(ekpk(ekskB_2),a_11),skem_enc(senderSkA_2,pk_skem_receiver(receiverSkB_2),rS_9)) at {58} in copy a

event ReceiverLocalPrekeyUsed(B,A,receiver_prekey(pk_skem_receiver(receiverSkB_2),ekpk(ekskB_2),sign(sskB_2,payload_receiver(pk_skem_receiver(receiverSkB_2),ekpk(ekskB_2))))) at {62} in copy a

event AuthComponentAccepted(B,A,skem_enc(senderSkA_2,pk_skem_receiver(receiverSkB_2),rS_9),skem_ss(senderSkA_2,pk_skem_receiver(receiverSkB_2),rS_9)) at {66} in copy a

event RecvComputed(B,A,sid_of(A,B,pk(spk(sskA_2),kpk(kskA_2)),pk(spk(sskB_2),kpk(kskB_2)),sender_prekey(pk_skem_sender(senderSkA_2),sign(sskA_2,payload_sender(pk_skem_sender(senderSkA_2)))),receiver_prekey(pk_skem_receiver(receiverSkB_2),ekpk(ekskB_2),sign(sskB_2,payload_receiver(pk_skem_receiver(receiverSkB_2),ekpk(ekskB_2)))),msg(lkem_enc(kpk(kskB_2),a_10),ekem_enc(ekpk(ekskB_2),a_11),skem_enc(senderSkA_2,pk_skem_receiver(receiverSkB_2),rS_9))),kdf_bad(lkem_ss(kpk(kskB_2),a_10),ekem_ss(ekpk(ekskB_2),a_11),sid_of(A,B,pk(spk(sskA_2),kpk(kskA_2)),pk(spk(sskB_2),kpk(kskB_2)),sender_prekey(pk_skem_sender(senderSkA_2),sign(sskA_2,payload_sender(pk_skem_sender(senderSkA_2)))),receiver_prekey(pk_skem_receiver(receiverSkB_2),ekpk(ekskB_2),sign(sskB_2,payload_receiver(pk_skem_receiver(receiverSkB_2),ekpk(ekskB_2)))),msg(lkem_enc(kpk(kskB_2),a_10),ekem_enc(ekpk(ekskB_2),a_11),skem_enc(senderSkA_2,pk_skem_receiver(receiverSkB_2),rS_9))))) at {69} in copy a

event ReceiverKey(B,A,sid_of(A,B,pk(spk(sskA_2),kpk(kskA_2)),pk(spk(sskB_2),kpk(kskB_2)),sender_prekey(pk_skem_sender(senderSkA_2),sign(sskA_2,payload_sender(pk_skem_sender(senderSkA_2)))),receiver_prekey(pk_skem_receiver(receiverSkB_2),ekpk(ekskB_2),sign(sskB_2,payload_receiver(pk_skem_receiver(receiverSkB_2),ekpk(ekskB_2)))),msg(lkem_enc(kpk(kskB_2),a_10),ekem_enc(ekpk(ekskB_2),a_11),skem_enc(senderSkA_2,pk_skem_receiver(receiverSkB_2),rS_9))),kdf_bad(lkem_ss(kpk(kskB_2),a_10),ekem_ss(ekpk(ekskB_2),a_11),sid_of(A,B,pk(spk(sskA_2),kpk(kskA_2)),pk(spk(sskB_2),kpk(kskB_2)),sender_prekey(pk_skem_sender(senderSkA_2),sign(sskA_2,payload_sender(pk_skem_sender(senderSkA_2)))),receiver_prekey(pk_skem_receiver(receiverSkB_2),ekpk(ekskB_2),sign(sskB_2,payload_receiver(pk_skem_receiver(receiverSkB_2),ekpk(ekskB_2)))),msg(lkem_enc(kpk(kskB_2),a_10),ekem_enc(ekpk(ekskB_2),a_11),skem_enc(senderSkA_2,pk_skem_receiver(receiverSkB_2),rS_9))))) at {70} in copy a

event ProtectedData(B,A,sid_of(A,B,pk(spk(sskA_2),kpk(kskA_2)),pk(spk(sskB_2),kpk(kskB_2)),sender_prekey(pk_skem_sender(senderSkA_2),sign(sskA_2,payload_sender(pk_skem_sender(senderSkA_2)))),receiver_prekey(pk_skem_receiver(receiverSkB_2),ekpk(ekskB_2),sign(sskB_2,payload_receiver(pk_skem_receiver(receiverSkB_2),ekpk(ekskB_2)))),msg(lkem_enc(kpk(kskB_2),a_10),ekem_enc(ekpk(ekskB_2),a_11),skem_enc(senderSkA_2,pk_skem_receiver(receiverSkB_2),rS_9))),protectedPayload) at {71} in copy a

out(c, ~M_47) with ~M_47 = senc(kdf_bad(lkem_ss(kpk(kskB_2),a_10),ekem_ss(ekpk(ekskB_2),a_11),sid_of(A,B,pk(spk(sskA_2),kpk(kskA_2)),pk(spk(sskB_2),kpk(kskB_2)),sender_prekey(pk_skem_sender(senderSkA_2),sign(sskA_2,payload_sender(pk_skem_sender(senderSkA_2)))),receiver_prekey(pk_skem_receiver(receiverSkB_2),ekpk(ekskB_2),sign(sskB_2,payload_receiver(pk_skem_receiver(receiverSkB_2),ekpk(ekskB_2)))),msg(lkem_enc(kpk(kskB_2),a_10),ekem_enc(ekpk(ekskB_2),a_11),skem_enc(senderSkA_2,pk_skem_receiver(receiverSkB_2),rS_9)))),protectedPayload) at {72} in copy a

event RecvDone(B,A,sid_of(A,B,pk(spk(sskA_2),kpk(kskA_2)),pk(spk(sskB_2),kpk(kskB_2)),sender_prekey(pk_skem_sender(senderSkA_2),sign(sskA_2,payload_sender(pk_skem_sender(senderSkA_2)))),receiver_prekey(pk_skem_receiver(receiverSkB_2),ekpk(ekskB_2),sign(sskB_2,payload_receiver(pk_skem_receiver(receiverSkB_2),ekpk(ekskB_2)))),msg(lkem_enc(kpk(kskB_2),a_10),ekem_enc(ekpk(ekskB_2),a_11),skem_enc(senderSkA_2,pk_skem_receiver(receiverSkB_2),rS_9))),kdf_bad(lkem_ss(kpk(kskB_2),a_10),ekem_ss(ekpk(ekskB_2),a_11),sid_of(A,B,pk(spk(sskA_2),kpk(kskA_2)),pk(spk(sskB_2),kpk(kskB_2)),sender_prekey(pk_skem_sender(senderSkA_2),sign(sskA_2,payload_sender(pk_skem_sender(senderSkA_2)))),receiver_prekey(pk_skem_receiver(receiverSkB_2),ekpk(ekskB_2),sign(sskB_2,payload_receiver(pk_skem_receiver(receiverSkB_2),ekpk(ekskB_2)))),msg(lkem_enc(kpk(kskB_2),a_10),ekem_enc(ekpk(ekskB_2),a_11),skem_enc(senderSkA_2,pk_skem_receiver(receiverSkB_2),rS_9))))) at {73} in copy a

event HonestRun(kdf_bad(lkem_ss(kpk(kskB_2),a_10),ekem_ss(ekpk(ekskB_2),a_11),sid_of(A,B,pk(spk(sskA_2),kpk(kskA_2)),pk(spk(sskB_2),kpk(kskB_2)),sender_prekey(pk_skem_sender(senderSkA_2),sign(sskA_2,payload_sender(pk_skem_sender(senderSkA_2)))),receiver_prekey(pk_skem_receiver(receiverSkB_2),ekpk(ekskB_2),sign(sskB_2,payload_receiver(pk_skem_receiver(receiverSkB_2),ekpk(ekskB_2)))),msg(lkem_enc(kpk(kskB_2),a_10),ekem_enc(ekpk(ekskB_2),a_11),skem_enc(senderSkA_2,pk_skem_receiver(receiverSkB_2),rS_9))))) at {74} in copy a

The event ProtectedData(B,A,sid_of(A,B,pk(spk(sskA_2),kpk(kskA_2)),pk(spk(sskB_2),kpk(kskB_2)),sender_prekey(pk_skem_sender(senderSkA_2),sign(sskA_2,payload_sender(pk_skem_sender(senderSkA_2)))),receiver_prekey(pk_skem_receiver(receiverSkB_2),ekpk(ekskB_2),sign(sskB_2,payload_receiver(pk_skem_receiver(receiverSkB_2),ekpk(ekskB_2)))),msg(lkem_enc(kpk(kskB_2),rL_5),ekem_enc(ekpk(ekskB_2),rE_6),skem_enc(senderSkA_2,pk_skem_receiver(receiverSkB_2),rS_7))),protectedPayload) is executed at {71} in copy a_6.
The attacker has the message sdec(kdf_bad(lkem_ss(get_kem_pk(~M_1),a_10),ekem_ss(get_receiver_prekey_ekpk(~M_3),a_11),sid_of(A,B,~M,~M_1,~M_2,~M_3,msg(lkem_enc(get_kem_pk(~M_1),a_10),ekem_enc(get_receiver_prekey_ekpk(~M_3),a_11),get_skem_ct(~M_45)))),~M_47) = protectedPayload.
A trace has been found.
RESULT not (event(ProtectedData(B_1,A_1,s,d)) && attacker(d)) is false.

--------------------------------------------------------------
Verification summary:

Query not event(HonestRun(k)) is false.

Query event(RecvDone(B_1,A_1,s,k)) ==> event(SendDone(A_1,B_1,s,k)) is false.

Query not (event(ReceiverKey(B_1,A_1,s,k)) && attacker(k)) is false.

Query event(AuthComponentAccepted(B_1,A_1,cts,Ks)) ==> event(AuthComponentSent(A_1,B_1,cts,Ks)) is true.

Query not (event(ProtectedData(B_1,A_1,s,d)) && attacker(d)) is false.

--------------------------------------------------------------

