Process 0 (that is, the initial process):
{1}new sskA: sig_sk;
{2}new kskA: kem_sk;
{3}new sskB: sig_sk;
{4}new kskB: kem_sk;
{5}new senderSkA: skem_sender_sk;
{6}new receiverSkB: skem_receiver_sk;
{7}new ekskB: ekem_sk;
(
    {8}let sskA_1: sig_sk = sskA in
    {9}let kskA_1: kem_sk = kskA in
    {10}let sskB_1: sig_sk = sskB in
    {11}let kskB_1: kem_sk = kskB in
    {12}let senderSkA_1: skem_sender_sk = senderSkA in
    {13}let receiverSkB_1: skem_receiver_sk = receiverSkB in
    {14}let ekskB_1: ekem_sk = ekskB in
    {15}let spkA: sig_pk = spk(sskA_1) in
    {16}let kpkA: kem_pk = kpk(kskA_1) in
    {17}let pkA: pk_tuple = pk(spkA,kpkA) in
    {18}let spkB: sig_pk = spk(sskB_1) in
    {19}let kpkB: kem_pk = kpk(kskB_1) in
    {20}let pkB: pk_tuple = pk(spkB,kpkB) in
    {21}out(c, spkA);
    {22}out(c, kpkA);
    {23}out(c, pkA);
    {24}out(c, spkB);
    {25}out(c, kpkB);
    {26}out(c, pkB);
    {27}let senderPkA: skem_sender_pk = pk_skem_sender(senderSkA_1) in
    {28}let senderPayloadA: prekey_payload = payload_sender(senderPkA) in
    {29}let senderSigA: signature = sign(sskA_1,senderPayloadA) in
    {30}let senderPrekeyA: sender_prekey_bundle = sender_prekey(senderPkA,senderSigA) in
    {31}out(c, senderPrekeyA);
    {32}let receiverPkB: skem_receiver_pk = pk_skem_receiver(receiverSkB_1) in
    {33}let ekpkB: ekem_pk = ekpk(ekskB_1) in
    {34}let receiverPayloadB: prekey_payload = payload_receiver(receiverPkB,ekpkB) in
    {35}let receiverSigB: signature = sign(sskB_1,receiverPayloadB) in
    {36}let receiverPrekeyB: receiver_prekey_bundle = receiver_prekey(receiverPkB,ekpkB,receiverSigB) in
    {37}out(c, receiverPrekeyB);
    {38}in(c, receiverPrekeyFromNet: receiver_prekey_bundle);
    {39}let receiverPkFromNet: skem_receiver_pk = get_receiver_prekey_pk(receiverPrekeyFromNet) in
    {40}let ekpkFromNet: ekem_pk = get_receiver_prekey_ekpk(receiverPrekeyFromNet) in
    {41}let receiverSigFromNet: signature = get_receiver_prekey_sig(receiverPrekeyFromNet) in
    {42}let receiverPayloadFromNet: prekey_payload = payload_receiver(receiverPkFromNet,ekpkFromNet) in
    {43}let =true = verify(spkB,receiverPayloadFromNet,receiverSigFromNet) in
    {44}event ReceiverPrekeyVerified(A,B,receiverPrekeyFromNet);
    {45}in(c, senderPrekeyFromNet: sender_prekey_bundle);
    {46}let senderPkFromNet: skem_sender_pk = get_sender_prekey_pk(senderPrekeyFromNet) in
    {47}let senderSigFromNet: signature = get_sender_prekey_sig(senderPrekeyFromNet) in
    {48}let senderPayloadFromNet: prekey_payload = payload_sender(senderPkFromNet) in
    {49}let =true = verify(spkA,senderPayloadFromNet,senderSigFromNet) in
    {50}event SenderPrekeyVerified(B,A,senderPrekeyFromNet);
    {51}new rL: randomness;
    {52}new rE: randomness;
    {53}new rS: randomness;
    {54}let ctL: kem_ct = lkem_enc(kpkB,rL) in
    {55}let KL: shared_secret = lkem_ss(kpkB,rL) in
    {56}let ctE: ekem_ct = ekem_enc(ekpkFromNet,rE) in
    {57}let KE: shared_secret = ekem_ss(ekpkFromNet,rE) in
    {58}let ctS: skem_ct = skem_enc(senderSkA_1,receiverPkFromNet,rS) in
    {59}let KS: shared_secret = skem_ss(senderSkA_1,receiverPkFromNet,rS) in
    {60}event SenderSplitKemComponent(A,B,ctS,KS);
    {61}let m: message_tuple = msg(ctL,ctE,ctS) in
    {62}out(c, m);
    {63}let sidAB: sid_t = sid_of(A,B,pkA,pkB,senderPrekeyA,receiverPrekeyFromNet,m) in
    {64}let kSend: session_key = kdf(KL,KE,KS,sidAB) in
    {65}event SenderKey(A,B,sidAB,kSend);
    {66}event SendDone(A,B,sidAB,kSend);
    {67}in(c, mFromNet: message_tuple);
    {68}let ctLFromNet: kem_ct = get_lkem_ct(mFromNet) in
    {69}let ctEFromNet: ekem_ct = get_ekem_ct(mFromNet) in
    {70}let ctSFromNet: skem_ct = get_skem_ct(mFromNet) in
    {71}let KL2: shared_secret = lkem_dec(kskB_1,ctLFromNet) in
    {72}let KE2: shared_secret = ekem_dec(ekskB_1,ctEFromNet) in
    {73}let KS2: shared_secret = skem_dec(receiverSkB_1,senderPkFromNet,ctSFromNet) in
    {74}event SplitKemAccepted(B,A,ctSFromNet,KS2);
    {75}let sidBA: sid_t = sid_of(A,B,pkA,pkB,senderPrekeyFromNet,receiverPrekeyFromNet,mFromNet) in
    {76}let kRecv: session_key = kdf(KL2,KE2,KS2,sidBA) in
    {77}event RecvComputed(B,A,sidBA,kRecv);
    {78}event ReceiverKey(B,A,sidBA,kRecv);
    {79}event RecvDone(B,A,sidBA,kRecv);
    {80}event HonestRun(kRecv)
) | (
    {81}let kskB_2: kem_sk = kskB in
    {82}event CompromiseKemSk(B);
    {83}out(c, kskB_2)
) | (
    {84}let ekskB_2: ekem_sk = ekskB in
    {85}event CompromiseReceiverEkemState(B);
    {86}out(c, ekskB_2)
) | (
    {87}let receiverSkB_2: skem_receiver_sk = receiverSkB in
    {88}event CompromiseReceiverSkemState(B);
    {89}out(c, receiverSkB_2)
)

File "D:\kwaay-formal\logs\final\proverif\LEAK_ALL_RECEIVER_SECRETS.pv", line 119, character 7:
Warning: identifier A rebound.
File "D:\kwaay-formal\logs\final\proverif\LEAK_ALL_RECEIVER_SECRETS.pv", line 119, character 17:
Warning: identifier B rebound.
File "D:\kwaay-formal\logs\final\proverif\LEAK_ALL_RECEIVER_SECRETS.pv", line 122, character 7:
Warning: identifier A rebound.
File "D:\kwaay-formal\logs\final\proverif\LEAK_ALL_RECEIVER_SECRETS.pv", line 122, character 17:
Warning: identifier B rebound.
File "D:\kwaay-formal\logs\final\proverif\LEAK_ALL_RECEIVER_SECRETS.pv", line 124, character 7:
Warning: identifier A rebound.
File "D:\kwaay-formal\logs\final\proverif\LEAK_ALL_RECEIVER_SECRETS.pv", line 124, character 17:
Warning: identifier B rebound.
File "D:\kwaay-formal\logs\final\proverif\LEAK_ALL_RECEIVER_SECRETS.pv", line 128, character 7:
Warning: identifier A rebound.
File "D:\kwaay-formal\logs\final\proverif\LEAK_ALL_RECEIVER_SECRETS.pv", line 128, character 17:
Warning: identifier B rebound.
File "D:\kwaay-formal\logs\final\proverif\LEAK_ALL_RECEIVER_SECRETS.pv", line 130, character 7:
Warning: identifier A rebound.
File "D:\kwaay-formal\logs\final\proverif\LEAK_ALL_RECEIVER_SECRETS.pv", line 130, character 17:
Warning: identifier B rebound.
--  Process 1 (that is, process 0, with let moved downwards):
{1}new sskA: sig_sk;
{2}new kskA: kem_sk;
{3}new sskB: sig_sk;
{4}new kskB: kem_sk;
{5}new senderSkA: skem_sender_sk;
{6}new receiverSkB: skem_receiver_sk;
{7}new ekskB: ekem_sk;
(
    {8}let sskA_1: sig_sk = sskA in
    {15}let spkA: sig_pk = spk(sskA_1) in
    {21}out(c, spkA);
    {9}let kskA_1: kem_sk = kskA in
    {16}let kpkA: kem_pk = kpk(kskA_1) in
    {22}out(c, kpkA);
    {17}let pkA: pk_tuple = pk(spkA,kpkA) in
    {23}out(c, pkA);
    {10}let sskB_1: sig_sk = sskB in
    {18}let spkB: sig_pk = spk(sskB_1) in
    {24}out(c, spkB);
    {11}let kskB_1: kem_sk = kskB in
    {19}let kpkB: kem_pk = kpk(kskB_1) in
    {25}out(c, kpkB);
    {20}let pkB: pk_tuple = pk(spkB,kpkB) in
    {26}out(c, pkB);
    {12}let senderSkA_1: skem_sender_sk = senderSkA in
    {27}let senderPkA: skem_sender_pk = pk_skem_sender(senderSkA_1) in
    {28}let senderPayloadA: prekey_payload = payload_sender(senderPkA) in
    {29}let senderSigA: signature = sign(sskA_1,senderPayloadA) in
    {30}let senderPrekeyA: sender_prekey_bundle = sender_prekey(senderPkA,senderSigA) in
    {31}out(c, senderPrekeyA);
    {14}let ekskB_1: ekem_sk = ekskB in
    {33}let ekpkB: ekem_pk = ekpk(ekskB_1) in
    {13}let receiverSkB_1: skem_receiver_sk = receiverSkB in
    {32}let receiverPkB: skem_receiver_pk = pk_skem_receiver(receiverSkB_1) in
    {34}let receiverPayloadB: prekey_payload = payload_receiver(receiverPkB,ekpkB) in
    {35}let receiverSigB: signature = sign(sskB_1,receiverPayloadB) in
    {36}let receiverPrekeyB: receiver_prekey_bundle = receiver_prekey(receiverPkB,ekpkB,receiverSigB) in
    {37}out(c, receiverPrekeyB);
    {38}in(c, receiverPrekeyFromNet: receiver_prekey_bundle);
    {39}let receiverPkFromNet: skem_receiver_pk = get_receiver_prekey_pk(receiverPrekeyFromNet) in
    {40}let ekpkFromNet: ekem_pk = get_receiver_prekey_ekpk(receiverPrekeyFromNet) in
    {41}let receiverSigFromNet: signature = get_receiver_prekey_sig(receiverPrekeyFromNet) in
    {42}let receiverPayloadFromNet: prekey_payload = payload_receiver(receiverPkFromNet,ekpkFromNet) in
    {43}let =true = verify(spkB,receiverPayloadFromNet,receiverSigFromNet) in
    {44}event ReceiverPrekeyVerified(A,B,receiverPrekeyFromNet);
    {45}in(c, senderPrekeyFromNet: sender_prekey_bundle);
    {46}let senderPkFromNet: skem_sender_pk = get_sender_prekey_pk(senderPrekeyFromNet) in
    {47}let senderSigFromNet: signature = get_sender_prekey_sig(senderPrekeyFromNet) in
    {48}let senderPayloadFromNet: prekey_payload = payload_sender(senderPkFromNet) in
    {49}let =true = verify(spkA,senderPayloadFromNet,senderSigFromNet) in
    {50}event SenderPrekeyVerified(B,A,senderPrekeyFromNet);
    {51}new rL: randomness;
    {52}new rE: randomness;
    {53}new rS: randomness;
    {59}let KS: shared_secret = skem_ss(senderSkA_1,receiverPkFromNet,rS) in
    {58}let ctS: skem_ct = skem_enc(senderSkA_1,receiverPkFromNet,rS) in
    {60}event SenderSplitKemComponent(A,B,ctS,KS);
    {56}let ctE: ekem_ct = ekem_enc(ekpkFromNet,rE) in
    {54}let ctL: kem_ct = lkem_enc(kpkB,rL) in
    {61}let m: message_tuple = msg(ctL,ctE,ctS) in
    {62}out(c, m);
    {63}let sidAB: sid_t = sid_of(A,B,pkA,pkB,senderPrekeyA,receiverPrekeyFromNet,m) in
    {57}let KE: shared_secret = ekem_ss(ekpkFromNet,rE) in
    {55}let KL: shared_secret = lkem_ss(kpkB,rL) in
    {64}let kSend: session_key = kdf(KL,KE,KS,sidAB) in
    {65}event SenderKey(A,B,sidAB,kSend);
    {66}event SendDone(A,B,sidAB,kSend);
    {67}in(c, mFromNet: message_tuple);
    {68}let ctLFromNet: kem_ct = get_lkem_ct(mFromNet) in
    {69}let ctEFromNet: ekem_ct = get_ekem_ct(mFromNet) in
    {70}let ctSFromNet: skem_ct = get_skem_ct(mFromNet) in
    {71}let KL2: shared_secret = lkem_dec(kskB_1,ctLFromNet) in
    {72}let KE2: shared_secret = ekem_dec(ekskB_1,ctEFromNet) in
    {73}let KS2: shared_secret = skem_dec(receiverSkB_1,senderPkFromNet,ctSFromNet) in
    {74}event SplitKemAccepted(B,A,ctSFromNet,KS2);
    {75}let sidBA: sid_t = sid_of(A,B,pkA,pkB,senderPrekeyFromNet,receiverPrekeyFromNet,mFromNet) in
    {76}let kRecv: session_key = kdf(KL2,KE2,KS2,sidBA) in
    {77}event RecvComputed(B,A,sidBA,kRecv);
    {78}event ReceiverKey(B,A,sidBA,kRecv);
    {79}event RecvDone(B,A,sidBA,kRecv);
    {80}event HonestRun(kRecv)
) | (
    {82}event CompromiseKemSk(B);
    {81}let kskB_2: kem_sk = kskB in
    {83}out(c, kskB_2)
) | (
    {85}event CompromiseReceiverEkemState(B);
    {84}let ekskB_2: ekem_sk = ekskB in
    {86}out(c, ekskB_2)
) | (
    {88}event CompromiseReceiverSkemState(B);
    {87}let receiverSkB_2: skem_receiver_sk = receiverSkB in
    {89}out(c, receiverSkB_2)
)

-- Query not event(HonestRun(k)) in process 1.
Translating the process into Horn clauses...
Completing...
200 rules inserted. Base: 164 rules (59 with conclusion selected). Queue: 14 rules.
Starting query not event(HonestRun(k))
goal reachable: attacker(r) && attacker(r_1) -> event(HonestRun(kdf(lkem_ss(kpk(kskB[]),r),ekem_ss(ekpk(ekskB[]),r_1),skem_ss(senderSkA[],pk_skem_receiver(receiverSkB[]),rS_1),sid_of(A[],B[],pk(spk(sskA[]),kpk(kskA[])),pk(spk(sskB[]),kpk(kskB[])),sender_prekey(pk_skem_sender(senderSkA[]),sign(sskA[],payload_sender(pk_skem_sender(senderSkA[])))),receiver_prekey(pk_skem_receiver(receiverSkB[]),ekpk(ekskB[]),sign(sskB[],payload_receiver(pk_skem_receiver(receiverSkB[]),ekpk(ekskB[])))),msg(lkem_enc(kpk(kskB[]),r),ekem_enc(ekpk(ekskB[]),r_1),skem_enc(senderSkA[],pk_skem_receiver(receiverSkB[]),rS_1))))))
Abbreviations:
rS_1 = rS[senderPrekeyFromNet = sender_prekey(pk_skem_sender(senderSkA[]),sign(sskA[],payload_sender(pk_skem_sender(senderSkA[])))),receiverPrekeyFromNet = receiver_prekey(pk_skem_receiver(receiverSkB[]),ekpk(ekskB[]),sign(sskB[],payload_receiver(pk_skem_receiver(receiverSkB[]),ekpk(ekskB[]))))]

Derivation:
Abbreviations:
rS_1 = rS[senderPrekeyFromNet = sender_prekey(pk_skem_sender(senderSkA[]),sign(sskA[],payload_sender(pk_skem_sender(senderSkA[])))),receiverPrekeyFromNet = receiver_prekey(pk_skem_receiver(receiverSkB[]),ekpk(ekskB[]),sign(sskB[],payload_receiver(pk_skem_receiver(receiverSkB[]),ekpk(ekskB[]))))]
rL_1 = rL[senderPrekeyFromNet = sender_prekey(pk_skem_sender(senderSkA[]),sign(sskA[],payload_sender(pk_skem_sender(senderSkA[])))),receiverPrekeyFromNet = receiver_prekey(pk_skem_receiver(receiverSkB[]),ekpk(ekskB[]),sign(sskB[],payload_receiver(pk_skem_receiver(receiverSkB[]),ekpk(ekskB[]))))]
rE_1 = rE[senderPrekeyFromNet = sender_prekey(pk_skem_sender(senderSkA[]),sign(sskA[],payload_sender(pk_skem_sender(senderSkA[])))),receiverPrekeyFromNet = receiver_prekey(pk_skem_receiver(receiverSkB[]),ekpk(ekskB[]),sign(sskB[],payload_receiver(pk_skem_receiver(receiverSkB[]),ekpk(ekskB[]))))]

1. The message receiver_prekey(pk_skem_receiver(receiverSkB[]),ekpk(ekskB[]),sign(sskB[],payload_receiver(pk_skem_receiver(receiverSkB[]),ekpk(ekskB[])))) may be sent to the attacker at output {37}.
attacker(receiver_prekey(pk_skem_receiver(receiverSkB[]),ekpk(ekskB[]),sign(sskB[],payload_receiver(pk_skem_receiver(receiverSkB[]),ekpk(ekskB[]))))).

2. The message sender_prekey(pk_skem_sender(senderSkA[]),sign(sskA[],payload_sender(pk_skem_sender(senderSkA[])))) may be sent to the attacker at output {31}.
attacker(sender_prekey(pk_skem_sender(senderSkA[]),sign(sskA[],payload_sender(pk_skem_sender(senderSkA[]))))).

3. The message receiver_prekey(pk_skem_receiver(receiverSkB[]),ekpk(ekskB[]),sign(sskB[],payload_receiver(pk_skem_receiver(receiverSkB[]),ekpk(ekskB[])))) that the attacker may have by 1 may be received at input {38}.
The message sender_prekey(pk_skem_sender(senderSkA[]),sign(sskA[],payload_sender(pk_skem_sender(senderSkA[])))) that the attacker may have by 2 may be received at input {45}.
So the message msg(lkem_enc(kpk(kskB[]),rL_1),ekem_enc(ekpk(ekskB[]),rE_1),skem_enc(senderSkA[],pk_skem_receiver(receiverSkB[]),rS_1)) may be sent to the attacker at output {62}.
attacker(msg(lkem_enc(kpk(kskB[]),rL_1),ekem_enc(ekpk(ekskB[]),rE_1),skem_enc(senderSkA[],pk_skem_receiver(receiverSkB[]),rS_1))).

4. By 3, the attacker may know msg(lkem_enc(kpk(kskB[]),rL_1),ekem_enc(ekpk(ekskB[]),rE_1),skem_enc(senderSkA[],pk_skem_receiver(receiverSkB[]),rS_1)).
Using the function get_skem_ct the attacker may obtain skem_enc(senderSkA[],pk_skem_receiver(receiverSkB[]),rS_1).
attacker(skem_enc(senderSkA[],pk_skem_receiver(receiverSkB[]),rS_1)).

5. We assume as hypothesis that
attacker(r).

6. The message ekskB[] may be sent to the attacker at output {86}.
attacker(ekskB[]).

7. By 6, the attacker may know ekskB[].
Using the function ekpk the attacker may obtain ekpk(ekskB[]).
attacker(ekpk(ekskB[])).

8. By 7, the attacker may know ekpk(ekskB[]).
By 5, the attacker may know r.
Using the function ekem_enc the attacker may obtain ekem_enc(ekpk(ekskB[]),r).
attacker(ekem_enc(ekpk(ekskB[]),r)).

9. We assume as hypothesis that
attacker(r_1).

10. The message kpk(kskB[]) may be sent to the attacker at output {25}.
attacker(kpk(kskB[])).

11. By 10, the attacker may know kpk(kskB[]).
By 9, the attacker may know r_1.
Using the function lkem_enc the attacker may obtain lkem_enc(kpk(kskB[]),r_1).
attacker(lkem_enc(kpk(kskB[]),r_1)).

12. By 11, the attacker may know lkem_enc(kpk(kskB[]),r_1).
By 8, the attacker may know ekem_enc(ekpk(ekskB[]),r).
By 4, the attacker may know skem_enc(senderSkA[],pk_skem_receiver(receiverSkB[]),rS_1).
Using the function msg the attacker may obtain msg(lkem_enc(kpk(kskB[]),r_1),ekem_enc(ekpk(ekskB[]),r),skem_enc(senderSkA[],pk_skem_receiver(receiverSkB[]),rS_1)).
attacker(msg(lkem_enc(kpk(kskB[]),r_1),ekem_enc(ekpk(ekskB[]),r),skem_enc(senderSkA[],pk_skem_receiver(receiverSkB[]),rS_1))).

13. The message receiver_prekey(pk_skem_receiver(receiverSkB[]),ekpk(ekskB[]),sign(sskB[],payload_receiver(pk_skem_receiver(receiverSkB[]),ekpk(ekskB[])))) that the attacker may have by 1 may be received at input {38}.
The message sender_prekey(pk_skem_sender(senderSkA[]),sign(sskA[],payload_sender(pk_skem_sender(senderSkA[])))) that the attacker may have by 2 may be received at input {45}.
The message msg(lkem_enc(kpk(kskB[]),r_1),ekem_enc(ekpk(ekskB[]),r),skem_enc(senderSkA[],pk_skem_receiver(receiverSkB[]),rS_1)) that the attacker may have by 12 may be received at input {67}.
So event HonestRun(kdf(lkem_ss(kpk(kskB[]),r_1),ekem_ss(ekpk(ekskB[]),r),skem_ss(senderSkA[],pk_skem_receiver(receiverSkB[]),rS_1),sid_of(A[],B[],pk(spk(sskA[]),kpk(kskA[])),pk(spk(sskB[]),kpk(kskB[])),sender_prekey(pk_skem_sender(senderSkA[]),sign(sskA[],payload_sender(pk_skem_sender(senderSkA[])))),receiver_prekey(pk_skem_receiver(receiverSkB[]),ekpk(ekskB[]),sign(sskB[],payload_receiver(pk_skem_receiver(receiverSkB[]),ekpk(ekskB[])))),msg(lkem_enc(kpk(kskB[]),r_1),ekem_enc(ekpk(ekskB[]),r),skem_enc(senderSkA[],pk_skem_receiver(receiverSkB[]),rS_1))))) may be executed at {80}.
event(HonestRun(kdf(lkem_ss(kpk(kskB[]),r_1),ekem_ss(ekpk(ekskB[]),r),skem_ss(senderSkA[],pk_skem_receiver(receiverSkB[]),rS_1),sid_of(A[],B[],pk(spk(sskA[]),kpk(kskA[])),pk(spk(sskB[]),kpk(kskB[])),sender_prekey(pk_skem_sender(senderSkA[]),sign(sskA[],payload_sender(pk_skem_sender(senderSkA[])))),receiver_prekey(pk_skem_receiver(receiverSkB[]),ekpk(ekskB[]),sign(sskB[],payload_receiver(pk_skem_receiver(receiverSkB[]),ekpk(ekskB[])))),msg(lkem_enc(kpk(kskB[]),r_1),ekem_enc(ekpk(ekskB[]),r),skem_enc(senderSkA[],pk_skem_receiver(receiverSkB[]),rS_1)))))).

14. By 13, event(HonestRun(kdf(lkem_ss(kpk(kskB[]),r_1),ekem_ss(ekpk(ekskB[]),r),skem_ss(senderSkA[],pk_skem_receiver(receiverSkB[]),rS_1),sid_of(A[],B[],pk(spk(sskA[]),kpk(kskA[])),pk(spk(sskB[]),kpk(kskB[])),sender_prekey(pk_skem_sender(senderSkA[]),sign(sskA[],payload_sender(pk_skem_sender(senderSkA[])))),receiver_prekey(pk_skem_receiver(receiverSkB[]),ekpk(ekskB[]),sign(sskB[],payload_receiver(pk_skem_receiver(receiverSkB[]),ekpk(ekskB[])))),msg(lkem_enc(kpk(kskB[]),r_1),ekem_enc(ekpk(ekskB[]),r),skem_enc(senderSkA[],pk_skem_receiver(receiverSkB[]),rS_1)))))).
The goal is reached, represented in the following fact:
event(HonestRun(kdf(lkem_ss(kpk(kskB[]),r_1),ekem_ss(ekpk(ekskB[]),r),skem_ss(senderSkA[],pk_skem_receiver(receiverSkB[]),rS_1),sid_of(A[],B[],pk(spk(sskA[]),kpk(kskA[])),pk(spk(sskB[]),kpk(kskB[])),sender_prekey(pk_skem_sender(senderSkA[]),sign(sskA[],payload_sender(pk_skem_sender(senderSkA[])))),receiver_prekey(pk_skem_receiver(receiverSkB[]),ekpk(ekskB[]),sign(sskB[],payload_receiver(pk_skem_receiver(receiverSkB[]),ekpk(ekskB[])))),msg(lkem_enc(kpk(kskB[]),r_1),ekem_enc(ekpk(ekskB[]),r),skem_enc(senderSkA[],pk_skem_receiver(receiverSkB[]),rS_1)))))).


A more detailed output of the traces is available with
  set traceDisplay = long.

new sskA: sig_sk creating sskA_2 at {1}

new kskA: kem_sk creating kskA_2 at {2}

new sskB: sig_sk creating sskB_2 at {3}

new kskB: kem_sk creating kskB_3 at {4}

new senderSkA: skem_sender_sk creating senderSkA_2 at {5}

new receiverSkB: skem_receiver_sk creating receiverSkB_3 at {6}

new ekskB: ekem_sk creating ekskB_3 at {7}

event CompromiseReceiverSkemState(B) at {88}

out(c, ~M) with ~M = receiverSkB_3 at {89}

event CompromiseReceiverEkemState(B) at {85}

out(c, ~M_1) with ~M_1 = ekskB_3 at {86}

event CompromiseKemSk(B) at {82}

out(c, ~M_2) with ~M_2 = kskB_3 at {83}

out(c, ~M_3) with ~M_3 = spk(sskA_2) at {21}

out(c, ~M_4) with ~M_4 = kpk(kskA_2) at {22}

out(c, ~M_5) with ~M_5 = pk(spk(sskA_2),kpk(kskA_2)) at {23}

out(c, ~M_6) with ~M_6 = spk(sskB_2) at {24}

out(c, ~M_7) with ~M_7 = kpk(kskB_3) at {25}

out(c, ~M_8) with ~M_8 = pk(spk(sskB_2),kpk(kskB_3)) at {26}

out(c, ~M_9) with ~M_9 = sender_prekey(pk_skem_sender(senderSkA_2),sign(sskA_2,payload_sender(pk_skem_sender(senderSkA_2)))) at {31}

out(c, ~M_10) with ~M_10 = receiver_prekey(pk_skem_receiver(receiverSkB_3),ekpk(ekskB_3),sign(sskB_2,payload_receiver(pk_skem_receiver(receiverSkB_3),ekpk(ekskB_3)))) at {37}

in(c, ~M_10) with ~M_10 = receiver_prekey(pk_skem_receiver(receiverSkB_3),ekpk(ekskB_3),sign(sskB_2,payload_receiver(pk_skem_receiver(receiverSkB_3),ekpk(ekskB_3)))) at {38}

event ReceiverPrekeyVerified(A,B,receiver_prekey(pk_skem_receiver(receiverSkB_3),ekpk(ekskB_3),sign(sskB_2,payload_receiver(pk_skem_receiver(receiverSkB_3),ekpk(ekskB_3))))) at {44}

in(c, ~M_9) with ~M_9 = sender_prekey(pk_skem_sender(senderSkA_2),sign(sskA_2,payload_sender(pk_skem_sender(senderSkA_2)))) at {45}

event SenderPrekeyVerified(B,A,sender_prekey(pk_skem_sender(senderSkA_2),sign(sskA_2,payload_sender(pk_skem_sender(senderSkA_2))))) at {50}

new rL: randomness creating rL_2 at {51}

new rE: randomness creating rE_2 at {52}

new rS: randomness creating rS_2 at {53}

event SenderSplitKemComponent(A,B,skem_enc(senderSkA_2,pk_skem_receiver(receiverSkB_3),rS_2),skem_ss(senderSkA_2,pk_skem_receiver(receiverSkB_3),rS_2)) at {60}

out(c, ~M_11) with ~M_11 = msg(lkem_enc(kpk(kskB_3),rL_2),ekem_enc(ekpk(ekskB_3),rE_2),skem_enc(senderSkA_2,pk_skem_receiver(receiverSkB_3),rS_2)) at {62}

event SenderKey(A,B,sid_of(A,B,pk(spk(sskA_2),kpk(kskA_2)),pk(spk(sskB_2),kpk(kskB_3)),sender_prekey(pk_skem_sender(senderSkA_2),sign(sskA_2,payload_sender(pk_skem_sender(senderSkA_2)))),receiver_prekey(pk_skem_receiver(receiverSkB_3),ekpk(ekskB_3),sign(sskB_2,payload_receiver(pk_skem_receiver(receiverSkB_3),ekpk(ekskB_3)))),msg(lkem_enc(kpk(kskB_3),rL_2),ekem_enc(ekpk(ekskB_3),rE_2),skem_enc(senderSkA_2,pk_skem_receiver(receiverSkB_3),rS_2))),kdf(lkem_ss(kpk(kskB_3),rL_2),ekem_ss(ekpk(ekskB_3),rE_2),skem_ss(senderSkA_2,pk_skem_receiver(receiverSkB_3),rS_2),sid_of(A,B,pk(spk(sskA_2),kpk(kskA_2)),pk(spk(sskB_2),kpk(kskB_3)),sender_prekey(pk_skem_sender(senderSkA_2),sign(sskA_2,payload_sender(pk_skem_sender(senderSkA_2)))),receiver_prekey(pk_skem_receiver(receiverSkB_3),ekpk(ekskB_3),sign(sskB_2,payload_receiver(pk_skem_receiver(receiverSkB_3),ekpk(ekskB_3)))),msg(lkem_enc(kpk(kskB_3),rL_2),ekem_enc(ekpk(ekskB_3),rE_2),skem_enc(senderSkA_2,pk_skem_receiver(receiverSkB_3),rS_2))))) at {65}

event SendDone(A,B,sid_of(A,B,pk(spk(sskA_2),kpk(kskA_2)),pk(spk(sskB_2),kpk(kskB_3)),sender_prekey(pk_skem_sender(senderSkA_2),sign(sskA_2,payload_sender(pk_skem_sender(senderSkA_2)))),receiver_prekey(pk_skem_receiver(receiverSkB_3),ekpk(ekskB_3),sign(sskB_2,payload_receiver(pk_skem_receiver(receiverSkB_3),ekpk(ekskB_3)))),msg(lkem_enc(kpk(kskB_3),rL_2),ekem_enc(ekpk(ekskB_3),rE_2),skem_enc(senderSkA_2,pk_skem_receiver(receiverSkB_3),rS_2))),kdf(lkem_ss(kpk(kskB_3),rL_2),ekem_ss(ekpk(ekskB_3),rE_2),skem_ss(senderSkA_2,pk_skem_receiver(receiverSkB_3),rS_2),sid_of(A,B,pk(spk(sskA_2),kpk(kskA_2)),pk(spk(sskB_2),kpk(kskB_3)),sender_prekey(pk_skem_sender(senderSkA_2),sign(sskA_2,payload_sender(pk_skem_sender(senderSkA_2)))),receiver_prekey(pk_skem_receiver(receiverSkB_3),ekpk(ekskB_3),sign(sskB_2,payload_receiver(pk_skem_receiver(receiverSkB_3),ekpk(ekskB_3)))),msg(lkem_enc(kpk(kskB_3),rL_2),ekem_enc(ekpk(ekskB_3),rE_2),skem_enc(senderSkA_2,pk_skem_receiver(receiverSkB_3),rS_2))))) at {66}

in(c, msg(lkem_enc(~M_7,a),ekem_enc(ekpk(~M_1),a_1),get_skem_ct(~M_11))) with msg(lkem_enc(~M_7,a),ekem_enc(ekpk(~M_1),a_1),get_skem_ct(~M_11)) = msg(lkem_enc(kpk(kskB_3),a),ekem_enc(ekpk(ekskB_3),a_1),skem_enc(senderSkA_2,pk_skem_receiver(receiverSkB_3),rS_2)) at {67}

event SplitKemAccepted(B,A,skem_enc(senderSkA_2,pk_skem_receiver(receiverSkB_3),rS_2),skem_ss(senderSkA_2,pk_skem_receiver(receiverSkB_3),rS_2)) at {74}

event RecvComputed(B,A,sid_of(A,B,pk(spk(sskA_2),kpk(kskA_2)),pk(spk(sskB_2),kpk(kskB_3)),sender_prekey(pk_skem_sender(senderSkA_2),sign(sskA_2,payload_sender(pk_skem_sender(senderSkA_2)))),receiver_prekey(pk_skem_receiver(receiverSkB_3),ekpk(ekskB_3),sign(sskB_2,payload_receiver(pk_skem_receiver(receiverSkB_3),ekpk(ekskB_3)))),msg(lkem_enc(kpk(kskB_3),a),ekem_enc(ekpk(ekskB_3),a_1),skem_enc(senderSkA_2,pk_skem_receiver(receiverSkB_3),rS_2))),kdf(lkem_ss(kpk(kskB_3),a),ekem_ss(ekpk(ekskB_3),a_1),skem_ss(senderSkA_2,pk_skem_receiver(receiverSkB_3),rS_2),sid_of(A,B,pk(spk(sskA_2),kpk(kskA_2)),pk(spk(sskB_2),kpk(kskB_3)),sender_prekey(pk_skem_sender(senderSkA_2),sign(sskA_2,payload_sender(pk_skem_sender(senderSkA_2)))),receiver_prekey(pk_skem_receiver(receiverSkB_3),ekpk(ekskB_3),sign(sskB_2,payload_receiver(pk_skem_receiver(receiverSkB_3),ekpk(ekskB_3)))),msg(lkem_enc(kpk(kskB_3),a),ekem_enc(ekpk(ekskB_3),a_1),skem_enc(senderSkA_2,pk_skem_receiver(receiverSkB_3),rS_2))))) at {77}

event ReceiverKey(B,A,sid_of(A,B,pk(spk(sskA_2),kpk(kskA_2)),pk(spk(sskB_2),kpk(kskB_3)),sender_prekey(pk_skem_sender(senderSkA_2),sign(sskA_2,payload_sender(pk_skem_sender(senderSkA_2)))),receiver_prekey(pk_skem_receiver(receiverSkB_3),ekpk(ekskB_3),sign(sskB_2,payload_receiver(pk_skem_receiver(receiverSkB_3),ekpk(ekskB_3)))),msg(lkem_enc(kpk(kskB_3),a),ekem_enc(ekpk(ekskB_3),a_1),skem_enc(senderSkA_2,pk_skem_receiver(receiverSkB_3),rS_2))),kdf(lkem_ss(kpk(kskB_3),a),ekem_ss(ekpk(ekskB_3),a_1),skem_ss(senderSkA_2,pk_skem_receiver(receiverSkB_3),rS_2),sid_of(A,B,pk(spk(sskA_2),kpk(kskA_2)),pk(spk(sskB_2),kpk(kskB_3)),sender_prekey(pk_skem_sender(senderSkA_2),sign(sskA_2,payload_sender(pk_skem_sender(senderSkA_2)))),receiver_prekey(pk_skem_receiver(receiverSkB_3),ekpk(ekskB_3),sign(sskB_2,payload_receiver(pk_skem_receiver(receiverSkB_3),ekpk(ekskB_3)))),msg(lkem_enc(kpk(kskB_3),a),ekem_enc(ekpk(ekskB_3),a_1),skem_enc(senderSkA_2,pk_skem_receiver(receiverSkB_3),rS_2))))) at {78}

event RecvDone(B,A,sid_of(A,B,pk(spk(sskA_2),kpk(kskA_2)),pk(spk(sskB_2),kpk(kskB_3)),sender_prekey(pk_skem_sender(senderSkA_2),sign(sskA_2,payload_sender(pk_skem_sender(senderSkA_2)))),receiver_prekey(pk_skem_receiver(receiverSkB_3),ekpk(ekskB_3),sign(sskB_2,payload_receiver(pk_skem_receiver(receiverSkB_3),ekpk(ekskB_3)))),msg(lkem_enc(kpk(kskB_3),a),ekem_enc(ekpk(ekskB_3),a_1),skem_enc(senderSkA_2,pk_skem_receiver(receiverSkB_3),rS_2))),kdf(lkem_ss(kpk(kskB_3),a),ekem_ss(ekpk(ekskB_3),a_1),skem_ss(senderSkA_2,pk_skem_receiver(receiverSkB_3),rS_2),sid_of(A,B,pk(spk(sskA_2),kpk(kskA_2)),pk(spk(sskB_2),kpk(kskB_3)),sender_prekey(pk_skem_sender(senderSkA_2),sign(sskA_2,payload_sender(pk_skem_sender(senderSkA_2)))),receiver_prekey(pk_skem_receiver(receiverSkB_3),ekpk(ekskB_3),sign(sskB_2,payload_receiver(pk_skem_receiver(receiverSkB_3),ekpk(ekskB_3)))),msg(lkem_enc(kpk(kskB_3),a),ekem_enc(ekpk(ekskB_3),a_1),skem_enc(senderSkA_2,pk_skem_receiver(receiverSkB_3),rS_2))))) at {79}

event HonestRun(kdf(lkem_ss(kpk(kskB_3),a),ekem_ss(ekpk(ekskB_3),a_1),skem_ss(senderSkA_2,pk_skem_receiver(receiverSkB_3),rS_2),sid_of(A,B,pk(spk(sskA_2),kpk(kskA_2)),pk(spk(sskB_2),kpk(kskB_3)),sender_prekey(pk_skem_sender(senderSkA_2),sign(sskA_2,payload_sender(pk_skem_sender(senderSkA_2)))),receiver_prekey(pk_skem_receiver(receiverSkB_3),ekpk(ekskB_3),sign(sskB_2,payload_receiver(pk_skem_receiver(receiverSkB_3),ekpk(ekskB_3)))),msg(lkem_enc(kpk(kskB_3),a),ekem_enc(ekpk(ekskB_3),a_1),skem_enc(senderSkA_2,pk_skem_receiver(receiverSkB_3),rS_2))))) at {80} (goal)

The event HonestRun(kdf(lkem_ss(kpk(kskB_3),a),ekem_ss(ekpk(ekskB_3),a_1),skem_ss(senderSkA_2,pk_skem_receiver(receiverSkB_3),rS_2),sid_of(A,B,pk(spk(sskA_2),kpk(kskA_2)),pk(spk(sskB_2),kpk(kskB_3)),sender_prekey(pk_skem_sender(senderSkA_2),sign(sskA_2,payload_sender(pk_skem_sender(senderSkA_2)))),receiver_prekey(pk_skem_receiver(receiverSkB_3),ekpk(ekskB_3),sign(sskB_2,payload_receiver(pk_skem_receiver(receiverSkB_3),ekpk(ekskB_3)))),msg(lkem_enc(kpk(kskB_3),a),ekem_enc(ekpk(ekskB_3),a_1),skem_enc(senderSkA_2,pk_skem_receiver(receiverSkB_3),rS_2))))) is executed at {80}.
A trace has been found.
RESULT not event(HonestRun(k)) is false.
-- Query event(RecvDone(B_1,A_1,s,k)) ==> event(SendDone(A_1,B_1,s,k)) in process 1.
Translating the process into Horn clauses...
Completing...
200 rules inserted. Base: 164 rules (59 with conclusion selected). Queue: 14 rules.
Starting query event(RecvDone(B_1,A_1,s,k)) ==> event(SendDone(A_1,B_1,s,k))
goal reachable: attacker(r) && attacker(r_1) && b-event(SendDone(A[],B[],sid_of(A[],B[],pk(spk(sskA[]),kpk(kskA[])),pk(spk(sskB[]),kpk(kskB[])),sender_prekey(pk_skem_sender(senderSkA[]),sign(sskA[],payload_sender(pk_skem_sender(senderSkA[])))),receiver_prekey(pk_skem_receiver(receiverSkB[]),ekpk(ekskB[]),sign(sskB[],payload_receiver(pk_skem_receiver(receiverSkB[]),ekpk(ekskB[])))),msg(lkem_enc(kpk(kskB[]),rL_1),ekem_enc(ekpk(ekskB[]),rE_1),skem_enc(senderSkA[],pk_skem_receiver(receiverSkB[]),rS_1))),kdf(lkem_ss(kpk(kskB[]),rL_1),ekem_ss(ekpk(ekskB[]),rE_1),skem_ss(senderSkA[],pk_skem_receiver(receiverSkB[]),rS_1),sid_of(A[],B[],pk(spk(sskA[]),kpk(kskA[])),pk(spk(sskB[]),kpk(kskB[])),sender_prekey(pk_skem_sender(senderSkA[]),sign(sskA[],payload_sender(pk_skem_sender(senderSkA[])))),receiver_prekey(pk_skem_receiver(receiverSkB[]),ekpk(ekskB[]),sign(sskB[],payload_receiver(pk_skem_receiver(receiverSkB[]),ekpk(ekskB[])))),msg(lkem_enc(kpk(kskB[]),rL_1),ekem_enc(ekpk(ekskB[]),rE_1),skem_enc(senderSkA[],pk_skem_receiver(receiverSkB[]),rS_1)))))) -> event(RecvDone(B[],A[],sid_of(A[],B[],pk(spk(sskA[]),kpk(kskA[])),pk(spk(sskB[]),kpk(kskB[])),sender_prekey(pk_skem_sender(senderSkA[]),sign(sskA[],payload_sender(pk_skem_sender(senderSkA[])))),receiver_prekey(pk_skem_receiver(receiverSkB[]),ekpk(ekskB[]),sign(sskB[],payload_receiver(pk_skem_receiver(receiverSkB[]),ekpk(ekskB[])))),msg(lkem_enc(kpk(kskB[]),r),ekem_enc(ekpk(ekskB[]),r_1),skem_enc(senderSkA[],pk_skem_receiver(receiverSkB[]),rS_1))),kdf(lkem_ss(kpk(kskB[]),r),ekem_ss(ekpk(ekskB[]),r_1),skem_ss(senderSkA[],pk_skem_receiver(receiverSkB[]),rS_1),sid_of(A[],B[],pk(spk(sskA[]),kpk(kskA[])),pk(spk(sskB[]),kpk(kskB[])),sender_prekey(pk_skem_sender(senderSkA[]),sign(sskA[],payload_sender(pk_skem_sender(senderSkA[])))),receiver_prekey(pk_skem_receiver(receiverSkB[]),ekpk(ekskB[]),sign(sskB[],payload_receiver(pk_skem_receiver(receiverSkB[]),ekpk(ekskB[])))),msg(lkem_enc(kpk(kskB[]),r),ekem_enc(ekpk(ekskB[]),r_1),skem_enc(senderSkA[],pk_skem_receiver(receiverSkB[]),rS_1))))))
Abbreviations:
rS_1 = rS[senderPrekeyFromNet = sender_prekey(pk_skem_sender(senderSkA[]),sign(sskA[],payload_sender(pk_skem_sender(senderSkA[])))),receiverPrekeyFromNet = receiver_prekey(pk_skem_receiver(receiverSkB[]),ekpk(ekskB[]),sign(sskB[],payload_receiver(pk_skem_receiver(receiverSkB[]),ekpk(ekskB[]))))]
rL_1 = rL[senderPrekeyFromNet = sender_prekey(pk_skem_sender(senderSkA[]),sign(sskA[],payload_sender(pk_skem_sender(senderSkA[])))),receiverPrekeyFromNet = receiver_prekey(pk_skem_receiver(receiverSkB[]),ekpk(ekskB[]),sign(sskB[],payload_receiver(pk_skem_receiver(receiverSkB[]),ekpk(ekskB[]))))]
rE_1 = rE[senderPrekeyFromNet = sender_prekey(pk_skem_sender(senderSkA[]),sign(sskA[],payload_sender(pk_skem_sender(senderSkA[])))),receiverPrekeyFromNet = receiver_prekey(pk_skem_receiver(receiverSkB[]),ekpk(ekskB[]),sign(sskB[],payload_receiver(pk_skem_receiver(receiverSkB[]),ekpk(ekskB[]))))]

Derivation:
Abbreviations:
rS_1 = rS[senderPrekeyFromNet = sender_prekey(pk_skem_sender(senderSkA[]),sign(sskA[],payload_sender(pk_skem_sender(senderSkA[])))),receiverPrekeyFromNet = receiver_prekey(pk_skem_receiver(receiverSkB[]),ekpk(ekskB[]),sign(sskB[],payload_receiver(pk_skem_receiver(receiverSkB[]),ekpk(ekskB[]))))]
rL_1 = rL[senderPrekeyFromNet = sender_prekey(pk_skem_sender(senderSkA[]),sign(sskA[],payload_sender(pk_skem_sender(senderSkA[])))),receiverPrekeyFromNet = receiver_prekey(pk_skem_receiver(receiverSkB[]),ekpk(ekskB[]),sign(sskB[],payload_receiver(pk_skem_receiver(receiverSkB[]),ekpk(ekskB[]))))]
rE_1 = rE[senderPrekeyFromNet = sender_prekey(pk_skem_sender(senderSkA[]),sign(sskA[],payload_sender(pk_skem_sender(senderSkA[])))),receiverPrekeyFromNet = receiver_prekey(pk_skem_receiver(receiverSkB[]),ekpk(ekskB[]),sign(sskB[],payload_receiver(pk_skem_receiver(receiverSkB[]),ekpk(ekskB[]))))]

1. The message receiver_prekey(pk_skem_receiver(receiverSkB[]),ekpk(ekskB[]),sign(sskB[],payload_receiver(pk_skem_receiver(receiverSkB[]),ekpk(ekskB[])))) may be sent to the attacker at output {37}.
attacker(receiver_prekey(pk_skem_receiver(receiverSkB[]),ekpk(ekskB[]),sign(sskB[],payload_receiver(pk_skem_receiver(receiverSkB[]),ekpk(ekskB[]))))).

2. The message sender_prekey(pk_skem_sender(senderSkA[]),sign(sskA[],payload_sender(pk_skem_sender(senderSkA[])))) may be sent to the attacker at output {31}.
attacker(sender_prekey(pk_skem_sender(senderSkA[]),sign(sskA[],payload_sender(pk_skem_sender(senderSkA[]))))).

3. The message receiver_prekey(pk_skem_receiver(receiverSkB[]),ekpk(ekskB[]),sign(sskB[],payload_receiver(pk_skem_receiver(receiverSkB[]),ekpk(ekskB[])))) that the attacker may have by 1 may be received at input {38}.
The message sender_prekey(pk_skem_sender(senderSkA[]),sign(sskA[],payload_sender(pk_skem_sender(senderSkA[])))) that the attacker may have by 2 may be received at input {45}.
So the message msg(lkem_enc(kpk(kskB[]),rL_1),ekem_enc(ekpk(ekskB[]),rE_1),skem_enc(senderSkA[],pk_skem_receiver(receiverSkB[]),rS_1)) may be sent to the attacker at output {62}.
attacker(msg(lkem_enc(kpk(kskB[]),rL_1),ekem_enc(ekpk(ekskB[]),rE_1),skem_enc(senderSkA[],pk_skem_receiver(receiverSkB[]),rS_1))).

4. By 3, the attacker may know msg(lkem_enc(kpk(kskB[]),rL_1),ekem_enc(ekpk(ekskB[]),rE_1),skem_enc(senderSkA[],pk_skem_receiver(receiverSkB[]),rS_1)).
Using the function get_skem_ct the attacker may obtain skem_enc(senderSkA[],pk_skem_receiver(receiverSkB[]),rS_1).
attacker(skem_enc(senderSkA[],pk_skem_receiver(receiverSkB[]),rS_1)).

5. We assume as hypothesis that
attacker(r).

6. The message ekskB[] may be sent to the attacker at output {86}.
attacker(ekskB[]).

7. By 6, the attacker may know ekskB[].
Using the function ekpk the attacker may obtain ekpk(ekskB[]).
attacker(ekpk(ekskB[])).

8. By 7, the attacker may know ekpk(ekskB[]).
By 5, the attacker may know r.
Using the function ekem_enc the attacker may obtain ekem_enc(ekpk(ekskB[]),r).
attacker(ekem_enc(ekpk(ekskB[]),r)).

9. We assume as hypothesis that
attacker(r_1).

10. The message kpk(kskB[]) may be sent to the attacker at output {25}.
attacker(kpk(kskB[])).

11. By 10, the attacker may know kpk(kskB[]).
By 9, the attacker may know r_1.
Using the function lkem_enc the attacker may obtain lkem_enc(kpk(kskB[]),r_1).
attacker(lkem_enc(kpk(kskB[]),r_1)).

12. By 11, the attacker may know lkem_enc(kpk(kskB[]),r_1).
By 8, the attacker may know ekem_enc(ekpk(ekskB[]),r).
By 4, the attacker may know skem_enc(senderSkA[],pk_skem_receiver(receiverSkB[]),rS_1).
Using the function msg the attacker may obtain msg(lkem_enc(kpk(kskB[]),r_1),ekem_enc(ekpk(ekskB[]),r),skem_enc(senderSkA[],pk_skem_receiver(receiverSkB[]),rS_1)).
attacker(msg(lkem_enc(kpk(kskB[]),r_1),ekem_enc(ekpk(ekskB[]),r),skem_enc(senderSkA[],pk_skem_receiver(receiverSkB[]),rS_1))).

13. The message receiver_prekey(pk_skem_receiver(receiverSkB[]),ekpk(ekskB[]),sign(sskB[],payload_receiver(pk_skem_receiver(receiverSkB[]),ekpk(ekskB[])))) that the attacker may have by 1 may be received at input {38}.
The message sender_prekey(pk_skem_sender(senderSkA[]),sign(sskA[],payload_sender(pk_skem_sender(senderSkA[])))) that the attacker may have by 2 may be received at input {45}.
The event SendDone(A[],B[],sid_of(A[],B[],pk(spk(sskA[]),kpk(kskA[])),pk(spk(sskB[]),kpk(kskB[])),sender_prekey(pk_skem_sender(senderSkA[]),sign(sskA[],payload_sender(pk_skem_sender(senderSkA[])))),receiver_prekey(pk_skem_receiver(receiverSkB[]),ekpk(ekskB[]),sign(sskB[],payload_receiver(pk_skem_receiver(receiverSkB[]),ekpk(ekskB[])))),msg(lkem_enc(kpk(kskB[]),rL_1),ekem_enc(ekpk(ekskB[]),rE_1),skem_enc(senderSkA[],pk_skem_receiver(receiverSkB[]),rS_1))),kdf(lkem_ss(kpk(kskB[]),rL_1),ekem_ss(ekpk(ekskB[]),rE_1),skem_ss(senderSkA[],pk_skem_receiver(receiverSkB[]),rS_1),sid_of(A[],B[],pk(spk(sskA[]),kpk(kskA[])),pk(spk(sskB[]),kpk(kskB[])),sender_prekey(pk_skem_sender(senderSkA[]),sign(sskA[],payload_sender(pk_skem_sender(senderSkA[])))),receiver_prekey(pk_skem_receiver(receiverSkB[]),ekpk(ekskB[]),sign(sskB[],payload_receiver(pk_skem_receiver(receiverSkB[]),ekpk(ekskB[])))),msg(lkem_enc(kpk(kskB[]),rL_1),ekem_enc(ekpk(ekskB[]),rE_1),skem_enc(senderSkA[],pk_skem_receiver(receiverSkB[]),rS_1))))) may be executed at {66}.
The message msg(lkem_enc(kpk(kskB[]),r_1),ekem_enc(ekpk(ekskB[]),r),skem_enc(senderSkA[],pk_skem_receiver(receiverSkB[]),rS_1)) that the attacker may have by 12 may be received at input {67}.
So event RecvDone(B[],A[],sid_of(A[],B[],pk(spk(sskA[]),kpk(kskA[])),pk(spk(sskB[]),kpk(kskB[])),sender_prekey(pk_skem_sender(senderSkA[]),sign(sskA[],payload_sender(pk_skem_sender(senderSkA[])))),receiver_prekey(pk_skem_receiver(receiverSkB[]),ekpk(ekskB[]),sign(sskB[],payload_receiver(pk_skem_receiver(receiverSkB[]),ekpk(ekskB[])))),msg(lkem_enc(kpk(kskB[]),r_1),ekem_enc(ekpk(ekskB[]),r),skem_enc(senderSkA[],pk_skem_receiver(receiverSkB[]),rS_1))),kdf(lkem_ss(kpk(kskB[]),r_1),ekem_ss(ekpk(ekskB[]),r),skem_ss(senderSkA[],pk_skem_receiver(receiverSkB[]),rS_1),sid_of(A[],B[],pk(spk(sskA[]),kpk(kskA[])),pk(spk(sskB[]),kpk(kskB[])),sender_prekey(pk_skem_sender(senderSkA[]),sign(sskA[],payload_sender(pk_skem_sender(senderSkA[])))),receiver_prekey(pk_skem_receiver(receiverSkB[]),ekpk(ekskB[]),sign(sskB[],payload_receiver(pk_skem_receiver(receiverSkB[]),ekpk(ekskB[])))),msg(lkem_enc(kpk(kskB[]),r_1),ekem_enc(ekpk(ekskB[]),r),skem_enc(senderSkA[],pk_skem_receiver(receiverSkB[]),rS_1))))) may be executed at {79}.
event(RecvDone(B[],A[],sid_of(A[],B[],pk(spk(sskA[]),kpk(kskA[])),pk(spk(sskB[]),kpk(kskB[])),sender_prekey(pk_skem_sender(senderSkA[]),sign(sskA[],payload_sender(pk_skem_sender(senderSkA[])))),receiver_prekey(pk_skem_receiver(receiverSkB[]),ekpk(ekskB[]),sign(sskB[],payload_receiver(pk_skem_receiver(receiverSkB[]),ekpk(ekskB[])))),msg(lkem_enc(kpk(kskB[]),r_1),ekem_enc(ekpk(ekskB[]),r),skem_enc(senderSkA[],pk_skem_receiver(receiverSkB[]),rS_1))),kdf(lkem_ss(kpk(kskB[]),r_1),ekem_ss(ekpk(ekskB[]),r),skem_ss(senderSkA[],pk_skem_receiver(receiverSkB[]),rS_1),sid_of(A[],B[],pk(spk(sskA[]),kpk(kskA[])),pk(spk(sskB[]),kpk(kskB[])),sender_prekey(pk_skem_sender(senderSkA[]),sign(sskA[],payload_sender(pk_skem_sender(senderSkA[])))),receiver_prekey(pk_skem_receiver(receiverSkB[]),ekpk(ekskB[]),sign(sskB[],payload_receiver(pk_skem_receiver(receiverSkB[]),ekpk(ekskB[])))),msg(lkem_enc(kpk(kskB[]),r_1),ekem_enc(ekpk(ekskB[]),r),skem_enc(senderSkA[],pk_skem_receiver(receiverSkB[]),rS_1)))))).

14. By 13, event(RecvDone(B[],A[],sid_of(A[],B[],pk(spk(sskA[]),kpk(kskA[])),pk(spk(sskB[]),kpk(kskB[])),sender_prekey(pk_skem_sender(senderSkA[]),sign(sskA[],payload_sender(pk_skem_sender(senderSkA[])))),receiver_prekey(pk_skem_receiver(receiverSkB[]),ekpk(ekskB[]),sign(sskB[],payload_receiver(pk_skem_receiver(receiverSkB[]),ekpk(ekskB[])))),msg(lkem_enc(kpk(kskB[]),r_1),ekem_enc(ekpk(ekskB[]),r),skem_enc(senderSkA[],pk_skem_receiver(receiverSkB[]),rS_1))),kdf(lkem_ss(kpk(kskB[]),r_1),ekem_ss(ekpk(ekskB[]),r),skem_ss(senderSkA[],pk_skem_receiver(receiverSkB[]),rS_1),sid_of(A[],B[],pk(spk(sskA[]),kpk(kskA[])),pk(spk(sskB[]),kpk(kskB[])),sender_prekey(pk_skem_sender(senderSkA[]),sign(sskA[],payload_sender(pk_skem_sender(senderSkA[])))),receiver_prekey(pk_skem_receiver(receiverSkB[]),ekpk(ekskB[]),sign(sskB[],payload_receiver(pk_skem_receiver(receiverSkB[]),ekpk(ekskB[])))),msg(lkem_enc(kpk(kskB[]),r_1),ekem_enc(ekpk(ekskB[]),r),skem_enc(senderSkA[],pk_skem_receiver(receiverSkB[]),rS_1)))))).
The goal is reached, represented in the following fact:
event(RecvDone(B[],A[],sid_of(A[],B[],pk(spk(sskA[]),kpk(kskA[])),pk(spk(sskB[]),kpk(kskB[])),sender_prekey(pk_skem_sender(senderSkA[]),sign(sskA[],payload_sender(pk_skem_sender(senderSkA[])))),receiver_prekey(pk_skem_receiver(receiverSkB[]),ekpk(ekskB[]),sign(sskB[],payload_receiver(pk_skem_receiver(receiverSkB[]),ekpk(ekskB[])))),msg(lkem_enc(kpk(kskB[]),r_1),ekem_enc(ekpk(ekskB[]),r),skem_enc(senderSkA[],pk_skem_receiver(receiverSkB[]),rS_1))),kdf(lkem_ss(kpk(kskB[]),r_1),ekem_ss(ekpk(ekskB[]),r),skem_ss(senderSkA[],pk_skem_receiver(receiverSkB[]),rS_1),sid_of(A[],B[],pk(spk(sskA[]),kpk(kskA[])),pk(spk(sskB[]),kpk(kskB[])),sender_prekey(pk_skem_sender(senderSkA[]),sign(sskA[],payload_sender(pk_skem_sender(senderSkA[])))),receiver_prekey(pk_skem_receiver(receiverSkB[]),ekpk(ekskB[]),sign(sskB[],payload_receiver(pk_skem_receiver(receiverSkB[]),ekpk(ekskB[])))),msg(lkem_enc(kpk(kskB[]),r_1),ekem_enc(ekpk(ekskB[]),r),skem_enc(senderSkA[],pk_skem_receiver(receiverSkB[]),rS_1)))))).


A more detailed output of the traces is available with
  set traceDisplay = long.

new sskA: sig_sk creating sskA_2 at {1}

new kskA: kem_sk creating kskA_2 at {2}

new sskB: sig_sk creating sskB_2 at {3}

new kskB: kem_sk creating kskB_3 at {4}

new senderSkA: skem_sender_sk creating senderSkA_2 at {5}

new receiverSkB: skem_receiver_sk creating receiverSkB_3 at {6}

new ekskB: ekem_sk creating ekskB_3 at {7}

event CompromiseReceiverSkemState(B) at {88}

out(c, ~M) with ~M = receiverSkB_3 at {89}

event CompromiseReceiverEkemState(B) at {85}

out(c, ~M_1) with ~M_1 = ekskB_3 at {86}

event CompromiseKemSk(B) at {82}

out(c, ~M_2) with ~M_2 = kskB_3 at {83}

out(c, ~M_3) with ~M_3 = spk(sskA_2) at {21}

out(c, ~M_4) with ~M_4 = kpk(kskA_2) at {22}

out(c, ~M_5) with ~M_5 = pk(spk(sskA_2),kpk(kskA_2)) at {23}

out(c, ~M_6) with ~M_6 = spk(sskB_2) at {24}

out(c, ~M_7) with ~M_7 = kpk(kskB_3) at {25}

out(c, ~M_8) with ~M_8 = pk(spk(sskB_2),kpk(kskB_3)) at {26}

out(c, ~M_9) with ~M_9 = sender_prekey(pk_skem_sender(senderSkA_2),sign(sskA_2,payload_sender(pk_skem_sender(senderSkA_2)))) at {31}

out(c, ~M_10) with ~M_10 = receiver_prekey(pk_skem_receiver(receiverSkB_3),ekpk(ekskB_3),sign(sskB_2,payload_receiver(pk_skem_receiver(receiverSkB_3),ekpk(ekskB_3)))) at {37}

in(c, ~M_10) with ~M_10 = receiver_prekey(pk_skem_receiver(receiverSkB_3),ekpk(ekskB_3),sign(sskB_2,payload_receiver(pk_skem_receiver(receiverSkB_3),ekpk(ekskB_3)))) at {38}

event ReceiverPrekeyVerified(A,B,receiver_prekey(pk_skem_receiver(receiverSkB_3),ekpk(ekskB_3),sign(sskB_2,payload_receiver(pk_skem_receiver(receiverSkB_3),ekpk(ekskB_3))))) at {44}

in(c, ~M_9) with ~M_9 = sender_prekey(pk_skem_sender(senderSkA_2),sign(sskA_2,payload_sender(pk_skem_sender(senderSkA_2)))) at {45}

event SenderPrekeyVerified(B,A,sender_prekey(pk_skem_sender(senderSkA_2),sign(sskA_2,payload_sender(pk_skem_sender(senderSkA_2))))) at {50}

new rL: randomness creating rL_2 at {51}

new rE: randomness creating rE_2 at {52}

new rS: randomness creating rS_2 at {53}

event SenderSplitKemComponent(A,B,skem_enc(senderSkA_2,pk_skem_receiver(receiverSkB_3),rS_2),skem_ss(senderSkA_2,pk_skem_receiver(receiverSkB_3),rS_2)) at {60}

out(c, ~M_11) with ~M_11 = msg(lkem_enc(kpk(kskB_3),rL_2),ekem_enc(ekpk(ekskB_3),rE_2),skem_enc(senderSkA_2,pk_skem_receiver(receiverSkB_3),rS_2)) at {62}

event SenderKey(A,B,sid_of(A,B,pk(spk(sskA_2),kpk(kskA_2)),pk(spk(sskB_2),kpk(kskB_3)),sender_prekey(pk_skem_sender(senderSkA_2),sign(sskA_2,payload_sender(pk_skem_sender(senderSkA_2)))),receiver_prekey(pk_skem_receiver(receiverSkB_3),ekpk(ekskB_3),sign(sskB_2,payload_receiver(pk_skem_receiver(receiverSkB_3),ekpk(ekskB_3)))),msg(lkem_enc(kpk(kskB_3),rL_2),ekem_enc(ekpk(ekskB_3),rE_2),skem_enc(senderSkA_2,pk_skem_receiver(receiverSkB_3),rS_2))),kdf(lkem_ss(kpk(kskB_3),rL_2),ekem_ss(ekpk(ekskB_3),rE_2),skem_ss(senderSkA_2,pk_skem_receiver(receiverSkB_3),rS_2),sid_of(A,B,pk(spk(sskA_2),kpk(kskA_2)),pk(spk(sskB_2),kpk(kskB_3)),sender_prekey(pk_skem_sender(senderSkA_2),sign(sskA_2,payload_sender(pk_skem_sender(senderSkA_2)))),receiver_prekey(pk_skem_receiver(receiverSkB_3),ekpk(ekskB_3),sign(sskB_2,payload_receiver(pk_skem_receiver(receiverSkB_3),ekpk(ekskB_3)))),msg(lkem_enc(kpk(kskB_3),rL_2),ekem_enc(ekpk(ekskB_3),rE_2),skem_enc(senderSkA_2,pk_skem_receiver(receiverSkB_3),rS_2))))) at {65}

event SendDone(A,B,sid_of(A,B,pk(spk(sskA_2),kpk(kskA_2)),pk(spk(sskB_2),kpk(kskB_3)),sender_prekey(pk_skem_sender(senderSkA_2),sign(sskA_2,payload_sender(pk_skem_sender(senderSkA_2)))),receiver_prekey(pk_skem_receiver(receiverSkB_3),ekpk(ekskB_3),sign(sskB_2,payload_receiver(pk_skem_receiver(receiverSkB_3),ekpk(ekskB_3)))),msg(lkem_enc(kpk(kskB_3),rL_2),ekem_enc(ekpk(ekskB_3),rE_2),skem_enc(senderSkA_2,pk_skem_receiver(receiverSkB_3),rS_2))),kdf(lkem_ss(kpk(kskB_3),rL_2),ekem_ss(ekpk(ekskB_3),rE_2),skem_ss(senderSkA_2,pk_skem_receiver(receiverSkB_3),rS_2),sid_of(A,B,pk(spk(sskA_2),kpk(kskA_2)),pk(spk(sskB_2),kpk(kskB_3)),sender_prekey(pk_skem_sender(senderSkA_2),sign(sskA_2,payload_sender(pk_skem_sender(senderSkA_2)))),receiver_prekey(pk_skem_receiver(receiverSkB_3),ekpk(ekskB_3),sign(sskB_2,payload_receiver(pk_skem_receiver(receiverSkB_3),ekpk(ekskB_3)))),msg(lkem_enc(kpk(kskB_3),rL_2),ekem_enc(ekpk(ekskB_3),rE_2),skem_enc(senderSkA_2,pk_skem_receiver(receiverSkB_3),rS_2))))) at {66}

in(c, msg(lkem_enc(~M_7,a),ekem_enc(ekpk(~M_1),a_1),get_skem_ct(~M_11))) with msg(lkem_enc(~M_7,a),ekem_enc(ekpk(~M_1),a_1),get_skem_ct(~M_11)) = msg(lkem_enc(kpk(kskB_3),a),ekem_enc(ekpk(ekskB_3),a_1),skem_enc(senderSkA_2,pk_skem_receiver(receiverSkB_3),rS_2)) at {67}

event SplitKemAccepted(B,A,skem_enc(senderSkA_2,pk_skem_receiver(receiverSkB_3),rS_2),skem_ss(senderSkA_2,pk_skem_receiver(receiverSkB_3),rS_2)) at {74}

event RecvComputed(B,A,sid_of(A,B,pk(spk(sskA_2),kpk(kskA_2)),pk(spk(sskB_2),kpk(kskB_3)),sender_prekey(pk_skem_sender(senderSkA_2),sign(sskA_2,payload_sender(pk_skem_sender(senderSkA_2)))),receiver_prekey(pk_skem_receiver(receiverSkB_3),ekpk(ekskB_3),sign(sskB_2,payload_receiver(pk_skem_receiver(receiverSkB_3),ekpk(ekskB_3)))),msg(lkem_enc(kpk(kskB_3),a),ekem_enc(ekpk(ekskB_3),a_1),skem_enc(senderSkA_2,pk_skem_receiver(receiverSkB_3),rS_2))),kdf(lkem_ss(kpk(kskB_3),a),ekem_ss(ekpk(ekskB_3),a_1),skem_ss(senderSkA_2,pk_skem_receiver(receiverSkB_3),rS_2),sid_of(A,B,pk(spk(sskA_2),kpk(kskA_2)),pk(spk(sskB_2),kpk(kskB_3)),sender_prekey(pk_skem_sender(senderSkA_2),sign(sskA_2,payload_sender(pk_skem_sender(senderSkA_2)))),receiver_prekey(pk_skem_receiver(receiverSkB_3),ekpk(ekskB_3),sign(sskB_2,payload_receiver(pk_skem_receiver(receiverSkB_3),ekpk(ekskB_3)))),msg(lkem_enc(kpk(kskB_3),a),ekem_enc(ekpk(ekskB_3),a_1),skem_enc(senderSkA_2,pk_skem_receiver(receiverSkB_3),rS_2))))) at {77}

event ReceiverKey(B,A,sid_of(A,B,pk(spk(sskA_2),kpk(kskA_2)),pk(spk(sskB_2),kpk(kskB_3)),sender_prekey(pk_skem_sender(senderSkA_2),sign(sskA_2,payload_sender(pk_skem_sender(senderSkA_2)))),receiver_prekey(pk_skem_receiver(receiverSkB_3),ekpk(ekskB_3),sign(sskB_2,payload_receiver(pk_skem_receiver(receiverSkB_3),ekpk(ekskB_3)))),msg(lkem_enc(kpk(kskB_3),a),ekem_enc(ekpk(ekskB_3),a_1),skem_enc(senderSkA_2,pk_skem_receiver(receiverSkB_3),rS_2))),kdf(lkem_ss(kpk(kskB_3),a),ekem_ss(ekpk(ekskB_3),a_1),skem_ss(senderSkA_2,pk_skem_receiver(receiverSkB_3),rS_2),sid_of(A,B,pk(spk(sskA_2),kpk(kskA_2)),pk(spk(sskB_2),kpk(kskB_3)),sender_prekey(pk_skem_sender(senderSkA_2),sign(sskA_2,payload_sender(pk_skem_sender(senderSkA_2)))),receiver_prekey(pk_skem_receiver(receiverSkB_3),ekpk(ekskB_3),sign(sskB_2,payload_receiver(pk_skem_receiver(receiverSkB_3),ekpk(ekskB_3)))),msg(lkem_enc(kpk(kskB_3),a),ekem_enc(ekpk(ekskB_3),a_1),skem_enc(senderSkA_2,pk_skem_receiver(receiverSkB_3),rS_2))))) at {78}

event RecvDone(B,A,sid_of(A,B,pk(spk(sskA_2),kpk(kskA_2)),pk(spk(sskB_2),kpk(kskB_3)),sender_prekey(pk_skem_sender(senderSkA_2),sign(sskA_2,payload_sender(pk_skem_sender(senderSkA_2)))),receiver_prekey(pk_skem_receiver(receiverSkB_3),ekpk(ekskB_3),sign(sskB_2,payload_receiver(pk_skem_receiver(receiverSkB_3),ekpk(ekskB_3)))),msg(lkem_enc(kpk(kskB_3),a),ekem_enc(ekpk(ekskB_3),a_1),skem_enc(senderSkA_2,pk_skem_receiver(receiverSkB_3),rS_2))),kdf(lkem_ss(kpk(kskB_3),a),ekem_ss(ekpk(ekskB_3),a_1),skem_ss(senderSkA_2,pk_skem_receiver(receiverSkB_3),rS_2),sid_of(A,B,pk(spk(sskA_2),kpk(kskA_2)),pk(spk(sskB_2),kpk(kskB_3)),sender_prekey(pk_skem_sender(senderSkA_2),sign(sskA_2,payload_sender(pk_skem_sender(senderSkA_2)))),receiver_prekey(pk_skem_receiver(receiverSkB_3),ekpk(ekskB_3),sign(sskB_2,payload_receiver(pk_skem_receiver(receiverSkB_3),ekpk(ekskB_3)))),msg(lkem_enc(kpk(kskB_3),a),ekem_enc(ekpk(ekskB_3),a_1),skem_enc(senderSkA_2,pk_skem_receiver(receiverSkB_3),rS_2))))) at {79} (goal)

The event RecvDone(B,A,sid_of(A,B,pk(spk(sskA_2),kpk(kskA_2)),pk(spk(sskB_2),kpk(kskB_3)),sender_prekey(pk_skem_sender(senderSkA_2),sign(sskA_2,payload_sender(pk_skem_sender(senderSkA_2)))),receiver_prekey(pk_skem_receiver(receiverSkB_3),ekpk(ekskB_3),sign(sskB_2,payload_receiver(pk_skem_receiver(receiverSkB_3),ekpk(ekskB_3)))),msg(lkem_enc(kpk(kskB_3),a),ekem_enc(ekpk(ekskB_3),a_1),skem_enc(senderSkA_2,pk_skem_receiver(receiverSkB_3),rS_2))),kdf(lkem_ss(kpk(kskB_3),a),ekem_ss(ekpk(ekskB_3),a_1),skem_ss(senderSkA_2,pk_skem_receiver(receiverSkB_3),rS_2),sid_of(A,B,pk(spk(sskA_2),kpk(kskA_2)),pk(spk(sskB_2),kpk(kskB_3)),sender_prekey(pk_skem_sender(senderSkA_2),sign(sskA_2,payload_sender(pk_skem_sender(senderSkA_2)))),receiver_prekey(pk_skem_receiver(receiverSkB_3),ekpk(ekskB_3),sign(sskB_2,payload_receiver(pk_skem_receiver(receiverSkB_3),ekpk(ekskB_3)))),msg(lkem_enc(kpk(kskB_3),a),ekem_enc(ekpk(ekskB_3),a_1),skem_enc(senderSkA_2,pk_skem_receiver(receiverSkB_3),rS_2))))) is executed at {79}.
A trace has been found.
RESULT event(RecvDone(B_1,A_1,s,k)) ==> event(SendDone(A_1,B_1,s,k)) is false.
-- Query event(RecvDone(B_1,A_1,s,k)) ==> event(SenderPrekeyVerified(B_1,A_1,sp)) in process 1.
Translating the process into Horn clauses...
Completing...
200 rules inserted. Base: 164 rules (59 with conclusion selected). Queue: 14 rules.
Starting query event(RecvDone(B_1,A_1,s,k)) ==> event(SenderPrekeyVerified(B_1,A_1,sp))
goal reachable: attacker(r) && attacker(r_1) && b-event(SenderPrekeyVerified(B[],A[],sender_prekey(pk_skem_sender(senderSkA[]),sign(sskA[],payload_sender(pk_skem_sender(senderSkA[])))))) -> event(RecvDone(B[],A[],sid_of(A[],B[],pk(spk(sskA[]),kpk(kskA[])),pk(spk(sskB[]),kpk(kskB[])),sender_prekey(pk_skem_sender(senderSkA[]),sign(sskA[],payload_sender(pk_skem_sender(senderSkA[])))),receiver_prekey(pk_skem_receiver(receiverSkB[]),ekpk(ekskB[]),sign(sskB[],payload_receiver(pk_skem_receiver(receiverSkB[]),ekpk(ekskB[])))),msg(lkem_enc(kpk(kskB[]),r),ekem_enc(ekpk(ekskB[]),r_1),skem_enc(senderSkA[],pk_skem_receiver(receiverSkB[]),rS_1))),kdf(lkem_ss(kpk(kskB[]),r),ekem_ss(ekpk(ekskB[]),r_1),skem_ss(senderSkA[],pk_skem_receiver(receiverSkB[]),rS_1),sid_of(A[],B[],pk(spk(sskA[]),kpk(kskA[])),pk(spk(sskB[]),kpk(kskB[])),sender_prekey(pk_skem_sender(senderSkA[]),sign(sskA[],payload_sender(pk_skem_sender(senderSkA[])))),receiver_prekey(pk_skem_receiver(receiverSkB[]),ekpk(ekskB[]),sign(sskB[],payload_receiver(pk_skem_receiver(receiverSkB[]),ekpk(ekskB[])))),msg(lkem_enc(kpk(kskB[]),r),ekem_enc(ekpk(ekskB[]),r_1),skem_enc(senderSkA[],pk_skem_receiver(receiverSkB[]),rS_1))))))
Abbreviations:
rS_1 = rS[senderPrekeyFromNet = sender_prekey(pk_skem_sender(senderSkA[]),sign(sskA[],payload_sender(pk_skem_sender(senderSkA[])))),receiverPrekeyFromNet = receiver_prekey(pk_skem_receiver(receiverSkB[]),ekpk(ekskB[]),sign(sskB[],payload_receiver(pk_skem_receiver(receiverSkB[]),ekpk(ekskB[]))))]
goal reachable: attacker(r) && b-event(SenderPrekeyVerified(B[],A[],sender_prekey(pk_skem_sender(senderSkA[]),sign(sskA[],payload_sender(pk_skem_sender(senderSkA[])))))) -> event(RecvDone(B[],A[],sid_of(A[],B[],pk(spk(sskA[]),kpk(kskA[])),pk(spk(sskB[]),kpk(kskB[])),sender_prekey(pk_skem_sender(senderSkA[]),sign(sskA[],payload_sender(pk_skem_sender(senderSkA[])))),receiver_prekey(pk_skem_receiver(receiverSkB[]),ekpk(ekskB[]),sign(sskB[],payload_receiver(pk_skem_receiver(receiverSkB[]),ekpk(ekskB[])))),msg(lkem_enc(kpk(kskB[]),r),ekem_enc(ekpk(ekskB[]),rE_1),skem_enc(senderSkA[],pk_skem_receiver(receiverSkB[]),rS_1))),kdf(lkem_ss(kpk(kskB[]),r),ekem_ss(ekpk(ekskB[]),rE_1),skem_ss(senderSkA[],pk_skem_receiver(receiverSkB[]),rS_1),sid_of(A[],B[],pk(spk(sskA[]),kpk(kskA[])),pk(spk(sskB[]),kpk(kskB[])),sender_prekey(pk_skem_sender(senderSkA[]),sign(sskA[],payload_sender(pk_skem_sender(senderSkA[])))),receiver_prekey(pk_skem_receiver(receiverSkB[]),ekpk(ekskB[]),sign(sskB[],payload_receiver(pk_skem_receiver(receiverSkB[]),ekpk(ekskB[])))),msg(lkem_enc(kpk(kskB[]),r),ekem_enc(ekpk(ekskB[]),rE_1),skem_enc(senderSkA[],pk_skem_receiver(receiverSkB[]),rS_1))))))
Abbreviations:
rE_1 = rE[senderPrekeyFromNet = sender_prekey(pk_skem_sender(senderSkA[]),sign(sskA[],payload_sender(pk_skem_sender(senderSkA[])))),receiverPrekeyFromNet = receiver_prekey(pk_skem_receiver(receiverSkB[]),ekpk(ekskB[]),sign(sskB[],payload_receiver(pk_skem_receiver(receiverSkB[]),ekpk(ekskB[]))))]
rS_1 = rS[senderPrekeyFromNet = sender_prekey(pk_skem_sender(senderSkA[]),sign(sskA[],payload_sender(pk_skem_sender(senderSkA[])))),receiverPrekeyFromNet = receiver_prekey(pk_skem_receiver(receiverSkB[]),ekpk(ekskB[]),sign(sskB[],payload_receiver(pk_skem_receiver(receiverSkB[]),ekpk(ekskB[]))))]
goal reachable: attacker(r) && b-event(SenderPrekeyVerified(B[],A[],sender_prekey(pk_skem_sender(senderSkA[]),sign(sskA[],payload_sender(pk_skem_sender(senderSkA[])))))) -> event(RecvDone(B[],A[],sid_of(A[],B[],pk(spk(sskA[]),kpk(kskA[])),pk(spk(sskB[]),kpk(kskB[])),sender_prekey(pk_skem_sender(senderSkA[]),sign(sskA[],payload_sender(pk_skem_sender(senderSkA[])))),receiver_prekey(pk_skem_receiver(receiverSkB[]),ekpk(ekskB[]),sign(sskB[],payload_receiver(pk_skem_receiver(receiverSkB[]),ekpk(ekskB[])))),msg(lkem_enc(kpk(kskB[]),rL_1),ekem_enc(ekpk(ekskB[]),r),skem_enc(senderSkA[],pk_skem_receiver(receiverSkB[]),rS_1))),kdf(lkem_ss(kpk(kskB[]),rL_1),ekem_ss(ekpk(ekskB[]),r),skem_ss(senderSkA[],pk_skem_receiver(receiverSkB[]),rS_1),sid_of(A[],B[],pk(spk(sskA[]),kpk(kskA[])),pk(spk(sskB[]),kpk(kskB[])),sender_prekey(pk_skem_sender(senderSkA[]),sign(sskA[],payload_sender(pk_skem_sender(senderSkA[])))),receiver_prekey(pk_skem_receiver(receiverSkB[]),ekpk(ekskB[]),sign(sskB[],payload_receiver(pk_skem_receiver(receiverSkB[]),ekpk(ekskB[])))),msg(lkem_enc(kpk(kskB[]),rL_1),ekem_enc(ekpk(ekskB[]),r),skem_enc(senderSkA[],pk_skem_receiver(receiverSkB[]),rS_1))))))
Abbreviations:
rL_1 = rL[senderPrekeyFromNet = sender_prekey(pk_skem_sender(senderSkA[]),sign(sskA[],payload_sender(pk_skem_sender(senderSkA[])))),receiverPrekeyFromNet = receiver_prekey(pk_skem_receiver(receiverSkB[]),ekpk(ekskB[]),sign(sskB[],payload_receiver(pk_skem_receiver(receiverSkB[]),ekpk(ekskB[]))))]
rS_1 = rS[senderPrekeyFromNet = sender_prekey(pk_skem_sender(senderSkA[]),sign(sskA[],payload_sender(pk_skem_sender(senderSkA[])))),receiverPrekeyFromNet = receiver_prekey(pk_skem_receiver(receiverSkB[]),ekpk(ekskB[]),sign(sskB[],payload_receiver(pk_skem_receiver(receiverSkB[]),ekpk(ekskB[]))))]
goal reachable: b-event(SenderPrekeyVerified(B[],A[],sender_prekey(pk_skem_sender(senderSkA[]),sign(sskA[],payload_sender(pk_skem_sender(senderSkA[])))))) -> event(RecvDone(B[],A[],sid_of(A[],B[],pk(spk(sskA[]),kpk(kskA[])),pk(spk(sskB[]),kpk(kskB[])),sender_prekey(pk_skem_sender(senderSkA[]),sign(sskA[],payload_sender(pk_skem_sender(senderSkA[])))),receiver_prekey(pk_skem_receiver(receiverSkB[]),ekpk(ekskB[]),sign(sskB[],payload_receiver(pk_skem_receiver(receiverSkB[]),ekpk(ekskB[])))),msg(lkem_enc(kpk(kskB[]),rL_1),ekem_enc(ekpk(ekskB[]),rE_1),skem_enc(senderSkA[],pk_skem_receiver(receiverSkB[]),rS_1))),kdf(lkem_ss(kpk(kskB[]),rL_1),ekem_ss(ekpk(ekskB[]),rE_1),skem_ss(senderSkA[],pk_skem_receiver(receiverSkB[]),rS_1),sid_of(A[],B[],pk(spk(sskA[]),kpk(kskA[])),pk(spk(sskB[]),kpk(kskB[])),sender_prekey(pk_skem_sender(senderSkA[]),sign(sskA[],payload_sender(pk_skem_sender(senderSkA[])))),receiver_prekey(pk_skem_receiver(receiverSkB[]),ekpk(ekskB[]),sign(sskB[],payload_receiver(pk_skem_receiver(receiverSkB[]),ekpk(ekskB[])))),msg(lkem_enc(kpk(kskB[]),rL_1),ekem_enc(ekpk(ekskB[]),rE_1),skem_enc(senderSkA[],pk_skem_receiver(receiverSkB[]),rS_1))))))
Abbreviations:
rL_1 = rL[senderPrekeyFromNet = sender_prekey(pk_skem_sender(senderSkA[]),sign(sskA[],payload_sender(pk_skem_sender(senderSkA[])))),receiverPrekeyFromNet = receiver_prekey(pk_skem_receiver(receiverSkB[]),ekpk(ekskB[]),sign(sskB[],payload_receiver(pk_skem_receiver(receiverSkB[]),ekpk(ekskB[]))))]
rE_1 = rE[senderPrekeyFromNet = sender_prekey(pk_skem_sender(senderSkA[]),sign(sskA[],payload_sender(pk_skem_sender(senderSkA[])))),receiverPrekeyFromNet = receiver_prekey(pk_skem_receiver(receiverSkB[]),ekpk(ekskB[]),sign(sskB[],payload_receiver(pk_skem_receiver(receiverSkB[]),ekpk(ekskB[]))))]
rS_1 = rS[senderPrekeyFromNet = sender_prekey(pk_skem_sender(senderSkA[]),sign(sskA[],payload_sender(pk_skem_sender(senderSkA[])))),receiverPrekeyFromNet = receiver_prekey(pk_skem_receiver(receiverSkB[]),ekpk(ekskB[]),sign(sskB[],payload_receiver(pk_skem_receiver(receiverSkB[]),ekpk(ekskB[]))))]
RESULT event(RecvDone(B_1,A_1,s,k)) ==> event(SenderPrekeyVerified(B_1,A_1,sp)) is true.
-- Query event(RecvDone(B_1,A_1,s,k)) ==> event(ReceiverPrekeyVerified(A_1,B_1,rp)) in process 1.
Translating the process into Horn clauses...
Completing...
200 rules inserted. Base: 164 rules (59 with conclusion selected). Queue: 14 rules.
Starting query event(RecvDone(B_1,A_1,s,k)) ==> event(ReceiverPrekeyVerified(A_1,B_1,rp))
goal reachable: attacker(r) && attacker(r_1) && b-event(ReceiverPrekeyVerified(A[],B[],receiver_prekey(pk_skem_receiver(receiverSkB[]),ekpk(ekskB[]),sign(sskB[],payload_receiver(pk_skem_receiver(receiverSkB[]),ekpk(ekskB[])))))) -> event(RecvDone(B[],A[],sid_of(A[],B[],pk(spk(sskA[]),kpk(kskA[])),pk(spk(sskB[]),kpk(kskB[])),sender_prekey(pk_skem_sender(senderSkA[]),sign(sskA[],payload_sender(pk_skem_sender(senderSkA[])))),receiver_prekey(pk_skem_receiver(receiverSkB[]),ekpk(ekskB[]),sign(sskB[],payload_receiver(pk_skem_receiver(receiverSkB[]),ekpk(ekskB[])))),msg(lkem_enc(kpk(kskB[]),r),ekem_enc(ekpk(ekskB[]),r_1),skem_enc(senderSkA[],pk_skem_receiver(receiverSkB[]),rS_1))),kdf(lkem_ss(kpk(kskB[]),r),ekem_ss(ekpk(ekskB[]),r_1),skem_ss(senderSkA[],pk_skem_receiver(receiverSkB[]),rS_1),sid_of(A[],B[],pk(spk(sskA[]),kpk(kskA[])),pk(spk(sskB[]),kpk(kskB[])),sender_prekey(pk_skem_sender(senderSkA[]),sign(sskA[],payload_sender(pk_skem_sender(senderSkA[])))),receiver_prekey(pk_skem_receiver(receiverSkB[]),ekpk(ekskB[]),sign(sskB[],payload_receiver(pk_skem_receiver(receiverSkB[]),ekpk(ekskB[])))),msg(lkem_enc(kpk(kskB[]),r),ekem_enc(ekpk(ekskB[]),r_1),skem_enc(senderSkA[],pk_skem_receiver(receiverSkB[]),rS_1))))))
Abbreviations:
rS_1 = rS[senderPrekeyFromNet = sender_prekey(pk_skem_sender(senderSkA[]),sign(sskA[],payload_sender(pk_skem_sender(senderSkA[])))),receiverPrekeyFromNet = receiver_prekey(pk_skem_receiver(receiverSkB[]),ekpk(ekskB[]),sign(sskB[],payload_receiver(pk_skem_receiver(receiverSkB[]),ekpk(ekskB[]))))]
goal reachable: attacker(r) && b-event(ReceiverPrekeyVerified(A[],B[],receiver_prekey(pk_skem_receiver(receiverSkB[]),ekpk(ekskB[]),sign(sskB[],payload_receiver(pk_skem_receiver(receiverSkB[]),ekpk(ekskB[])))))) -> event(RecvDone(B[],A[],sid_of(A[],B[],pk(spk(sskA[]),kpk(kskA[])),pk(spk(sskB[]),kpk(kskB[])),sender_prekey(pk_skem_sender(senderSkA[]),sign(sskA[],payload_sender(pk_skem_sender(senderSkA[])))),receiver_prekey(pk_skem_receiver(receiverSkB[]),ekpk(ekskB[]),sign(sskB[],payload_receiver(pk_skem_receiver(receiverSkB[]),ekpk(ekskB[])))),msg(lkem_enc(kpk(kskB[]),r),ekem_enc(ekpk(ekskB[]),rE_1),skem_enc(senderSkA[],pk_skem_receiver(receiverSkB[]),rS_1))),kdf(lkem_ss(kpk(kskB[]),r),ekem_ss(ekpk(ekskB[]),rE_1),skem_ss(senderSkA[],pk_skem_receiver(receiverSkB[]),rS_1),sid_of(A[],B[],pk(spk(sskA[]),kpk(kskA[])),pk(spk(sskB[]),kpk(kskB[])),sender_prekey(pk_skem_sender(senderSkA[]),sign(sskA[],payload_sender(pk_skem_sender(senderSkA[])))),receiver_prekey(pk_skem_receiver(receiverSkB[]),ekpk(ekskB[]),sign(sskB[],payload_receiver(pk_skem_receiver(receiverSkB[]),ekpk(ekskB[])))),msg(lkem_enc(kpk(kskB[]),r),ekem_enc(ekpk(ekskB[]),rE_1),skem_enc(senderSkA[],pk_skem_receiver(receiverSkB[]),rS_1))))))
Abbreviations:
rE_1 = rE[senderPrekeyFromNet = sender_prekey(pk_skem_sender(senderSkA[]),sign(sskA[],payload_sender(pk_skem_sender(senderSkA[])))),receiverPrekeyFromNet = receiver_prekey(pk_skem_receiver(receiverSkB[]),ekpk(ekskB[]),sign(sskB[],payload_receiver(pk_skem_receiver(receiverSkB[]),ekpk(ekskB[]))))]
rS_1 = rS[senderPrekeyFromNet = sender_prekey(pk_skem_sender(senderSkA[]),sign(sskA[],payload_sender(pk_skem_sender(senderSkA[])))),receiverPrekeyFromNet = receiver_prekey(pk_skem_receiver(receiverSkB[]),ekpk(ekskB[]),sign(sskB[],payload_receiver(pk_skem_receiver(receiverSkB[]),ekpk(ekskB[]))))]
goal reachable: attacker(r) && b-event(ReceiverPrekeyVerified(A[],B[],receiver_prekey(pk_skem_receiver(receiverSkB[]),ekpk(ekskB[]),sign(sskB[],payload_receiver(pk_skem_receiver(receiverSkB[]),ekpk(ekskB[])))))) -> event(RecvDone(B[],A[],sid_of(A[],B[],pk(spk(sskA[]),kpk(kskA[])),pk(spk(sskB[]),kpk(kskB[])),sender_prekey(pk_skem_sender(senderSkA[]),sign(sskA[],payload_sender(pk_skem_sender(senderSkA[])))),receiver_prekey(pk_skem_receiver(receiverSkB[]),ekpk(ekskB[]),sign(sskB[],payload_receiver(pk_skem_receiver(receiverSkB[]),ekpk(ekskB[])))),msg(lkem_enc(kpk(kskB[]),rL_1),ekem_enc(ekpk(ekskB[]),r),skem_enc(senderSkA[],pk_skem_receiver(receiverSkB[]),rS_1))),kdf(lkem_ss(kpk(kskB[]),rL_1),ekem_ss(ekpk(ekskB[]),r),skem_ss(senderSkA[],pk_skem_receiver(receiverSkB[]),rS_1),sid_of(A[],B[],pk(spk(sskA[]),kpk(kskA[])),pk(spk(sskB[]),kpk(kskB[])),sender_prekey(pk_skem_sender(senderSkA[]),sign(sskA[],payload_sender(pk_skem_sender(senderSkA[])))),receiver_prekey(pk_skem_receiver(receiverSkB[]),ekpk(ekskB[]),sign(sskB[],payload_receiver(pk_skem_receiver(receiverSkB[]),ekpk(ekskB[])))),msg(lkem_enc(kpk(kskB[]),rL_1),ekem_enc(ekpk(ekskB[]),r),skem_enc(senderSkA[],pk_skem_receiver(receiverSkB[]),rS_1))))))
Abbreviations:
rL_1 = rL[senderPrekeyFromNet = sender_prekey(pk_skem_sender(senderSkA[]),sign(sskA[],payload_sender(pk_skem_sender(senderSkA[])))),receiverPrekeyFromNet = receiver_prekey(pk_skem_receiver(receiverSkB[]),ekpk(ekskB[]),sign(sskB[],payload_receiver(pk_skem_receiver(receiverSkB[]),ekpk(ekskB[]))))]
rS_1 = rS[senderPrekeyFromNet = sender_prekey(pk_skem_sender(senderSkA[]),sign(sskA[],payload_sender(pk_skem_sender(senderSkA[])))),receiverPrekeyFromNet = receiver_prekey(pk_skem_receiver(receiverSkB[]),ekpk(ekskB[]),sign(sskB[],payload_receiver(pk_skem_receiver(receiverSkB[]),ekpk(ekskB[]))))]
goal reachable: b-event(ReceiverPrekeyVerified(A[],B[],receiver_prekey(pk_skem_receiver(receiverSkB[]),ekpk(ekskB[]),sign(sskB[],payload_receiver(pk_skem_receiver(receiverSkB[]),ekpk(ekskB[])))))) -> event(RecvDone(B[],A[],sid_of(A[],B[],pk(spk(sskA[]),kpk(kskA[])),pk(spk(sskB[]),kpk(kskB[])),sender_prekey(pk_skem_sender(senderSkA[]),sign(sskA[],payload_sender(pk_skem_sender(senderSkA[])))),receiver_prekey(pk_skem_receiver(receiverSkB[]),ekpk(ekskB[]),sign(sskB[],payload_receiver(pk_skem_receiver(receiverSkB[]),ekpk(ekskB[])))),msg(lkem_enc(kpk(kskB[]),rL_1),ekem_enc(ekpk(ekskB[]),rE_1),skem_enc(senderSkA[],pk_skem_receiver(receiverSkB[]),rS_1))),kdf(lkem_ss(kpk(kskB[]),rL_1),ekem_ss(ekpk(ekskB[]),rE_1),skem_ss(senderSkA[],pk_skem_receiver(receiverSkB[]),rS_1),sid_of(A[],B[],pk(spk(sskA[]),kpk(kskA[])),pk(spk(sskB[]),kpk(kskB[])),sender_prekey(pk_skem_sender(senderSkA[]),sign(sskA[],payload_sender(pk_skem_sender(senderSkA[])))),receiver_prekey(pk_skem_receiver(receiverSkB[]),ekpk(ekskB[]),sign(sskB[],payload_receiver(pk_skem_receiver(receiverSkB[]),ekpk(ekskB[])))),msg(lkem_enc(kpk(kskB[]),rL_1),ekem_enc(ekpk(ekskB[]),rE_1),skem_enc(senderSkA[],pk_skem_receiver(receiverSkB[]),rS_1))))))
Abbreviations:
rL_1 = rL[senderPrekeyFromNet = sender_prekey(pk_skem_sender(senderSkA[]),sign(sskA[],payload_sender(pk_skem_sender(senderSkA[])))),receiverPrekeyFromNet = receiver_prekey(pk_skem_receiver(receiverSkB[]),ekpk(ekskB[]),sign(sskB[],payload_receiver(pk_skem_receiver(receiverSkB[]),ekpk(ekskB[]))))]
rE_1 = rE[senderPrekeyFromNet = sender_prekey(pk_skem_sender(senderSkA[]),sign(sskA[],payload_sender(pk_skem_sender(senderSkA[])))),receiverPrekeyFromNet = receiver_prekey(pk_skem_receiver(receiverSkB[]),ekpk(ekskB[]),sign(sskB[],payload_receiver(pk_skem_receiver(receiverSkB[]),ekpk(ekskB[]))))]
rS_1 = rS[senderPrekeyFromNet = sender_prekey(pk_skem_sender(senderSkA[]),sign(sskA[],payload_sender(pk_skem_sender(senderSkA[])))),receiverPrekeyFromNet = receiver_prekey(pk_skem_receiver(receiverSkB[]),ekpk(ekskB[]),sign(sskB[],payload_receiver(pk_skem_receiver(receiverSkB[]),ekpk(ekskB[]))))]
RESULT event(RecvDone(B_1,A_1,s,k)) ==> event(ReceiverPrekeyVerified(A_1,B_1,rp)) is true.
-- Query not (event(SenderKey(A_1,B_1,s,k)) && attacker(k)) in process 1.
Translating the process into Horn clauses...
Completing...
Starting query not (event(SenderKey(A_1,B_1,s,k)) && attacker(k))
goal reachable: event(SenderKey(A[],B[],sid_of(A[],B[],pk(spk(sskA[]),kpk(kskA[])),pk(spk(sskB[]),kpk(kskB[])),sender_prekey(pk_skem_sender(senderSkA[]),sign(sskA[],payload_sender(pk_skem_sender(senderSkA[])))),receiver_prekey(pk_skem_receiver(receiverSkB[]),ekpk(ekskB[]),sign(sskB[],payload_receiver(pk_skem_receiver(receiverSkB[]),ekpk(ekskB[])))),msg(lkem_enc(kpk(kskB[]),rL_1),ekem_enc(ekpk(ekskB[]),rE_1),skem_enc(senderSkA[],pk_skem_receiver(receiverSkB[]),rS_1))),kdf(lkem_ss(kpk(kskB[]),rL_1),ekem_ss(ekpk(ekskB[]),rE_1),skem_ss(senderSkA[],pk_skem_receiver(receiverSkB[]),rS_1),sid_of(A[],B[],pk(spk(sskA[]),kpk(kskA[])),pk(spk(sskB[]),kpk(kskB[])),sender_prekey(pk_skem_sender(senderSkA[]),sign(sskA[],payload_sender(pk_skem_sender(senderSkA[])))),receiver_prekey(pk_skem_receiver(receiverSkB[]),ekpk(ekskB[]),sign(sskB[],payload_receiver(pk_skem_receiver(receiverSkB[]),ekpk(ekskB[])))),msg(lkem_enc(kpk(kskB[]),rL_1),ekem_enc(ekpk(ekskB[]),rE_1),skem_enc(senderSkA[],pk_skem_receiver(receiverSkB[]),rS_1)))))) && attacker(kdf(lkem_ss(kpk(kskB[]),rL_1),ekem_ss(ekpk(ekskB[]),rE_1),skem_ss(senderSkA[],pk_skem_receiver(receiverSkB[]),rS_1),sid_of(A[],B[],pk(spk(sskA[]),kpk(kskA[])),pk(spk(sskB[]),kpk(kskB[])),sender_prekey(pk_skem_sender(senderSkA[]),sign(sskA[],payload_sender(pk_skem_sender(senderSkA[])))),receiver_prekey(pk_skem_receiver(receiverSkB[]),ekpk(ekskB[]),sign(sskB[],payload_receiver(pk_skem_receiver(receiverSkB[]),ekpk(ekskB[])))),msg(lkem_enc(kpk(kskB[]),rL_1),ekem_enc(ekpk(ekskB[]),rE_1),skem_enc(senderSkA[],pk_skem_receiver(receiverSkB[]),rS_1)))))
Abbreviations:
rL_1 = rL[senderPrekeyFromNet = sender_prekey(pk_skem_sender(senderSkA[]),sign(sskA[],payload_sender(pk_skem_sender(senderSkA[])))),receiverPrekeyFromNet = receiver_prekey(pk_skem_receiver(receiverSkB[]),ekpk(ekskB[]),sign(sskB[],payload_receiver(pk_skem_receiver(receiverSkB[]),ekpk(ekskB[]))))]
rE_1 = rE[senderPrekeyFromNet = sender_prekey(pk_skem_sender(senderSkA[]),sign(sskA[],payload_sender(pk_skem_sender(senderSkA[])))),receiverPrekeyFromNet = receiver_prekey(pk_skem_receiver(receiverSkB[]),ekpk(ekskB[]),sign(sskB[],payload_receiver(pk_skem_receiver(receiverSkB[]),ekpk(ekskB[]))))]
rS_1 = rS[senderPrekeyFromNet = sender_prekey(pk_skem_sender(senderSkA[]),sign(sskA[],payload_sender(pk_skem_sender(senderSkA[])))),receiverPrekeyFromNet = receiver_prekey(pk_skem_receiver(receiverSkB[]),ekpk(ekskB[]),sign(sskB[],payload_receiver(pk_skem_receiver(receiverSkB[]),ekpk(ekskB[]))))]

Derivation:
Abbreviations:
rL_1 = rL[senderPrekeyFromNet = sender_prekey(pk_skem_sender(senderSkA[]),sign(sskA[],payload_sender(pk_skem_sender(senderSkA[])))),receiverPrekeyFromNet = receiver_prekey(pk_skem_receiver(receiverSkB[]),ekpk(ekskB[]),sign(sskB[],payload_receiver(pk_skem_receiver(receiverSkB[]),ekpk(ekskB[]))))]
rE_1 = rE[senderPrekeyFromNet = sender_prekey(pk_skem_sender(senderSkA[]),sign(sskA[],payload_sender(pk_skem_sender(senderSkA[])))),receiverPrekeyFromNet = receiver_prekey(pk_skem_receiver(receiverSkB[]),ekpk(ekskB[]),sign(sskB[],payload_receiver(pk_skem_receiver(receiverSkB[]),ekpk(ekskB[]))))]
rS_1 = rS[senderPrekeyFromNet = sender_prekey(pk_skem_sender(senderSkA[]),sign(sskA[],payload_sender(pk_skem_sender(senderSkA[])))),receiverPrekeyFromNet = receiver_prekey(pk_skem_receiver(receiverSkB[]),ekpk(ekskB[]),sign(sskB[],payload_receiver(pk_skem_receiver(receiverSkB[]),ekpk(ekskB[]))))]

1. The message receiver_prekey(pk_skem_receiver(receiverSkB[]),ekpk(ekskB[]),sign(sskB[],payload_receiver(pk_skem_receiver(receiverSkB[]),ekpk(ekskB[])))) may be sent to the attacker at output {37}.
attacker(receiver_prekey(pk_skem_receiver(receiverSkB[]),ekpk(ekskB[]),sign(sskB[],payload_receiver(pk_skem_receiver(receiverSkB[]),ekpk(ekskB[]))))).

2. The message sender_prekey(pk_skem_sender(senderSkA[]),sign(sskA[],payload_sender(pk_skem_sender(senderSkA[])))) may be sent to the attacker at output {31}.
attacker(sender_prekey(pk_skem_sender(senderSkA[]),sign(sskA[],payload_sender(pk_skem_sender(senderSkA[]))))).

3. The message receiver_prekey(pk_skem_receiver(receiverSkB[]),ekpk(ekskB[]),sign(sskB[],payload_receiver(pk_skem_receiver(receiverSkB[]),ekpk(ekskB[])))) that the attacker may have by 1 may be received at input {38}.
The message sender_prekey(pk_skem_sender(senderSkA[]),sign(sskA[],payload_sender(pk_skem_sender(senderSkA[])))) that the attacker may have by 2 may be received at input {45}.
So the message msg(lkem_enc(kpk(kskB[]),rL_1),ekem_enc(ekpk(ekskB[]),rE_1),skem_enc(senderSkA[],pk_skem_receiver(receiverSkB[]),rS_1)) may be sent to the attacker at output {62}.
attacker(msg(lkem_enc(kpk(kskB[]),rL_1),ekem_enc(ekpk(ekskB[]),rE_1),skem_enc(senderSkA[],pk_skem_receiver(receiverSkB[]),rS_1))).

4. The message kpk(kskB[]) may be sent to the attacker at output {25}.
attacker(kpk(kskB[])).

5. The message spk(sskB[]) may be sent to the attacker at output {24}.
attacker(spk(sskB[])).

6. By 5, the attacker may know spk(sskB[]).
By 4, the attacker may know kpk(kskB[]).
Using the function pk the attacker may obtain pk(spk(sskB[]),kpk(kskB[])).
attacker(pk(spk(sskB[]),kpk(kskB[]))).

7. The message kpk(kskA[]) may be sent to the attacker at output {22}.
attacker(kpk(kskA[])).

8. The message spk(sskA[]) may be sent to the attacker at output {21}.
attacker(spk(sskA[])).

9. By 8, the attacker may know spk(sskA[]).
By 7, the attacker may know kpk(kskA[]).
Using the function pk the attacker may obtain pk(spk(sskA[]),kpk(kskA[])).
attacker(pk(spk(sskA[]),kpk(kskA[]))).

10. The attacker initially knows B[].
attacker(B[]).

11. The attacker initially knows A[].
attacker(A[]).

12. By 11, the attacker may know A[].
By 10, the attacker may know B[].
By 9, the attacker may know pk(spk(sskA[]),kpk(kskA[])).
By 6, the attacker may know pk(spk(sskB[]),kpk(kskB[])).
By 2, the attacker may know sender_prekey(pk_skem_sender(senderSkA[]),sign(sskA[],payload_sender(pk_skem_sender(senderSkA[])))).
By 1, the attacker may know receiver_prekey(pk_skem_receiver(receiverSkB[]),ekpk(ekskB[]),sign(sskB[],payload_receiver(pk_skem_receiver(receiverSkB[]),ekpk(ekskB[])))).
By 3, the attacker may know msg(lkem_enc(kpk(kskB[]),rL_1),ekem_enc(ekpk(ekskB[]),rE_1),skem_enc(senderSkA[],pk_skem_receiver(receiverSkB[]),rS_1)).
Using the function sid_of the attacker may obtain sid_of(A[],B[],pk(spk(sskA[]),kpk(kskA[])),pk(spk(sskB[]),kpk(kskB[])),sender_prekey(pk_skem_sender(senderSkA[]),sign(sskA[],payload_sender(pk_skem_sender(senderSkA[])))),receiver_prekey(pk_skem_receiver(receiverSkB[]),ekpk(ekskB[]),sign(sskB[],payload_receiver(pk_skem_receiver(receiverSkB[]),ekpk(ekskB[])))),msg(lkem_enc(kpk(kskB[]),rL_1),ekem_enc(ekpk(ekskB[]),rE_1),skem_enc(senderSkA[],pk_skem_receiver(receiverSkB[]),rS_1))).
attacker(sid_of(A[],B[],pk(spk(sskA[]),kpk(kskA[])),pk(spk(sskB[]),kpk(kskB[])),sender_prekey(pk_skem_sender(senderSkA[]),sign(sskA[],payload_sender(pk_skem_sender(senderSkA[])))),receiver_prekey(pk_skem_receiver(receiverSkB[]),ekpk(ekskB[]),sign(sskB[],payload_receiver(pk_skem_receiver(receiverSkB[]),ekpk(ekskB[])))),msg(lkem_enc(kpk(kskB[]),rL_1),ekem_enc(ekpk(ekskB[]),rE_1),skem_enc(senderSkA[],pk_skem_receiver(receiverSkB[]),rS_1)))).

13. By 3, the attacker may know msg(lkem_enc(kpk(kskB[]),rL_1),ekem_enc(ekpk(ekskB[]),rE_1),skem_enc(senderSkA[],pk_skem_receiver(receiverSkB[]),rS_1)).
Using the function get_skem_ct the attacker may obtain skem_enc(senderSkA[],pk_skem_receiver(receiverSkB[]),rS_1).
attacker(skem_enc(senderSkA[],pk_skem_receiver(receiverSkB[]),rS_1)).

14. By 2, the attacker may know sender_prekey(pk_skem_sender(senderSkA[]),sign(sskA[],payload_sender(pk_skem_sender(senderSkA[])))).
Using the function get_sender_prekey_pk the attacker may obtain pk_skem_sender(senderSkA[]).
attacker(pk_skem_sender(senderSkA[])).

15. The message receiverSkB[] may be sent to the attacker at output {89}.
attacker(receiverSkB[]).

16. By 15, the attacker may know receiverSkB[].
By 14, the attacker may know pk_skem_sender(senderSkA[]).
By 13, the attacker may know skem_enc(senderSkA[],pk_skem_receiver(receiverSkB[]),rS_1).
Using the function skem_dec the attacker may obtain skem_ss(senderSkA[],pk_skem_receiver(receiverSkB[]),rS_1).
attacker(skem_ss(senderSkA[],pk_skem_receiver(receiverSkB[]),rS_1)).

17. By 3, the attacker may know msg(lkem_enc(kpk(kskB[]),rL_1),ekem_enc(ekpk(ekskB[]),rE_1),skem_enc(senderSkA[],pk_skem_receiver(receiverSkB[]),rS_1)).
Using the function get_ekem_ct the attacker may obtain ekem_enc(ekpk(ekskB[]),rE_1).
attacker(ekem_enc(ekpk(ekskB[]),rE_1)).

18. The message ekskB[] may be sent to the attacker at output {86}.
attacker(ekskB[]).

19. By 18, the attacker may know ekskB[].
By 17, the attacker may know ekem_enc(ekpk(ekskB[]),rE_1).
Using the function ekem_dec the attacker may obtain ekem_ss(ekpk(ekskB[]),rE_1).
attacker(ekem_ss(ekpk(ekskB[]),rE_1)).

20. By 3, the attacker may know msg(lkem_enc(kpk(kskB[]),rL_1),ekem_enc(ekpk(ekskB[]),rE_1),skem_enc(senderSkA[],pk_skem_receiver(receiverSkB[]),rS_1)).
Using the function get_lkem_ct the attacker may obtain lkem_enc(kpk(kskB[]),rL_1).
attacker(lkem_enc(kpk(kskB[]),rL_1)).

21. The message kskB[] may be sent to the attacker at output {83}.
attacker(kskB[]).

22. By 21, the attacker may know kskB[].
By 20, the attacker may know lkem_enc(kpk(kskB[]),rL_1).
Using the function lkem_dec the attacker may obtain lkem_ss(kpk(kskB[]),rL_1).
attacker(lkem_ss(kpk(kskB[]),rL_1)).

23. By 22, the attacker may know lkem_ss(kpk(kskB[]),rL_1).
By 19, the attacker may know ekem_ss(ekpk(ekskB[]),rE_1).
By 16, the attacker may know skem_ss(senderSkA[],pk_skem_receiver(receiverSkB[]),rS_1).
By 12, the attacker may know sid_of(A[],B[],pk(spk(sskA[]),kpk(kskA[])),pk(spk(sskB[]),kpk(kskB[])),sender_prekey(pk_skem_sender(senderSkA[]),sign(sskA[],payload_sender(pk_skem_sender(senderSkA[])))),receiver_prekey(pk_skem_receiver(receiverSkB[]),ekpk(ekskB[]),sign(sskB[],payload_receiver(pk_skem_receiver(receiverSkB[]),ekpk(ekskB[])))),msg(lkem_enc(kpk(kskB[]),rL_1),ekem_enc(ekpk(ekskB[]),rE_1),skem_enc(senderSkA[],pk_skem_receiver(receiverSkB[]),rS_1))).
Using the function kdf the attacker may obtain kdf(lkem_ss(kpk(kskB[]),rL_1),ekem_ss(ekpk(ekskB[]),rE_1),skem_ss(senderSkA[],pk_skem_receiver(receiverSkB[]),rS_1),sid_of(A[],B[],pk(spk(sskA[]),kpk(kskA[])),pk(spk(sskB[]),kpk(kskB[])),sender_prekey(pk_skem_sender(senderSkA[]),sign(sskA[],payload_sender(pk_skem_sender(senderSkA[])))),receiver_prekey(pk_skem_receiver(receiverSkB[]),ekpk(ekskB[]),sign(sskB[],payload_receiver(pk_skem_receiver(receiverSkB[]),ekpk(ekskB[])))),msg(lkem_enc(kpk(kskB[]),rL_1),ekem_enc(ekpk(ekskB[]),rE_1),skem_enc(senderSkA[],pk_skem_receiver(receiverSkB[]),rS_1)))).
attacker(kdf(lkem_ss(kpk(kskB[]),rL_1),ekem_ss(ekpk(ekskB[]),rE_1),skem_ss(senderSkA[],pk_skem_receiver(receiverSkB[]),rS_1),sid_of(A[],B[],pk(spk(sskA[]),kpk(kskA[])),pk(spk(sskB[]),kpk(kskB[])),sender_prekey(pk_skem_sender(senderSkA[]),sign(sskA[],payload_sender(pk_skem_sender(senderSkA[])))),receiver_prekey(pk_skem_receiver(receiverSkB[]),ekpk(ekskB[]),sign(sskB[],payload_receiver(pk_skem_receiver(receiverSkB[]),ekpk(ekskB[])))),msg(lkem_enc(kpk(kskB[]),rL_1),ekem_enc(ekpk(ekskB[]),rE_1),skem_enc(senderSkA[],pk_skem_receiver(receiverSkB[]),rS_1))))).

24. The message receiver_prekey(pk_skem_receiver(receiverSkB[]),ekpk(ekskB[]),sign(sskB[],payload_receiver(pk_skem_receiver(receiverSkB[]),ekpk(ekskB[])))) that the attacker may have by 1 may be received at input {38}.
The message sender_prekey(pk_skem_sender(senderSkA[]),sign(sskA[],payload_sender(pk_skem_sender(senderSkA[])))) that the attacker may have by 2 may be received at input {45}.
So event SenderKey(A[],B[],sid_of(A[],B[],pk(spk(sskA[]),kpk(kskA[])),pk(spk(sskB[]),kpk(kskB[])),sender_prekey(pk_skem_sender(senderSkA[]),sign(sskA[],payload_sender(pk_skem_sender(senderSkA[])))),receiver_prekey(pk_skem_receiver(receiverSkB[]),ekpk(ekskB[]),sign(sskB[],payload_receiver(pk_skem_receiver(receiverSkB[]),ekpk(ekskB[])))),msg(lkem_enc(kpk(kskB[]),rL_1),ekem_enc(ekpk(ekskB[]),rE_1),skem_enc(senderSkA[],pk_skem_receiver(receiverSkB[]),rS_1))),kdf(lkem_ss(kpk(kskB[]),rL_1),ekem_ss(ekpk(ekskB[]),rE_1),skem_ss(senderSkA[],pk_skem_receiver(receiverSkB[]),rS_1),sid_of(A[],B[],pk(spk(sskA[]),kpk(kskA[])),pk(spk(sskB[]),kpk(kskB[])),sender_prekey(pk_skem_sender(senderSkA[]),sign(sskA[],payload_sender(pk_skem_sender(senderSkA[])))),receiver_prekey(pk_skem_receiver(receiverSkB[]),ekpk(ekskB[]),sign(sskB[],payload_receiver(pk_skem_receiver(receiverSkB[]),ekpk(ekskB[])))),msg(lkem_enc(kpk(kskB[]),rL_1),ekem_enc(ekpk(ekskB[]),rE_1),skem_enc(senderSkA[],pk_skem_receiver(receiverSkB[]),rS_1))))) may be executed at {65}.
event(SenderKey(A[],B[],sid_of(A[],B[],pk(spk(sskA[]),kpk(kskA[])),pk(spk(sskB[]),kpk(kskB[])),sender_prekey(pk_skem_sender(senderSkA[]),sign(sskA[],payload_sender(pk_skem_sender(senderSkA[])))),receiver_prekey(pk_skem_receiver(receiverSkB[]),ekpk(ekskB[]),sign(sskB[],payload_receiver(pk_skem_receiver(receiverSkB[]),ekpk(ekskB[])))),msg(lkem_enc(kpk(kskB[]),rL_1),ekem_enc(ekpk(ekskB[]),rE_1),skem_enc(senderSkA[],pk_skem_receiver(receiverSkB[]),rS_1))),kdf(lkem_ss(kpk(kskB[]),rL_1),ekem_ss(ekpk(ekskB[]),rE_1),skem_ss(senderSkA[],pk_skem_receiver(receiverSkB[]),rS_1),sid_of(A[],B[],pk(spk(sskA[]),kpk(kskA[])),pk(spk(sskB[]),kpk(kskB[])),sender_prekey(pk_skem_sender(senderSkA[]),sign(sskA[],payload_sender(pk_skem_sender(senderSkA[])))),receiver_prekey(pk_skem_receiver(receiverSkB[]),ekpk(ekskB[]),sign(sskB[],payload_receiver(pk_skem_receiver(receiverSkB[]),ekpk(ekskB[])))),msg(lkem_enc(kpk(kskB[]),rL_1),ekem_enc(ekpk(ekskB[]),rE_1),skem_enc(senderSkA[],pk_skem_receiver(receiverSkB[]),rS_1)))))).

25. By 24, event(SenderKey(A[],B[],sid_of(A[],B[],pk(spk(sskA[]),kpk(kskA[])),pk(spk(sskB[]),kpk(kskB[])),sender_prekey(pk_skem_sender(senderSkA[]),sign(sskA[],payload_sender(pk_skem_sender(senderSkA[])))),receiver_prekey(pk_skem_receiver(receiverSkB[]),ekpk(ekskB[]),sign(sskB[],payload_receiver(pk_skem_receiver(receiverSkB[]),ekpk(ekskB[])))),msg(lkem_enc(kpk(kskB[]),rL_1),ekem_enc(ekpk(ekskB[]),rE_1),skem_enc(senderSkA[],pk_skem_receiver(receiverSkB[]),rS_1))),kdf(lkem_ss(kpk(kskB[]),rL_1),ekem_ss(ekpk(ekskB[]),rE_1),skem_ss(senderSkA[],pk_skem_receiver(receiverSkB[]),rS_1),sid_of(A[],B[],pk(spk(sskA[]),kpk(kskA[])),pk(spk(sskB[]),kpk(kskB[])),sender_prekey(pk_skem_sender(senderSkA[]),sign(sskA[],payload_sender(pk_skem_sender(senderSkA[])))),receiver_prekey(pk_skem_receiver(receiverSkB[]),ekpk(ekskB[]),sign(sskB[],payload_receiver(pk_skem_receiver(receiverSkB[]),ekpk(ekskB[])))),msg(lkem_enc(kpk(kskB[]),rL_1),ekem_enc(ekpk(ekskB[]),rE_1),skem_enc(senderSkA[],pk_skem_receiver(receiverSkB[]),rS_1)))))).
By 23, attacker(kdf(lkem_ss(kpk(kskB[]),rL_1),ekem_ss(ekpk(ekskB[]),rE_1),skem_ss(senderSkA[],pk_skem_receiver(receiverSkB[]),rS_1),sid_of(A[],B[],pk(spk(sskA[]),kpk(kskA[])),pk(spk(sskB[]),kpk(kskB[])),sender_prekey(pk_skem_sender(senderSkA[]),sign(sskA[],payload_sender(pk_skem_sender(senderSkA[])))),receiver_prekey(pk_skem_receiver(receiverSkB[]),ekpk(ekskB[]),sign(sskB[],payload_receiver(pk_skem_receiver(receiverSkB[]),ekpk(ekskB[])))),msg(lkem_enc(kpk(kskB[]),rL_1),ekem_enc(ekpk(ekskB[]),rE_1),skem_enc(senderSkA[],pk_skem_receiver(receiverSkB[]),rS_1))))).
The goals are reached, combined in the following fact:
event(SenderKey(A[],B[],sid_of(A[],B[],pk(spk(sskA[]),kpk(kskA[])),pk(spk(sskB[]),kpk(kskB[])),sender_prekey(pk_skem_sender(senderSkA[]),sign(sskA[],payload_sender(pk_skem_sender(senderSkA[])))),receiver_prekey(pk_skem_receiver(receiverSkB[]),ekpk(ekskB[]),sign(sskB[],payload_receiver(pk_skem_receiver(receiverSkB[]),ekpk(ekskB[])))),msg(lkem_enc(kpk(kskB[]),rL_1),ekem_enc(ekpk(ekskB[]),rE_1),skem_enc(senderSkA[],pk_skem_receiver(receiverSkB[]),rS_1))),kdf(lkem_ss(kpk(kskB[]),rL_1),ekem_ss(ekpk(ekskB[]),rE_1),skem_ss(senderSkA[],pk_skem_receiver(receiverSkB[]),rS_1),sid_of(A[],B[],pk(spk(sskA[]),kpk(kskA[])),pk(spk(sskB[]),kpk(kskB[])),sender_prekey(pk_skem_sender(senderSkA[]),sign(sskA[],payload_sender(pk_skem_sender(senderSkA[])))),receiver_prekey(pk_skem_receiver(receiverSkB[]),ekpk(ekskB[]),sign(sskB[],payload_receiver(pk_skem_receiver(receiverSkB[]),ekpk(ekskB[])))),msg(lkem_enc(kpk(kskB[]),rL_1),ekem_enc(ekpk(ekskB[]),rE_1),skem_enc(senderSkA[],pk_skem_receiver(receiverSkB[]),rS_1)))))) && attacker(kdf(lkem_ss(kpk(kskB[]),rL_1),ekem_ss(ekpk(ekskB[]),rE_1),skem_ss(senderSkA[],pk_skem_receiver(receiverSkB[]),rS_1),sid_of(A[],B[],pk(spk(sskA[]),kpk(kskA[])),pk(spk(sskB[]),kpk(kskB[])),sender_prekey(pk_skem_sender(senderSkA[]),sign(sskA[],payload_sender(pk_skem_sender(senderSkA[])))),receiver_prekey(pk_skem_receiver(receiverSkB[]),ekpk(ekskB[]),sign(sskB[],payload_receiver(pk_skem_receiver(receiverSkB[]),ekpk(ekskB[])))),msg(lkem_enc(kpk(kskB[]),rL_1),ekem_enc(ekpk(ekskB[]),rE_1),skem_enc(senderSkA[],pk_skem_receiver(receiverSkB[]),rS_1))))).


A more detailed output of the traces is available with
  set traceDisplay = long.

new sskA: sig_sk creating sskA_2 at {1}

new kskA: kem_sk creating kskA_2 at {2}

new sskB: sig_sk creating sskB_2 at {3}

new kskB: kem_sk creating kskB_3 at {4}

new senderSkA: skem_sender_sk creating senderSkA_2 at {5}

new receiverSkB: skem_receiver_sk creating receiverSkB_3 at {6}

new ekskB: ekem_sk creating ekskB_3 at {7}

event CompromiseReceiverSkemState(B) at {88}

out(c, ~M) with ~M = receiverSkB_3 at {89}

event CompromiseReceiverEkemState(B) at {85}

out(c, ~M_1) with ~M_1 = ekskB_3 at {86}

event CompromiseKemSk(B) at {82}

out(c, ~M_2) with ~M_2 = kskB_3 at {83}

out(c, ~M_3) with ~M_3 = spk(sskA_2) at {21}

out(c, ~M_4) with ~M_4 = kpk(kskA_2) at {22}

out(c, ~M_5) with ~M_5 = pk(spk(sskA_2),kpk(kskA_2)) at {23}

out(c, ~M_6) with ~M_6 = spk(sskB_2) at {24}

out(c, ~M_7) with ~M_7 = kpk(kskB_3) at {25}

out(c, ~M_8) with ~M_8 = pk(spk(sskB_2),kpk(kskB_3)) at {26}

out(c, ~M_9) with ~M_9 = sender_prekey(pk_skem_sender(senderSkA_2),sign(sskA_2,payload_sender(pk_skem_sender(senderSkA_2)))) at {31}

out(c, ~M_10) with ~M_10 = receiver_prekey(pk_skem_receiver(receiverSkB_3),ekpk(ekskB_3),sign(sskB_2,payload_receiver(pk_skem_receiver(receiverSkB_3),ekpk(ekskB_3)))) at {37}

in(c, ~M_10) with ~M_10 = receiver_prekey(pk_skem_receiver(receiverSkB_3),ekpk(ekskB_3),sign(sskB_2,payload_receiver(pk_skem_receiver(receiverSkB_3),ekpk(ekskB_3)))) at {38}

event ReceiverPrekeyVerified(A,B,receiver_prekey(pk_skem_receiver(receiverSkB_3),ekpk(ekskB_3),sign(sskB_2,payload_receiver(pk_skem_receiver(receiverSkB_3),ekpk(ekskB_3))))) at {44}

in(c, ~M_9) with ~M_9 = sender_prekey(pk_skem_sender(senderSkA_2),sign(sskA_2,payload_sender(pk_skem_sender(senderSkA_2)))) at {45}

event SenderPrekeyVerified(B,A,sender_prekey(pk_skem_sender(senderSkA_2),sign(sskA_2,payload_sender(pk_skem_sender(senderSkA_2))))) at {50}

new rL: randomness creating rL_2 at {51}

new rE: randomness creating rE_2 at {52}

new rS: randomness creating rS_2 at {53}

event SenderSplitKemComponent(A,B,skem_enc(senderSkA_2,pk_skem_receiver(receiverSkB_3),rS_2),skem_ss(senderSkA_2,pk_skem_receiver(receiverSkB_3),rS_2)) at {60}

out(c, ~M_11) with ~M_11 = msg(lkem_enc(kpk(kskB_3),rL_2),ekem_enc(ekpk(ekskB_3),rE_2),skem_enc(senderSkA_2,pk_skem_receiver(receiverSkB_3),rS_2)) at {62}

event SenderKey(A,B,sid_of(A,B,pk(spk(sskA_2),kpk(kskA_2)),pk(spk(sskB_2),kpk(kskB_3)),sender_prekey(pk_skem_sender(senderSkA_2),sign(sskA_2,payload_sender(pk_skem_sender(senderSkA_2)))),receiver_prekey(pk_skem_receiver(receiverSkB_3),ekpk(ekskB_3),sign(sskB_2,payload_receiver(pk_skem_receiver(receiverSkB_3),ekpk(ekskB_3)))),msg(lkem_enc(kpk(kskB_3),rL_2),ekem_enc(ekpk(ekskB_3),rE_2),skem_enc(senderSkA_2,pk_skem_receiver(receiverSkB_3),rS_2))),kdf(lkem_ss(kpk(kskB_3),rL_2),ekem_ss(ekpk(ekskB_3),rE_2),skem_ss(senderSkA_2,pk_skem_receiver(receiverSkB_3),rS_2),sid_of(A,B,pk(spk(sskA_2),kpk(kskA_2)),pk(spk(sskB_2),kpk(kskB_3)),sender_prekey(pk_skem_sender(senderSkA_2),sign(sskA_2,payload_sender(pk_skem_sender(senderSkA_2)))),receiver_prekey(pk_skem_receiver(receiverSkB_3),ekpk(ekskB_3),sign(sskB_2,payload_receiver(pk_skem_receiver(receiverSkB_3),ekpk(ekskB_3)))),msg(lkem_enc(kpk(kskB_3),rL_2),ekem_enc(ekpk(ekskB_3),rE_2),skem_enc(senderSkA_2,pk_skem_receiver(receiverSkB_3),rS_2))))) at {65} (goal)

event SendDone(A,B,sid_of(A,B,pk(spk(sskA_2),kpk(kskA_2)),pk(spk(sskB_2),kpk(kskB_3)),sender_prekey(pk_skem_sender(senderSkA_2),sign(sskA_2,payload_sender(pk_skem_sender(senderSkA_2)))),receiver_prekey(pk_skem_receiver(receiverSkB_3),ekpk(ekskB_3),sign(sskB_2,payload_receiver(pk_skem_receiver(receiverSkB_3),ekpk(ekskB_3)))),msg(lkem_enc(kpk(kskB_3),rL_2),ekem_enc(ekpk(ekskB_3),rE_2),skem_enc(senderSkA_2,pk_skem_receiver(receiverSkB_3),rS_2))),kdf(lkem_ss(kpk(kskB_3),rL_2),ekem_ss(ekpk(ekskB_3),rE_2),skem_ss(senderSkA_2,pk_skem_receiver(receiverSkB_3),rS_2),sid_of(A,B,pk(spk(sskA_2),kpk(kskA_2)),pk(spk(sskB_2),kpk(kskB_3)),sender_prekey(pk_skem_sender(senderSkA_2),sign(sskA_2,payload_sender(pk_skem_sender(senderSkA_2)))),receiver_prekey(pk_skem_receiver(receiverSkB_3),ekpk(ekskB_3),sign(sskB_2,payload_receiver(pk_skem_receiver(receiverSkB_3),ekpk(ekskB_3)))),msg(lkem_enc(kpk(kskB_3),rL_2),ekem_enc(ekpk(ekskB_3),rE_2),skem_enc(senderSkA_2,pk_skem_receiver(receiverSkB_3),rS_2))))) at {66}

The event SenderKey(A,B,sid_of(A,B,pk(spk(sskA_2),kpk(kskA_2)),pk(spk(sskB_2),kpk(kskB_3)),sender_prekey(pk_skem_sender(senderSkA_2),sign(sskA_2,payload_sender(pk_skem_sender(senderSkA_2)))),receiver_prekey(pk_skem_receiver(receiverSkB_3),ekpk(ekskB_3),sign(sskB_2,payload_receiver(pk_skem_receiver(receiverSkB_3),ekpk(ekskB_3)))),msg(lkem_enc(kpk(kskB_3),rL_2),ekem_enc(ekpk(ekskB_3),rE_2),skem_enc(senderSkA_2,pk_skem_receiver(receiverSkB_3),rS_2))),kdf(lkem_ss(kpk(kskB_3),rL_2),ekem_ss(ekpk(ekskB_3),rE_2),skem_ss(senderSkA_2,pk_skem_receiver(receiverSkB_3),rS_2),sid_of(A,B,pk(spk(sskA_2),kpk(kskA_2)),pk(spk(sskB_2),kpk(kskB_3)),sender_prekey(pk_skem_sender(senderSkA_2),sign(sskA_2,payload_sender(pk_skem_sender(senderSkA_2)))),receiver_prekey(pk_skem_receiver(receiverSkB_3),ekpk(ekskB_3),sign(sskB_2,payload_receiver(pk_skem_receiver(receiverSkB_3),ekpk(ekskB_3)))),msg(lkem_enc(kpk(kskB_3),rL_2),ekem_enc(ekpk(ekskB_3),rE_2),skem_enc(senderSkA_2,pk_skem_receiver(receiverSkB_3),rS_2))))) is executed at {65}.
The attacker has the message kdf(lkem_dec(~M_2,get_lkem_ct(~M_11)),ekem_dec(~M_1,get_ekem_ct(~M_11)),skem_dec(~M,get_sender_prekey_pk(~M_9),get_skem_ct(~M_11)),sid_of(A,B,pk(~M_3,~M_4),pk(~M_6,~M_7),~M_9,~M_10,~M_11)) = kdf(lkem_ss(kpk(kskB_3),rL_2),ekem_ss(ekpk(ekskB_3),rE_2),skem_ss(senderSkA_2,pk_skem_receiver(receiverSkB_3),rS_2),sid_of(A,B,pk(spk(sskA_2),kpk(kskA_2)),pk(spk(sskB_2),kpk(kskB_3)),sender_prekey(pk_skem_sender(senderSkA_2),sign(sskA_2,payload_sender(pk_skem_sender(senderSkA_2)))),receiver_prekey(pk_skem_receiver(receiverSkB_3),ekpk(ekskB_3),sign(sskB_2,payload_receiver(pk_skem_receiver(receiverSkB_3),ekpk(ekskB_3)))),msg(lkem_enc(kpk(kskB_3),rL_2),ekem_enc(ekpk(ekskB_3),rE_2),skem_enc(senderSkA_2,pk_skem_receiver(receiverSkB_3),rS_2)))).
A trace has been found.
RESULT not (event(SenderKey(A_1,B_1,s,k)) && attacker(k)) is false.
-- Query not (event(ReceiverKey(B_1,A_1,s,k)) && attacker(k)) in process 1.
Translating the process into Horn clauses...
Completing...
200 rules inserted. Base: 164 rules (59 with conclusion selected). Queue: 14 rules.
Starting query not (event(ReceiverKey(B_1,A_1,s,k)) && attacker(k))
goal reachable: event(ReceiverKey(B[],A[],sid_of(A[],B[],pk(spk(sskA[]),kpk(kskA[])),pk(spk(sskB[]),kpk(kskB[])),sender_prekey(pk_skem_sender(senderSkA[]),sign(sskA[],payload_sender(pk_skem_sender(senderSkA[])))),receiver_prekey(pk_skem_receiver(receiverSkB[]),ekpk(ekskB[]),sign(sskB[],payload_receiver(pk_skem_receiver(receiverSkB[]),ekpk(ekskB[])))),msg(lkem_enc(kpk(kskB[]),rL_1),ekem_enc(ekpk(ekskB[]),rE_1),skem_enc(senderSkA[],pk_skem_receiver(receiverSkB[]),rS_1))),kdf(lkem_ss(kpk(kskB[]),rL_1),ekem_ss(ekpk(ekskB[]),rE_1),skem_ss(senderSkA[],pk_skem_receiver(receiverSkB[]),rS_1),sid_of(A[],B[],pk(spk(sskA[]),kpk(kskA[])),pk(spk(sskB[]),kpk(kskB[])),sender_prekey(pk_skem_sender(senderSkA[]),sign(sskA[],payload_sender(pk_skem_sender(senderSkA[])))),receiver_prekey(pk_skem_receiver(receiverSkB[]),ekpk(ekskB[]),sign(sskB[],payload_receiver(pk_skem_receiver(receiverSkB[]),ekpk(ekskB[])))),msg(lkem_enc(kpk(kskB[]),rL_1),ekem_enc(ekpk(ekskB[]),rE_1),skem_enc(senderSkA[],pk_skem_receiver(receiverSkB[]),rS_1)))))) && attacker(kdf(lkem_ss(kpk(kskB[]),rL_1),ekem_ss(ekpk(ekskB[]),rE_1),skem_ss(senderSkA[],pk_skem_receiver(receiverSkB[]),rS_1),sid_of(A[],B[],pk(spk(sskA[]),kpk(kskA[])),pk(spk(sskB[]),kpk(kskB[])),sender_prekey(pk_skem_sender(senderSkA[]),sign(sskA[],payload_sender(pk_skem_sender(senderSkA[])))),receiver_prekey(pk_skem_receiver(receiverSkB[]),ekpk(ekskB[]),sign(sskB[],payload_receiver(pk_skem_receiver(receiverSkB[]),ekpk(ekskB[])))),msg(lkem_enc(kpk(kskB[]),rL_1),ekem_enc(ekpk(ekskB[]),rE_1),skem_enc(senderSkA[],pk_skem_receiver(receiverSkB[]),rS_1)))))
Abbreviations:
rL_1 = rL[senderPrekeyFromNet = sender_prekey(pk_skem_sender(senderSkA[]),sign(sskA[],payload_sender(pk_skem_sender(senderSkA[])))),receiverPrekeyFromNet = receiver_prekey(pk_skem_receiver(receiverSkB[]),ekpk(ekskB[]),sign(sskB[],payload_receiver(pk_skem_receiver(receiverSkB[]),ekpk(ekskB[]))))]
rE_1 = rE[senderPrekeyFromNet = sender_prekey(pk_skem_sender(senderSkA[]),sign(sskA[],payload_sender(pk_skem_sender(senderSkA[])))),receiverPrekeyFromNet = receiver_prekey(pk_skem_receiver(receiverSkB[]),ekpk(ekskB[]),sign(sskB[],payload_receiver(pk_skem_receiver(receiverSkB[]),ekpk(ekskB[]))))]
rS_1 = rS[senderPrekeyFromNet = sender_prekey(pk_skem_sender(senderSkA[]),sign(sskA[],payload_sender(pk_skem_sender(senderSkA[])))),receiverPrekeyFromNet = receiver_prekey(pk_skem_receiver(receiverSkB[]),ekpk(ekskB[]),sign(sskB[],payload_receiver(pk_skem_receiver(receiverSkB[]),ekpk(ekskB[]))))]

Derivation:
Abbreviations:
rL_1 = rL[senderPrekeyFromNet = sender_prekey(pk_skem_sender(senderSkA[]),sign(sskA[],payload_sender(pk_skem_sender(senderSkA[])))),receiverPrekeyFromNet = receiver_prekey(pk_skem_receiver(receiverSkB[]),ekpk(ekskB[]),sign(sskB[],payload_receiver(pk_skem_receiver(receiverSkB[]),ekpk(ekskB[]))))]
rE_1 = rE[senderPrekeyFromNet = sender_prekey(pk_skem_sender(senderSkA[]),sign(sskA[],payload_sender(pk_skem_sender(senderSkA[])))),receiverPrekeyFromNet = receiver_prekey(pk_skem_receiver(receiverSkB[]),ekpk(ekskB[]),sign(sskB[],payload_receiver(pk_skem_receiver(receiverSkB[]),ekpk(ekskB[]))))]
rS_1 = rS[senderPrekeyFromNet = sender_prekey(pk_skem_sender(senderSkA[]),sign(sskA[],payload_sender(pk_skem_sender(senderSkA[])))),receiverPrekeyFromNet = receiver_prekey(pk_skem_receiver(receiverSkB[]),ekpk(ekskB[]),sign(sskB[],payload_receiver(pk_skem_receiver(receiverSkB[]),ekpk(ekskB[]))))]

1. The message receiver_prekey(pk_skem_receiver(receiverSkB[]),ekpk(ekskB[]),sign(sskB[],payload_receiver(pk_skem_receiver(receiverSkB[]),ekpk(ekskB[])))) may be sent to the attacker at output {37}.
attacker(receiver_prekey(pk_skem_receiver(receiverSkB[]),ekpk(ekskB[]),sign(sskB[],payload_receiver(pk_skem_receiver(receiverSkB[]),ekpk(ekskB[]))))).

2. The message sender_prekey(pk_skem_sender(senderSkA[]),sign(sskA[],payload_sender(pk_skem_sender(senderSkA[])))) may be sent to the attacker at output {31}.
attacker(sender_prekey(pk_skem_sender(senderSkA[]),sign(sskA[],payload_sender(pk_skem_sender(senderSkA[]))))).

3. The message receiver_prekey(pk_skem_receiver(receiverSkB[]),ekpk(ekskB[]),sign(sskB[],payload_receiver(pk_skem_receiver(receiverSkB[]),ekpk(ekskB[])))) that the attacker may have by 1 may be received at input {38}.
The message sender_prekey(pk_skem_sender(senderSkA[]),sign(sskA[],payload_sender(pk_skem_sender(senderSkA[])))) that the attacker may have by 2 may be received at input {45}.
So the message msg(lkem_enc(kpk(kskB[]),rL_1),ekem_enc(ekpk(ekskB[]),rE_1),skem_enc(senderSkA[],pk_skem_receiver(receiverSkB[]),rS_1)) may be sent to the attacker at output {62}.
attacker(msg(lkem_enc(kpk(kskB[]),rL_1),ekem_enc(ekpk(ekskB[]),rE_1),skem_enc(senderSkA[],pk_skem_receiver(receiverSkB[]),rS_1))).

4. The message kpk(kskB[]) may be sent to the attacker at output {25}.
attacker(kpk(kskB[])).

5. The message spk(sskB[]) may be sent to the attacker at output {24}.
attacker(spk(sskB[])).

6. By 5, the attacker may know spk(sskB[]).
By 4, the attacker may know kpk(kskB[]).
Using the function pk the attacker may obtain pk(spk(sskB[]),kpk(kskB[])).
attacker(pk(spk(sskB[]),kpk(kskB[]))).

7. The message kpk(kskA[]) may be sent to the attacker at output {22}.
attacker(kpk(kskA[])).

8. The message spk(sskA[]) may be sent to the attacker at output {21}.
attacker(spk(sskA[])).

9. By 8, the attacker may know spk(sskA[]).
By 7, the attacker may know kpk(kskA[]).
Using the function pk the attacker may obtain pk(spk(sskA[]),kpk(kskA[])).
attacker(pk(spk(sskA[]),kpk(kskA[]))).

10. The attacker initially knows B[].
attacker(B[]).

11. The attacker initially knows A[].
attacker(A[]).

12. By 11, the attacker may know A[].
By 10, the attacker may know B[].
By 9, the attacker may know pk(spk(sskA[]),kpk(kskA[])).
By 6, the attacker may know pk(spk(sskB[]),kpk(kskB[])).
By 2, the attacker may know sender_prekey(pk_skem_sender(senderSkA[]),sign(sskA[],payload_sender(pk_skem_sender(senderSkA[])))).
By 1, the attacker may know receiver_prekey(pk_skem_receiver(receiverSkB[]),ekpk(ekskB[]),sign(sskB[],payload_receiver(pk_skem_receiver(receiverSkB[]),ekpk(ekskB[])))).
By 3, the attacker may know msg(lkem_enc(kpk(kskB[]),rL_1),ekem_enc(ekpk(ekskB[]),rE_1),skem_enc(senderSkA[],pk_skem_receiver(receiverSkB[]),rS_1)).
Using the function sid_of the attacker may obtain sid_of(A[],B[],pk(spk(sskA[]),kpk(kskA[])),pk(spk(sskB[]),kpk(kskB[])),sender_prekey(pk_skem_sender(senderSkA[]),sign(sskA[],payload_sender(pk_skem_sender(senderSkA[])))),receiver_prekey(pk_skem_receiver(receiverSkB[]),ekpk(ekskB[]),sign(sskB[],payload_receiver(pk_skem_receiver(receiverSkB[]),ekpk(ekskB[])))),msg(lkem_enc(kpk(kskB[]),rL_1),ekem_enc(ekpk(ekskB[]),rE_1),skem_enc(senderSkA[],pk_skem_receiver(receiverSkB[]),rS_1))).
attacker(sid_of(A[],B[],pk(spk(sskA[]),kpk(kskA[])),pk(spk(sskB[]),kpk(kskB[])),sender_prekey(pk_skem_sender(senderSkA[]),sign(sskA[],payload_sender(pk_skem_sender(senderSkA[])))),receiver_prekey(pk_skem_receiver(receiverSkB[]),ekpk(ekskB[]),sign(sskB[],payload_receiver(pk_skem_receiver(receiverSkB[]),ekpk(ekskB[])))),msg(lkem_enc(kpk(kskB[]),rL_1),ekem_enc(ekpk(ekskB[]),rE_1),skem_enc(senderSkA[],pk_skem_receiver(receiverSkB[]),rS_1)))).

13. By 3, the attacker may know msg(lkem_enc(kpk(kskB[]),rL_1),ekem_enc(ekpk(ekskB[]),rE_1),skem_enc(senderSkA[],pk_skem_receiver(receiverSkB[]),rS_1)).
Using the function get_skem_ct the attacker may obtain skem_enc(senderSkA[],pk_skem_receiver(receiverSkB[]),rS_1).
attacker(skem_enc(senderSkA[],pk_skem_receiver(receiverSkB[]),rS_1)).

14. By 2, the attacker may know sender_prekey(pk_skem_sender(senderSkA[]),sign(sskA[],payload_sender(pk_skem_sender(senderSkA[])))).
Using the function get_sender_prekey_pk the attacker may obtain pk_skem_sender(senderSkA[]).
attacker(pk_skem_sender(senderSkA[])).

15. The message receiverSkB[] may be sent to the attacker at output {89}.
attacker(receiverSkB[]).

16. By 15, the attacker may know receiverSkB[].
By 14, the attacker may know pk_skem_sender(senderSkA[]).
By 13, the attacker may know skem_enc(senderSkA[],pk_skem_receiver(receiverSkB[]),rS_1).
Using the function skem_dec the attacker may obtain skem_ss(senderSkA[],pk_skem_receiver(receiverSkB[]),rS_1).
attacker(skem_ss(senderSkA[],pk_skem_receiver(receiverSkB[]),rS_1)).

17. By 3, the attacker may know msg(lkem_enc(kpk(kskB[]),rL_1),ekem_enc(ekpk(ekskB[]),rE_1),skem_enc(senderSkA[],pk_skem_receiver(receiverSkB[]),rS_1)).
Using the function get_ekem_ct the attacker may obtain ekem_enc(ekpk(ekskB[]),rE_1).
attacker(ekem_enc(ekpk(ekskB[]),rE_1)).

18. The message ekskB[] may be sent to the attacker at output {86}.
attacker(ekskB[]).

19. By 18, the attacker may know ekskB[].
By 17, the attacker may know ekem_enc(ekpk(ekskB[]),rE_1).
Using the function ekem_dec the attacker may obtain ekem_ss(ekpk(ekskB[]),rE_1).
attacker(ekem_ss(ekpk(ekskB[]),rE_1)).

20. By 3, the attacker may know msg(lkem_enc(kpk(kskB[]),rL_1),ekem_enc(ekpk(ekskB[]),rE_1),skem_enc(senderSkA[],pk_skem_receiver(receiverSkB[]),rS_1)).
Using the function get_lkem_ct the attacker may obtain lkem_enc(kpk(kskB[]),rL_1).
attacker(lkem_enc(kpk(kskB[]),rL_1)).

21. The message kskB[] may be sent to the attacker at output {83}.
attacker(kskB[]).

22. By 21, the attacker may know kskB[].
By 20, the attacker may know lkem_enc(kpk(kskB[]),rL_1).
Using the function lkem_dec the attacker may obtain lkem_ss(kpk(kskB[]),rL_1).
attacker(lkem_ss(kpk(kskB[]),rL_1)).

23. By 22, the attacker may know lkem_ss(kpk(kskB[]),rL_1).
By 19, the attacker may know ekem_ss(ekpk(ekskB[]),rE_1).
By 16, the attacker may know skem_ss(senderSkA[],pk_skem_receiver(receiverSkB[]),rS_1).
By 12, the attacker may know sid_of(A[],B[],pk(spk(sskA[]),kpk(kskA[])),pk(spk(sskB[]),kpk(kskB[])),sender_prekey(pk_skem_sender(senderSkA[]),sign(sskA[],payload_sender(pk_skem_sender(senderSkA[])))),receiver_prekey(pk_skem_receiver(receiverSkB[]),ekpk(ekskB[]),sign(sskB[],payload_receiver(pk_skem_receiver(receiverSkB[]),ekpk(ekskB[])))),msg(lkem_enc(kpk(kskB[]),rL_1),ekem_enc(ekpk(ekskB[]),rE_1),skem_enc(senderSkA[],pk_skem_receiver(receiverSkB[]),rS_1))).
Using the function kdf the attacker may obtain kdf(lkem_ss(kpk(kskB[]),rL_1),ekem_ss(ekpk(ekskB[]),rE_1),skem_ss(senderSkA[],pk_skem_receiver(receiverSkB[]),rS_1),sid_of(A[],B[],pk(spk(sskA[]),kpk(kskA[])),pk(spk(sskB[]),kpk(kskB[])),sender_prekey(pk_skem_sender(senderSkA[]),sign(sskA[],payload_sender(pk_skem_sender(senderSkA[])))),receiver_prekey(pk_skem_receiver(receiverSkB[]),ekpk(ekskB[]),sign(sskB[],payload_receiver(pk_skem_receiver(receiverSkB[]),ekpk(ekskB[])))),msg(lkem_enc(kpk(kskB[]),rL_1),ekem_enc(ekpk(ekskB[]),rE_1),skem_enc(senderSkA[],pk_skem_receiver(receiverSkB[]),rS_1)))).
attacker(kdf(lkem_ss(kpk(kskB[]),rL_1),ekem_ss(ekpk(ekskB[]),rE_1),skem_ss(senderSkA[],pk_skem_receiver(receiverSkB[]),rS_1),sid_of(A[],B[],pk(spk(sskA[]),kpk(kskA[])),pk(spk(sskB[]),kpk(kskB[])),sender_prekey(pk_skem_sender(senderSkA[]),sign(sskA[],payload_sender(pk_skem_sender(senderSkA[])))),receiver_prekey(pk_skem_receiver(receiverSkB[]),ekpk(ekskB[]),sign(sskB[],payload_receiver(pk_skem_receiver(receiverSkB[]),ekpk(ekskB[])))),msg(lkem_enc(kpk(kskB[]),rL_1),ekem_enc(ekpk(ekskB[]),rE_1),skem_enc(senderSkA[],pk_skem_receiver(receiverSkB[]),rS_1))))).

24. The message receiver_prekey(pk_skem_receiver(receiverSkB[]),ekpk(ekskB[]),sign(sskB[],payload_receiver(pk_skem_receiver(receiverSkB[]),ekpk(ekskB[])))) that the attacker may have by 1 may be received at input {38}.
The message sender_prekey(pk_skem_sender(senderSkA[]),sign(sskA[],payload_sender(pk_skem_sender(senderSkA[])))) that the attacker may have by 2 may be received at input {45}.
The message msg(lkem_enc(kpk(kskB[]),rL_1),ekem_enc(ekpk(ekskB[]),rE_1),skem_enc(senderSkA[],pk_skem_receiver(receiverSkB[]),rS_1)) that the attacker may have by 3 may be received at input {67}.
So event ReceiverKey(B[],A[],sid_of(A[],B[],pk(spk(sskA[]),kpk(kskA[])),pk(spk(sskB[]),kpk(kskB[])),sender_prekey(pk_skem_sender(senderSkA[]),sign(sskA[],payload_sender(pk_skem_sender(senderSkA[])))),receiver_prekey(pk_skem_receiver(receiverSkB[]),ekpk(ekskB[]),sign(sskB[],payload_receiver(pk_skem_receiver(receiverSkB[]),ekpk(ekskB[])))),msg(lkem_enc(kpk(kskB[]),rL_1),ekem_enc(ekpk(ekskB[]),rE_1),skem_enc(senderSkA[],pk_skem_receiver(receiverSkB[]),rS_1))),kdf(lkem_ss(kpk(kskB[]),rL_1),ekem_ss(ekpk(ekskB[]),rE_1),skem_ss(senderSkA[],pk_skem_receiver(receiverSkB[]),rS_1),sid_of(A[],B[],pk(spk(sskA[]),kpk(kskA[])),pk(spk(sskB[]),kpk(kskB[])),sender_prekey(pk_skem_sender(senderSkA[]),sign(sskA[],payload_sender(pk_skem_sender(senderSkA[])))),receiver_prekey(pk_skem_receiver(receiverSkB[]),ekpk(ekskB[]),sign(sskB[],payload_receiver(pk_skem_receiver(receiverSkB[]),ekpk(ekskB[])))),msg(lkem_enc(kpk(kskB[]),rL_1),ekem_enc(ekpk(ekskB[]),rE_1),skem_enc(senderSkA[],pk_skem_receiver(receiverSkB[]),rS_1))))) may be executed at {78}.
event(ReceiverKey(B[],A[],sid_of(A[],B[],pk(spk(sskA[]),kpk(kskA[])),pk(spk(sskB[]),kpk(kskB[])),sender_prekey(pk_skem_sender(senderSkA[]),sign(sskA[],payload_sender(pk_skem_sender(senderSkA[])))),receiver_prekey(pk_skem_receiver(receiverSkB[]),ekpk(ekskB[]),sign(sskB[],payload_receiver(pk_skem_receiver(receiverSkB[]),ekpk(ekskB[])))),msg(lkem_enc(kpk(kskB[]),rL_1),ekem_enc(ekpk(ekskB[]),rE_1),skem_enc(senderSkA[],pk_skem_receiver(receiverSkB[]),rS_1))),kdf(lkem_ss(kpk(kskB[]),rL_1),ekem_ss(ekpk(ekskB[]),rE_1),skem_ss(senderSkA[],pk_skem_receiver(receiverSkB[]),rS_1),sid_of(A[],B[],pk(spk(sskA[]),kpk(kskA[])),pk(spk(sskB[]),kpk(kskB[])),sender_prekey(pk_skem_sender(senderSkA[]),sign(sskA[],payload_sender(pk_skem_sender(senderSkA[])))),receiver_prekey(pk_skem_receiver(receiverSkB[]),ekpk(ekskB[]),sign(sskB[],payload_receiver(pk_skem_receiver(receiverSkB[]),ekpk(ekskB[])))),msg(lkem_enc(kpk(kskB[]),rL_1),ekem_enc(ekpk(ekskB[]),rE_1),skem_enc(senderSkA[],pk_skem_receiver(receiverSkB[]),rS_1)))))).

25. By 24, event(ReceiverKey(B[],A[],sid_of(A[],B[],pk(spk(sskA[]),kpk(kskA[])),pk(spk(sskB[]),kpk(kskB[])),sender_prekey(pk_skem_sender(senderSkA[]),sign(sskA[],payload_sender(pk_skem_sender(senderSkA[])))),receiver_prekey(pk_skem_receiver(receiverSkB[]),ekpk(ekskB[]),sign(sskB[],payload_receiver(pk_skem_receiver(receiverSkB[]),ekpk(ekskB[])))),msg(lkem_enc(kpk(kskB[]),rL_1),ekem_enc(ekpk(ekskB[]),rE_1),skem_enc(senderSkA[],pk_skem_receiver(receiverSkB[]),rS_1))),kdf(lkem_ss(kpk(kskB[]),rL_1),ekem_ss(ekpk(ekskB[]),rE_1),skem_ss(senderSkA[],pk_skem_receiver(receiverSkB[]),rS_1),sid_of(A[],B[],pk(spk(sskA[]),kpk(kskA[])),pk(spk(sskB[]),kpk(kskB[])),sender_prekey(pk_skem_sender(senderSkA[]),sign(sskA[],payload_sender(pk_skem_sender(senderSkA[])))),receiver_prekey(pk_skem_receiver(receiverSkB[]),ekpk(ekskB[]),sign(sskB[],payload_receiver(pk_skem_receiver(receiverSkB[]),ekpk(ekskB[])))),msg(lkem_enc(kpk(kskB[]),rL_1),ekem_enc(ekpk(ekskB[]),rE_1),skem_enc(senderSkA[],pk_skem_receiver(receiverSkB[]),rS_1)))))).
By 23, attacker(kdf(lkem_ss(kpk(kskB[]),rL_1),ekem_ss(ekpk(ekskB[]),rE_1),skem_ss(senderSkA[],pk_skem_receiver(receiverSkB[]),rS_1),sid_of(A[],B[],pk(spk(sskA[]),kpk(kskA[])),pk(spk(sskB[]),kpk(kskB[])),sender_prekey(pk_skem_sender(senderSkA[]),sign(sskA[],payload_sender(pk_skem_sender(senderSkA[])))),receiver_prekey(pk_skem_receiver(receiverSkB[]),ekpk(ekskB[]),sign(sskB[],payload_receiver(pk_skem_receiver(receiverSkB[]),ekpk(ekskB[])))),msg(lkem_enc(kpk(kskB[]),rL_1),ekem_enc(ekpk(ekskB[]),rE_1),skem_enc(senderSkA[],pk_skem_receiver(receiverSkB[]),rS_1))))).
The goals are reached, combined in the following fact:
event(ReceiverKey(B[],A[],sid_of(A[],B[],pk(spk(sskA[]),kpk(kskA[])),pk(spk(sskB[]),kpk(kskB[])),sender_prekey(pk_skem_sender(senderSkA[]),sign(sskA[],payload_sender(pk_skem_sender(senderSkA[])))),receiver_prekey(pk_skem_receiver(receiverSkB[]),ekpk(ekskB[]),sign(sskB[],payload_receiver(pk_skem_receiver(receiverSkB[]),ekpk(ekskB[])))),msg(lkem_enc(kpk(kskB[]),rL_1),ekem_enc(ekpk(ekskB[]),rE_1),skem_enc(senderSkA[],pk_skem_receiver(receiverSkB[]),rS_1))),kdf(lkem_ss(kpk(kskB[]),rL_1),ekem_ss(ekpk(ekskB[]),rE_1),skem_ss(senderSkA[],pk_skem_receiver(receiverSkB[]),rS_1),sid_of(A[],B[],pk(spk(sskA[]),kpk(kskA[])),pk(spk(sskB[]),kpk(kskB[])),sender_prekey(pk_skem_sender(senderSkA[]),sign(sskA[],payload_sender(pk_skem_sender(senderSkA[])))),receiver_prekey(pk_skem_receiver(receiverSkB[]),ekpk(ekskB[]),sign(sskB[],payload_receiver(pk_skem_receiver(receiverSkB[]),ekpk(ekskB[])))),msg(lkem_enc(kpk(kskB[]),rL_1),ekem_enc(ekpk(ekskB[]),rE_1),skem_enc(senderSkA[],pk_skem_receiver(receiverSkB[]),rS_1)))))) && attacker(kdf(lkem_ss(kpk(kskB[]),rL_1),ekem_ss(ekpk(ekskB[]),rE_1),skem_ss(senderSkA[],pk_skem_receiver(receiverSkB[]),rS_1),sid_of(A[],B[],pk(spk(sskA[]),kpk(kskA[])),pk(spk(sskB[]),kpk(kskB[])),sender_prekey(pk_skem_sender(senderSkA[]),sign(sskA[],payload_sender(pk_skem_sender(senderSkA[])))),receiver_prekey(pk_skem_receiver(receiverSkB[]),ekpk(ekskB[]),sign(sskB[],payload_receiver(pk_skem_receiver(receiverSkB[]),ekpk(ekskB[])))),msg(lkem_enc(kpk(kskB[]),rL_1),ekem_enc(ekpk(ekskB[]),rE_1),skem_enc(senderSkA[],pk_skem_receiver(receiverSkB[]),rS_1))))).


A more detailed output of the traces is available with
  set traceDisplay = long.

new sskA: sig_sk creating sskA_2 at {1}

new kskA: kem_sk creating kskA_2 at {2}

new sskB: sig_sk creating sskB_2 at {3}

new kskB: kem_sk creating kskB_3 at {4}

new senderSkA: skem_sender_sk creating senderSkA_2 at {5}

new receiverSkB: skem_receiver_sk creating receiverSkB_3 at {6}

new ekskB: ekem_sk creating ekskB_3 at {7}

event CompromiseReceiverSkemState(B) at {88}

out(c, ~M) with ~M = receiverSkB_3 at {89}

event CompromiseReceiverEkemState(B) at {85}

out(c, ~M_1) with ~M_1 = ekskB_3 at {86}

event CompromiseKemSk(B) at {82}

out(c, ~M_2) with ~M_2 = kskB_3 at {83}

out(c, ~M_3) with ~M_3 = spk(sskA_2) at {21}

out(c, ~M_4) with ~M_4 = kpk(kskA_2) at {22}

out(c, ~M_5) with ~M_5 = pk(spk(sskA_2),kpk(kskA_2)) at {23}

out(c, ~M_6) with ~M_6 = spk(sskB_2) at {24}

out(c, ~M_7) with ~M_7 = kpk(kskB_3) at {25}

out(c, ~M_8) with ~M_8 = pk(spk(sskB_2),kpk(kskB_3)) at {26}

out(c, ~M_9) with ~M_9 = sender_prekey(pk_skem_sender(senderSkA_2),sign(sskA_2,payload_sender(pk_skem_sender(senderSkA_2)))) at {31}

out(c, ~M_10) with ~M_10 = receiver_prekey(pk_skem_receiver(receiverSkB_3),ekpk(ekskB_3),sign(sskB_2,payload_receiver(pk_skem_receiver(receiverSkB_3),ekpk(ekskB_3)))) at {37}

in(c, ~M_10) with ~M_10 = receiver_prekey(pk_skem_receiver(receiverSkB_3),ekpk(ekskB_3),sign(sskB_2,payload_receiver(pk_skem_receiver(receiverSkB_3),ekpk(ekskB_3)))) at {38}

event ReceiverPrekeyVerified(A,B,receiver_prekey(pk_skem_receiver(receiverSkB_3),ekpk(ekskB_3),sign(sskB_2,payload_receiver(pk_skem_receiver(receiverSkB_3),ekpk(ekskB_3))))) at {44}

in(c, ~M_9) with ~M_9 = sender_prekey(pk_skem_sender(senderSkA_2),sign(sskA_2,payload_sender(pk_skem_sender(senderSkA_2)))) at {45}

event SenderPrekeyVerified(B,A,sender_prekey(pk_skem_sender(senderSkA_2),sign(sskA_2,payload_sender(pk_skem_sender(senderSkA_2))))) at {50}

new rL: randomness creating rL_2 at {51}

new rE: randomness creating rE_2 at {52}

new rS: randomness creating rS_2 at {53}

event SenderSplitKemComponent(A,B,skem_enc(senderSkA_2,pk_skem_receiver(receiverSkB_3),rS_2),skem_ss(senderSkA_2,pk_skem_receiver(receiverSkB_3),rS_2)) at {60}

out(c, ~M_11) with ~M_11 = msg(lkem_enc(kpk(kskB_3),rL_2),ekem_enc(ekpk(ekskB_3),rE_2),skem_enc(senderSkA_2,pk_skem_receiver(receiverSkB_3),rS_2)) at {62}

event SenderKey(A,B,sid_of(A,B,pk(spk(sskA_2),kpk(kskA_2)),pk(spk(sskB_2),kpk(kskB_3)),sender_prekey(pk_skem_sender(senderSkA_2),sign(sskA_2,payload_sender(pk_skem_sender(senderSkA_2)))),receiver_prekey(pk_skem_receiver(receiverSkB_3),ekpk(ekskB_3),sign(sskB_2,payload_receiver(pk_skem_receiver(receiverSkB_3),ekpk(ekskB_3)))),msg(lkem_enc(kpk(kskB_3),rL_2),ekem_enc(ekpk(ekskB_3),rE_2),skem_enc(senderSkA_2,pk_skem_receiver(receiverSkB_3),rS_2))),kdf(lkem_ss(kpk(kskB_3),rL_2),ekem_ss(ekpk(ekskB_3),rE_2),skem_ss(senderSkA_2,pk_skem_receiver(receiverSkB_3),rS_2),sid_of(A,B,pk(spk(sskA_2),kpk(kskA_2)),pk(spk(sskB_2),kpk(kskB_3)),sender_prekey(pk_skem_sender(senderSkA_2),sign(sskA_2,payload_sender(pk_skem_sender(senderSkA_2)))),receiver_prekey(pk_skem_receiver(receiverSkB_3),ekpk(ekskB_3),sign(sskB_2,payload_receiver(pk_skem_receiver(receiverSkB_3),ekpk(ekskB_3)))),msg(lkem_enc(kpk(kskB_3),rL_2),ekem_enc(ekpk(ekskB_3),rE_2),skem_enc(senderSkA_2,pk_skem_receiver(receiverSkB_3),rS_2))))) at {65}

event SendDone(A,B,sid_of(A,B,pk(spk(sskA_2),kpk(kskA_2)),pk(spk(sskB_2),kpk(kskB_3)),sender_prekey(pk_skem_sender(senderSkA_2),sign(sskA_2,payload_sender(pk_skem_sender(senderSkA_2)))),receiver_prekey(pk_skem_receiver(receiverSkB_3),ekpk(ekskB_3),sign(sskB_2,payload_receiver(pk_skem_receiver(receiverSkB_3),ekpk(ekskB_3)))),msg(lkem_enc(kpk(kskB_3),rL_2),ekem_enc(ekpk(ekskB_3),rE_2),skem_enc(senderSkA_2,pk_skem_receiver(receiverSkB_3),rS_2))),kdf(lkem_ss(kpk(kskB_3),rL_2),ekem_ss(ekpk(ekskB_3),rE_2),skem_ss(senderSkA_2,pk_skem_receiver(receiverSkB_3),rS_2),sid_of(A,B,pk(spk(sskA_2),kpk(kskA_2)),pk(spk(sskB_2),kpk(kskB_3)),sender_prekey(pk_skem_sender(senderSkA_2),sign(sskA_2,payload_sender(pk_skem_sender(senderSkA_2)))),receiver_prekey(pk_skem_receiver(receiverSkB_3),ekpk(ekskB_3),sign(sskB_2,payload_receiver(pk_skem_receiver(receiverSkB_3),ekpk(ekskB_3)))),msg(lkem_enc(kpk(kskB_3),rL_2),ekem_enc(ekpk(ekskB_3),rE_2),skem_enc(senderSkA_2,pk_skem_receiver(receiverSkB_3),rS_2))))) at {66}

in(c, ~M_11) with ~M_11 = msg(lkem_enc(kpk(kskB_3),rL_2),ekem_enc(ekpk(ekskB_3),rE_2),skem_enc(senderSkA_2,pk_skem_receiver(receiverSkB_3),rS_2)) at {67}

event SplitKemAccepted(B,A,skem_enc(senderSkA_2,pk_skem_receiver(receiverSkB_3),rS_2),skem_ss(senderSkA_2,pk_skem_receiver(receiverSkB_3),rS_2)) at {74}

event RecvComputed(B,A,sid_of(A,B,pk(spk(sskA_2),kpk(kskA_2)),pk(spk(sskB_2),kpk(kskB_3)),sender_prekey(pk_skem_sender(senderSkA_2),sign(sskA_2,payload_sender(pk_skem_sender(senderSkA_2)))),receiver_prekey(pk_skem_receiver(receiverSkB_3),ekpk(ekskB_3),sign(sskB_2,payload_receiver(pk_skem_receiver(receiverSkB_3),ekpk(ekskB_3)))),msg(lkem_enc(kpk(kskB_3),rL_2),ekem_enc(ekpk(ekskB_3),rE_2),skem_enc(senderSkA_2,pk_skem_receiver(receiverSkB_3),rS_2))),kdf(lkem_ss(kpk(kskB_3),rL_2),ekem_ss(ekpk(ekskB_3),rE_2),skem_ss(senderSkA_2,pk_skem_receiver(receiverSkB_3),rS_2),sid_of(A,B,pk(spk(sskA_2),kpk(kskA_2)),pk(spk(sskB_2),kpk(kskB_3)),sender_prekey(pk_skem_sender(senderSkA_2),sign(sskA_2,payload_sender(pk_skem_sender(senderSkA_2)))),receiver_prekey(pk_skem_receiver(receiverSkB_3),ekpk(ekskB_3),sign(sskB_2,payload_receiver(pk_skem_receiver(receiverSkB_3),ekpk(ekskB_3)))),msg(lkem_enc(kpk(kskB_3),rL_2),ekem_enc(ekpk(ekskB_3),rE_2),skem_enc(senderSkA_2,pk_skem_receiver(receiverSkB_3),rS_2))))) at {77}

event ReceiverKey(B,A,sid_of(A,B,pk(spk(sskA_2),kpk(kskA_2)),pk(spk(sskB_2),kpk(kskB_3)),sender_prekey(pk_skem_sender(senderSkA_2),sign(sskA_2,payload_sender(pk_skem_sender(senderSkA_2)))),receiver_prekey(pk_skem_receiver(receiverSkB_3),ekpk(ekskB_3),sign(sskB_2,payload_receiver(pk_skem_receiver(receiverSkB_3),ekpk(ekskB_3)))),msg(lkem_enc(kpk(kskB_3),rL_2),ekem_enc(ekpk(ekskB_3),rE_2),skem_enc(senderSkA_2,pk_skem_receiver(receiverSkB_3),rS_2))),kdf(lkem_ss(kpk(kskB_3),rL_2),ekem_ss(ekpk(ekskB_3),rE_2),skem_ss(senderSkA_2,pk_skem_receiver(receiverSkB_3),rS_2),sid_of(A,B,pk(spk(sskA_2),kpk(kskA_2)),pk(spk(sskB_2),kpk(kskB_3)),sender_prekey(pk_skem_sender(senderSkA_2),sign(sskA_2,payload_sender(pk_skem_sender(senderSkA_2)))),receiver_prekey(pk_skem_receiver(receiverSkB_3),ekpk(ekskB_3),sign(sskB_2,payload_receiver(pk_skem_receiver(receiverSkB_3),ekpk(ekskB_3)))),msg(lkem_enc(kpk(kskB_3),rL_2),ekem_enc(ekpk(ekskB_3),rE_2),skem_enc(senderSkA_2,pk_skem_receiver(receiverSkB_3),rS_2))))) at {78} (goal)

The event ReceiverKey(B,A,sid_of(A,B,pk(spk(sskA_2),kpk(kskA_2)),pk(spk(sskB_2),kpk(kskB_3)),sender_prekey(pk_skem_sender(senderSkA_2),sign(sskA_2,payload_sender(pk_skem_sender(senderSkA_2)))),receiver_prekey(pk_skem_receiver(receiverSkB_3),ekpk(ekskB_3),sign(sskB_2,payload_receiver(pk_skem_receiver(receiverSkB_3),ekpk(ekskB_3)))),msg(lkem_enc(kpk(kskB_3),rL_2),ekem_enc(ekpk(ekskB_3),rE_2),skem_enc(senderSkA_2,pk_skem_receiver(receiverSkB_3),rS_2))),kdf(lkem_ss(kpk(kskB_3),rL_2),ekem_ss(ekpk(ekskB_3),rE_2),skem_ss(senderSkA_2,pk_skem_receiver(receiverSkB_3),rS_2),sid_of(A,B,pk(spk(sskA_2),kpk(kskA_2)),pk(spk(sskB_2),kpk(kskB_3)),sender_prekey(pk_skem_sender(senderSkA_2),sign(sskA_2,payload_sender(pk_skem_sender(senderSkA_2)))),receiver_prekey(pk_skem_receiver(receiverSkB_3),ekpk(ekskB_3),sign(sskB_2,payload_receiver(pk_skem_receiver(receiverSkB_3),ekpk(ekskB_3)))),msg(lkem_enc(kpk(kskB_3),rL_2),ekem_enc(ekpk(ekskB_3),rE_2),skem_enc(senderSkA_2,pk_skem_receiver(receiverSkB_3),rS_2))))) is executed at {78}.
The attacker has the message kdf(lkem_dec(~M_2,get_lkem_ct(~M_11)),ekem_dec(~M_1,get_ekem_ct(~M_11)),skem_dec(~M,get_sender_prekey_pk(~M_9),get_skem_ct(~M_11)),sid_of(A,B,pk(~M_3,~M_4),pk(~M_6,~M_7),~M_9,~M_10,~M_11)) = kdf(lkem_ss(kpk(kskB_3),rL_2),ekem_ss(ekpk(ekskB_3),rE_2),skem_ss(senderSkA_2,pk_skem_receiver(receiverSkB_3),rS_2),sid_of(A,B,pk(spk(sskA_2),kpk(kskA_2)),pk(spk(sskB_2),kpk(kskB_3)),sender_prekey(pk_skem_sender(senderSkA_2),sign(sskA_2,payload_sender(pk_skem_sender(senderSkA_2)))),receiver_prekey(pk_skem_receiver(receiverSkB_3),ekpk(ekskB_3),sign(sskB_2,payload_receiver(pk_skem_receiver(receiverSkB_3),ekpk(ekskB_3)))),msg(lkem_enc(kpk(kskB_3),rL_2),ekem_enc(ekpk(ekskB_3),rE_2),skem_enc(senderSkA_2,pk_skem_receiver(receiverSkB_3),rS_2)))).
A trace has been found.
RESULT not (event(ReceiverKey(B_1,A_1,s,k)) && attacker(k)) is false.

--------------------------------------------------------------
Verification summary:

Query not event(HonestRun(k)) is false.

Query event(RecvDone(B_1,A_1,s,k)) ==> event(SendDone(A_1,B_1,s,k)) is false.

Query event(RecvDone(B_1,A_1,s,k)) ==> event(SenderPrekeyVerified(B_1,A_1,sp)) is true.

Query event(RecvDone(B_1,A_1,s,k)) ==> event(ReceiverPrekeyVerified(A_1,B_1,rp)) is true.

Query not (event(SenderKey(A_1,B_1,s,k)) && attacker(k)) is false.

Query not (event(ReceiverKey(B_1,A_1,s,k)) && attacker(k)) is false.

--------------------------------------------------------------

