Process 0 (that is, the initial process):
{1}new sskA: sig_sk;
{2}new kskA: kem_sk;
{3}new sskB: sig_sk;
{4}new kskB: kem_sk;
{5}new senderSkA: skem_sender_sk;
{6}new receiverSkB: skem_receiver_sk;
{7}new ekskB: ekem_sk;
(
    {8}let sskA_1: sig_sk = sskA in
    {9}let kskA_1: kem_sk = kskA in
    {10}let sskB_1: sig_sk = sskB in
    {11}let kskB_1: kem_sk = kskB in
    {12}let senderSkA_1: skem_sender_sk = senderSkA in
    {13}let receiverSkB_1: skem_receiver_sk = receiverSkB in
    {14}let ekskB_1: ekem_sk = ekskB in
    {15}let spkA: sig_pk = spk(sskA_1) in
    {16}let kpkA: kem_pk = kpk(kskA_1) in
    {17}let pkA: pk_tuple = pk(spkA,kpkA) in
    {18}let spkB: sig_pk = spk(sskB_1) in
    {19}let kpkB: kem_pk = kpk(kskB_1) in
    {20}let pkB: pk_tuple = pk(spkB,kpkB) in
    {21}out(c, spkA);
    {22}out(c, kpkA);
    {23}out(c, pkA);
    {24}out(c, spkB);
    {25}out(c, kpkB);
    {26}out(c, pkB);
    {27}let senderPkA: skem_sender_pk = pk_skem_sender(senderSkA_1) in
    {28}let senderPayloadA: prekey_payload = payload_sender(senderPkA) in
    {29}let senderSigA: signature = sign(sskA_1,senderPayloadA) in
    {30}let senderPrekeyA: sender_prekey_bundle = sender_prekey(senderPkA,senderSigA) in
    {31}out(c, senderPrekeyA);
    {32}let receiverPkB: skem_receiver_pk = pk_skem_receiver(receiverSkB_1) in
    {33}let ekpkB: ekem_pk = ekpk(ekskB_1) in
    {34}let receiverPayloadB: prekey_payload = payload_receiver(receiverPkB,ekpkB) in
    {35}let receiverSigB: signature = sign(sskB_1,receiverPayloadB) in
    {36}let receiverPrekeyB: receiver_prekey_bundle = receiver_prekey(receiverPkB,ekpkB,receiverSigB) in
    {37}out(c, receiverPrekeyB);
    {38}in(c, receiverPrekeyFromNet: receiver_prekey_bundle);
    {39}let receiverPkFromNet: skem_receiver_pk = get_receiver_prekey_pk(receiverPrekeyFromNet) in
    {40}let ekpkFromNet: ekem_pk = get_receiver_prekey_ekpk(receiverPrekeyFromNet) in
    {41}let receiverSigFromNet: signature = get_receiver_prekey_sig(receiverPrekeyFromNet) in
    {42}let receiverPayloadFromNet: prekey_payload = payload_receiver(receiverPkFromNet,ekpkFromNet) in
    {43}let =true = verify(spkB,receiverPayloadFromNet,receiverSigFromNet) in
    {44}event ReceiverPrekeyVerified(A,B,receiverPrekeyFromNet);
    {45}in(c, senderPrekeyFromNet: sender_prekey_bundle);
    {46}let senderPkFromNet: skem_sender_pk = get_sender_prekey_pk(senderPrekeyFromNet) in
    {47}let senderSigFromNet: signature = get_sender_prekey_sig(senderPrekeyFromNet) in
    {48}let senderPayloadFromNet: prekey_payload = payload_sender(senderPkFromNet) in
    {49}let =true = verify(spkA,senderPayloadFromNet,senderSigFromNet) in
    {50}event SenderPrekeyVerified(B,A,senderPrekeyFromNet);
    {51}new rL: randomness;
    {52}new rE: randomness;
    {53}new rS: randomness;
    {54}let ctL: kem_ct = lkem_enc(kpkB,rL) in
    {55}let KL: shared_secret = lkem_ss(kpkB,rL) in
    {56}let ctE: ekem_ct = ekem_enc(ekpkFromNet,rE) in
    {57}let KE: shared_secret = ekem_ss(ekpkFromNet,rE) in
    {58}let ctS: skem_ct = skem_enc(senderSkA_1,receiverPkFromNet,rS) in
    {59}let KS: shared_secret = skem_ss(senderSkA_1,receiverPkFromNet,rS) in
    {60}event SenderSplitKemComponent(A,B,ctS,KS);
    {61}let m: message_tuple = msg(ctL,ctE,ctS) in
    {62}out(c, m);
    {63}let sidAB: sid_t = sid_of(A,B,pkA,pkB,senderPrekeyA,receiverPrekeyFromNet,m) in
    {64}let kSend: session_key = kdf(KL,KE,KS,sidAB) in
    {65}event SenderKey(A,B,sidAB,kSend);
    {66}event SendDone(A,B,sidAB,kSend);
    {67}in(c, mFromNet: message_tuple);
    {68}let ctLFromNet: kem_ct = get_lkem_ct(mFromNet) in
    {69}let ctEFromNet: ekem_ct = get_ekem_ct(mFromNet) in
    {70}let ctSFromNet: skem_ct = get_skem_ct(mFromNet) in
    {71}let KL2: shared_secret = lkem_dec(kskB_1,ctLFromNet) in
    {72}let KE2: shared_secret = ekem_dec(ekskB_1,ctEFromNet) in
    {73}let KS2: shared_secret = skem_dec(receiverSkB_1,senderPkFromNet,ctSFromNet) in
    {74}event SplitKemAccepted(B,A,ctSFromNet,KS2);
    {75}let sidBA: sid_t = sid_of(A,B,pkA,pkB,senderPrekeyFromNet,receiverPrekeyFromNet,mFromNet) in
    {76}let kRecv: session_key = kdf(KL2,KE2,KS2,sidBA) in
    {77}event RecvComputed(B,A,sidBA,kRecv);
    {78}event ReceiverKey(B,A,sidBA,kRecv);
    {79}event RecvDone(B,A,sidBA,kRecv);
    {80}event HonestRun(kRecv)
) | (
    {81}let sskA_2: sig_sk = sskA in
    {82}let sskB_2: sig_sk = sskB in
    {83}event CompromiseSigSk(A);
    {84}out(c, sskA_2);
    {85}event CompromiseSigSk(B);
    {86}out(c, sskB_2)
)

File "D:\kwaay-formal\logs\final\proverif\LEAK_SIGSK.pv", line 119, character 7:
Warning: identifier A rebound.
File "D:\kwaay-formal\logs\final\proverif\LEAK_SIGSK.pv", line 119, character 17:
Warning: identifier B rebound.
File "D:\kwaay-formal\logs\final\proverif\LEAK_SIGSK.pv", line 122, character 7:
Warning: identifier A rebound.
File "D:\kwaay-formal\logs\final\proverif\LEAK_SIGSK.pv", line 122, character 17:
Warning: identifier B rebound.
File "D:\kwaay-formal\logs\final\proverif\LEAK_SIGSK.pv", line 124, character 7:
Warning: identifier A rebound.
File "D:\kwaay-formal\logs\final\proverif\LEAK_SIGSK.pv", line 124, character 17:
Warning: identifier B rebound.
File "D:\kwaay-formal\logs\final\proverif\LEAK_SIGSK.pv", line 128, character 7:
Warning: identifier A rebound.
File "D:\kwaay-formal\logs\final\proverif\LEAK_SIGSK.pv", line 128, character 17:
Warning: identifier B rebound.
File "D:\kwaay-formal\logs\final\proverif\LEAK_SIGSK.pv", line 130, character 7:
Warning: identifier A rebound.
File "D:\kwaay-formal\logs\final\proverif\LEAK_SIGSK.pv", line 130, character 17:
Warning: identifier B rebound.
--  Process 1 (that is, process 0, with let moved downwards):
{1}new sskA: sig_sk;
{2}new kskA: kem_sk;
{3}new sskB: sig_sk;
{4}new kskB: kem_sk;
{5}new senderSkA: skem_sender_sk;
{6}new receiverSkB: skem_receiver_sk;
{7}new ekskB: ekem_sk;
(
    {8}let sskA_1: sig_sk = sskA in
    {15}let spkA: sig_pk = spk(sskA_1) in
    {21}out(c, spkA);
    {9}let kskA_1: kem_sk = kskA in
    {16}let kpkA: kem_pk = kpk(kskA_1) in
    {22}out(c, kpkA);
    {17}let pkA: pk_tuple = pk(spkA,kpkA) in
    {23}out(c, pkA);
    {10}let sskB_1: sig_sk = sskB in
    {18}let spkB: sig_pk = spk(sskB_1) in
    {24}out(c, spkB);
    {11}let kskB_1: kem_sk = kskB in
    {19}let kpkB: kem_pk = kpk(kskB_1) in
    {25}out(c, kpkB);
    {20}let pkB: pk_tuple = pk(spkB,kpkB) in
    {26}out(c, pkB);
    {12}let senderSkA_1: skem_sender_sk = senderSkA in
    {27}let senderPkA: skem_sender_pk = pk_skem_sender(senderSkA_1) in
    {28}let senderPayloadA: prekey_payload = payload_sender(senderPkA) in
    {29}let senderSigA: signature = sign(sskA_1,senderPayloadA) in
    {30}let senderPrekeyA: sender_prekey_bundle = sender_prekey(senderPkA,senderSigA) in
    {31}out(c, senderPrekeyA);
    {14}let ekskB_1: ekem_sk = ekskB in
    {33}let ekpkB: ekem_pk = ekpk(ekskB_1) in
    {13}let receiverSkB_1: skem_receiver_sk = receiverSkB in
    {32}let receiverPkB: skem_receiver_pk = pk_skem_receiver(receiverSkB_1) in
    {34}let receiverPayloadB: prekey_payload = payload_receiver(receiverPkB,ekpkB) in
    {35}let receiverSigB: signature = sign(sskB_1,receiverPayloadB) in
    {36}let receiverPrekeyB: receiver_prekey_bundle = receiver_prekey(receiverPkB,ekpkB,receiverSigB) in
    {37}out(c, receiverPrekeyB);
    {38}in(c, receiverPrekeyFromNet: receiver_prekey_bundle);
    {39}let receiverPkFromNet: skem_receiver_pk = get_receiver_prekey_pk(receiverPrekeyFromNet) in
    {40}let ekpkFromNet: ekem_pk = get_receiver_prekey_ekpk(receiverPrekeyFromNet) in
    {41}let receiverSigFromNet: signature = get_receiver_prekey_sig(receiverPrekeyFromNet) in
    {42}let receiverPayloadFromNet: prekey_payload = payload_receiver(receiverPkFromNet,ekpkFromNet) in
    {43}let =true = verify(spkB,receiverPayloadFromNet,receiverSigFromNet) in
    {44}event ReceiverPrekeyVerified(A,B,receiverPrekeyFromNet);
    {45}in(c, senderPrekeyFromNet: sender_prekey_bundle);
    {46}let senderPkFromNet: skem_sender_pk = get_sender_prekey_pk(senderPrekeyFromNet) in
    {47}let senderSigFromNet: signature = get_sender_prekey_sig(senderPrekeyFromNet) in
    {48}let senderPayloadFromNet: prekey_payload = payload_sender(senderPkFromNet) in
    {49}let =true = verify(spkA,senderPayloadFromNet,senderSigFromNet) in
    {50}event SenderPrekeyVerified(B,A,senderPrekeyFromNet);
    {51}new rL: randomness;
    {52}new rE: randomness;
    {53}new rS: randomness;
    {59}let KS: shared_secret = skem_ss(senderSkA_1,receiverPkFromNet,rS) in
    {58}let ctS: skem_ct = skem_enc(senderSkA_1,receiverPkFromNet,rS) in
    {60}event SenderSplitKemComponent(A,B,ctS,KS);
    {56}let ctE: ekem_ct = ekem_enc(ekpkFromNet,rE) in
    {54}let ctL: kem_ct = lkem_enc(kpkB,rL) in
    {61}let m: message_tuple = msg(ctL,ctE,ctS) in
    {62}out(c, m);
    {63}let sidAB: sid_t = sid_of(A,B,pkA,pkB,senderPrekeyA,receiverPrekeyFromNet,m) in
    {57}let KE: shared_secret = ekem_ss(ekpkFromNet,rE) in
    {55}let KL: shared_secret = lkem_ss(kpkB,rL) in
    {64}let kSend: session_key = kdf(KL,KE,KS,sidAB) in
    {65}event SenderKey(A,B,sidAB,kSend);
    {66}event SendDone(A,B,sidAB,kSend);
    {67}in(c, mFromNet: message_tuple);
    {68}let ctLFromNet: kem_ct = get_lkem_ct(mFromNet) in
    {69}let ctEFromNet: ekem_ct = get_ekem_ct(mFromNet) in
    {70}let ctSFromNet: skem_ct = get_skem_ct(mFromNet) in
    {71}let KL2: shared_secret = lkem_dec(kskB_1,ctLFromNet) in
    {72}let KE2: shared_secret = ekem_dec(ekskB_1,ctEFromNet) in
    {73}let KS2: shared_secret = skem_dec(receiverSkB_1,senderPkFromNet,ctSFromNet) in
    {74}event SplitKemAccepted(B,A,ctSFromNet,KS2);
    {75}let sidBA: sid_t = sid_of(A,B,pkA,pkB,senderPrekeyFromNet,receiverPrekeyFromNet,mFromNet) in
    {76}let kRecv: session_key = kdf(KL2,KE2,KS2,sidBA) in
    {77}event RecvComputed(B,A,sidBA,kRecv);
    {78}event ReceiverKey(B,A,sidBA,kRecv);
    {79}event RecvDone(B,A,sidBA,kRecv);
    {80}event HonestRun(kRecv)
) | (
    {83}event CompromiseSigSk(A);
    {81}let sskA_2: sig_sk = sskA in
    {84}out(c, sskA_2);
    {85}event CompromiseSigSk(B);
    {82}let sskB_2: sig_sk = sskB in
    {86}out(c, sskB_2)
)

-- Query not event(HonestRun(k)) in process 1.
Translating the process into Horn clauses...
Completing...
200 rules inserted. Base: 162 rules (62 with conclusion selected). Queue: 136 rules.
400 rules inserted. Base: 241 rules (76 with conclusion selected). Queue: 228 rules.
600 rules inserted. Base: 292 rules (81 with conclusion selected). Queue: 289 rules.
800 rules inserted. Base: 350 rules (87 with conclusion selected). Queue: 259 rules.
1000 rules inserted. Base: 406 rules (101 with conclusion selected). Queue: 233 rules.
1200 rules inserted. Base: 406 rules (114 with conclusion selected). Queue: 236 rules.
1400 rules inserted. Base: 430 rules (129 with conclusion selected). Queue: 185 rules.
1600 rules inserted. Base: 410 rules (150 with conclusion selected). Queue: 120 rules.
1800 rules inserted. Base: 383 rules (186 with conclusion selected). Queue: 37 rules.
Starting query not event(HonestRun(k))
goal reachable: attacker(r) && attacker(r_1) && attacker(r_2) && attacker(sender_sk) && attacker(rpk) && attacker(epk) -> event(HonestRun(kdf(lkem_ss(kpk(kskB[]),r),ekem_ss(ekpk(ekskB[]),r_1),skem_ss(sender_sk,pk_skem_receiver(receiverSkB[]),r_2),sid_of(A[],B[],pk(spk(sskA[]),kpk(kskA[])),pk(spk(sskB[]),kpk(kskB[])),sender_prekey(pk_skem_sender(sender_sk),sign(sskA[],payload_sender(pk_skem_sender(sender_sk)))),receiver_prekey(rpk,epk,sign(sskB[],payload_receiver(rpk,epk))),msg(lkem_enc(kpk(kskB[]),r),ekem_enc(ekpk(ekskB[]),r_1),skem_enc(sender_sk,pk_skem_receiver(receiverSkB[]),r_2))))))

Derivation:

1. We assume as hypothesis that
attacker(epk).

2. We assume as hypothesis that
attacker(rpk).

3. By 2, the attacker may know rpk.
By 1, the attacker may know epk.
Using the function payload_receiver the attacker may obtain payload_receiver(rpk,epk).
attacker(payload_receiver(rpk,epk)).

4. The message sskB[] may be sent to the attacker at output {86}.
attacker(sskB[]).

5. By 4, the attacker may know sskB[].
By 3, the attacker may know payload_receiver(rpk,epk).
Using the function sign the attacker may obtain sign(sskB[],payload_receiver(rpk,epk)).
attacker(sign(sskB[],payload_receiver(rpk,epk))).

6. By 2, the attacker may know rpk.
By 1, the attacker may know epk.
By 5, the attacker may know sign(sskB[],payload_receiver(rpk,epk)).
Using the function receiver_prekey the attacker may obtain receiver_prekey(rpk,epk,sign(sskB[],payload_receiver(rpk,epk))).
attacker(receiver_prekey(rpk,epk,sign(sskB[],payload_receiver(rpk,epk)))).

7. We assume as hypothesis that
attacker(sender_sk).

8. By 7, the attacker may know sender_sk.
Using the function pk_skem_sender the attacker may obtain pk_skem_sender(sender_sk).
attacker(pk_skem_sender(sender_sk)).

9. By 8, the attacker may know pk_skem_sender(sender_sk).
Using the function payload_sender the attacker may obtain payload_sender(pk_skem_sender(sender_sk)).
attacker(payload_sender(pk_skem_sender(sender_sk))).

10. The message sskA[] may be sent to the attacker at output {84}.
attacker(sskA[]).

11. By 10, the attacker may know sskA[].
By 9, the attacker may know payload_sender(pk_skem_sender(sender_sk)).
Using the function sign the attacker may obtain sign(sskA[],payload_sender(pk_skem_sender(sender_sk))).
attacker(sign(sskA[],payload_sender(pk_skem_sender(sender_sk)))).

12. By 8, the attacker may know pk_skem_sender(sender_sk).
By 11, the attacker may know sign(sskA[],payload_sender(pk_skem_sender(sender_sk))).
Using the function sender_prekey the attacker may obtain sender_prekey(pk_skem_sender(sender_sk),sign(sskA[],payload_sender(pk_skem_sender(sender_sk)))).
attacker(sender_prekey(pk_skem_sender(sender_sk),sign(sskA[],payload_sender(pk_skem_sender(sender_sk))))).

13. We assume as hypothesis that
attacker(r).

14. The message receiver_prekey(pk_skem_receiver(receiverSkB[]),ekpk(ekskB[]),sign(sskB[],payload_receiver(pk_skem_receiver(receiverSkB[]),ekpk(ekskB[])))) may be sent to the attacker at output {37}.
attacker(receiver_prekey(pk_skem_receiver(receiverSkB[]),ekpk(ekskB[]),sign(sskB[],payload_receiver(pk_skem_receiver(receiverSkB[]),ekpk(ekskB[]))))).

15. By 14, the attacker may know receiver_prekey(pk_skem_receiver(receiverSkB[]),ekpk(ekskB[]),sign(sskB[],payload_receiver(pk_skem_receiver(receiverSkB[]),ekpk(ekskB[])))).
Using the function get_receiver_prekey_pk the attacker may obtain pk_skem_receiver(receiverSkB[]).
attacker(pk_skem_receiver(receiverSkB[])).

16. By 7, the attacker may know sender_sk.
By 15, the attacker may know pk_skem_receiver(receiverSkB[]).
By 13, the attacker may know r.
Using the function skem_enc the attacker may obtain skem_enc(sender_sk,pk_skem_receiver(receiverSkB[]),r).
attacker(skem_enc(sender_sk,pk_skem_receiver(receiverSkB[]),r)).

17. We assume as hypothesis that
attacker(r_1).

18. By 14, the attacker may know receiver_prekey(pk_skem_receiver(receiverSkB[]),ekpk(ekskB[]),sign(sskB[],payload_receiver(pk_skem_receiver(receiverSkB[]),ekpk(ekskB[])))).
Using the function get_receiver_prekey_ekpk the attacker may obtain ekpk(ekskB[]).
attacker(ekpk(ekskB[])).

19. By 18, the attacker may know ekpk(ekskB[]).
By 17, the attacker may know r_1.
Using the function ekem_enc the attacker may obtain ekem_enc(ekpk(ekskB[]),r_1).
attacker(ekem_enc(ekpk(ekskB[]),r_1)).

20. We assume as hypothesis that
attacker(r_2).

21. The message kpk(kskB[]) may be sent to the attacker at output {25}.
attacker(kpk(kskB[])).

22. By 21, the attacker may know kpk(kskB[]).
By 20, the attacker may know r_2.
Using the function lkem_enc the attacker may obtain lkem_enc(kpk(kskB[]),r_2).
attacker(lkem_enc(kpk(kskB[]),r_2)).

23. By 22, the attacker may know lkem_enc(kpk(kskB[]),r_2).
By 19, the attacker may know ekem_enc(ekpk(ekskB[]),r_1).
By 16, the attacker may know skem_enc(sender_sk,pk_skem_receiver(receiverSkB[]),r).
Using the function msg the attacker may obtain msg(lkem_enc(kpk(kskB[]),r_2),ekem_enc(ekpk(ekskB[]),r_1),skem_enc(sender_sk,pk_skem_receiver(receiverSkB[]),r)).
attacker(msg(lkem_enc(kpk(kskB[]),r_2),ekem_enc(ekpk(ekskB[]),r_1),skem_enc(sender_sk,pk_skem_receiver(receiverSkB[]),r))).

24. The message receiver_prekey(rpk,epk,sign(sskB[],payload_receiver(rpk,epk))) that the attacker may have by 6 may be received at input {38}.
The message sender_prekey(pk_skem_sender(sender_sk),sign(sskA[],payload_sender(pk_skem_sender(sender_sk)))) that the attacker may have by 12 may be received at input {45}.
The message msg(lkem_enc(kpk(kskB[]),r_2),ekem_enc(ekpk(ekskB[]),r_1),skem_enc(sender_sk,pk_skem_receiver(receiverSkB[]),r)) that the attacker may have by 23 may be received at input {67}.
So event HonestRun(kdf(lkem_ss(kpk(kskB[]),r_2),ekem_ss(ekpk(ekskB[]),r_1),skem_ss(sender_sk,pk_skem_receiver(receiverSkB[]),r),sid_of(A[],B[],pk(spk(sskA[]),kpk(kskA[])),pk(spk(sskB[]),kpk(kskB[])),sender_prekey(pk_skem_sender(sender_sk),sign(sskA[],payload_sender(pk_skem_sender(sender_sk)))),receiver_prekey(rpk,epk,sign(sskB[],payload_receiver(rpk,epk))),msg(lkem_enc(kpk(kskB[]),r_2),ekem_enc(ekpk(ekskB[]),r_1),skem_enc(sender_sk,pk_skem_receiver(receiverSkB[]),r))))) may be executed at {80}.
event(HonestRun(kdf(lkem_ss(kpk(kskB[]),r_2),ekem_ss(ekpk(ekskB[]),r_1),skem_ss(sender_sk,pk_skem_receiver(receiverSkB[]),r),sid_of(A[],B[],pk(spk(sskA[]),kpk(kskA[])),pk(spk(sskB[]),kpk(kskB[])),sender_prekey(pk_skem_sender(sender_sk),sign(sskA[],payload_sender(pk_skem_sender(sender_sk)))),receiver_prekey(rpk,epk,sign(sskB[],payload_receiver(rpk,epk))),msg(lkem_enc(kpk(kskB[]),r_2),ekem_enc(ekpk(ekskB[]),r_1),skem_enc(sender_sk,pk_skem_receiver(receiverSkB[]),r)))))).

25. By 24, event(HonestRun(kdf(lkem_ss(kpk(kskB[]),r_2),ekem_ss(ekpk(ekskB[]),r_1),skem_ss(sender_sk,pk_skem_receiver(receiverSkB[]),r),sid_of(A[],B[],pk(spk(sskA[]),kpk(kskA[])),pk(spk(sskB[]),kpk(kskB[])),sender_prekey(pk_skem_sender(sender_sk),sign(sskA[],payload_sender(pk_skem_sender(sender_sk)))),receiver_prekey(rpk,epk,sign(sskB[],payload_receiver(rpk,epk))),msg(lkem_enc(kpk(kskB[]),r_2),ekem_enc(ekpk(ekskB[]),r_1),skem_enc(sender_sk,pk_skem_receiver(receiverSkB[]),r)))))).
The goal is reached, represented in the following fact:
event(HonestRun(kdf(lkem_ss(kpk(kskB[]),r_2),ekem_ss(ekpk(ekskB[]),r_1),skem_ss(sender_sk,pk_skem_receiver(receiverSkB[]),r),sid_of(A[],B[],pk(spk(sskA[]),kpk(kskA[])),pk(spk(sskB[]),kpk(kskB[])),sender_prekey(pk_skem_sender(sender_sk),sign(sskA[],payload_sender(pk_skem_sender(sender_sk)))),receiver_prekey(rpk,epk,sign(sskB[],payload_receiver(rpk,epk))),msg(lkem_enc(kpk(kskB[]),r_2),ekem_enc(ekpk(ekskB[]),r_1),skem_enc(sender_sk,pk_skem_receiver(receiverSkB[]),r)))))).


A more detailed output of the traces is available with
  set traceDisplay = long.

new sskA: sig_sk creating sskA_3 at {1}

new kskA: kem_sk creating kskA_2 at {2}

new sskB: sig_sk creating sskB_3 at {3}

new kskB: kem_sk creating kskB_2 at {4}

new senderSkA: skem_sender_sk creating senderSkA_2 at {5}

new receiverSkB: skem_receiver_sk creating receiverSkB_2 at {6}

new ekskB: ekem_sk creating ekskB_2 at {7}

event CompromiseSigSk(A) at {83}

out(c, ~M) with ~M = sskA_3 at {84}

event CompromiseSigSk(B) at {85}

out(c, ~M_1) with ~M_1 = sskB_3 at {86}

out(c, ~M_2) with ~M_2 = spk(sskA_3) at {21}

out(c, ~M_3) with ~M_3 = kpk(kskA_2) at {22}

out(c, ~M_4) with ~M_4 = pk(spk(sskA_3),kpk(kskA_2)) at {23}

out(c, ~M_5) with ~M_5 = spk(sskB_3) at {24}

out(c, ~M_6) with ~M_6 = kpk(kskB_2) at {25}

out(c, ~M_7) with ~M_7 = pk(spk(sskB_3),kpk(kskB_2)) at {26}

out(c, ~M_8) with ~M_8 = sender_prekey(pk_skem_sender(senderSkA_2),sign(sskA_3,payload_sender(pk_skem_sender(senderSkA_2)))) at {31}

out(c, ~M_9) with ~M_9 = receiver_prekey(pk_skem_receiver(receiverSkB_2),ekpk(ekskB_2),sign(sskB_3,payload_receiver(pk_skem_receiver(receiverSkB_2),ekpk(ekskB_2)))) at {37}

in(c, receiver_prekey(a,a_1,sign(~M_1,payload_receiver(a,a_1)))) with receiver_prekey(a,a_1,sign(~M_1,payload_receiver(a,a_1))) = receiver_prekey(a,a_1,sign(sskB_3,payload_receiver(a,a_1))) at {38}

event ReceiverPrekeyVerified(A,B,receiver_prekey(a,a_1,sign(sskB_3,payload_receiver(a,a_1)))) at {44}

in(c, sender_prekey(pk_skem_sender(a_2),sign(~M,payload_sender(pk_skem_sender(a_2))))) with sender_prekey(pk_skem_sender(a_2),sign(~M,payload_sender(pk_skem_sender(a_2)))) = sender_prekey(pk_skem_sender(a_2),sign(sskA_3,payload_sender(pk_skem_sender(a_2)))) at {45}

event SenderPrekeyVerified(B,A,sender_prekey(pk_skem_sender(a_2),sign(sskA_3,payload_sender(pk_skem_sender(a_2))))) at {50}

new rL: randomness creating rL_1 at {51}

new rE: randomness creating rE_1 at {52}

new rS: randomness creating rS_1 at {53}

event SenderSplitKemComponent(A,B,skem_enc(senderSkA_2,a,rS_1),skem_ss(senderSkA_2,a,rS_1)) at {60}

out(c, ~M_10) with ~M_10 = msg(lkem_enc(kpk(kskB_2),rL_1),ekem_enc(a_1,rE_1),skem_enc(senderSkA_2,a,rS_1)) at {62}

event SenderKey(A,B,sid_of(A,B,pk(spk(sskA_3),kpk(kskA_2)),pk(spk(sskB_3),kpk(kskB_2)),sender_prekey(pk_skem_sender(senderSkA_2),sign(sskA_3,payload_sender(pk_skem_sender(senderSkA_2)))),receiver_prekey(a,a_1,sign(sskB_3,payload_receiver(a,a_1))),msg(lkem_enc(kpk(kskB_2),rL_1),ekem_enc(a_1,rE_1),skem_enc(senderSkA_2,a,rS_1))),kdf(lkem_ss(kpk(kskB_2),rL_1),ekem_ss(a_1,rE_1),skem_ss(senderSkA_2,a,rS_1),sid_of(A,B,pk(spk(sskA_3),kpk(kskA_2)),pk(spk(sskB_3),kpk(kskB_2)),sender_prekey(pk_skem_sender(senderSkA_2),sign(sskA_3,payload_sender(pk_skem_sender(senderSkA_2)))),receiver_prekey(a,a_1,sign(sskB_3,payload_receiver(a,a_1))),msg(lkem_enc(kpk(kskB_2),rL_1),ekem_enc(a_1,rE_1),skem_enc(senderSkA_2,a,rS_1))))) at {65}

event SendDone(A,B,sid_of(A,B,pk(spk(sskA_3),kpk(kskA_2)),pk(spk(sskB_3),kpk(kskB_2)),sender_prekey(pk_skem_sender(senderSkA_2),sign(sskA_3,payload_sender(pk_skem_sender(senderSkA_2)))),receiver_prekey(a,a_1,sign(sskB_3,payload_receiver(a,a_1))),msg(lkem_enc(kpk(kskB_2),rL_1),ekem_enc(a_1,rE_1),skem_enc(senderSkA_2,a,rS_1))),kdf(lkem_ss(kpk(kskB_2),rL_1),ekem_ss(a_1,rE_1),skem_ss(senderSkA_2,a,rS_1),sid_of(A,B,pk(spk(sskA_3),kpk(kskA_2)),pk(spk(sskB_3),kpk(kskB_2)),sender_prekey(pk_skem_sender(senderSkA_2),sign(sskA_3,payload_sender(pk_skem_sender(senderSkA_2)))),receiver_prekey(a,a_1,sign(sskB_3,payload_receiver(a,a_1))),msg(lkem_enc(kpk(kskB_2),rL_1),ekem_enc(a_1,rE_1),skem_enc(senderSkA_2,a,rS_1))))) at {66}

in(c, msg(lkem_enc(~M_6,a_3),ekem_enc(get_receiver_prekey_ekpk(~M_9),a_4),skem_enc(a_2,get_receiver_prekey_pk(~M_9),a_5))) with msg(lkem_enc(~M_6,a_3),ekem_enc(get_receiver_prekey_ekpk(~M_9),a_4),skem_enc(a_2,get_receiver_prekey_pk(~M_9),a_5)) = msg(lkem_enc(kpk(kskB_2),a_3),ekem_enc(ekpk(ekskB_2),a_4),skem_enc(a_2,pk_skem_receiver(receiverSkB_2),a_5)) at {67}

event SplitKemAccepted(B,A,skem_enc(a_2,pk_skem_receiver(receiverSkB_2),a_5),skem_ss(a_2,pk_skem_receiver(receiverSkB_2),a_5)) at {74}

event RecvComputed(B,A,sid_of(A,B,pk(spk(sskA_3),kpk(kskA_2)),pk(spk(sskB_3),kpk(kskB_2)),sender_prekey(pk_skem_sender(a_2),sign(sskA_3,payload_sender(pk_skem_sender(a_2)))),receiver_prekey(a,a_1,sign(sskB_3,payload_receiver(a,a_1))),msg(lkem_enc(kpk(kskB_2),a_3),ekem_enc(ekpk(ekskB_2),a_4),skem_enc(a_2,pk_skem_receiver(receiverSkB_2),a_5))),kdf(lkem_ss(kpk(kskB_2),a_3),ekem_ss(ekpk(ekskB_2),a_4),skem_ss(a_2,pk_skem_receiver(receiverSkB_2),a_5),sid_of(A,B,pk(spk(sskA_3),kpk(kskA_2)),pk(spk(sskB_3),kpk(kskB_2)),sender_prekey(pk_skem_sender(a_2),sign(sskA_3,payload_sender(pk_skem_sender(a_2)))),receiver_prekey(a,a_1,sign(sskB_3,payload_receiver(a,a_1))),msg(lkem_enc(kpk(kskB_2),a_3),ekem_enc(ekpk(ekskB_2),a_4),skem_enc(a_2,pk_skem_receiver(receiverSkB_2),a_5))))) at {77}

event ReceiverKey(B,A,sid_of(A,B,pk(spk(sskA_3),kpk(kskA_2)),pk(spk(sskB_3),kpk(kskB_2)),sender_prekey(pk_skem_sender(a_2),sign(sskA_3,payload_sender(pk_skem_sender(a_2)))),receiver_prekey(a,a_1,sign(sskB_3,payload_receiver(a,a_1))),msg(lkem_enc(kpk(kskB_2),a_3),ekem_enc(ekpk(ekskB_2),a_4),skem_enc(a_2,pk_skem_receiver(receiverSkB_2),a_5))),kdf(lkem_ss(kpk(kskB_2),a_3),ekem_ss(ekpk(ekskB_2),a_4),skem_ss(a_2,pk_skem_receiver(receiverSkB_2),a_5),sid_of(A,B,pk(spk(sskA_3),kpk(kskA_2)),pk(spk(sskB_3),kpk(kskB_2)),sender_prekey(pk_skem_sender(a_2),sign(sskA_3,payload_sender(pk_skem_sender(a_2)))),receiver_prekey(a,a_1,sign(sskB_3,payload_receiver(a,a_1))),msg(lkem_enc(kpk(kskB_2),a_3),ekem_enc(ekpk(ekskB_2),a_4),skem_enc(a_2,pk_skem_receiver(receiverSkB_2),a_5))))) at {78}

event RecvDone(B,A,sid_of(A,B,pk(spk(sskA_3),kpk(kskA_2)),pk(spk(sskB_3),kpk(kskB_2)),sender_prekey(pk_skem_sender(a_2),sign(sskA_3,payload_sender(pk_skem_sender(a_2)))),receiver_prekey(a,a_1,sign(sskB_3,payload_receiver(a,a_1))),msg(lkem_enc(kpk(kskB_2),a_3),ekem_enc(ekpk(ekskB_2),a_4),skem_enc(a_2,pk_skem_receiver(receiverSkB_2),a_5))),kdf(lkem_ss(kpk(kskB_2),a_3),ekem_ss(ekpk(ekskB_2),a_4),skem_ss(a_2,pk_skem_receiver(receiverSkB_2),a_5),sid_of(A,B,pk(spk(sskA_3),kpk(kskA_2)),pk(spk(sskB_3),kpk(kskB_2)),sender_prekey(pk_skem_sender(a_2),sign(sskA_3,payload_sender(pk_skem_sender(a_2)))),receiver_prekey(a,a_1,sign(sskB_3,payload_receiver(a,a_1))),msg(lkem_enc(kpk(kskB_2),a_3),ekem_enc(ekpk(ekskB_2),a_4),skem_enc(a_2,pk_skem_receiver(receiverSkB_2),a_5))))) at {79}

event HonestRun(kdf(lkem_ss(kpk(kskB_2),a_3),ekem_ss(ekpk(ekskB_2),a_4),skem_ss(a_2,pk_skem_receiver(receiverSkB_2),a_5),sid_of(A,B,pk(spk(sskA_3),kpk(kskA_2)),pk(spk(sskB_3),kpk(kskB_2)),sender_prekey(pk_skem_sender(a_2),sign(sskA_3,payload_sender(pk_skem_sender(a_2)))),receiver_prekey(a,a_1,sign(sskB_3,payload_receiver(a,a_1))),msg(lkem_enc(kpk(kskB_2),a_3),ekem_enc(ekpk(ekskB_2),a_4),skem_enc(a_2,pk_skem_receiver(receiverSkB_2),a_5))))) at {80} (goal)

The event HonestRun(kdf(lkem_ss(kpk(kskB_2),a_3),ekem_ss(ekpk(ekskB_2),a_4),skem_ss(a_2,pk_skem_receiver(receiverSkB_2),a_5),sid_of(A,B,pk(spk(sskA_3),kpk(kskA_2)),pk(spk(sskB_3),kpk(kskB_2)),sender_prekey(pk_skem_sender(a_2),sign(sskA_3,payload_sender(pk_skem_sender(a_2)))),receiver_prekey(a,a_1,sign(sskB_3,payload_receiver(a,a_1))),msg(lkem_enc(kpk(kskB_2),a_3),ekem_enc(ekpk(ekskB_2),a_4),skem_enc(a_2,pk_skem_receiver(receiverSkB_2),a_5))))) is executed at {80}.
A trace has been found.
RESULT not event(HonestRun(k)) is false.
-- Query event(RecvDone(B_1,A_1,s,k)) ==> event(SendDone(A_1,B_1,s,k)) in process 1.
Translating the process into Horn clauses...
Completing...
200 rules inserted. Base: 162 rules (62 with conclusion selected). Queue: 136 rules.
400 rules inserted. Base: 241 rules (76 with conclusion selected). Queue: 228 rules.
600 rules inserted. Base: 292 rules (81 with conclusion selected). Queue: 289 rules.
800 rules inserted. Base: 350 rules (87 with conclusion selected). Queue: 259 rules.
1000 rules inserted. Base: 406 rules (101 with conclusion selected). Queue: 233 rules.
1200 rules inserted. Base: 406 rules (114 with conclusion selected). Queue: 236 rules.
1400 rules inserted. Base: 430 rules (129 with conclusion selected). Queue: 185 rules.
1600 rules inserted. Base: 410 rules (150 with conclusion selected). Queue: 120 rules.
1800 rules inserted. Base: 383 rules (186 with conclusion selected). Queue: 37 rules.
Starting query event(RecvDone(B_1,A_1,s,k)) ==> event(SendDone(A_1,B_1,s,k))
goal reachable: attacker(r) && attacker(r_1) && attacker(r_2) && b-event(SendDone(A[],B[],sid_of(A[],B[],pk(spk(sskA[]),kpk(kskA[])),pk(spk(sskB[]),kpk(kskB[])),sender_prekey(pk_skem_sender(senderSkA[]),sign(sskA[],payload_sender(pk_skem_sender(senderSkA[])))),receiver_prekey(rpk,epk,sign(sskB[],payload_receiver(rpk,epk))),msg(lkem_enc(kpk(kskB[]),rL_1),ekem_enc(epk,rE_1),skem_enc(senderSkA[],rpk,rS_1))),kdf(lkem_ss(kpk(kskB[]),rL_1),ekem_ss(epk,rE_1),skem_ss(senderSkA[],rpk,rS_1),sid_of(A[],B[],pk(spk(sskA[]),kpk(kskA[])),pk(spk(sskB[]),kpk(kskB[])),sender_prekey(pk_skem_sender(senderSkA[]),sign(sskA[],payload_sender(pk_skem_sender(senderSkA[])))),receiver_prekey(rpk,epk,sign(sskB[],payload_receiver(rpk,epk))),msg(lkem_enc(kpk(kskB[]),rL_1),ekem_enc(epk,rE_1),skem_enc(senderSkA[],rpk,rS_1)))))) && attacker(sender_sk) && attacker(rpk) && attacker(epk) -> event(RecvDone(B[],A[],sid_of(A[],B[],pk(spk(sskA[]),kpk(kskA[])),pk(spk(sskB[]),kpk(kskB[])),sender_prekey(pk_skem_sender(sender_sk),sign(sskA[],payload_sender(pk_skem_sender(sender_sk)))),receiver_prekey(rpk,epk,sign(sskB[],payload_receiver(rpk,epk))),msg(lkem_enc(kpk(kskB[]),r),ekem_enc(ekpk(ekskB[]),r_1),skem_enc(sender_sk,pk_skem_receiver(receiverSkB[]),r_2))),kdf(lkem_ss(kpk(kskB[]),r),ekem_ss(ekpk(ekskB[]),r_1),skem_ss(sender_sk,pk_skem_receiver(receiverSkB[]),r_2),sid_of(A[],B[],pk(spk(sskA[]),kpk(kskA[])),pk(spk(sskB[]),kpk(kskB[])),sender_prekey(pk_skem_sender(sender_sk),sign(sskA[],payload_sender(pk_skem_sender(sender_sk)))),receiver_prekey(rpk,epk,sign(sskB[],payload_receiver(rpk,epk))),msg(lkem_enc(kpk(kskB[]),r),ekem_enc(ekpk(ekskB[]),r_1),skem_enc(sender_sk,pk_skem_receiver(receiverSkB[]),r_2))))))
Abbreviations:
rL_1 = rL[senderPrekeyFromNet = sender_prekey(pk_skem_sender(sender_sk),sign(sskA[],payload_sender(pk_skem_sender(sender_sk)))),receiverPrekeyFromNet = receiver_prekey(rpk,epk,sign(sskB[],payload_receiver(rpk,epk)))]
rE_1 = rE[senderPrekeyFromNet = sender_prekey(pk_skem_sender(sender_sk),sign(sskA[],payload_sender(pk_skem_sender(sender_sk)))),receiverPrekeyFromNet = receiver_prekey(rpk,epk,sign(sskB[],payload_receiver(rpk,epk)))]
rS_1 = rS[senderPrekeyFromNet = sender_prekey(pk_skem_sender(sender_sk),sign(sskA[],payload_sender(pk_skem_sender(sender_sk)))),receiverPrekeyFromNet = receiver_prekey(rpk,epk,sign(sskB[],payload_receiver(rpk,epk)))]

Derivation:
Abbreviations:
rL_1 = rL[senderPrekeyFromNet = sender_prekey(pk_skem_sender(sender_sk),sign(sskA[],payload_sender(pk_skem_sender(sender_sk)))),receiverPrekeyFromNet = receiver_prekey(rpk,epk,sign(sskB[],payload_receiver(rpk,epk)))]
rE_1 = rE[senderPrekeyFromNet = sender_prekey(pk_skem_sender(sender_sk),sign(sskA[],payload_sender(pk_skem_sender(sender_sk)))),receiverPrekeyFromNet = receiver_prekey(rpk,epk,sign(sskB[],payload_receiver(rpk,epk)))]
rS_1 = rS[senderPrekeyFromNet = sender_prekey(pk_skem_sender(sender_sk),sign(sskA[],payload_sender(pk_skem_sender(sender_sk)))),receiverPrekeyFromNet = receiver_prekey(rpk,epk,sign(sskB[],payload_receiver(rpk,epk)))]

1. We assume as hypothesis that
attacker(epk).

2. We assume as hypothesis that
attacker(rpk).

3. By 2, the attacker may know rpk.
By 1, the attacker may know epk.
Using the function payload_receiver the attacker may obtain payload_receiver(rpk,epk).
attacker(payload_receiver(rpk,epk)).

4. The message sskB[] may be sent to the attacker at output {86}.
attacker(sskB[]).

5. By 4, the attacker may know sskB[].
By 3, the attacker may know payload_receiver(rpk,epk).
Using the function sign the attacker may obtain sign(sskB[],payload_receiver(rpk,epk)).
attacker(sign(sskB[],payload_receiver(rpk,epk))).

6. By 2, the attacker may know rpk.
By 1, the attacker may know epk.
By 5, the attacker may know sign(sskB[],payload_receiver(rpk,epk)).
Using the function receiver_prekey the attacker may obtain receiver_prekey(rpk,epk,sign(sskB[],payload_receiver(rpk,epk))).
attacker(receiver_prekey(rpk,epk,sign(sskB[],payload_receiver(rpk,epk)))).

7. We assume as hypothesis that
attacker(sender_sk).

8. By 7, the attacker may know sender_sk.
Using the function pk_skem_sender the attacker may obtain pk_skem_sender(sender_sk).
attacker(pk_skem_sender(sender_sk)).

9. By 8, the attacker may know pk_skem_sender(sender_sk).
Using the function payload_sender the attacker may obtain payload_sender(pk_skem_sender(sender_sk)).
attacker(payload_sender(pk_skem_sender(sender_sk))).

10. The message sskA[] may be sent to the attacker at output {84}.
attacker(sskA[]).

11. By 10, the attacker may know sskA[].
By 9, the attacker may know payload_sender(pk_skem_sender(sender_sk)).
Using the function sign the attacker may obtain sign(sskA[],payload_sender(pk_skem_sender(sender_sk))).
attacker(sign(sskA[],payload_sender(pk_skem_sender(sender_sk)))).

12. By 8, the attacker may know pk_skem_sender(sender_sk).
By 11, the attacker may know sign(sskA[],payload_sender(pk_skem_sender(sender_sk))).
Using the function sender_prekey the attacker may obtain sender_prekey(pk_skem_sender(sender_sk),sign(sskA[],payload_sender(pk_skem_sender(sender_sk)))).
attacker(sender_prekey(pk_skem_sender(sender_sk),sign(sskA[],payload_sender(pk_skem_sender(sender_sk))))).

13. We assume as hypothesis that
attacker(r).

14. The message receiver_prekey(pk_skem_receiver(receiverSkB[]),ekpk(ekskB[]),sign(sskB[],payload_receiver(pk_skem_receiver(receiverSkB[]),ekpk(ekskB[])))) may be sent to the attacker at output {37}.
attacker(receiver_prekey(pk_skem_receiver(receiverSkB[]),ekpk(ekskB[]),sign(sskB[],payload_receiver(pk_skem_receiver(receiverSkB[]),ekpk(ekskB[]))))).

15. By 14, the attacker may know receiver_prekey(pk_skem_receiver(receiverSkB[]),ekpk(ekskB[]),sign(sskB[],payload_receiver(pk_skem_receiver(receiverSkB[]),ekpk(ekskB[])))).
Using the function get_receiver_prekey_pk the attacker may obtain pk_skem_receiver(receiverSkB[]).
attacker(pk_skem_receiver(receiverSkB[])).

16. By 7, the attacker may know sender_sk.
By 15, the attacker may know pk_skem_receiver(receiverSkB[]).
By 13, the attacker may know r.
Using the function skem_enc the attacker may obtain skem_enc(sender_sk,pk_skem_receiver(receiverSkB[]),r).
attacker(skem_enc(sender_sk,pk_skem_receiver(receiverSkB[]),r)).

17. We assume as hypothesis that
attacker(r_1).

18. By 14, the attacker may know receiver_prekey(pk_skem_receiver(receiverSkB[]),ekpk(ekskB[]),sign(sskB[],payload_receiver(pk_skem_receiver(receiverSkB[]),ekpk(ekskB[])))).
Using the function get_receiver_prekey_ekpk the attacker may obtain ekpk(ekskB[]).
attacker(ekpk(ekskB[])).

19. By 18, the attacker may know ekpk(ekskB[]).
By 17, the attacker may know r_1.
Using the function ekem_enc the attacker may obtain ekem_enc(ekpk(ekskB[]),r_1).
attacker(ekem_enc(ekpk(ekskB[]),r_1)).

20. We assume as hypothesis that
attacker(r_2).

21. The message kpk(kskB[]) may be sent to the attacker at output {25}.
attacker(kpk(kskB[])).

22. By 21, the attacker may know kpk(kskB[]).
By 20, the attacker may know r_2.
Using the function lkem_enc the attacker may obtain lkem_enc(kpk(kskB[]),r_2).
attacker(lkem_enc(kpk(kskB[]),r_2)).

23. By 22, the attacker may know lkem_enc(kpk(kskB[]),r_2).
By 19, the attacker may know ekem_enc(ekpk(ekskB[]),r_1).
By 16, the attacker may know skem_enc(sender_sk,pk_skem_receiver(receiverSkB[]),r).
Using the function msg the attacker may obtain msg(lkem_enc(kpk(kskB[]),r_2),ekem_enc(ekpk(ekskB[]),r_1),skem_enc(sender_sk,pk_skem_receiver(receiverSkB[]),r)).
attacker(msg(lkem_enc(kpk(kskB[]),r_2),ekem_enc(ekpk(ekskB[]),r_1),skem_enc(sender_sk,pk_skem_receiver(receiverSkB[]),r))).

24. The message receiver_prekey(rpk,epk,sign(sskB[],payload_receiver(rpk,epk))) that the attacker may have by 6 may be received at input {38}.
The message sender_prekey(pk_skem_sender(sender_sk),sign(sskA[],payload_sender(pk_skem_sender(sender_sk)))) that the attacker may have by 12 may be received at input {45}.
The event SendDone(A[],B[],sid_of(A[],B[],pk(spk(sskA[]),kpk(kskA[])),pk(spk(sskB[]),kpk(kskB[])),sender_prekey(pk_skem_sender(senderSkA[]),sign(sskA[],payload_sender(pk_skem_sender(senderSkA[])))),receiver_prekey(rpk,epk,sign(sskB[],payload_receiver(rpk,epk))),msg(lkem_enc(kpk(kskB[]),rL_1),ekem_enc(epk,rE_1),skem_enc(senderSkA[],rpk,rS_1))),kdf(lkem_ss(kpk(kskB[]),rL_1),ekem_ss(epk,rE_1),skem_ss(senderSkA[],rpk,rS_1),sid_of(A[],B[],pk(spk(sskA[]),kpk(kskA[])),pk(spk(sskB[]),kpk(kskB[])),sender_prekey(pk_skem_sender(senderSkA[]),sign(sskA[],payload_sender(pk_skem_sender(senderSkA[])))),receiver_prekey(rpk,epk,sign(sskB[],payload_receiver(rpk,epk))),msg(lkem_enc(kpk(kskB[]),rL_1),ekem_enc(epk,rE_1),skem_enc(senderSkA[],rpk,rS_1))))) may be executed at {66}.
The message msg(lkem_enc(kpk(kskB[]),r_2),ekem_enc(ekpk(ekskB[]),r_1),skem_enc(sender_sk,pk_skem_receiver(receiverSkB[]),r)) that the attacker may have by 23 may be received at input {67}.
So event RecvDone(B[],A[],sid_of(A[],B[],pk(spk(sskA[]),kpk(kskA[])),pk(spk(sskB[]),kpk(kskB[])),sender_prekey(pk_skem_sender(sender_sk),sign(sskA[],payload_sender(pk_skem_sender(sender_sk)))),receiver_prekey(rpk,epk,sign(sskB[],payload_receiver(rpk,epk))),msg(lkem_enc(kpk(kskB[]),r_2),ekem_enc(ekpk(ekskB[]),r_1),skem_enc(sender_sk,pk_skem_receiver(receiverSkB[]),r))),kdf(lkem_ss(kpk(kskB[]),r_2),ekem_ss(ekpk(ekskB[]),r_1),skem_ss(sender_sk,pk_skem_receiver(receiverSkB[]),r),sid_of(A[],B[],pk(spk(sskA[]),kpk(kskA[])),pk(spk(sskB[]),kpk(kskB[])),sender_prekey(pk_skem_sender(sender_sk),sign(sskA[],payload_sender(pk_skem_sender(sender_sk)))),receiver_prekey(rpk,epk,sign(sskB[],payload_receiver(rpk,epk))),msg(lkem_enc(kpk(kskB[]),r_2),ekem_enc(ekpk(ekskB[]),r_1),skem_enc(sender_sk,pk_skem_receiver(receiverSkB[]),r))))) may be executed at {79}.
event(RecvDone(B[],A[],sid_of(A[],B[],pk(spk(sskA[]),kpk(kskA[])),pk(spk(sskB[]),kpk(kskB[])),sender_prekey(pk_skem_sender(sender_sk),sign(sskA[],payload_sender(pk_skem_sender(sender_sk)))),receiver_prekey(rpk,epk,sign(sskB[],payload_receiver(rpk,epk))),msg(lkem_enc(kpk(kskB[]),r_2),ekem_enc(ekpk(ekskB[]),r_1),skem_enc(sender_sk,pk_skem_receiver(receiverSkB[]),r))),kdf(lkem_ss(kpk(kskB[]),r_2),ekem_ss(ekpk(ekskB[]),r_1),skem_ss(sender_sk,pk_skem_receiver(receiverSkB[]),r),sid_of(A[],B[],pk(spk(sskA[]),kpk(kskA[])),pk(spk(sskB[]),kpk(kskB[])),sender_prekey(pk_skem_sender(sender_sk),sign(sskA[],payload_sender(pk_skem_sender(sender_sk)))),receiver_prekey(rpk,epk,sign(sskB[],payload_receiver(rpk,epk))),msg(lkem_enc(kpk(kskB[]),r_2),ekem_enc(ekpk(ekskB[]),r_1),skem_enc(sender_sk,pk_skem_receiver(receiverSkB[]),r)))))).

25. By 24, event(RecvDone(B[],A[],sid_of(A[],B[],pk(spk(sskA[]),kpk(kskA[])),pk(spk(sskB[]),kpk(kskB[])),sender_prekey(pk_skem_sender(sender_sk),sign(sskA[],payload_sender(pk_skem_sender(sender_sk)))),receiver_prekey(rpk,epk,sign(sskB[],payload_receiver(rpk,epk))),msg(lkem_enc(kpk(kskB[]),r_2),ekem_enc(ekpk(ekskB[]),r_1),skem_enc(sender_sk,pk_skem_receiver(receiverSkB[]),r))),kdf(lkem_ss(kpk(kskB[]),r_2),ekem_ss(ekpk(ekskB[]),r_1),skem_ss(sender_sk,pk_skem_receiver(receiverSkB[]),r),sid_of(A[],B[],pk(spk(sskA[]),kpk(kskA[])),pk(spk(sskB[]),kpk(kskB[])),sender_prekey(pk_skem_sender(sender_sk),sign(sskA[],payload_sender(pk_skem_sender(sender_sk)))),receiver_prekey(rpk,epk,sign(sskB[],payload_receiver(rpk,epk))),msg(lkem_enc(kpk(kskB[]),r_2),ekem_enc(ekpk(ekskB[]),r_1),skem_enc(sender_sk,pk_skem_receiver(receiverSkB[]),r)))))).
The goal is reached, represented in the following fact:
event(RecvDone(B[],A[],sid_of(A[],B[],pk(spk(sskA[]),kpk(kskA[])),pk(spk(sskB[]),kpk(kskB[])),sender_prekey(pk_skem_sender(sender_sk),sign(sskA[],payload_sender(pk_skem_sender(sender_sk)))),receiver_prekey(rpk,epk,sign(sskB[],payload_receiver(rpk,epk))),msg(lkem_enc(kpk(kskB[]),r_2),ekem_enc(ekpk(ekskB[]),r_1),skem_enc(sender_sk,pk_skem_receiver(receiverSkB[]),r))),kdf(lkem_ss(kpk(kskB[]),r_2),ekem_ss(ekpk(ekskB[]),r_1),skem_ss(sender_sk,pk_skem_receiver(receiverSkB[]),r),sid_of(A[],B[],pk(spk(sskA[]),kpk(kskA[])),pk(spk(sskB[]),kpk(kskB[])),sender_prekey(pk_skem_sender(sender_sk),sign(sskA[],payload_sender(pk_skem_sender(sender_sk)))),receiver_prekey(rpk,epk,sign(sskB[],payload_receiver(rpk,epk))),msg(lkem_enc(kpk(kskB[]),r_2),ekem_enc(ekpk(ekskB[]),r_1),skem_enc(sender_sk,pk_skem_receiver(receiverSkB[]),r)))))).


A more detailed output of the traces is available with
  set traceDisplay = long.

new sskA: sig_sk creating sskA_3 at {1}

new kskA: kem_sk creating kskA_2 at {2}

new sskB: sig_sk creating sskB_3 at {3}

new kskB: kem_sk creating kskB_2 at {4}

new senderSkA: skem_sender_sk creating senderSkA_2 at {5}

new receiverSkB: skem_receiver_sk creating receiverSkB_2 at {6}

new ekskB: ekem_sk creating ekskB_2 at {7}

event CompromiseSigSk(A) at {83}

out(c, ~M) with ~M = sskA_3 at {84}

event CompromiseSigSk(B) at {85}

out(c, ~M_1) with ~M_1 = sskB_3 at {86}

out(c, ~M_2) with ~M_2 = spk(sskA_3) at {21}

out(c, ~M_3) with ~M_3 = kpk(kskA_2) at {22}

out(c, ~M_4) with ~M_4 = pk(spk(sskA_3),kpk(kskA_2)) at {23}

out(c, ~M_5) with ~M_5 = spk(sskB_3) at {24}

out(c, ~M_6) with ~M_6 = kpk(kskB_2) at {25}

out(c, ~M_7) with ~M_7 = pk(spk(sskB_3),kpk(kskB_2)) at {26}

out(c, ~M_8) with ~M_8 = sender_prekey(pk_skem_sender(senderSkA_2),sign(sskA_3,payload_sender(pk_skem_sender(senderSkA_2)))) at {31}

out(c, ~M_9) with ~M_9 = receiver_prekey(pk_skem_receiver(receiverSkB_2),ekpk(ekskB_2),sign(sskB_3,payload_receiver(pk_skem_receiver(receiverSkB_2),ekpk(ekskB_2)))) at {37}

in(c, receiver_prekey(a,a_1,sign(~M_1,payload_receiver(a,a_1)))) with receiver_prekey(a,a_1,sign(~M_1,payload_receiver(a,a_1))) = receiver_prekey(a,a_1,sign(sskB_3,payload_receiver(a,a_1))) at {38}

event ReceiverPrekeyVerified(A,B,receiver_prekey(a,a_1,sign(sskB_3,payload_receiver(a,a_1)))) at {44}

in(c, sender_prekey(pk_skem_sender(a_2),sign(~M,payload_sender(pk_skem_sender(a_2))))) with sender_prekey(pk_skem_sender(a_2),sign(~M,payload_sender(pk_skem_sender(a_2)))) = sender_prekey(pk_skem_sender(a_2),sign(sskA_3,payload_sender(pk_skem_sender(a_2)))) at {45}

event SenderPrekeyVerified(B,A,sender_prekey(pk_skem_sender(a_2),sign(sskA_3,payload_sender(pk_skem_sender(a_2))))) at {50}

new rL: randomness creating rL_2 at {51}

new rE: randomness creating rE_2 at {52}

new rS: randomness creating rS_2 at {53}

event SenderSplitKemComponent(A,B,skem_enc(senderSkA_2,a,rS_2),skem_ss(senderSkA_2,a,rS_2)) at {60}

out(c, ~M_10) with ~M_10 = msg(lkem_enc(kpk(kskB_2),rL_2),ekem_enc(a_1,rE_2),skem_enc(senderSkA_2,a,rS_2)) at {62}

event SenderKey(A,B,sid_of(A,B,pk(spk(sskA_3),kpk(kskA_2)),pk(spk(sskB_3),kpk(kskB_2)),sender_prekey(pk_skem_sender(senderSkA_2),sign(sskA_3,payload_sender(pk_skem_sender(senderSkA_2)))),receiver_prekey(a,a_1,sign(sskB_3,payload_receiver(a,a_1))),msg(lkem_enc(kpk(kskB_2),rL_2),ekem_enc(a_1,rE_2),skem_enc(senderSkA_2,a,rS_2))),kdf(lkem_ss(kpk(kskB_2),rL_2),ekem_ss(a_1,rE_2),skem_ss(senderSkA_2,a,rS_2),sid_of(A,B,pk(spk(sskA_3),kpk(kskA_2)),pk(spk(sskB_3),kpk(kskB_2)),sender_prekey(pk_skem_sender(senderSkA_2),sign(sskA_3,payload_sender(pk_skem_sender(senderSkA_2)))),receiver_prekey(a,a_1,sign(sskB_3,payload_receiver(a,a_1))),msg(lkem_enc(kpk(kskB_2),rL_2),ekem_enc(a_1,rE_2),skem_enc(senderSkA_2,a,rS_2))))) at {65}

event SendDone(A,B,sid_of(A,B,pk(spk(sskA_3),kpk(kskA_2)),pk(spk(sskB_3),kpk(kskB_2)),sender_prekey(pk_skem_sender(senderSkA_2),sign(sskA_3,payload_sender(pk_skem_sender(senderSkA_2)))),receiver_prekey(a,a_1,sign(sskB_3,payload_receiver(a,a_1))),msg(lkem_enc(kpk(kskB_2),rL_2),ekem_enc(a_1,rE_2),skem_enc(senderSkA_2,a,rS_2))),kdf(lkem_ss(kpk(kskB_2),rL_2),ekem_ss(a_1,rE_2),skem_ss(senderSkA_2,a,rS_2),sid_of(A,B,pk(spk(sskA_3),kpk(kskA_2)),pk(spk(sskB_3),kpk(kskB_2)),sender_prekey(pk_skem_sender(senderSkA_2),sign(sskA_3,payload_sender(pk_skem_sender(senderSkA_2)))),receiver_prekey(a,a_1,sign(sskB_3,payload_receiver(a,a_1))),msg(lkem_enc(kpk(kskB_2),rL_2),ekem_enc(a_1,rE_2),skem_enc(senderSkA_2,a,rS_2))))) at {66}

in(c, msg(lkem_enc(~M_6,a_3),ekem_enc(get_receiver_prekey_ekpk(~M_9),a_4),skem_enc(a_2,get_receiver_prekey_pk(~M_9),a_5))) with msg(lkem_enc(~M_6,a_3),ekem_enc(get_receiver_prekey_ekpk(~M_9),a_4),skem_enc(a_2,get_receiver_prekey_pk(~M_9),a_5)) = msg(lkem_enc(kpk(kskB_2),a_3),ekem_enc(ekpk(ekskB_2),a_4),skem_enc(a_2,pk_skem_receiver(receiverSkB_2),a_5)) at {67}

event SplitKemAccepted(B,A,skem_enc(a_2,pk_skem_receiver(receiverSkB_2),a_5),skem_ss(a_2,pk_skem_receiver(receiverSkB_2),a_5)) at {74}

event RecvComputed(B,A,sid_of(A,B,pk(spk(sskA_3),kpk(kskA_2)),pk(spk(sskB_3),kpk(kskB_2)),sender_prekey(pk_skem_sender(a_2),sign(sskA_3,payload_sender(pk_skem_sender(a_2)))),receiver_prekey(a,a_1,sign(sskB_3,payload_receiver(a,a_1))),msg(lkem_enc(kpk(kskB_2),a_3),ekem_enc(ekpk(ekskB_2),a_4),skem_enc(a_2,pk_skem_receiver(receiverSkB_2),a_5))),kdf(lkem_ss(kpk(kskB_2),a_3),ekem_ss(ekpk(ekskB_2),a_4),skem_ss(a_2,pk_skem_receiver(receiverSkB_2),a_5),sid_of(A,B,pk(spk(sskA_3),kpk(kskA_2)),pk(spk(sskB_3),kpk(kskB_2)),sender_prekey(pk_skem_sender(a_2),sign(sskA_3,payload_sender(pk_skem_sender(a_2)))),receiver_prekey(a,a_1,sign(sskB_3,payload_receiver(a,a_1))),msg(lkem_enc(kpk(kskB_2),a_3),ekem_enc(ekpk(ekskB_2),a_4),skem_enc(a_2,pk_skem_receiver(receiverSkB_2),a_5))))) at {77}

event ReceiverKey(B,A,sid_of(A,B,pk(spk(sskA_3),kpk(kskA_2)),pk(spk(sskB_3),kpk(kskB_2)),sender_prekey(pk_skem_sender(a_2),sign(sskA_3,payload_sender(pk_skem_sender(a_2)))),receiver_prekey(a,a_1,sign(sskB_3,payload_receiver(a,a_1))),msg(lkem_enc(kpk(kskB_2),a_3),ekem_enc(ekpk(ekskB_2),a_4),skem_enc(a_2,pk_skem_receiver(receiverSkB_2),a_5))),kdf(lkem_ss(kpk(kskB_2),a_3),ekem_ss(ekpk(ekskB_2),a_4),skem_ss(a_2,pk_skem_receiver(receiverSkB_2),a_5),sid_of(A,B,pk(spk(sskA_3),kpk(kskA_2)),pk(spk(sskB_3),kpk(kskB_2)),sender_prekey(pk_skem_sender(a_2),sign(sskA_3,payload_sender(pk_skem_sender(a_2)))),receiver_prekey(a,a_1,sign(sskB_3,payload_receiver(a,a_1))),msg(lkem_enc(kpk(kskB_2),a_3),ekem_enc(ekpk(ekskB_2),a_4),skem_enc(a_2,pk_skem_receiver(receiverSkB_2),a_5))))) at {78}

event RecvDone(B,A,sid_of(A,B,pk(spk(sskA_3),kpk(kskA_2)),pk(spk(sskB_3),kpk(kskB_2)),sender_prekey(pk_skem_sender(a_2),sign(sskA_3,payload_sender(pk_skem_sender(a_2)))),receiver_prekey(a,a_1,sign(sskB_3,payload_receiver(a,a_1))),msg(lkem_enc(kpk(kskB_2),a_3),ekem_enc(ekpk(ekskB_2),a_4),skem_enc(a_2,pk_skem_receiver(receiverSkB_2),a_5))),kdf(lkem_ss(kpk(kskB_2),a_3),ekem_ss(ekpk(ekskB_2),a_4),skem_ss(a_2,pk_skem_receiver(receiverSkB_2),a_5),sid_of(A,B,pk(spk(sskA_3),kpk(kskA_2)),pk(spk(sskB_3),kpk(kskB_2)),sender_prekey(pk_skem_sender(a_2),sign(sskA_3,payload_sender(pk_skem_sender(a_2)))),receiver_prekey(a,a_1,sign(sskB_3,payload_receiver(a,a_1))),msg(lkem_enc(kpk(kskB_2),a_3),ekem_enc(ekpk(ekskB_2),a_4),skem_enc(a_2,pk_skem_receiver(receiverSkB_2),a_5))))) at {79} (goal)

The event RecvDone(B,A,sid_of(A,B,pk(spk(sskA_3),kpk(kskA_2)),pk(spk(sskB_3),kpk(kskB_2)),sender_prekey(pk_skem_sender(a_2),sign(sskA_3,payload_sender(pk_skem_sender(a_2)))),receiver_prekey(a,a_1,sign(sskB_3,payload_receiver(a,a_1))),msg(lkem_enc(kpk(kskB_2),a_3),ekem_enc(ekpk(ekskB_2),a_4),skem_enc(a_2,pk_skem_receiver(receiverSkB_2),a_5))),kdf(lkem_ss(kpk(kskB_2),a_3),ekem_ss(ekpk(ekskB_2),a_4),skem_ss(a_2,pk_skem_receiver(receiverSkB_2),a_5),sid_of(A,B,pk(spk(sskA_3),kpk(kskA_2)),pk(spk(sskB_3),kpk(kskB_2)),sender_prekey(pk_skem_sender(a_2),sign(sskA_3,payload_sender(pk_skem_sender(a_2)))),receiver_prekey(a,a_1,sign(sskB_3,payload_receiver(a,a_1))),msg(lkem_enc(kpk(kskB_2),a_3),ekem_enc(ekpk(ekskB_2),a_4),skem_enc(a_2,pk_skem_receiver(receiverSkB_2),a_5))))) is executed at {79}.
A trace has been found.
RESULT event(RecvDone(B_1,A_1,s,k)) ==> event(SendDone(A_1,B_1,s,k)) is false.
-- Query event(RecvDone(B_1,A_1,s,k)) ==> event(SenderPrekeyVerified(B_1,A_1,sp)) in process 1.
Translating the process into Horn clauses...
Completing...
200 rules inserted. Base: 162 rules (62 with conclusion selected). Queue: 136 rules.
400 rules inserted. Base: 241 rules (76 with conclusion selected). Queue: 230 rules.
600 rules inserted. Base: 292 rules (81 with conclusion selected). Queue: 291 rules.
800 rules inserted. Base: 347 rules (87 with conclusion selected). Queue: 261 rules.
1000 rules inserted. Base: 406 rules (98 with conclusion selected). Queue: 241 rules.
1200 rules inserted. Base: 416 rules (114 with conclusion selected). Queue: 241 rules.
1400 rules inserted. Base: 452 rules (127 with conclusion selected). Queue: 198 rules.
1600 rules inserted. Base: 441 rules (145 with conclusion selected). Queue: 134 rules.
1800 rules inserted. Base: 429 rules (177 with conclusion selected). Queue: 50 rules.
Starting query event(RecvDone(B_1,A_1,s,k)) ==> event(SenderPrekeyVerified(B_1,A_1,sp))
goal reachable: attacker(r) && attacker(r_1) && attacker(r_2) && b-event(SenderPrekeyVerified(B[],A[],sender_prekey(pk_skem_sender(sender_sk),sign(sskA[],payload_sender(pk_skem_sender(sender_sk)))))) && attacker(sender_sk) && attacker(rpk) && attacker(epk) -> event(RecvDone(B[],A[],sid_of(A[],B[],pk(spk(sskA[]),kpk(kskA[])),pk(spk(sskB[]),kpk(kskB[])),sender_prekey(pk_skem_sender(sender_sk),sign(sskA[],payload_sender(pk_skem_sender(sender_sk)))),receiver_prekey(rpk,epk,sign(sskB[],payload_receiver(rpk,epk))),msg(lkem_enc(kpk(kskB[]),r),ekem_enc(ekpk(ekskB[]),r_1),skem_enc(sender_sk,pk_skem_receiver(receiverSkB[]),r_2))),kdf(lkem_ss(kpk(kskB[]),r),ekem_ss(ekpk(ekskB[]),r_1),skem_ss(sender_sk,pk_skem_receiver(receiverSkB[]),r_2),sid_of(A[],B[],pk(spk(sskA[]),kpk(kskA[])),pk(spk(sskB[]),kpk(kskB[])),sender_prekey(pk_skem_sender(sender_sk),sign(sskA[],payload_sender(pk_skem_sender(sender_sk)))),receiver_prekey(rpk,epk,sign(sskB[],payload_receiver(rpk,epk))),msg(lkem_enc(kpk(kskB[]),r),ekem_enc(ekpk(ekskB[]),r_1),skem_enc(sender_sk,pk_skem_receiver(receiverSkB[]),r_2))))))
goal reachable: attacker(r) && attacker(r_1) && b-event(SenderPrekeyVerified(B[],A[],sender_prekey(spk_s,sign(sskA[],payload_sender(spk_s))))) && attacker(spk_s) && attacker(epk) && b-event(SenderPrekeyVerified(B[],A[],sender_prekey(pk_skem_sender(senderSkA[]),sign(sskA[],payload_sender(pk_skem_sender(senderSkA[])))))) && attacker(rpk) && attacker(epk_1) -> event(RecvDone(B[],A[],sid_of(A[],B[],pk(spk(sskA[]),kpk(kskA[])),pk(spk(sskB[]),kpk(kskB[])),sender_prekey(pk_skem_sender(senderSkA[]),sign(sskA[],payload_sender(pk_skem_sender(senderSkA[])))),receiver_prekey(rpk,epk_1,sign(sskB[],payload_receiver(rpk,epk_1))),msg(lkem_enc(kpk(kskB[]),r),ekem_enc(ekpk(ekskB[]),r_1),skem_enc(senderSkA[],pk_skem_receiver(receiverSkB[]),rS_1))),kdf(lkem_ss(kpk(kskB[]),r),ekem_ss(ekpk(ekskB[]),r_1),skem_ss(senderSkA[],pk_skem_receiver(receiverSkB[]),rS_1),sid_of(A[],B[],pk(spk(sskA[]),kpk(kskA[])),pk(spk(sskB[]),kpk(kskB[])),sender_prekey(pk_skem_sender(senderSkA[]),sign(sskA[],payload_sender(pk_skem_sender(senderSkA[])))),receiver_prekey(rpk,epk_1,sign(sskB[],payload_receiver(rpk,epk_1))),msg(lkem_enc(kpk(kskB[]),r),ekem_enc(ekpk(ekskB[]),r_1),skem_enc(senderSkA[],pk_skem_receiver(receiverSkB[]),rS_1))))))
Abbreviations:
rS_1 = rS[senderPrekeyFromNet = sender_prekey(spk_s,sign(sskA[],payload_sender(spk_s))),receiverPrekeyFromNet = receiver_prekey(pk_skem_receiver(receiverSkB[]),epk,sign(sskB[],payload_receiver(pk_skem_receiver(receiverSkB[]),epk)))]
goal reachable: attacker(r) && b-event(SenderPrekeyVerified(B[],A[],sender_prekey(spk_s,sign(sskA[],payload_sender(spk_s))))) && attacker(spk_s) && attacker(rpk) && attacker(r_1) && b-event(SenderPrekeyVerified(B[],A[],sender_prekey(pk_skem_sender(sender_sk),sign(sskA[],payload_sender(pk_skem_sender(sender_sk)))))) && attacker(sender_sk) && attacker(rpk_1) && attacker(epk) -> event(RecvDone(B[],A[],sid_of(A[],B[],pk(spk(sskA[]),kpk(kskA[])),pk(spk(sskB[]),kpk(kskB[])),sender_prekey(pk_skem_sender(sender_sk),sign(sskA[],payload_sender(pk_skem_sender(sender_sk)))),receiver_prekey(rpk_1,epk,sign(sskB[],payload_receiver(rpk_1,epk))),msg(lkem_enc(kpk(kskB[]),r),ekem_enc(ekpk(ekskB[]),rE_1),skem_enc(sender_sk,pk_skem_receiver(receiverSkB[]),r_1))),kdf(lkem_ss(kpk(kskB[]),r),ekem_ss(ekpk(ekskB[]),rE_1),skem_ss(sender_sk,pk_skem_receiver(receiverSkB[]),r_1),sid_of(A[],B[],pk(spk(sskA[]),kpk(kskA[])),pk(spk(sskB[]),kpk(kskB[])),sender_prekey(pk_skem_sender(sender_sk),sign(sskA[],payload_sender(pk_skem_sender(sender_sk)))),receiver_prekey(rpk_1,epk,sign(sskB[],payload_receiver(rpk_1,epk))),msg(lkem_enc(kpk(kskB[]),r),ekem_enc(ekpk(ekskB[]),rE_1),skem_enc(sender_sk,pk_skem_receiver(receiverSkB[]),r_1))))))
Abbreviations:
rE_1 = rE[senderPrekeyFromNet = sender_prekey(spk_s,sign(sskA[],payload_sender(spk_s))),receiverPrekeyFromNet = receiver_prekey(rpk,ekpk(ekskB[]),sign(sskB[],payload_receiver(rpk,ekpk(ekskB[]))))]
goal reachable: attacker(r) && b-event(SenderPrekeyVerified(B[],A[],sender_prekey(spk_s,sign(sskA[],payload_sender(spk_s))))) && attacker(spk_s) && attacker(rpk) && b-event(SenderPrekeyVerified(B[],A[],sender_prekey(spk_s_1,sign(sskA[],payload_sender(spk_s_1))))) && attacker(spk_s_1) && attacker(epk) && b-event(SenderPrekeyVerified(B[],A[],sender_prekey(pk_skem_sender(senderSkA[]),sign(sskA[],payload_sender(pk_skem_sender(senderSkA[])))))) && attacker(rpk_1) && attacker(epk_1) -> event(RecvDone(B[],A[],sid_of(A[],B[],pk(spk(sskA[]),kpk(kskA[])),pk(spk(sskB[]),kpk(kskB[])),sender_prekey(pk_skem_sender(senderSkA[]),sign(sskA[],payload_sender(pk_skem_sender(senderSkA[])))),receiver_prekey(rpk_1,epk_1,sign(sskB[],payload_receiver(rpk_1,epk_1))),msg(lkem_enc(kpk(kskB[]),r),ekem_enc(ekpk(ekskB[]),rE_1),skem_enc(senderSkA[],pk_skem_receiver(receiverSkB[]),rS_1))),kdf(lkem_ss(kpk(kskB[]),r),ekem_ss(ekpk(ekskB[]),rE_1),skem_ss(senderSkA[],pk_skem_receiver(receiverSkB[]),rS_1),sid_of(A[],B[],pk(spk(sskA[]),kpk(kskA[])),pk(spk(sskB[]),kpk(kskB[])),sender_prekey(pk_skem_sender(senderSkA[]),sign(sskA[],payload_sender(pk_skem_sender(senderSkA[])))),receiver_prekey(rpk_1,epk_1,sign(sskB[],payload_receiver(rpk_1,epk_1))),msg(lkem_enc(kpk(kskB[]),r),ekem_enc(ekpk(ekskB[]),rE_1),skem_enc(senderSkA[],pk_skem_receiver(receiverSkB[]),rS_1))))))
Abbreviations:
rE_1 = rE[senderPrekeyFromNet = sender_prekey(spk_s,sign(sskA[],payload_sender(spk_s))),receiverPrekeyFromNet = receiver_prekey(rpk,ekpk(ekskB[]),sign(sskB[],payload_receiver(rpk,ekpk(ekskB[]))))]
rS_1 = rS[senderPrekeyFromNet = sender_prekey(spk_s_1,sign(sskA[],payload_sender(spk_s_1))),receiverPrekeyFromNet = receiver_prekey(pk_skem_receiver(receiverSkB[]),epk,sign(sskB[],payload_receiver(pk_skem_receiver(receiverSkB[]),epk)))]
goal reachable: b-event(SenderPrekeyVerified(B[],A[],sender_prekey(spk_s,sign(sskA[],payload_sender(spk_s))))) && attacker(spk_s) && attacker(rpk) && attacker(epk) && attacker(r) && attacker(r_1) && b-event(SenderPrekeyVerified(B[],A[],sender_prekey(pk_skem_sender(sender_sk),sign(sskA[],payload_sender(pk_skem_sender(sender_sk)))))) && attacker(sender_sk) && attacker(rpk_1) && attacker(epk_1) -> event(RecvDone(B[],A[],sid_of(A[],B[],pk(spk(sskA[]),kpk(kskA[])),pk(spk(sskB[]),kpk(kskB[])),sender_prekey(pk_skem_sender(sender_sk),sign(sskA[],payload_sender(pk_skem_sender(sender_sk)))),receiver_prekey(rpk_1,epk_1,sign(sskB[],payload_receiver(rpk_1,epk_1))),msg(lkem_enc(kpk(kskB[]),rL_1),ekem_enc(ekpk(ekskB[]),r),skem_enc(sender_sk,pk_skem_receiver(receiverSkB[]),r_1))),kdf(lkem_ss(kpk(kskB[]),rL_1),ekem_ss(ekpk(ekskB[]),r),skem_ss(sender_sk,pk_skem_receiver(receiverSkB[]),r_1),sid_of(A[],B[],pk(spk(sskA[]),kpk(kskA[])),pk(spk(sskB[]),kpk(kskB[])),sender_prekey(pk_skem_sender(sender_sk),sign(sskA[],payload_sender(pk_skem_sender(sender_sk)))),receiver_prekey(rpk_1,epk_1,sign(sskB[],payload_receiver(rpk_1,epk_1))),msg(lkem_enc(kpk(kskB[]),rL_1),ekem_enc(ekpk(ekskB[]),r),skem_enc(sender_sk,pk_skem_receiver(receiverSkB[]),r_1))))))
Abbreviations:
rL_1 = rL[senderPrekeyFromNet = sender_prekey(spk_s,sign(sskA[],payload_sender(spk_s))),receiverPrekeyFromNet = receiver_prekey(rpk,epk,sign(sskB[],payload_receiver(rpk,epk)))]
goal reachable: b-event(SenderPrekeyVerified(B[],A[],sender_prekey(spk_s,sign(sskA[],payload_sender(spk_s))))) && attacker(spk_s) && attacker(rpk) && attacker(epk) && attacker(r) && b-event(SenderPrekeyVerified(B[],A[],sender_prekey(spk_s_1,sign(sskA[],payload_sender(spk_s_1))))) && attacker(spk_s_1) && attacker(epk_1) && b-event(SenderPrekeyVerified(B[],A[],sender_prekey(pk_skem_sender(senderSkA[]),sign(sskA[],payload_sender(pk_skem_sender(senderSkA[])))))) && attacker(rpk_1) && attacker(epk_2) -> event(RecvDone(B[],A[],sid_of(A[],B[],pk(spk(sskA[]),kpk(kskA[])),pk(spk(sskB[]),kpk(kskB[])),sender_prekey(pk_skem_sender(senderSkA[]),sign(sskA[],payload_sender(pk_skem_sender(senderSkA[])))),receiver_prekey(rpk_1,epk_2,sign(sskB[],payload_receiver(rpk_1,epk_2))),msg(lkem_enc(kpk(kskB[]),rL_1),ekem_enc(ekpk(ekskB[]),r),skem_enc(senderSkA[],pk_skem_receiver(receiverSkB[]),rS_1))),kdf(lkem_ss(kpk(kskB[]),rL_1),ekem_ss(ekpk(ekskB[]),r),skem_ss(senderSkA[],pk_skem_receiver(receiverSkB[]),rS_1),sid_of(A[],B[],pk(spk(sskA[]),kpk(kskA[])),pk(spk(sskB[]),kpk(kskB[])),sender_prekey(pk_skem_sender(senderSkA[]),sign(sskA[],payload_sender(pk_skem_sender(senderSkA[])))),receiver_prekey(rpk_1,epk_2,sign(sskB[],payload_receiver(rpk_1,epk_2))),msg(lkem_enc(kpk(kskB[]),rL_1),ekem_enc(ekpk(ekskB[]),r),skem_enc(senderSkA[],pk_skem_receiver(receiverSkB[]),rS_1))))))
Abbreviations:
rL_1 = rL[senderPrekeyFromNet = sender_prekey(spk_s,sign(sskA[],payload_sender(spk_s))),receiverPrekeyFromNet = receiver_prekey(rpk,epk,sign(sskB[],payload_receiver(rpk,epk)))]
rS_1 = rS[senderPrekeyFromNet = sender_prekey(spk_s_1,sign(sskA[],payload_sender(spk_s_1))),receiverPrekeyFromNet = receiver_prekey(pk_skem_receiver(receiverSkB[]),epk_1,sign(sskB[],payload_receiver(pk_skem_receiver(receiverSkB[]),epk_1)))]
goal reachable: b-event(SenderPrekeyVerified(B[],A[],sender_prekey(spk_s,sign(sskA[],payload_sender(spk_s))))) && attacker(spk_s) && attacker(rpk) && attacker(epk) && b-event(SenderPrekeyVerified(B[],A[],sender_prekey(spk_s_1,sign(sskA[],payload_sender(spk_s_1))))) && attacker(spk_s_1) && attacker(rpk_1) && attacker(r) && b-event(SenderPrekeyVerified(B[],A[],sender_prekey(pk_skem_sender(sender_sk),sign(sskA[],payload_sender(pk_skem_sender(sender_sk)))))) && attacker(sender_sk) && attacker(rpk_2) && attacker(epk_1) -> event(RecvDone(B[],A[],sid_of(A[],B[],pk(spk(sskA[]),kpk(kskA[])),pk(spk(sskB[]),kpk(kskB[])),sender_prekey(pk_skem_sender(sender_sk),sign(sskA[],payload_sender(pk_skem_sender(sender_sk)))),receiver_prekey(rpk_2,epk_1,sign(sskB[],payload_receiver(rpk_2,epk_1))),msg(lkem_enc(kpk(kskB[]),rL_1),ekem_enc(ekpk(ekskB[]),rE_1),skem_enc(sender_sk,pk_skem_receiver(receiverSkB[]),r))),kdf(lkem_ss(kpk(kskB[]),rL_1),ekem_ss(ekpk(ekskB[]),rE_1),skem_ss(sender_sk,pk_skem_receiver(receiverSkB[]),r),sid_of(A[],B[],pk(spk(sskA[]),kpk(kskA[])),pk(spk(sskB[]),kpk(kskB[])),sender_prekey(pk_skem_sender(sender_sk),sign(sskA[],payload_sender(pk_skem_sender(sender_sk)))),receiver_prekey(rpk_2,epk_1,sign(sskB[],payload_receiver(rpk_2,epk_1))),msg(lkem_enc(kpk(kskB[]),rL_1),ekem_enc(ekpk(ekskB[]),rE_1),skem_enc(sender_sk,pk_skem_receiver(receiverSkB[]),r))))))
Abbreviations:
rL_1 = rL[senderPrekeyFromNet = sender_prekey(spk_s,sign(sskA[],payload_sender(spk_s))),receiverPrekeyFromNet = receiver_prekey(rpk,epk,sign(sskB[],payload_receiver(rpk,epk)))]
rE_1 = rE[senderPrekeyFromNet = sender_prekey(spk_s_1,sign(sskA[],payload_sender(spk_s_1))),receiverPrekeyFromNet = receiver_prekey(rpk_1,ekpk(ekskB[]),sign(sskB[],payload_receiver(rpk_1,ekpk(ekskB[]))))]
goal reachable: b-event(SenderPrekeyVerified(B[],A[],sender_prekey(spk_s,sign(sskA[],payload_sender(spk_s))))) && attacker(spk_s) && attacker(rpk) && attacker(epk) && b-event(SenderPrekeyVerified(B[],A[],sender_prekey(spk_s_1,sign(sskA[],payload_sender(spk_s_1))))) && attacker(spk_s_1) && attacker(rpk_1) && b-event(SenderPrekeyVerified(B[],A[],sender_prekey(spk_s_2,sign(sskA[],payload_sender(spk_s_2))))) && attacker(spk_s_2) && attacker(epk_1) && b-event(SenderPrekeyVerified(B[],A[],sender_prekey(pk_skem_sender(senderSkA[]),sign(sskA[],payload_sender(pk_skem_sender(senderSkA[])))))) && attacker(rpk_2) && attacker(epk_2) -> event(RecvDone(B[],A[],sid_of(A[],B[],pk(spk(sskA[]),kpk(kskA[])),pk(spk(sskB[]),kpk(kskB[])),sender_prekey(pk_skem_sender(senderSkA[]),sign(sskA[],payload_sender(pk_skem_sender(senderSkA[])))),receiver_prekey(rpk_2,epk_2,sign(sskB[],payload_receiver(rpk_2,epk_2))),msg(lkem_enc(kpk(kskB[]),rL_1),ekem_enc(ekpk(ekskB[]),rE_1),skem_enc(senderSkA[],pk_skem_receiver(receiverSkB[]),rS_1))),kdf(lkem_ss(kpk(kskB[]),rL_1),ekem_ss(ekpk(ekskB[]),rE_1),skem_ss(senderSkA[],pk_skem_receiver(receiverSkB[]),rS_1),sid_of(A[],B[],pk(spk(sskA[]),kpk(kskA[])),pk(spk(sskB[]),kpk(kskB[])),sender_prekey(pk_skem_sender(senderSkA[]),sign(sskA[],payload_sender(pk_skem_sender(senderSkA[])))),receiver_prekey(rpk_2,epk_2,sign(sskB[],payload_receiver(rpk_2,epk_2))),msg(lkem_enc(kpk(kskB[]),rL_1),ekem_enc(ekpk(ekskB[]),rE_1),skem_enc(senderSkA[],pk_skem_receiver(receiverSkB[]),rS_1))))))
Abbreviations:
rL_1 = rL[senderPrekeyFromNet = sender_prekey(spk_s,sign(sskA[],payload_sender(spk_s))),receiverPrekeyFromNet = receiver_prekey(rpk,epk,sign(sskB[],payload_receiver(rpk,epk)))]
rE_1 = rE[senderPrekeyFromNet = sender_prekey(spk_s_1,sign(sskA[],payload_sender(spk_s_1))),receiverPrekeyFromNet = receiver_prekey(rpk_1,ekpk(ekskB[]),sign(sskB[],payload_receiver(rpk_1,ekpk(ekskB[]))))]
rS_1 = rS[senderPrekeyFromNet = sender_prekey(spk_s_2,sign(sskA[],payload_sender(spk_s_2))),receiverPrekeyFromNet = receiver_prekey(pk_skem_receiver(receiverSkB[]),epk_1,sign(sskB[],payload_receiver(pk_skem_receiver(receiverSkB[]),epk_1)))]
RESULT event(RecvDone(B_1,A_1,s,k)) ==> event(SenderPrekeyVerified(B_1,A_1,sp)) is true.
-- Query event(RecvDone(B_1,A_1,s,k)) ==> event(ReceiverPrekeyVerified(A_1,B_1,rp)) in process 1.
Translating the process into Horn clauses...
Completing...
200 rules inserted. Base: 162 rules (62 with conclusion selected). Queue: 136 rules.
400 rules inserted. Base: 241 rules (76 with conclusion selected). Queue: 228 rules.
600 rules inserted. Base: 292 rules (81 with conclusion selected). Queue: 289 rules.
800 rules inserted. Base: 350 rules (87 with conclusion selected). Queue: 259 rules.
1000 rules inserted. Base: 406 rules (101 with conclusion selected). Queue: 233 rules.
1200 rules inserted. Base: 406 rules (114 with conclusion selected). Queue: 236 rules.
1400 rules inserted. Base: 430 rules (129 with conclusion selected). Queue: 185 rules.
1600 rules inserted. Base: 410 rules (150 with conclusion selected). Queue: 120 rules.
1800 rules inserted. Base: 383 rules (186 with conclusion selected). Queue: 37 rules.
Starting query event(RecvDone(B_1,A_1,s,k)) ==> event(ReceiverPrekeyVerified(A_1,B_1,rp))
goal reachable: attacker(r) && attacker(r_1) && attacker(r_2) && attacker(sender_sk) && b-event(ReceiverPrekeyVerified(A[],B[],receiver_prekey(rpk,epk,sign(sskB[],payload_receiver(rpk,epk))))) && attacker(rpk) && attacker(epk) -> event(RecvDone(B[],A[],sid_of(A[],B[],pk(spk(sskA[]),kpk(kskA[])),pk(spk(sskB[]),kpk(kskB[])),sender_prekey(pk_skem_sender(sender_sk),sign(sskA[],payload_sender(pk_skem_sender(sender_sk)))),receiver_prekey(rpk,epk,sign(sskB[],payload_receiver(rpk,epk))),msg(lkem_enc(kpk(kskB[]),r),ekem_enc(ekpk(ekskB[]),r_1),skem_enc(sender_sk,pk_skem_receiver(receiverSkB[]),r_2))),kdf(lkem_ss(kpk(kskB[]),r),ekem_ss(ekpk(ekskB[]),r_1),skem_ss(sender_sk,pk_skem_receiver(receiverSkB[]),r_2),sid_of(A[],B[],pk(spk(sskA[]),kpk(kskA[])),pk(spk(sskB[]),kpk(kskB[])),sender_prekey(pk_skem_sender(sender_sk),sign(sskA[],payload_sender(pk_skem_sender(sender_sk)))),receiver_prekey(rpk,epk,sign(sskB[],payload_receiver(rpk,epk))),msg(lkem_enc(kpk(kskB[]),r),ekem_enc(ekpk(ekskB[]),r_1),skem_enc(sender_sk,pk_skem_receiver(receiverSkB[]),r_2))))))
goal reachable: attacker(r) && attacker(r_1) && attacker(spk_s) && b-event(ReceiverPrekeyVerified(A[],B[],receiver_prekey(pk_skem_receiver(receiverSkB[]),epk,sign(sskB[],payload_receiver(pk_skem_receiver(receiverSkB[]),epk))))) && attacker(epk) && b-event(ReceiverPrekeyVerified(A[],B[],receiver_prekey(rpk,epk_1,sign(sskB[],payload_receiver(rpk,epk_1))))) && attacker(rpk) && attacker(epk_1) -> event(RecvDone(B[],A[],sid_of(A[],B[],pk(spk(sskA[]),kpk(kskA[])),pk(spk(sskB[]),kpk(kskB[])),sender_prekey(pk_skem_sender(senderSkA[]),sign(sskA[],payload_sender(pk_skem_sender(senderSkA[])))),receiver_prekey(rpk,epk_1,sign(sskB[],payload_receiver(rpk,epk_1))),msg(lkem_enc(kpk(kskB[]),r),ekem_enc(ekpk(ekskB[]),r_1),skem_enc(senderSkA[],pk_skem_receiver(receiverSkB[]),rS_1))),kdf(lkem_ss(kpk(kskB[]),r),ekem_ss(ekpk(ekskB[]),r_1),skem_ss(senderSkA[],pk_skem_receiver(receiverSkB[]),rS_1),sid_of(A[],B[],pk(spk(sskA[]),kpk(kskA[])),pk(spk(sskB[]),kpk(kskB[])),sender_prekey(pk_skem_sender(senderSkA[]),sign(sskA[],payload_sender(pk_skem_sender(senderSkA[])))),receiver_prekey(rpk,epk_1,sign(sskB[],payload_receiver(rpk,epk_1))),msg(lkem_enc(kpk(kskB[]),r),ekem_enc(ekpk(ekskB[]),r_1),skem_enc(senderSkA[],pk_skem_receiver(receiverSkB[]),rS_1))))))
Abbreviations:
rS_1 = rS[senderPrekeyFromNet = sender_prekey(spk_s,sign(sskA[],payload_sender(spk_s))),receiverPrekeyFromNet = receiver_prekey(pk_skem_receiver(receiverSkB[]),epk,sign(sskB[],payload_receiver(pk_skem_receiver(receiverSkB[]),epk)))]
goal reachable: attacker(r) && attacker(spk_s) && b-event(ReceiverPrekeyVerified(A[],B[],receiver_prekey(rpk,ekpk(ekskB[]),sign(sskB[],payload_receiver(rpk,ekpk(ekskB[])))))) && attacker(rpk) && attacker(r_1) && attacker(sender_sk) && b-event(ReceiverPrekeyVerified(A[],B[],receiver_prekey(rpk_1,epk,sign(sskB[],payload_receiver(rpk_1,epk))))) && attacker(rpk_1) && attacker(epk) -> event(RecvDone(B[],A[],sid_of(A[],B[],pk(spk(sskA[]),kpk(kskA[])),pk(spk(sskB[]),kpk(kskB[])),sender_prekey(pk_skem_sender(sender_sk),sign(sskA[],payload_sender(pk_skem_sender(sender_sk)))),receiver_prekey(rpk_1,epk,sign(sskB[],payload_receiver(rpk_1,epk))),msg(lkem_enc(kpk(kskB[]),r),ekem_enc(ekpk(ekskB[]),rE_1),skem_enc(sender_sk,pk_skem_receiver(receiverSkB[]),r_1))),kdf(lkem_ss(kpk(kskB[]),r),ekem_ss(ekpk(ekskB[]),rE_1),skem_ss(sender_sk,pk_skem_receiver(receiverSkB[]),r_1),sid_of(A[],B[],pk(spk(sskA[]),kpk(kskA[])),pk(spk(sskB[]),kpk(kskB[])),sender_prekey(pk_skem_sender(sender_sk),sign(sskA[],payload_sender(pk_skem_sender(sender_sk)))),receiver_prekey(rpk_1,epk,sign(sskB[],payload_receiver(rpk_1,epk))),msg(lkem_enc(kpk(kskB[]),r),ekem_enc(ekpk(ekskB[]),rE_1),skem_enc(sender_sk,pk_skem_receiver(receiverSkB[]),r_1))))))
Abbreviations:
rE_1 = rE[senderPrekeyFromNet = sender_prekey(spk_s,sign(sskA[],payload_sender(spk_s))),receiverPrekeyFromNet = receiver_prekey(rpk,ekpk(ekskB[]),sign(sskB[],payload_receiver(rpk,ekpk(ekskB[]))))]
goal reachable: attacker(r) && attacker(spk_s) && b-event(ReceiverPrekeyVerified(A[],B[],receiver_prekey(rpk,ekpk(ekskB[]),sign(sskB[],payload_receiver(rpk,ekpk(ekskB[])))))) && attacker(rpk) && attacker(spk_s_1) && b-event(ReceiverPrekeyVerified(A[],B[],receiver_prekey(pk_skem_receiver(receiverSkB[]),epk,sign(sskB[],payload_receiver(pk_skem_receiver(receiverSkB[]),epk))))) && attacker(epk) && b-event(ReceiverPrekeyVerified(A[],B[],receiver_prekey(rpk_1,epk_1,sign(sskB[],payload_receiver(rpk_1,epk_1))))) && attacker(rpk_1) && attacker(epk_1) -> event(RecvDone(B[],A[],sid_of(A[],B[],pk(spk(sskA[]),kpk(kskA[])),pk(spk(sskB[]),kpk(kskB[])),sender_prekey(pk_skem_sender(senderSkA[]),sign(sskA[],payload_sender(pk_skem_sender(senderSkA[])))),receiver_prekey(rpk_1,epk_1,sign(sskB[],payload_receiver(rpk_1,epk_1))),msg(lkem_enc(kpk(kskB[]),r),ekem_enc(ekpk(ekskB[]),rE_1),skem_enc(senderSkA[],pk_skem_receiver(receiverSkB[]),rS_1))),kdf(lkem_ss(kpk(kskB[]),r),ekem_ss(ekpk(ekskB[]),rE_1),skem_ss(senderSkA[],pk_skem_receiver(receiverSkB[]),rS_1),sid_of(A[],B[],pk(spk(sskA[]),kpk(kskA[])),pk(spk(sskB[]),kpk(kskB[])),sender_prekey(pk_skem_sender(senderSkA[]),sign(sskA[],payload_sender(pk_skem_sender(senderSkA[])))),receiver_prekey(rpk_1,epk_1,sign(sskB[],payload_receiver(rpk_1,epk_1))),msg(lkem_enc(kpk(kskB[]),r),ekem_enc(ekpk(ekskB[]),rE_1),skem_enc(senderSkA[],pk_skem_receiver(receiverSkB[]),rS_1))))))
Abbreviations:
rE_1 = rE[senderPrekeyFromNet = sender_prekey(spk_s,sign(sskA[],payload_sender(spk_s))),receiverPrekeyFromNet = receiver_prekey(rpk,ekpk(ekskB[]),sign(sskB[],payload_receiver(rpk,ekpk(ekskB[]))))]
rS_1 = rS[senderPrekeyFromNet = sender_prekey(spk_s_1,sign(sskA[],payload_sender(spk_s_1))),receiverPrekeyFromNet = receiver_prekey(pk_skem_receiver(receiverSkB[]),epk,sign(sskB[],payload_receiver(pk_skem_receiver(receiverSkB[]),epk)))]
goal reachable: attacker(spk_s) && b-event(ReceiverPrekeyVerified(A[],B[],receiver_prekey(rpk,epk,sign(sskB[],payload_receiver(rpk,epk))))) && attacker(rpk) && attacker(epk) && attacker(r) && attacker(r_1) && attacker(sender_sk) && b-event(ReceiverPrekeyVerified(A[],B[],receiver_prekey(rpk_1,epk_1,sign(sskB[],payload_receiver(rpk_1,epk_1))))) && attacker(rpk_1) && attacker(epk_1) -> event(RecvDone(B[],A[],sid_of(A[],B[],pk(spk(sskA[]),kpk(kskA[])),pk(spk(sskB[]),kpk(kskB[])),sender_prekey(pk_skem_sender(sender_sk),sign(sskA[],payload_sender(pk_skem_sender(sender_sk)))),receiver_prekey(rpk_1,epk_1,sign(sskB[],payload_receiver(rpk_1,epk_1))),msg(lkem_enc(kpk(kskB[]),rL_1),ekem_enc(ekpk(ekskB[]),r),skem_enc(sender_sk,pk_skem_receiver(receiverSkB[]),r_1))),kdf(lkem_ss(kpk(kskB[]),rL_1),ekem_ss(ekpk(ekskB[]),r),skem_ss(sender_sk,pk_skem_receiver(receiverSkB[]),r_1),sid_of(A[],B[],pk(spk(sskA[]),kpk(kskA[])),pk(spk(sskB[]),kpk(kskB[])),sender_prekey(pk_skem_sender(sender_sk),sign(sskA[],payload_sender(pk_skem_sender(sender_sk)))),receiver_prekey(rpk_1,epk_1,sign(sskB[],payload_receiver(rpk_1,epk_1))),msg(lkem_enc(kpk(kskB[]),rL_1),ekem_enc(ekpk(ekskB[]),r),skem_enc(sender_sk,pk_skem_receiver(receiverSkB[]),r_1))))))
Abbreviations:
rL_1 = rL[senderPrekeyFromNet = sender_prekey(spk_s,sign(sskA[],payload_sender(spk_s))),receiverPrekeyFromNet = receiver_prekey(rpk,epk,sign(sskB[],payload_receiver(rpk,epk)))]
goal reachable: attacker(spk_s) && b-event(ReceiverPrekeyVerified(A[],B[],receiver_prekey(rpk,epk,sign(sskB[],payload_receiver(rpk,epk))))) && attacker(rpk) && attacker(epk) && attacker(r) && attacker(spk_s_1) && b-event(ReceiverPrekeyVerified(A[],B[],receiver_prekey(pk_skem_receiver(receiverSkB[]),epk_1,sign(sskB[],payload_receiver(pk_skem_receiver(receiverSkB[]),epk_1))))) && attacker(epk_1) && b-event(ReceiverPrekeyVerified(A[],B[],receiver_prekey(rpk_1,epk_2,sign(sskB[],payload_receiver(rpk_1,epk_2))))) && attacker(rpk_1) && attacker(epk_2) -> event(RecvDone(B[],A[],sid_of(A[],B[],pk(spk(sskA[]),kpk(kskA[])),pk(spk(sskB[]),kpk(kskB[])),sender_prekey(pk_skem_sender(senderSkA[]),sign(sskA[],payload_sender(pk_skem_sender(senderSkA[])))),receiver_prekey(rpk_1,epk_2,sign(sskB[],payload_receiver(rpk_1,epk_2))),msg(lkem_enc(kpk(kskB[]),rL_1),ekem_enc(ekpk(ekskB[]),r),skem_enc(senderSkA[],pk_skem_receiver(receiverSkB[]),rS_1))),kdf(lkem_ss(kpk(kskB[]),rL_1),ekem_ss(ekpk(ekskB[]),r),skem_ss(senderSkA[],pk_skem_receiver(receiverSkB[]),rS_1),sid_of(A[],B[],pk(spk(sskA[]),kpk(kskA[])),pk(spk(sskB[]),kpk(kskB[])),sender_prekey(pk_skem_sender(senderSkA[]),sign(sskA[],payload_sender(pk_skem_sender(senderSkA[])))),receiver_prekey(rpk_1,epk_2,sign(sskB[],payload_receiver(rpk_1,epk_2))),msg(lkem_enc(kpk(kskB[]),rL_1),ekem_enc(ekpk(ekskB[]),r),skem_enc(senderSkA[],pk_skem_receiver(receiverSkB[]),rS_1))))))
Abbreviations:
rL_1 = rL[senderPrekeyFromNet = sender_prekey(spk_s,sign(sskA[],payload_sender(spk_s))),receiverPrekeyFromNet = receiver_prekey(rpk,epk,sign(sskB[],payload_receiver(rpk,epk)))]
rS_1 = rS[senderPrekeyFromNet = sender_prekey(spk_s_1,sign(sskA[],payload_sender(spk_s_1))),receiverPrekeyFromNet = receiver_prekey(pk_skem_receiver(receiverSkB[]),epk_1,sign(sskB[],payload_receiver(pk_skem_receiver(receiverSkB[]),epk_1)))]
goal reachable: attacker(spk_s) && b-event(ReceiverPrekeyVerified(A[],B[],receiver_prekey(rpk,epk,sign(sskB[],payload_receiver(rpk,epk))))) && attacker(rpk) && attacker(epk) && attacker(spk_s_1) && b-event(ReceiverPrekeyVerified(A[],B[],receiver_prekey(rpk_1,ekpk(ekskB[]),sign(sskB[],payload_receiver(rpk_1,ekpk(ekskB[])))))) && attacker(rpk_1) && attacker(r) && attacker(sender_sk) && b-event(ReceiverPrekeyVerified(A[],B[],receiver_prekey(rpk_2,epk_1,sign(sskB[],payload_receiver(rpk_2,epk_1))))) && attacker(rpk_2) && attacker(epk_1) -> event(RecvDone(B[],A[],sid_of(A[],B[],pk(spk(sskA[]),kpk(kskA[])),pk(spk(sskB[]),kpk(kskB[])),sender_prekey(pk_skem_sender(sender_sk),sign(sskA[],payload_sender(pk_skem_sender(sender_sk)))),receiver_prekey(rpk_2,epk_1,sign(sskB[],payload_receiver(rpk_2,epk_1))),msg(lkem_enc(kpk(kskB[]),rL_1),ekem_enc(ekpk(ekskB[]),rE_1),skem_enc(sender_sk,pk_skem_receiver(receiverSkB[]),r))),kdf(lkem_ss(kpk(kskB[]),rL_1),ekem_ss(ekpk(ekskB[]),rE_1),skem_ss(sender_sk,pk_skem_receiver(receiverSkB[]),r),sid_of(A[],B[],pk(spk(sskA[]),kpk(kskA[])),pk(spk(sskB[]),kpk(kskB[])),sender_prekey(pk_skem_sender(sender_sk),sign(sskA[],payload_sender(pk_skem_sender(sender_sk)))),receiver_prekey(rpk_2,epk_1,sign(sskB[],payload_receiver(rpk_2,epk_1))),msg(lkem_enc(kpk(kskB[]),rL_1),ekem_enc(ekpk(ekskB[]),rE_1),skem_enc(sender_sk,pk_skem_receiver(receiverSkB[]),r))))))
Abbreviations:
rL_1 = rL[senderPrekeyFromNet = sender_prekey(spk_s,sign(sskA[],payload_sender(spk_s))),receiverPrekeyFromNet = receiver_prekey(rpk,epk,sign(sskB[],payload_receiver(rpk,epk)))]
rE_1 = rE[senderPrekeyFromNet = sender_prekey(spk_s_1,sign(sskA[],payload_sender(spk_s_1))),receiverPrekeyFromNet = receiver_prekey(rpk_1,ekpk(ekskB[]),sign(sskB[],payload_receiver(rpk_1,ekpk(ekskB[]))))]
goal reachable: attacker(spk_s) && b-event(ReceiverPrekeyVerified(A[],B[],receiver_prekey(rpk,epk,sign(sskB[],payload_receiver(rpk,epk))))) && attacker(rpk) && attacker(epk) && attacker(spk_s_1) && b-event(ReceiverPrekeyVerified(A[],B[],receiver_prekey(rpk_1,ekpk(ekskB[]),sign(sskB[],payload_receiver(rpk_1,ekpk(ekskB[])))))) && attacker(rpk_1) && attacker(spk_s_2) && b-event(ReceiverPrekeyVerified(A[],B[],receiver_prekey(pk_skem_receiver(receiverSkB[]),epk_1,sign(sskB[],payload_receiver(pk_skem_receiver(receiverSkB[]),epk_1))))) && attacker(epk_1) && b-event(ReceiverPrekeyVerified(A[],B[],receiver_prekey(rpk_2,epk_2,sign(sskB[],payload_receiver(rpk_2,epk_2))))) && attacker(rpk_2) && attacker(epk_2) -> event(RecvDone(B[],A[],sid_of(A[],B[],pk(spk(sskA[]),kpk(kskA[])),pk(spk(sskB[]),kpk(kskB[])),sender_prekey(pk_skem_sender(senderSkA[]),sign(sskA[],payload_sender(pk_skem_sender(senderSkA[])))),receiver_prekey(rpk_2,epk_2,sign(sskB[],payload_receiver(rpk_2,epk_2))),msg(lkem_enc(kpk(kskB[]),rL_1),ekem_enc(ekpk(ekskB[]),rE_1),skem_enc(senderSkA[],pk_skem_receiver(receiverSkB[]),rS_1))),kdf(lkem_ss(kpk(kskB[]),rL_1),ekem_ss(ekpk(ekskB[]),rE_1),skem_ss(senderSkA[],pk_skem_receiver(receiverSkB[]),rS_1),sid_of(A[],B[],pk(spk(sskA[]),kpk(kskA[])),pk(spk(sskB[]),kpk(kskB[])),sender_prekey(pk_skem_sender(senderSkA[]),sign(sskA[],payload_sender(pk_skem_sender(senderSkA[])))),receiver_prekey(rpk_2,epk_2,sign(sskB[],payload_receiver(rpk_2,epk_2))),msg(lkem_enc(kpk(kskB[]),rL_1),ekem_enc(ekpk(ekskB[]),rE_1),skem_enc(senderSkA[],pk_skem_receiver(receiverSkB[]),rS_1))))))
Abbreviations:
rL_1 = rL[senderPrekeyFromNet = sender_prekey(spk_s,sign(sskA[],payload_sender(spk_s))),receiverPrekeyFromNet = receiver_prekey(rpk,epk,sign(sskB[],payload_receiver(rpk,epk)))]
rE_1 = rE[senderPrekeyFromNet = sender_prekey(spk_s_1,sign(sskA[],payload_sender(spk_s_1))),receiverPrekeyFromNet = receiver_prekey(rpk_1,ekpk(ekskB[]),sign(sskB[],payload_receiver(rpk_1,ekpk(ekskB[]))))]
rS_1 = rS[senderPrekeyFromNet = sender_prekey(spk_s_2,sign(sskA[],payload_sender(spk_s_2))),receiverPrekeyFromNet = receiver_prekey(pk_skem_receiver(receiverSkB[]),epk_1,sign(sskB[],payload_receiver(pk_skem_receiver(receiverSkB[]),epk_1)))]
RESULT event(RecvDone(B_1,A_1,s,k)) ==> event(ReceiverPrekeyVerified(A_1,B_1,rp)) is true.
-- Query not (event(SenderKey(A_1,B_1,s,k)) && attacker(k)) in process 1.
Translating the process into Horn clauses...
Completing...
Starting query not (event(SenderKey(A_1,B_1,s,k)) && attacker(k))
RESULT not (event(SenderKey(A_1,B_1,s,k)) && attacker(k)) is true.
-- Query not (event(ReceiverKey(B_1,A_1,s,k)) && attacker(k)) in process 1.
Translating the process into Horn clauses...
Completing...
200 rules inserted. Base: 162 rules (62 with conclusion selected). Queue: 136 rules.
400 rules inserted. Base: 241 rules (76 with conclusion selected). Queue: 228 rules.
600 rules inserted. Base: 292 rules (81 with conclusion selected). Queue: 289 rules.
800 rules inserted. Base: 350 rules (87 with conclusion selected). Queue: 259 rules.
1000 rules inserted. Base: 406 rules (101 with conclusion selected). Queue: 233 rules.
1200 rules inserted. Base: 406 rules (114 with conclusion selected). Queue: 236 rules.
1400 rules inserted. Base: 430 rules (129 with conclusion selected). Queue: 185 rules.
1600 rules inserted. Base: 410 rules (150 with conclusion selected). Queue: 120 rules.
1800 rules inserted. Base: 383 rules (186 with conclusion selected). Queue: 37 rules.
Starting query not (event(ReceiverKey(B_1,A_1,s,k)) && attacker(k))
200 rules inserted. Base: 200 rules (0 with conclusion selected). Queue: 134 rules.
400 rules inserted. Base: 395 rules (0 with conclusion selected). Queue: 134 rules.
600 rules inserted. Base: 551 rules (0 with conclusion selected). Queue: 232 rules.
800 rules inserted. Base: 637 rules (0 with conclusion selected). Queue: 259 rules.
1000 rules inserted. Base: 812 rules (0 with conclusion selected). Queue: 240 rules.
1200 rules inserted. Base: 884 rules (0 with conclusion selected). Queue: 265 rules.
1400 rules inserted. Base: 1020 rules (0 with conclusion selected). Queue: 184 rules.
1600 rules inserted. Base: 1155 rules (0 with conclusion selected). Queue: 124 rules.
1800 rules inserted. Base: 1290 rules (0 with conclusion selected). Queue: 82 rules.
2000 rules inserted. Base: 1366 rules (0 with conclusion selected). Queue: 42 rules.
2200 rules inserted. Base: 1213 rules (0 with conclusion selected). Queue: 29 rules.
goal reachable: attacker(rpk) && attacker(epk) && attacker(r) && attacker(r_1) && attacker(sender_sk) && attacker(r_2) -> event(ReceiverKey(B[],A[],sid_of(A[],B[],pk(spk(sskA[]),kpk(kskA[])),pk(spk(sskB[]),kpk(kskB[])),sender_prekey(pk_skem_sender(sender_sk),sign(sskA[],payload_sender(pk_skem_sender(sender_sk)))),receiver_prekey(rpk,epk,sign(sskB[],payload_receiver(rpk,epk))),msg(lkem_enc(kpk(kskB[]),r),ekem_enc(ekpk(ekskB[]),r_1),skem_enc(sender_sk,pk_skem_receiver(receiverSkB[]),r_2))),kdf(lkem_ss(kpk(kskB[]),r),ekem_ss(ekpk(ekskB[]),r_1),skem_ss(sender_sk,pk_skem_receiver(receiverSkB[]),r_2),sid_of(A[],B[],pk(spk(sskA[]),kpk(kskA[])),pk(spk(sskB[]),kpk(kskB[])),sender_prekey(pk_skem_sender(sender_sk),sign(sskA[],payload_sender(pk_skem_sender(sender_sk)))),receiver_prekey(rpk,epk,sign(sskB[],payload_receiver(rpk,epk))),msg(lkem_enc(kpk(kskB[]),r),ekem_enc(ekpk(ekskB[]),r_1),skem_enc(sender_sk,pk_skem_receiver(receiverSkB[]),r_2)))))) && attacker(kdf(lkem_ss(kpk(kskB[]),r),ekem_ss(ekpk(ekskB[]),r_1),skem_ss(sender_sk,pk_skem_receiver(receiverSkB[]),r_2),sid_of(A[],B[],pk(spk(sskA[]),kpk(kskA[])),pk(spk(sskB[]),kpk(kskB[])),sender_prekey(pk_skem_sender(sender_sk),sign(sskA[],payload_sender(pk_skem_sender(sender_sk)))),receiver_prekey(rpk,epk,sign(sskB[],payload_receiver(rpk,epk))),msg(lkem_enc(kpk(kskB[]),r),ekem_enc(ekpk(ekskB[]),r_1),skem_enc(sender_sk,pk_skem_receiver(receiverSkB[]),r_2)))))

Derivation:

1. We assume as hypothesis that
attacker(r).

2. The message receiver_prekey(pk_skem_receiver(receiverSkB[]),ekpk(ekskB[]),sign(sskB[],payload_receiver(pk_skem_receiver(receiverSkB[]),ekpk(ekskB[])))) may be sent to the attacker at output {37}.
attacker(receiver_prekey(pk_skem_receiver(receiverSkB[]),ekpk(ekskB[]),sign(sskB[],payload_receiver(pk_skem_receiver(receiverSkB[]),ekpk(ekskB[]))))).

3. By 2, the attacker may know receiver_prekey(pk_skem_receiver(receiverSkB[]),ekpk(ekskB[]),sign(sskB[],payload_receiver(pk_skem_receiver(receiverSkB[]),ekpk(ekskB[])))).
Using the function get_receiver_prekey_pk the attacker may obtain pk_skem_receiver(receiverSkB[]).
attacker(pk_skem_receiver(receiverSkB[])).

4. We assume as hypothesis that
attacker(sender_sk).

5. By 4, the attacker may know sender_sk.
By 3, the attacker may know pk_skem_receiver(receiverSkB[]).
By 1, the attacker may know r.
Using the function skem_enc the attacker may obtain skem_enc(sender_sk,pk_skem_receiver(receiverSkB[]),r).
attacker(skem_enc(sender_sk,pk_skem_receiver(receiverSkB[]),r)).

6. We assume as hypothesis that
attacker(r_1).

7. By 2, the attacker may know receiver_prekey(pk_skem_receiver(receiverSkB[]),ekpk(ekskB[]),sign(sskB[],payload_receiver(pk_skem_receiver(receiverSkB[]),ekpk(ekskB[])))).
Using the function get_receiver_prekey_ekpk the attacker may obtain ekpk(ekskB[]).
attacker(ekpk(ekskB[])).

8. By 7, the attacker may know ekpk(ekskB[]).
By 6, the attacker may know r_1.
Using the function ekem_enc the attacker may obtain ekem_enc(ekpk(ekskB[]),r_1).
attacker(ekem_enc(ekpk(ekskB[]),r_1)).

9. We assume as hypothesis that
attacker(r_2).

10. The message kpk(kskB[]) may be sent to the attacker at output {25}.
attacker(kpk(kskB[])).

11. By 10, the attacker may know kpk(kskB[]).
By 9, the attacker may know r_2.
Using the function lkem_enc the attacker may obtain lkem_enc(kpk(kskB[]),r_2).
attacker(lkem_enc(kpk(kskB[]),r_2)).

12. By 11, the attacker may know lkem_enc(kpk(kskB[]),r_2).
By 8, the attacker may know ekem_enc(ekpk(ekskB[]),r_1).
By 5, the attacker may know skem_enc(sender_sk,pk_skem_receiver(receiverSkB[]),r).
Using the function msg the attacker may obtain msg(lkem_enc(kpk(kskB[]),r_2),ekem_enc(ekpk(ekskB[]),r_1),skem_enc(sender_sk,pk_skem_receiver(receiverSkB[]),r)).
attacker(msg(lkem_enc(kpk(kskB[]),r_2),ekem_enc(ekpk(ekskB[]),r_1),skem_enc(sender_sk,pk_skem_receiver(receiverSkB[]),r))).

13. We assume as hypothesis that
attacker(epk).

14. We assume as hypothesis that
attacker(rpk).

15. By 14, the attacker may know rpk.
By 13, the attacker may know epk.
Using the function payload_receiver the attacker may obtain payload_receiver(rpk,epk).
attacker(payload_receiver(rpk,epk)).

16. The message sskB[] may be sent to the attacker at output {86}.
attacker(sskB[]).

17. By 16, the attacker may know sskB[].
By 15, the attacker may know payload_receiver(rpk,epk).
Using the function sign the attacker may obtain sign(sskB[],payload_receiver(rpk,epk)).
attacker(sign(sskB[],payload_receiver(rpk,epk))).

18. By 14, the attacker may know rpk.
By 13, the attacker may know epk.
By 17, the attacker may know sign(sskB[],payload_receiver(rpk,epk)).
Using the function receiver_prekey the attacker may obtain receiver_prekey(rpk,epk,sign(sskB[],payload_receiver(rpk,epk))).
attacker(receiver_prekey(rpk,epk,sign(sskB[],payload_receiver(rpk,epk)))).

19. By 4, the attacker may know sender_sk.
Using the function pk_skem_sender the attacker may obtain pk_skem_sender(sender_sk).
attacker(pk_skem_sender(sender_sk)).

20. By 19, the attacker may know pk_skem_sender(sender_sk).
Using the function payload_sender the attacker may obtain payload_sender(pk_skem_sender(sender_sk)).
attacker(payload_sender(pk_skem_sender(sender_sk))).

21. The message sskA[] may be sent to the attacker at output {84}.
attacker(sskA[]).

22. By 21, the attacker may know sskA[].
By 20, the attacker may know payload_sender(pk_skem_sender(sender_sk)).
Using the function sign the attacker may obtain sign(sskA[],payload_sender(pk_skem_sender(sender_sk))).
attacker(sign(sskA[],payload_sender(pk_skem_sender(sender_sk)))).

23. By 19, the attacker may know pk_skem_sender(sender_sk).
By 22, the attacker may know sign(sskA[],payload_sender(pk_skem_sender(sender_sk))).
Using the function sender_prekey the attacker may obtain sender_prekey(pk_skem_sender(sender_sk),sign(sskA[],payload_sender(pk_skem_sender(sender_sk)))).
attacker(sender_prekey(pk_skem_sender(sender_sk),sign(sskA[],payload_sender(pk_skem_sender(sender_sk))))).

24. The message spk(sskB[]) may be sent to the attacker at output {24}.
attacker(spk(sskB[])).

25. By 24, the attacker may know spk(sskB[]).
By 10, the attacker may know kpk(kskB[]).
Using the function pk the attacker may obtain pk(spk(sskB[]),kpk(kskB[])).
attacker(pk(spk(sskB[]),kpk(kskB[]))).

26. The message kpk(kskA[]) may be sent to the attacker at output {22}.
attacker(kpk(kskA[])).

27. The message spk(sskA[]) may be sent to the attacker at output {21}.
attacker(spk(sskA[])).

28. By 27, the attacker may know spk(sskA[]).
By 26, the attacker may know kpk(kskA[]).
Using the function pk the attacker may obtain pk(spk(sskA[]),kpk(kskA[])).
attacker(pk(spk(sskA[]),kpk(kskA[]))).

29. The attacker initially knows B[].
attacker(B[]).

30. The attacker initially knows A[].
attacker(A[]).

31. By 30, the attacker may know A[].
By 29, the attacker may know B[].
By 28, the attacker may know pk(spk(sskA[]),kpk(kskA[])).
By 25, the attacker may know pk(spk(sskB[]),kpk(kskB[])).
By 23, the attacker may know sender_prekey(pk_skem_sender(sender_sk),sign(sskA[],payload_sender(pk_skem_sender(sender_sk)))).
By 18, the attacker may know receiver_prekey(rpk,epk,sign(sskB[],payload_receiver(rpk,epk))).
By 12, the attacker may know msg(lkem_enc(kpk(kskB[]),r_2),ekem_enc(ekpk(ekskB[]),r_1),skem_enc(sender_sk,pk_skem_receiver(receiverSkB[]),r)).
Using the function sid_of the attacker may obtain sid_of(A[],B[],pk(spk(sskA[]),kpk(kskA[])),pk(spk(sskB[]),kpk(kskB[])),sender_prekey(pk_skem_sender(sender_sk),sign(sskA[],payload_sender(pk_skem_sender(sender_sk)))),receiver_prekey(rpk,epk,sign(sskB[],payload_receiver(rpk,epk))),msg(lkem_enc(kpk(kskB[]),r_2),ekem_enc(ekpk(ekskB[]),r_1),skem_enc(sender_sk,pk_skem_receiver(receiverSkB[]),r))).
attacker(sid_of(A[],B[],pk(spk(sskA[]),kpk(kskA[])),pk(spk(sskB[]),kpk(kskB[])),sender_prekey(pk_skem_sender(sender_sk),sign(sskA[],payload_sender(pk_skem_sender(sender_sk)))),receiver_prekey(rpk,epk,sign(sskB[],payload_receiver(rpk,epk))),msg(lkem_enc(kpk(kskB[]),r_2),ekem_enc(ekpk(ekskB[]),r_1),skem_enc(sender_sk,pk_skem_receiver(receiverSkB[]),r)))).

32. By 4, the attacker may know sender_sk.
By 3, the attacker may know pk_skem_receiver(receiverSkB[]).
By 1, the attacker may know r.
Using the function skem_ss the attacker may obtain skem_ss(sender_sk,pk_skem_receiver(receiverSkB[]),r).
attacker(skem_ss(sender_sk,pk_skem_receiver(receiverSkB[]),r)).

33. By 7, the attacker may know ekpk(ekskB[]).
By 6, the attacker may know r_1.
Using the function ekem_ss the attacker may obtain ekem_ss(ekpk(ekskB[]),r_1).
attacker(ekem_ss(ekpk(ekskB[]),r_1)).

34. By 10, the attacker may know kpk(kskB[]).
By 9, the attacker may know r_2.
Using the function lkem_ss the attacker may obtain lkem_ss(kpk(kskB[]),r_2).
attacker(lkem_ss(kpk(kskB[]),r_2)).

35. By 34, the attacker may know lkem_ss(kpk(kskB[]),r_2).
By 33, the attacker may know ekem_ss(ekpk(ekskB[]),r_1).
By 32, the attacker may know skem_ss(sender_sk,pk_skem_receiver(receiverSkB[]),r).
By 31, the attacker may know sid_of(A[],B[],pk(spk(sskA[]),kpk(kskA[])),pk(spk(sskB[]),kpk(kskB[])),sender_prekey(pk_skem_sender(sender_sk),sign(sskA[],payload_sender(pk_skem_sender(sender_sk)))),receiver_prekey(rpk,epk,sign(sskB[],payload_receiver(rpk,epk))),msg(lkem_enc(kpk(kskB[]),r_2),ekem_enc(ekpk(ekskB[]),r_1),skem_enc(sender_sk,pk_skem_receiver(receiverSkB[]),r))).
Using the function kdf the attacker may obtain kdf(lkem_ss(kpk(kskB[]),r_2),ekem_ss(ekpk(ekskB[]),r_1),skem_ss(sender_sk,pk_skem_receiver(receiverSkB[]),r),sid_of(A[],B[],pk(spk(sskA[]),kpk(kskA[])),pk(spk(sskB[]),kpk(kskB[])),sender_prekey(pk_skem_sender(sender_sk),sign(sskA[],payload_sender(pk_skem_sender(sender_sk)))),receiver_prekey(rpk,epk,sign(sskB[],payload_receiver(rpk,epk))),msg(lkem_enc(kpk(kskB[]),r_2),ekem_enc(ekpk(ekskB[]),r_1),skem_enc(sender_sk,pk_skem_receiver(receiverSkB[]),r)))).
attacker(kdf(lkem_ss(kpk(kskB[]),r_2),ekem_ss(ekpk(ekskB[]),r_1),skem_ss(sender_sk,pk_skem_receiver(receiverSkB[]),r),sid_of(A[],B[],pk(spk(sskA[]),kpk(kskA[])),pk(spk(sskB[]),kpk(kskB[])),sender_prekey(pk_skem_sender(sender_sk),sign(sskA[],payload_sender(pk_skem_sender(sender_sk)))),receiver_prekey(rpk,epk,sign(sskB[],payload_receiver(rpk,epk))),msg(lkem_enc(kpk(kskB[]),r_2),ekem_enc(ekpk(ekskB[]),r_1),skem_enc(sender_sk,pk_skem_receiver(receiverSkB[]),r))))).

36. The message receiver_prekey(rpk,epk,sign(sskB[],payload_receiver(rpk,epk))) that the attacker may have by 18 may be received at input {38}.
The message sender_prekey(pk_skem_sender(sender_sk),sign(sskA[],payload_sender(pk_skem_sender(sender_sk)))) that the attacker may have by 23 may be received at input {45}.
The message msg(lkem_enc(kpk(kskB[]),r_2),ekem_enc(ekpk(ekskB[]),r_1),skem_enc(sender_sk,pk_skem_receiver(receiverSkB[]),r)) that the attacker may have by 12 may be received at input {67}.
So event ReceiverKey(B[],A[],sid_of(A[],B[],pk(spk(sskA[]),kpk(kskA[])),pk(spk(sskB[]),kpk(kskB[])),sender_prekey(pk_skem_sender(sender_sk),sign(sskA[],payload_sender(pk_skem_sender(sender_sk)))),receiver_prekey(rpk,epk,sign(sskB[],payload_receiver(rpk,epk))),msg(lkem_enc(kpk(kskB[]),r_2),ekem_enc(ekpk(ekskB[]),r_1),skem_enc(sender_sk,pk_skem_receiver(receiverSkB[]),r))),kdf(lkem_ss(kpk(kskB[]),r_2),ekem_ss(ekpk(ekskB[]),r_1),skem_ss(sender_sk,pk_skem_receiver(receiverSkB[]),r),sid_of(A[],B[],pk(spk(sskA[]),kpk(kskA[])),pk(spk(sskB[]),kpk(kskB[])),sender_prekey(pk_skem_sender(sender_sk),sign(sskA[],payload_sender(pk_skem_sender(sender_sk)))),receiver_prekey(rpk,epk,sign(sskB[],payload_receiver(rpk,epk))),msg(lkem_enc(kpk(kskB[]),r_2),ekem_enc(ekpk(ekskB[]),r_1),skem_enc(sender_sk,pk_skem_receiver(receiverSkB[]),r))))) may be executed at {78}.
event(ReceiverKey(B[],A[],sid_of(A[],B[],pk(spk(sskA[]),kpk(kskA[])),pk(spk(sskB[]),kpk(kskB[])),sender_prekey(pk_skem_sender(sender_sk),sign(sskA[],payload_sender(pk_skem_sender(sender_sk)))),receiver_prekey(rpk,epk,sign(sskB[],payload_receiver(rpk,epk))),msg(lkem_enc(kpk(kskB[]),r_2),ekem_enc(ekpk(ekskB[]),r_1),skem_enc(sender_sk,pk_skem_receiver(receiverSkB[]),r))),kdf(lkem_ss(kpk(kskB[]),r_2),ekem_ss(ekpk(ekskB[]),r_1),skem_ss(sender_sk,pk_skem_receiver(receiverSkB[]),r),sid_of(A[],B[],pk(spk(sskA[]),kpk(kskA[])),pk(spk(sskB[]),kpk(kskB[])),sender_prekey(pk_skem_sender(sender_sk),sign(sskA[],payload_sender(pk_skem_sender(sender_sk)))),receiver_prekey(rpk,epk,sign(sskB[],payload_receiver(rpk,epk))),msg(lkem_enc(kpk(kskB[]),r_2),ekem_enc(ekpk(ekskB[]),r_1),skem_enc(sender_sk,pk_skem_receiver(receiverSkB[]),r)))))).

37. By 36, event(ReceiverKey(B[],A[],sid_of(A[],B[],pk(spk(sskA[]),kpk(kskA[])),pk(spk(sskB[]),kpk(kskB[])),sender_prekey(pk_skem_sender(sender_sk),sign(sskA[],payload_sender(pk_skem_sender(sender_sk)))),receiver_prekey(rpk,epk,sign(sskB[],payload_receiver(rpk,epk))),msg(lkem_enc(kpk(kskB[]),r_2),ekem_enc(ekpk(ekskB[]),r_1),skem_enc(sender_sk,pk_skem_receiver(receiverSkB[]),r))),kdf(lkem_ss(kpk(kskB[]),r_2),ekem_ss(ekpk(ekskB[]),r_1),skem_ss(sender_sk,pk_skem_receiver(receiverSkB[]),r),sid_of(A[],B[],pk(spk(sskA[]),kpk(kskA[])),pk(spk(sskB[]),kpk(kskB[])),sender_prekey(pk_skem_sender(sender_sk),sign(sskA[],payload_sender(pk_skem_sender(sender_sk)))),receiver_prekey(rpk,epk,sign(sskB[],payload_receiver(rpk,epk))),msg(lkem_enc(kpk(kskB[]),r_2),ekem_enc(ekpk(ekskB[]),r_1),skem_enc(sender_sk,pk_skem_receiver(receiverSkB[]),r)))))).
By 35, attacker(kdf(lkem_ss(kpk(kskB[]),r_2),ekem_ss(ekpk(ekskB[]),r_1),skem_ss(sender_sk,pk_skem_receiver(receiverSkB[]),r),sid_of(A[],B[],pk(spk(sskA[]),kpk(kskA[])),pk(spk(sskB[]),kpk(kskB[])),sender_prekey(pk_skem_sender(sender_sk),sign(sskA[],payload_sender(pk_skem_sender(sender_sk)))),receiver_prekey(rpk,epk,sign(sskB[],payload_receiver(rpk,epk))),msg(lkem_enc(kpk(kskB[]),r_2),ekem_enc(ekpk(ekskB[]),r_1),skem_enc(sender_sk,pk_skem_receiver(receiverSkB[]),r))))).
The goals are reached, combined in the following fact:
event(ReceiverKey(B[],A[],sid_of(A[],B[],pk(spk(sskA[]),kpk(kskA[])),pk(spk(sskB[]),kpk(kskB[])),sender_prekey(pk_skem_sender(sender_sk),sign(sskA[],payload_sender(pk_skem_sender(sender_sk)))),receiver_prekey(rpk,epk,sign(sskB[],payload_receiver(rpk,epk))),msg(lkem_enc(kpk(kskB[]),r_2),ekem_enc(ekpk(ekskB[]),r_1),skem_enc(sender_sk,pk_skem_receiver(receiverSkB[]),r))),kdf(lkem_ss(kpk(kskB[]),r_2),ekem_ss(ekpk(ekskB[]),r_1),skem_ss(sender_sk,pk_skem_receiver(receiverSkB[]),r),sid_of(A[],B[],pk(spk(sskA[]),kpk(kskA[])),pk(spk(sskB[]),kpk(kskB[])),sender_prekey(pk_skem_sender(sender_sk),sign(sskA[],payload_sender(pk_skem_sender(sender_sk)))),receiver_prekey(rpk,epk,sign(sskB[],payload_receiver(rpk,epk))),msg(lkem_enc(kpk(kskB[]),r_2),ekem_enc(ekpk(ekskB[]),r_1),skem_enc(sender_sk,pk_skem_receiver(receiverSkB[]),r)))))) && attacker(kdf(lkem_ss(kpk(kskB[]),r_2),ekem_ss(ekpk(ekskB[]),r_1),skem_ss(sender_sk,pk_skem_receiver(receiverSkB[]),r),sid_of(A[],B[],pk(spk(sskA[]),kpk(kskA[])),pk(spk(sskB[]),kpk(kskB[])),sender_prekey(pk_skem_sender(sender_sk),sign(sskA[],payload_sender(pk_skem_sender(sender_sk)))),receiver_prekey(rpk,epk,sign(sskB[],payload_receiver(rpk,epk))),msg(lkem_enc(kpk(kskB[]),r_2),ekem_enc(ekpk(ekskB[]),r_1),skem_enc(sender_sk,pk_skem_receiver(receiverSkB[]),r))))).


A more detailed output of the traces is available with
  set traceDisplay = long.

new sskA: sig_sk creating sskA_3 at {1}

new kskA: kem_sk creating kskA_2 at {2}

new sskB: sig_sk creating sskB_3 at {3}

new kskB: kem_sk creating kskB_2 at {4}

new senderSkA: skem_sender_sk creating senderSkA_2 at {5}

new receiverSkB: skem_receiver_sk creating receiverSkB_2 at {6}

new ekskB: ekem_sk creating ekskB_2 at {7}

event CompromiseSigSk(A) at {83}

out(c, ~M) with ~M = sskA_3 at {84}

event CompromiseSigSk(B) at {85}

out(c, ~M_1) with ~M_1 = sskB_3 at {86}

out(c, ~M_2) with ~M_2 = spk(sskA_3) at {21}

out(c, ~M_3) with ~M_3 = kpk(kskA_2) at {22}

out(c, ~M_4) with ~M_4 = pk(spk(sskA_3),kpk(kskA_2)) at {23}

out(c, ~M_5) with ~M_5 = spk(sskB_3) at {24}

out(c, ~M_6) with ~M_6 = kpk(kskB_2) at {25}

out(c, ~M_7) with ~M_7 = pk(spk(sskB_3),kpk(kskB_2)) at {26}

out(c, ~M_8) with ~M_8 = sender_prekey(pk_skem_sender(senderSkA_2),sign(sskA_3,payload_sender(pk_skem_sender(senderSkA_2)))) at {31}

out(c, ~M_9) with ~M_9 = receiver_prekey(pk_skem_receiver(receiverSkB_2),ekpk(ekskB_2),sign(sskB_3,payload_receiver(pk_skem_receiver(receiverSkB_2),ekpk(ekskB_2)))) at {37}

in(c, receiver_prekey(a,a_1,sign(~M_1,payload_receiver(a,a_1)))) with receiver_prekey(a,a_1,sign(~M_1,payload_receiver(a,a_1))) = receiver_prekey(a,a_1,sign(sskB_3,payload_receiver(a,a_1))) at {38}

event ReceiverPrekeyVerified(A,B,receiver_prekey(a,a_1,sign(sskB_3,payload_receiver(a,a_1)))) at {44}

in(c, sender_prekey(pk_skem_sender(a_2),sign(~M,payload_sender(pk_skem_sender(a_2))))) with sender_prekey(pk_skem_sender(a_2),sign(~M,payload_sender(pk_skem_sender(a_2)))) = sender_prekey(pk_skem_sender(a_2),sign(sskA_3,payload_sender(pk_skem_sender(a_2)))) at {45}

event SenderPrekeyVerified(B,A,sender_prekey(pk_skem_sender(a_2),sign(sskA_3,payload_sender(pk_skem_sender(a_2))))) at {50}

new rL: randomness creating rL_1 at {51}

new rE: randomness creating rE_1 at {52}

new rS: randomness creating rS_1 at {53}

event SenderSplitKemComponent(A,B,skem_enc(senderSkA_2,a,rS_1),skem_ss(senderSkA_2,a,rS_1)) at {60}

out(c, ~M_10) with ~M_10 = msg(lkem_enc(kpk(kskB_2),rL_1),ekem_enc(a_1,rE_1),skem_enc(senderSkA_2,a,rS_1)) at {62}

event SenderKey(A,B,sid_of(A,B,pk(spk(sskA_3),kpk(kskA_2)),pk(spk(sskB_3),kpk(kskB_2)),sender_prekey(pk_skem_sender(senderSkA_2),sign(sskA_3,payload_sender(pk_skem_sender(senderSkA_2)))),receiver_prekey(a,a_1,sign(sskB_3,payload_receiver(a,a_1))),msg(lkem_enc(kpk(kskB_2),rL_1),ekem_enc(a_1,rE_1),skem_enc(senderSkA_2,a,rS_1))),kdf(lkem_ss(kpk(kskB_2),rL_1),ekem_ss(a_1,rE_1),skem_ss(senderSkA_2,a,rS_1),sid_of(A,B,pk(spk(sskA_3),kpk(kskA_2)),pk(spk(sskB_3),kpk(kskB_2)),sender_prekey(pk_skem_sender(senderSkA_2),sign(sskA_3,payload_sender(pk_skem_sender(senderSkA_2)))),receiver_prekey(a,a_1,sign(sskB_3,payload_receiver(a,a_1))),msg(lkem_enc(kpk(kskB_2),rL_1),ekem_enc(a_1,rE_1),skem_enc(senderSkA_2,a,rS_1))))) at {65}

event SendDone(A,B,sid_of(A,B,pk(spk(sskA_3),kpk(kskA_2)),pk(spk(sskB_3),kpk(kskB_2)),sender_prekey(pk_skem_sender(senderSkA_2),sign(sskA_3,payload_sender(pk_skem_sender(senderSkA_2)))),receiver_prekey(a,a_1,sign(sskB_3,payload_receiver(a,a_1))),msg(lkem_enc(kpk(kskB_2),rL_1),ekem_enc(a_1,rE_1),skem_enc(senderSkA_2,a,rS_1))),kdf(lkem_ss(kpk(kskB_2),rL_1),ekem_ss(a_1,rE_1),skem_ss(senderSkA_2,a,rS_1),sid_of(A,B,pk(spk(sskA_3),kpk(kskA_2)),pk(spk(sskB_3),kpk(kskB_2)),sender_prekey(pk_skem_sender(senderSkA_2),sign(sskA_3,payload_sender(pk_skem_sender(senderSkA_2)))),receiver_prekey(a,a_1,sign(sskB_3,payload_receiver(a,a_1))),msg(lkem_enc(kpk(kskB_2),rL_1),ekem_enc(a_1,rE_1),skem_enc(senderSkA_2,a,rS_1))))) at {66}

in(c, msg(lkem_enc(~M_6,a_3),ekem_enc(get_receiver_prekey_ekpk(~M_9),a_4),skem_enc(a_2,get_receiver_prekey_pk(~M_9),a_5))) with msg(lkem_enc(~M_6,a_3),ekem_enc(get_receiver_prekey_ekpk(~M_9),a_4),skem_enc(a_2,get_receiver_prekey_pk(~M_9),a_5)) = msg(lkem_enc(kpk(kskB_2),a_3),ekem_enc(ekpk(ekskB_2),a_4),skem_enc(a_2,pk_skem_receiver(receiverSkB_2),a_5)) at {67}

event SplitKemAccepted(B,A,skem_enc(a_2,pk_skem_receiver(receiverSkB_2),a_5),skem_ss(a_2,pk_skem_receiver(receiverSkB_2),a_5)) at {74}

event RecvComputed(B,A,sid_of(A,B,pk(spk(sskA_3),kpk(kskA_2)),pk(spk(sskB_3),kpk(kskB_2)),sender_prekey(pk_skem_sender(a_2),sign(sskA_3,payload_sender(pk_skem_sender(a_2)))),receiver_prekey(a,a_1,sign(sskB_3,payload_receiver(a,a_1))),msg(lkem_enc(kpk(kskB_2),a_3),ekem_enc(ekpk(ekskB_2),a_4),skem_enc(a_2,pk_skem_receiver(receiverSkB_2),a_5))),kdf(lkem_ss(kpk(kskB_2),a_3),ekem_ss(ekpk(ekskB_2),a_4),skem_ss(a_2,pk_skem_receiver(receiverSkB_2),a_5),sid_of(A,B,pk(spk(sskA_3),kpk(kskA_2)),pk(spk(sskB_3),kpk(kskB_2)),sender_prekey(pk_skem_sender(a_2),sign(sskA_3,payload_sender(pk_skem_sender(a_2)))),receiver_prekey(a,a_1,sign(sskB_3,payload_receiver(a,a_1))),msg(lkem_enc(kpk(kskB_2),a_3),ekem_enc(ekpk(ekskB_2),a_4),skem_enc(a_2,pk_skem_receiver(receiverSkB_2),a_5))))) at {77}

event ReceiverKey(B,A,sid_of(A,B,pk(spk(sskA_3),kpk(kskA_2)),pk(spk(sskB_3),kpk(kskB_2)),sender_prekey(pk_skem_sender(a_2),sign(sskA_3,payload_sender(pk_skem_sender(a_2)))),receiver_prekey(a,a_1,sign(sskB_3,payload_receiver(a,a_1))),msg(lkem_enc(kpk(kskB_2),a_3),ekem_enc(ekpk(ekskB_2),a_4),skem_enc(a_2,pk_skem_receiver(receiverSkB_2),a_5))),kdf(lkem_ss(kpk(kskB_2),a_3),ekem_ss(ekpk(ekskB_2),a_4),skem_ss(a_2,pk_skem_receiver(receiverSkB_2),a_5),sid_of(A,B,pk(spk(sskA_3),kpk(kskA_2)),pk(spk(sskB_3),kpk(kskB_2)),sender_prekey(pk_skem_sender(a_2),sign(sskA_3,payload_sender(pk_skem_sender(a_2)))),receiver_prekey(a,a_1,sign(sskB_3,payload_receiver(a,a_1))),msg(lkem_enc(kpk(kskB_2),a_3),ekem_enc(ekpk(ekskB_2),a_4),skem_enc(a_2,pk_skem_receiver(receiverSkB_2),a_5))))) at {78} (goal)

The event ReceiverKey(B,A,sid_of(A,B,pk(spk(sskA_3),kpk(kskA_2)),pk(spk(sskB_3),kpk(kskB_2)),sender_prekey(pk_skem_sender(a_2),sign(sskA_3,payload_sender(pk_skem_sender(a_2)))),receiver_prekey(a,a_1,sign(sskB_3,payload_receiver(a,a_1))),msg(lkem_enc(kpk(kskB_2),a_3),ekem_enc(ekpk(ekskB_2),a_4),skem_enc(a_2,pk_skem_receiver(receiverSkB_2),a_5))),kdf(lkem_ss(kpk(kskB_2),a_3),ekem_ss(ekpk(ekskB_2),a_4),skem_ss(a_2,pk_skem_receiver(receiverSkB_2),a_5),sid_of(A,B,pk(spk(sskA_3),kpk(kskA_2)),pk(spk(sskB_3),kpk(kskB_2)),sender_prekey(pk_skem_sender(a_2),sign(sskA_3,payload_sender(pk_skem_sender(a_2)))),receiver_prekey(a,a_1,sign(sskB_3,payload_receiver(a,a_1))),msg(lkem_enc(kpk(kskB_2),a_3),ekem_enc(ekpk(ekskB_2),a_4),skem_enc(a_2,pk_skem_receiver(receiverSkB_2),a_5))))) is executed at {78}.
The attacker has the message kdf(lkem_ss(~M_6,a_3),ekem_ss(get_receiver_prekey_ekpk(~M_9),a_4),skem_ss(a_2,get_receiver_prekey_pk(~M_9),a_5),sid_of(A,B,pk(~M_2,~M_3),pk(~M_5,~M_6),sender_prekey(pk_skem_sender(a_2),sign(~M,payload_sender(pk_skem_sender(a_2)))),receiver_prekey(a,a_1,sign(~M_1,payload_receiver(a,a_1))),msg(lkem_enc(~M_6,a_3),ekem_enc(get_receiver_prekey_ekpk(~M_9),a_4),skem_enc(a_2,get_receiver_prekey_pk(~M_9),a_5)))) = kdf(lkem_ss(kpk(kskB_2),a_3),ekem_ss(ekpk(ekskB_2),a_4),skem_ss(a_2,pk_skem_receiver(receiverSkB_2),a_5),sid_of(A,B,pk(spk(sskA_3),kpk(kskA_2)),pk(spk(sskB_3),kpk(kskB_2)),sender_prekey(pk_skem_sender(a_2),sign(sskA_3,payload_sender(pk_skem_sender(a_2)))),receiver_prekey(a,a_1,sign(sskB_3,payload_receiver(a,a_1))),msg(lkem_enc(kpk(kskB_2),a_3),ekem_enc(ekpk(ekskB_2),a_4),skem_enc(a_2,pk_skem_receiver(receiverSkB_2),a_5)))).
A trace has been found.
RESULT not (event(ReceiverKey(B_1,A_1,s,k)) && attacker(k)) is false.

--------------------------------------------------------------
Verification summary:

Query not event(HonestRun(k)) is false.

Query event(RecvDone(B_1,A_1,s,k)) ==> event(SendDone(A_1,B_1,s,k)) is false.

Query event(RecvDone(B_1,A_1,s,k)) ==> event(SenderPrekeyVerified(B_1,A_1,sp)) is true.

Query event(RecvDone(B_1,A_1,s,k)) ==> event(ReceiverPrekeyVerified(A_1,B_1,rp)) is true.

Query not (event(SenderKey(A_1,B_1,s,k)) && attacker(k)) is true.

Query not (event(ReceiverKey(B_1,A_1,s,k)) && attacker(k)) is false.

--------------------------------------------------------------

