schema_version	property_id	claim_id	milestone	tool	suite	target_id	model_path	query_or_lemma	formula_sha256	property_kind	expected_status	expected_evidence_class	execution_scope	conditional_interface	required	timeout_seconds	memory_policy	expectation_source_path	expectation_source_commit	expectation_source_blob	regression_matrix_path	regression_matrix_commit	regression_matrix_blob	notes
1	tam-combined-replay-normal_confirmed_single_accept	P3	M4	tamarin-prover	combined-replay	normal_confirmed_single_accept	tamarin/replay/kwaay_replay_hmac_dedup.spthy	normal_confirmed_single_accept	4d4f3b78cafdc235888cc88ea57815cdd6554418005428601a0d2617ad303569	non_vacuity	verified	m4-transparent-composite	direct	none	true	300	Run1 systemd MemoryMax=16384MB; Run2 MemoryMax=49152MB; MemorySwapMax=0	tamarin/milestones/run-m4-hmac-dedup.sh	96010c72e71defc775c7c2ee99c937ff700a3227	48fbaa50750b763152dbc117eb1035f8ce807291	logs/tamarin-m4-hmac-dedup/source-run1/canonical-target-matrix.tsv	211ffd0a8ed8a7051d12dcc165566a66e64ab970	c42dd7f7c1094c58b0597c7350f2d733224773c2	historical milestone authority plus independent M4 296-row regression binding
1	tam-combined-replay-normal_confirmed_batch_complete	P3	M4	tamarin-prover	combined-replay	normal_confirmed_batch_complete	tamarin/replay/kwaay_replay_hmac_dedup.spthy	normal_confirmed_batch_complete	522395300e4896c63d79054405d6db30f0d542f1637d81fb6ff03bc112c156f1	non_vacuity	verified	m4-transparent-composite	direct	none	true	300	Run1 systemd MemoryMax=16384MB; Run2 MemoryMax=49152MB; MemorySwapMax=0	tamarin/milestones/run-m4-hmac-dedup.sh	96010c72e71defc775c7c2ee99c937ff700a3227	48fbaa50750b763152dbc117eb1035f8ce807291	logs/tamarin-m4-hmac-dedup/source-run1/canonical-target-matrix.tsv	211ffd0a8ed8a7051d12dcc165566a66e64ab970	c42dd7f7c1094c58b0597c7350f2d733224773c2	historical milestone authority plus independent M4 296-row regression binding
1	tam-combined-replay-confirmed_receiver_accept_has_sender	P3	M4	tamarin-prover	combined-replay	confirmed_receiver_accept_has_sender	tamarin/replay/kwaay_replay_hmac_dedup.spthy	confirmed_receiver_accept_has_sender	46d94c8acc7539c15370e31d8d45d39ffa956fef94edf2b0bd770cc7cfa32d50	structural_result	verified	m4-transparent-composite	direct	none	true	300	Run1 systemd MemoryMax=16384MB; Run2 MemoryMax=49152MB; MemorySwapMax=0	tamarin/milestones/run-m4-hmac-dedup.sh	96010c72e71defc775c7c2ee99c937ff700a3227	48fbaa50750b763152dbc117eb1035f8ce807291	logs/tamarin-m4-hmac-dedup/source-run1/canonical-target-matrix.tsv	211ffd0a8ed8a7051d12dcc165566a66e64ab970	c42dd7f7c1094c58b0597c7350f2d733224773c2	historical milestone authority plus independent M4 296-row regression binding
1	tam-combined-replay-confirmed_message_unique_send	P3	M4	tamarin-prover	combined-replay	confirmed_message_unique_send	tamarin/replay/kwaay_replay_hmac_dedup.spthy	confirmed_message_unique_send	7f6976a97718d23fccd7be7e08bc056c4d6541ee5742e05eeb359308e9954178	direct_theorem	verified	m4-transparent-composite	direct	none	true	300	Run1 systemd MemoryMax=16384MB; Run2 MemoryMax=49152MB; MemorySwapMax=0	tamarin/milestones/run-m4-hmac-dedup.sh	96010c72e71defc775c7c2ee99c937ff700a3227	48fbaa50750b763152dbc117eb1035f8ce807291	logs/tamarin-m4-hmac-dedup/source-run1/canonical-target-matrix.tsv	211ffd0a8ed8a7051d12dcc165566a66e64ab970	c42dd7f7c1094c58b0597c7350f2d733224773c2	historical milestone authority plus independent M4 296-row regression binding
1	tam-combined-replay-one_confirmed_send_two_accepts_exists	P3	M4	tamarin-prover	combined-replay	one_confirmed_send_two_accepts_exists	tamarin/replay/kwaay_replay_hmac_dedup.spthy	one_confirmed_send_two_accepts_exists	bf52523e2087bfe80d2bd0109e18f5fa533284814763eea78e295dd004b3c252	blocked_attack_witness_regression	falsified	m4-transparent-composite	direct	none	true	300	Run1 systemd MemoryMax=16384MB; Run2 MemoryMax=49152MB; MemorySwapMax=0	tamarin/milestones/run-m4-hmac-dedup.sh	96010c72e71defc775c7c2ee99c937ff700a3227	48fbaa50750b763152dbc117eb1035f8ce807291	logs/tamarin-m4-hmac-dedup/source-run1/canonical-target-matrix.tsv	211ffd0a8ed8a7051d12dcc165566a66e64ab970	c42dd7f7c1094c58b0597c7350f2d733224773c2	historical milestone authority plus independent M4 296-row regression binding
1	tam-combined-replay-confirmed_message_accepted_at_most_once	P3	M4	tamarin-prover	combined-replay	confirmed_message_accepted_at_most_once	tamarin/replay/kwaay_replay_hmac_dedup.spthy	confirmed_message_accepted_at_most_once	bb982aa85076f527b1649199a1ca7508469d092ad2af30ca681b74133b2e018d	direct_theorem	verified	m4-transparent-composite	direct	none	true	300	Run1 systemd MemoryMax=16384MB; Run2 MemoryMax=49152MB; MemorySwapMax=0	tamarin/milestones/run-m4-hmac-dedup.sh	96010c72e71defc775c7c2ee99c937ff700a3227	48fbaa50750b763152dbc117eb1035f8ce807291	logs/tamarin-m4-hmac-dedup/source-run1/canonical-target-matrix.tsv	211ffd0a8ed8a7051d12dcc165566a66e64ab970	c42dd7f7c1094c58b0597c7350f2d733224773c2	historical milestone authority plus independent M4 296-row regression binding
1	tam-combined-replay-injective_confirmed_receiver_accept	P3	M4	tamarin-prover	combined-replay	injective_confirmed_receiver_accept	tamarin/replay/kwaay_replay_hmac_dedup.spthy	injective_confirmed_receiver_accept	b18305e767fe15c88b6df706df284e2acb29fe00acec323a6cc38a93fd1cf4a2	direct_theorem	verified	m4-transparent-composite	direct	none	true	300	Run1 systemd MemoryMax=16384MB; Run2 MemoryMax=49152MB; MemorySwapMax=0	tamarin/milestones/run-m4-hmac-dedup.sh	96010c72e71defc775c7c2ee99c937ff700a3227	48fbaa50750b763152dbc117eb1035f8ce807291	logs/tamarin-m4-hmac-dedup/source-run1/canonical-target-matrix.tsv	211ffd0a8ed8a7051d12dcc165566a66e64ab970	c42dd7f7c1094c58b0597c7350f2d733224773c2	historical milestone authority plus independent M4 296-row regression binding
1	tam-combined-replay-slot_indices_distinct	P3	M4	tamarin-prover	combined-replay	slot_indices_distinct	tamarin/replay/kwaay_replay_hmac_dedup.spthy	slot_indices_distinct	3e53939fc5deda287ae7ff0f3d6bcde2386fc2e4f9e871698d522ac2e9393ddd	regression	verified	m4-transparent-composite	direct	none	true	300	Run1 systemd MemoryMax=16384MB; Run2 MemoryMax=49152MB; MemorySwapMax=0	tamarin/milestones/run-m4-hmac-dedup.sh	96010c72e71defc775c7c2ee99c937ff700a3227	48fbaa50750b763152dbc117eb1035f8ce807291	logs/tamarin-m4-hmac-dedup/source-run1/canonical-target-matrix.tsv	211ffd0a8ed8a7051d12dcc165566a66e64ab970	c42dd7f7c1094c58b0597c7350f2d733224773c2	historical milestone authority plus independent M4 296-row regression binding
1	tam-combined-replay-process_requires_slot_added	P3	M4	tamarin-prover	combined-replay	process_requires_slot_added	tamarin/replay/kwaay_replay_hmac_dedup.spthy	process_requires_slot_added	81a6246a22d8b66680b13a10b513a88a4c86a43f2056511556da5c1315802d92	regression	verified	m4-transparent-composite	direct	none	true	300	Run1 systemd MemoryMax=16384MB; Run2 MemoryMax=49152MB; MemorySwapMax=0	tamarin/milestones/run-m4-hmac-dedup.sh	96010c72e71defc775c7c2ee99c937ff700a3227	48fbaa50750b763152dbc117eb1035f8ce807291	logs/tamarin-m4-hmac-dedup/source-run1/canonical-target-matrix.tsv	211ffd0a8ed8a7051d12dcc165566a66e64ab970	c42dd7f7c1094c58b0597c7350f2d733224773c2	historical milestone authority plus independent M4 296-row regression binding
1	tam-combined-replay-process_requires_seal	P3	M4	tamarin-prover	combined-replay	process_requires_seal	tamarin/replay/kwaay_replay_hmac_dedup.spthy	process_requires_seal	0bb7b91f43d96818a8b1022780d87d943f6ae9d46076507e731c2f0c13b10c6c	regression	verified	m4-transparent-composite	direct	none	true	300	Run1 systemd MemoryMax=16384MB; Run2 MemoryMax=49152MB; MemorySwapMax=0	tamarin/milestones/run-m4-hmac-dedup.sh	96010c72e71defc775c7c2ee99c937ff700a3227	48fbaa50750b763152dbc117eb1035f8ce807291	logs/tamarin-m4-hmac-dedup/source-run1/canonical-target-matrix.tsv	211ffd0a8ed8a7051d12dcc165566a66e64ab970	c42dd7f7c1094c58b0597c7350f2d733224773c2	historical milestone authority plus independent M4 296-row regression binding
1	tam-combined-replay-complete_requires_all_slots_processed	P3	M4	tamarin-prover	combined-replay	complete_requires_all_slots_processed	tamarin/replay/kwaay_replay_hmac_dedup.spthy	complete_requires_all_slots_processed	a4eb22249ba5ad68b4879defacff008f69f148c513b4de7374ec6c5e0ace59d6	regression	verified	m4-transparent-composite	direct	none	true	300	Run1 systemd MemoryMax=16384MB; Run2 MemoryMax=49152MB; MemorySwapMax=0	tamarin/milestones/run-m4-hmac-dedup.sh	96010c72e71defc775c7c2ee99c937ff700a3227	48fbaa50750b763152dbc117eb1035f8ce807291	logs/tamarin-m4-hmac-dedup/source-run1/canonical-target-matrix.tsv	211ffd0a8ed8a7051d12dcc165566a66e64ab970	c42dd7f7c1094c58b0597c7350f2d733224773c2	historical milestone authority plus independent M4 296-row regression binding
1	tam-combined-replay-no_add_after_seal	P3	M4	tamarin-prover	combined-replay	no_add_after_seal	tamarin/replay/kwaay_replay_hmac_dedup.spthy	no_add_after_seal	04d69f4613c594147857e4006b1f9f77d3916f6725924f3ed74a42067daa448d	regression	verified	m4-transparent-composite	direct	none	true	300	Run1 systemd MemoryMax=16384MB; Run2 MemoryMax=49152MB; MemorySwapMax=0	tamarin/milestones/run-m4-hmac-dedup.sh	96010c72e71defc775c7c2ee99c937ff700a3227	48fbaa50750b763152dbc117eb1035f8ce807291	logs/tamarin-m4-hmac-dedup/source-run1/canonical-target-matrix.tsv	211ffd0a8ed8a7051d12dcc165566a66e64ab970	c42dd7f7c1094c58b0597c7350f2d733224773c2	historical milestone authority plus independent M4 296-row regression binding
1	tam-combined-replay-no_accept_after_close	P3	M4	tamarin-prover	combined-replay	no_accept_after_close	tamarin/replay/kwaay_replay_hmac_dedup.spthy	no_accept_after_close	610eb21aca1e2b95dca4cfd4c4fc40f05d5f928e2be89384fe7beab731a74737	regression	verified	m4-transparent-composite	direct	none	true	300	Run1 systemd MemoryMax=16384MB; Run2 MemoryMax=49152MB; MemorySwapMax=0	tamarin/milestones/run-m4-hmac-dedup.sh	96010c72e71defc775c7c2ee99c937ff700a3227	48fbaa50750b763152dbc117eb1035f8ce807291	logs/tamarin-m4-hmac-dedup/source-run1/canonical-target-matrix.tsv	211ffd0a8ed8a7051d12dcc165566a66e64ab970	c42dd7f7c1094c58b0597c7350f2d733224773c2	historical milestone authority plus independent M4 296-row regression binding
1	tam-combined-replay-batch_complete_consumes_state	P3	M4	tamarin-prover	combined-replay	batch_complete_consumes_state	tamarin/replay/kwaay_replay_hmac_dedup.spthy	batch_complete_consumes_state	ebdee3b44e3be089ed16a88d24ec0dc8f359eade0d8593da63a4ae22b3ad965a	regression	verified	m4-transparent-composite	direct	none	true	300	Run1 systemd MemoryMax=16384MB; Run2 MemoryMax=49152MB; MemorySwapMax=0	tamarin/milestones/run-m4-hmac-dedup.sh	96010c72e71defc775c7c2ee99c937ff700a3227	48fbaa50750b763152dbc117eb1035f8ce807291	logs/tamarin-m4-hmac-dedup/source-run1/canonical-target-matrix.tsv	211ffd0a8ed8a7051d12dcc165566a66e64ab970	c42dd7f7c1094c58b0597c7350f2d733224773c2	historical milestone authority plus independent M4 296-row regression binding
1	tam-combined-replay-batch_fail_consumes_state	P3	M4	tamarin-prover	combined-replay	batch_fail_consumes_state	tamarin/replay/kwaay_replay_hmac_dedup.spthy	batch_fail_consumes_state	8b6a70b6f809f50f347ccf7bca53d26223e5865b44453716060ef2455c372e5e	regression	verified	m4-transparent-composite	direct	none	true	300	Run1 systemd MemoryMax=16384MB; Run2 MemoryMax=49152MB; MemorySwapMax=0	tamarin/milestones/run-m4-hmac-dedup.sh	96010c72e71defc775c7c2ee99c937ff700a3227	48fbaa50750b763152dbc117eb1035f8ce807291	logs/tamarin-m4-hmac-dedup/source-run1/canonical-target-matrix.tsv	211ffd0a8ed8a7051d12dcc165566a66e64ab970	c42dd7f7c1094c58b0597c7350f2d733224773c2	historical milestone authority plus independent M4 296-row regression binding
1	tam-combined-replay-batch_end_token_single_use	P3	M4	tamarin-prover	combined-replay	batch_end_token_single_use	tamarin/replay/kwaay_replay_hmac_dedup.spthy	batch_end_token_single_use	23a1c2e656716ffcd2452ad001cbe7a427ca49a95958b391f2e30da6780f8f36	regression	verified	m4-transparent-composite	direct	none	true	300	Run1 systemd MemoryMax=16384MB; Run2 MemoryMax=49152MB; MemorySwapMax=0	tamarin/milestones/run-m4-hmac-dedup.sh	96010c72e71defc775c7c2ee99c937ff700a3227	48fbaa50750b763152dbc117eb1035f8ce807291	logs/tamarin-m4-hmac-dedup/source-run1/canonical-target-matrix.tsv	211ffd0a8ed8a7051d12dcc165566a66e64ab970	c42dd7f7c1094c58b0597c7350f2d733224773c2	historical milestone authority plus independent M4 296-row regression binding
1	tam-combined-replay-receiver_state_single_batch	P3	M4	tamarin-prover	combined-replay	receiver_state_single_batch	tamarin/replay/kwaay_replay_hmac_dedup.spthy	receiver_state_single_batch	49285db8f472b52c1794584742fc65e5fde58d245a6377bd4d915dbb1a44035f	regression	verified	m4-transparent-composite	direct	none	true	300	Run1 systemd MemoryMax=16384MB; Run2 MemoryMax=49152MB; MemorySwapMax=0	tamarin/milestones/run-m4-hmac-dedup.sh	96010c72e71defc775c7c2ee99c937ff700a3227	48fbaa50750b763152dbc117eb1035f8ce807291	logs/tamarin-m4-hmac-dedup/source-run1/canonical-target-matrix.tsv	211ffd0a8ed8a7051d12dcc165566a66e64ab970	c42dd7f7c1094c58b0597c7350f2d733224773c2	historical milestone authority plus independent M4 296-row regression binding
1	tam-combined-replay-receiver_state_single_batch_end	P3	M4	tamarin-prover	combined-replay	receiver_state_single_batch_end	tamarin/replay/kwaay_replay_hmac_dedup.spthy	receiver_state_single_batch_end	2df7e8efb05f0de9a1dee2b47d6abb6fb55deac0aa213608f7a984cfc50b1fec	regression	verified	m4-transparent-composite	direct	none	true	300	Run1 systemd MemoryMax=16384MB; Run2 MemoryMax=49152MB; MemorySwapMax=0	tamarin/milestones/run-m4-hmac-dedup.sh	96010c72e71defc775c7c2ee99c937ff700a3227	48fbaa50750b763152dbc117eb1035f8ce807291	logs/tamarin-m4-hmac-dedup/source-run1/canonical-target-matrix.tsv	211ffd0a8ed8a7051d12dcc165566a66e64ab970	c42dd7f7c1094c58b0597c7350f2d733224773c2	historical milestone authority plus independent M4 296-row regression binding
1	tam-combined-replay-duplicate_batch_fail_exists	P3	M4	tamarin-prover	combined-replay	duplicate_batch_fail_exists	tamarin/replay/kwaay_replay_hmac_dedup.spthy	duplicate_batch_fail_exists	452ca138bf7161bfe2e1784139d156a58d2d2e75bf940f1e4189f956db64dc19	non_vacuity	verified	m4-transparent-composite	direct	none	true	300	Run1 systemd MemoryMax=16384MB; Run2 MemoryMax=49152MB; MemorySwapMax=0	tamarin/milestones/run-m4-hmac-dedup.sh	96010c72e71defc775c7c2ee99c937ff700a3227	48fbaa50750b763152dbc117eb1035f8ce807291	logs/tamarin-m4-hmac-dedup/source-run1/canonical-target-matrix.tsv	211ffd0a8ed8a7051d12dcc165566a66e64ab970	c42dd7f7c1094c58b0597c7350f2d733224773c2	historical milestone authority plus independent M4 296-row regression binding
1	tam-combined-replay-duplicate_detected_before_any_accept	P3	M4	tamarin-prover	combined-replay	duplicate_detected_before_any_accept	tamarin/replay/kwaay_replay_hmac_dedup.spthy	duplicate_detected_before_any_accept	d4fb72cea64f9aca8e9ae8773cd7c919d5594ea041610285f7ea6aa064868ff7	direct_theorem	verified	m4-transparent-composite	direct	none	true	300	Run1 systemd MemoryMax=16384MB; Run2 MemoryMax=49152MB; MemorySwapMax=0	tamarin/milestones/run-m4-hmac-dedup.sh	96010c72e71defc775c7c2ee99c937ff700a3227	48fbaa50750b763152dbc117eb1035f8ce807291	logs/tamarin-m4-hmac-dedup/source-run1/canonical-target-matrix.tsv	211ffd0a8ed8a7051d12dcc165566a66e64ab970	c42dd7f7c1094c58b0597c7350f2d733224773c2	historical milestone authority plus independent M4 296-row regression binding
1	tam-combined-replay-duplicate_batch_has_no_accept	P3	M4	tamarin-prover	combined-replay	duplicate_batch_has_no_accept	tamarin/replay/kwaay_replay_hmac_dedup.spthy	duplicate_batch_has_no_accept	49ba26a0659328ae214852bbed65978d6ad73175610ce158b335d788c154d515	direct_theorem	verified	m4-transparent-composite	direct	none	true	300	Run1 systemd MemoryMax=16384MB; Run2 MemoryMax=49152MB; MemorySwapMax=0	tamarin/milestones/run-m4-hmac-dedup.sh	96010c72e71defc775c7c2ee99c937ff700a3227	48fbaa50750b763152dbc117eb1035f8ce807291	logs/tamarin-m4-hmac-dedup/source-run1/canonical-target-matrix.tsv	211ffd0a8ed8a7051d12dcc165566a66e64ab970	c42dd7f7c1094c58b0597c7350f2d733224773c2	historical milestone authority plus independent M4 296-row regression binding
1	tam-combined-replay-process_requires_dedup_pass	P3	M4	tamarin-prover	combined-replay	process_requires_dedup_pass	tamarin/replay/kwaay_replay_hmac_dedup.spthy	process_requires_dedup_pass	32f4b243e7a4c2471cf5e8da28b206e98fefb358cb13a6f71a28bf5fe0e61cd7	regression	verified	m4-transparent-composite	direct	none	true	300	Run1 systemd MemoryMax=16384MB; Run2 MemoryMax=49152MB; MemorySwapMax=0	tamarin/milestones/run-m4-hmac-dedup.sh	96010c72e71defc775c7c2ee99c937ff700a3227	48fbaa50750b763152dbc117eb1035f8ce807291	logs/tamarin-m4-hmac-dedup/source-run1/canonical-target-matrix.tsv	211ffd0a8ed8a7051d12dcc165566a66e64ab970	c42dd7f7c1094c58b0597c7350f2d733224773c2	historical milestone authority plus independent M4 296-row regression binding
1	tam-combined-replay-dedup_pass_messages_distinct	P3	M4	tamarin-prover	combined-replay	dedup_pass_messages_distinct	tamarin/replay/kwaay_replay_hmac_dedup.spthy	dedup_pass_messages_distinct	b668eb76c4fc9d03a232a74880bf18b8b51f312bfa0fe4b3796ec7ea103ae73c	regression	verified	m4-transparent-composite	direct	none	true	300	Run1 systemd MemoryMax=16384MB; Run2 MemoryMax=49152MB; MemorySwapMax=0	tamarin/milestones/run-m4-hmac-dedup.sh	96010c72e71defc775c7c2ee99c937ff700a3227	48fbaa50750b763152dbc117eb1035f8ce807291	logs/tamarin-m4-hmac-dedup/source-run1/canonical-target-matrix.tsv	211ffd0a8ed8a7051d12dcc165566a66e64ab970	c42dd7f7c1094c58b0597c7350f2d733224773c2	historical milestone authority plus independent M4 296-row regression binding
1	tam-combined-replay-dedup_decision_single_use	P3	M4	tamarin-prover	combined-replay	dedup_decision_single_use	tamarin/replay/kwaay_replay_hmac_dedup.spthy	dedup_decision_single_use	69e7d9690027e00d75e72abad8cbb5882952b3c42cd43a2a5af03195886767b9	regression	verified	m4-transparent-composite	direct	none	true	300	Run1 systemd MemoryMax=16384MB; Run2 MemoryMax=49152MB; MemorySwapMax=0	tamarin/milestones/run-m4-hmac-dedup.sh	96010c72e71defc775c7c2ee99c937ff700a3227	48fbaa50750b763152dbc117eb1035f8ce807291	logs/tamarin-m4-hmac-dedup/source-run1/canonical-target-matrix.tsv	211ffd0a8ed8a7051d12dcc165566a66e64ab970	c42dd7f7c1094c58b0597c7350f2d733224773c2	historical milestone authority plus independent M4 296-row regression binding
1	tam-combined-replay-dedup_outcomes_exclusive	P3	M4	tamarin-prover	combined-replay	dedup_outcomes_exclusive	tamarin/replay/kwaay_replay_hmac_dedup.spthy	dedup_outcomes_exclusive	3d8c80f461654a0fa2611ecedc579e98c726d2e2b851455d63e22719427c2112	regression	verified	m4-transparent-composite	direct	none	true	300	Run1 systemd MemoryMax=16384MB; Run2 MemoryMax=49152MB; MemorySwapMax=0	tamarin/milestones/run-m4-hmac-dedup.sh	96010c72e71defc775c7c2ee99c937ff700a3227	48fbaa50750b763152dbc117eb1035f8ce807291	logs/tamarin-m4-hmac-dedup/source-run1/canonical-target-matrix.tsv	211ffd0a8ed8a7051d12dcc165566a66e64ab970	c42dd7f7c1094c58b0597c7350f2d733224773c2	historical milestone authority plus independent M4 296-row regression binding
1	tam-combined-replay-normal_distinct_batch_complete	P3	M4	tamarin-prover	combined-replay	normal_distinct_batch_complete	tamarin/replay/kwaay_replay_hmac_dedup.spthy	normal_distinct_batch_complete	df4a250edbe6345102f77101c6b1abbae875d5ab4e1c087384e517bb4cb5d59f	non_vacuity	verified	m4-transparent-composite	direct	none	true	300	Run1 systemd MemoryMax=16384MB; Run2 MemoryMax=49152MB; MemorySwapMax=0	tamarin/milestones/run-m4-hmac-dedup.sh	96010c72e71defc775c7c2ee99c937ff700a3227	48fbaa50750b763152dbc117eb1035f8ce807291	logs/tamarin-m4-hmac-dedup/source-run1/canonical-target-matrix.tsv	211ffd0a8ed8a7051d12dcc165566a66e64ab970	c42dd7f7c1094c58b0597c7350f2d733224773c2	historical milestone authority plus independent M4 296-row regression binding
1	tam-combined-replay-normal_distinct_fail_slot1_exists	P3	M4	tamarin-prover	combined-replay	normal_distinct_fail_slot1_exists	tamarin/replay/kwaay_replay_hmac_dedup.spthy	normal_distinct_fail_slot1_exists	ff4f84ee8a2c8d5f62ab07f0752341ac9ce1fe5cf29a565312a98ad258cfdffa	non_vacuity	verified	m4-transparent-composite	direct	none	true	300	Run1 systemd MemoryMax=16384MB; Run2 MemoryMax=49152MB; MemorySwapMax=0	tamarin/milestones/run-m4-hmac-dedup.sh	96010c72e71defc775c7c2ee99c937ff700a3227	48fbaa50750b763152dbc117eb1035f8ce807291	logs/tamarin-m4-hmac-dedup/source-run1/canonical-target-matrix.tsv	211ffd0a8ed8a7051d12dcc165566a66e64ab970	c42dd7f7c1094c58b0597c7350f2d733224773c2	historical milestone authority plus independent M4 296-row regression binding
1	tam-combined-replay-normal_distinct_fail_slot2_exists	P3	M4	tamarin-prover	combined-replay	normal_distinct_fail_slot2_exists	tamarin/replay/kwaay_replay_hmac_dedup.spthy	normal_distinct_fail_slot2_exists	ddd67c6b91578b9bcca8ead17e963c41bc916e6738fb7e21273c627205a5fbd4	non_vacuity	verified	m4-transparent-composite	direct	none	true	300	Run1 systemd MemoryMax=16384MB; Run2 MemoryMax=49152MB; MemorySwapMax=0	tamarin/milestones/run-m4-hmac-dedup.sh	96010c72e71defc775c7c2ee99c937ff700a3227	48fbaa50750b763152dbc117eb1035f8ce807291	logs/tamarin-m4-hmac-dedup/source-run1/canonical-target-matrix.tsv	211ffd0a8ed8a7051d12dcc165566a66e64ab970	c42dd7f7c1094c58b0597c7350f2d733224773c2	historical milestone authority plus independent M4 296-row regression binding
1	tam-combined-replay-batch_fail_complete_exclusive	P3	M4	tamarin-prover	combined-replay	batch_fail_complete_exclusive	tamarin/replay/kwaay_replay_hmac_dedup.spthy	batch_fail_complete_exclusive	ff7119e6bf5656c734553c956ddd0bb2701426c15c938fe20adfa9809aea44aa	regression	verified	m4-transparent-composite	direct	none	true	300	Run1 systemd MemoryMax=16384MB; Run2 MemoryMax=49152MB; MemorySwapMax=0	tamarin/milestones/run-m4-hmac-dedup.sh	96010c72e71defc775c7c2ee99c937ff700a3227	48fbaa50750b763152dbc117eb1035f8ce807291	logs/tamarin-m4-hmac-dedup/source-run1/canonical-target-matrix.tsv	211ffd0a8ed8a7051d12dcc165566a66e64ab970	c42dd7f7c1094c58b0597c7350f2d733224773c2	historical milestone authority plus independent M4 296-row regression binding
1	tam-combined-replay-state_consumed_on_duplicate_fail	P3	M4	tamarin-prover	combined-replay	state_consumed_on_duplicate_fail	tamarin/replay/kwaay_replay_hmac_dedup.spthy	state_consumed_on_duplicate_fail	f2a37cf598f5f970554c8a75e2429c2e7f5ba84840eed8c8de4888b652fb9505	regression	verified	m4-transparent-composite	direct	none	true	300	Run1 systemd MemoryMax=16384MB; Run2 MemoryMax=49152MB; MemorySwapMax=0	tamarin/milestones/run-m4-hmac-dedup.sh	96010c72e71defc775c7c2ee99c937ff700a3227	48fbaa50750b763152dbc117eb1035f8ce807291	logs/tamarin-m4-hmac-dedup/source-run1/canonical-target-matrix.tsv	211ffd0a8ed8a7051d12dcc165566a66e64ab970	c42dd7f7c1094c58b0597c7350f2d733224773c2	historical milestone authority plus independent M4 296-row regression binding
1	tam-combined-replay-confirmed_base_message_accepted_at_most_once	P3	M4	tamarin-prover	combined-replay	confirmed_base_message_accepted_at_most_once	tamarin/replay/kwaay_replay_hmac_dedup.spthy	confirmed_base_message_accepted_at_most_once	8a06456e00668bababcb9eaba218b8eccd72b55e7d6c015214e030535e5a1847	direct_theorem	verified	m4-transparent-composite	direct	none	true	300	Run1 systemd MemoryMax=16384MB; Run2 MemoryMax=49152MB; MemorySwapMax=0	tamarin/milestones/run-m4-hmac-dedup.sh	96010c72e71defc775c7c2ee99c937ff700a3227	48fbaa50750b763152dbc117eb1035f8ce807291	logs/tamarin-m4-hmac-dedup/source-run1/canonical-target-matrix.tsv	211ffd0a8ed8a7051d12dcc165566a66e64ab970	c42dd7f7c1094c58b0597c7350f2d733224773c2	historical milestone authority plus independent M4 296-row regression binding
1	tam-combined-replay-duplicate_same_base_different_tag_fail_exists	P3	M4	tamarin-prover	combined-replay	duplicate_same_base_different_tag_fail_exists	tamarin/replay/kwaay_replay_hmac_dedup.spthy	duplicate_same_base_different_tag_fail_exists	ee3ced511c99003fab42b47c859f3b2309657190716d4d6e96f7f72dc004842d	non_vacuity	verified	m4-transparent-composite	direct	none	true	300	Run1 systemd MemoryMax=16384MB; Run2 MemoryMax=49152MB; MemorySwapMax=0	tamarin/milestones/run-m4-hmac-dedup.sh	96010c72e71defc775c7c2ee99c937ff700a3227	48fbaa50750b763152dbc117eb1035f8ce807291	logs/tamarin-m4-hmac-dedup/source-run1/canonical-target-matrix.tsv	211ffd0a8ed8a7051d12dcc165566a66e64ab970	c42dd7f7c1094c58b0597c7350f2d733224773c2	historical milestone authority plus independent M4 296-row regression binding
1	tam-combined-replay-confirmed_accept_requires_valid_tag	P3	M4	tamarin-prover	combined-replay	confirmed_accept_requires_valid_tag	tamarin/replay/kwaay_replay_hmac_dedup.spthy	confirmed_accept_requires_valid_tag	f8b931c18dddd06c2e24f623e4412f41ae79eef63abb207f8ca4ab9734a1d9c3	structural_result	verified	m4-transparent-composite	direct	none	true	300	Run1 systemd MemoryMax=16384MB; Run2 MemoryMax=49152MB; MemorySwapMax=0	tamarin/milestones/run-m4-hmac-dedup.sh	96010c72e71defc775c7c2ee99c937ff700a3227	48fbaa50750b763152dbc117eb1035f8ce807291	logs/tamarin-m4-hmac-dedup/source-run1/canonical-target-matrix.tsv	211ffd0a8ed8a7051d12dcc165566a66e64ab970	c42dd7f7c1094c58b0597c7350f2d733224773c2	historical milestone authority plus independent M4 296-row regression binding
1	tam-combined-replay-confirmed_accept_requires_hmac_validated	P3	M4	tamarin-prover	combined-replay	confirmed_accept_requires_hmac_validated	tamarin/replay/kwaay_replay_hmac_dedup.spthy	confirmed_accept_requires_hmac_validated	bd7b6c4d6aabe944162c20b91fc52f1dbe4b9c2bdeed63f9bb65e1ad3daaff23	structural_result	verified	m4-transparent-composite	direct	none	true	300	Run1 systemd MemoryMax=16384MB; Run2 MemoryMax=49152MB; MemorySwapMax=0	tamarin/milestones/run-m4-hmac-dedup.sh	96010c72e71defc775c7c2ee99c937ff700a3227	48fbaa50750b763152dbc117eb1035f8ce807291	logs/tamarin-m4-hmac-dedup/source-run1/canonical-target-matrix.tsv	211ffd0a8ed8a7051d12dcc165566a66e64ab970	c42dd7f7c1094c58b0597c7350f2d733224773c2	historical milestone authority plus independent M4 296-row regression binding
1	tam-combined-replay-hmac_failure_slot1_exists	P3	M4	tamarin-prover	combined-replay	hmac_failure_slot1_exists	tamarin/replay/kwaay_replay_hmac_dedup.spthy	hmac_failure_slot1_exists	d1e1fbee4e52dc880caf73845329a5d898132fbbb4cf682d0e98a71b927355a8	non_vacuity	verified	m4-transparent-composite	direct	none	true	300	Run1 systemd MemoryMax=16384MB; Run2 MemoryMax=49152MB; MemorySwapMax=0	tamarin/milestones/run-m4-hmac-dedup.sh	96010c72e71defc775c7c2ee99c937ff700a3227	48fbaa50750b763152dbc117eb1035f8ce807291	logs/tamarin-m4-hmac-dedup/source-run1/canonical-target-matrix.tsv	211ffd0a8ed8a7051d12dcc165566a66e64ab970	c42dd7f7c1094c58b0597c7350f2d733224773c2	historical milestone authority plus independent M4 296-row regression binding
1	tam-combined-replay-hmac_failure_slot2_after_prior_accept_replay_exists	P3	M4	tamarin-prover	combined-replay	hmac_failure_slot2_after_prior_accept_replay_exists	tamarin/replay/kwaay_replay_hmac_dedup.spthy	hmac_failure_slot2_after_prior_accept_replay_exists	5dc24153f6ee6f5b878c4d1d9e957692bf853409f238f37fde987a33d88212d0	non_vacuity	verified	m4-transparent-composite	direct	none	true	300	Run1 systemd MemoryMax=16384MB; Run2 MemoryMax=49152MB; MemorySwapMax=0	tamarin/milestones/run-m4-hmac-dedup.sh	96010c72e71defc775c7c2ee99c937ff700a3227	48fbaa50750b763152dbc117eb1035f8ce807291	logs/tamarin-m4-hmac-dedup/source-run1/canonical-target-matrix.tsv	211ffd0a8ed8a7051d12dcc165566a66e64ab970	c42dd7f7c1094c58b0597c7350f2d733224773c2	historical milestone authority plus independent M4 296-row regression binding
1	tam-combined-replay-hmac_failed_slot_has_no_accept	P3	M4	tamarin-prover	combined-replay	hmac_failed_slot_has_no_accept	tamarin/replay/kwaay_replay_hmac_dedup.spthy	hmac_failed_slot_has_no_accept	a2121328dc381425da84eb64ada6fb4bba8bb2800dbdf4d79594ee1fd2f69e80	direct_theorem	verified	m4-transparent-composite	direct	none	true	300	Run1 systemd MemoryMax=16384MB; Run2 MemoryMax=49152MB; MemorySwapMax=0	tamarin/milestones/run-m4-hmac-dedup.sh	96010c72e71defc775c7c2ee99c937ff700a3227	48fbaa50750b763152dbc117eb1035f8ce807291	logs/tamarin-m4-hmac-dedup/source-run1/canonical-target-matrix.tsv	211ffd0a8ed8a7051d12dcc165566a66e64ab970	c42dd7f7c1094c58b0597c7350f2d733224773c2	historical milestone authority plus independent M4 296-row regression binding
1	tam-combined-replay-normal_two_distinct_valid_confirmed_accepts_complete	P3	M4	tamarin-prover	combined-replay	normal_two_distinct_valid_confirmed_accepts_complete	tamarin/replay/kwaay_replay_hmac_dedup.spthy	normal_two_distinct_valid_confirmed_accepts_complete	03aacd3287a6b4f016e839aa551a0038faba1da9cce579a51f580a2c33c1f54b	non_vacuity	verified	m4-transparent-composite	direct	none	true	300	Run1 systemd MemoryMax=16384MB; Run2 MemoryMax=49152MB; MemorySwapMax=0	tamarin/milestones/run-m4-hmac-dedup.sh	96010c72e71defc775c7c2ee99c937ff700a3227	48fbaa50750b763152dbc117eb1035f8ce807291	logs/tamarin-m4-hmac-dedup/source-run1/canonical-target-matrix.tsv	211ffd0a8ed8a7051d12dcc165566a66e64ab970	c42dd7f7c1094c58b0597c7350f2d733224773c2	historical milestone authority plus independent M4 296-row regression binding
1	tam-combined-impact-normal_confirmed_single_accept	P3	M4	tamarin-prover	combined-impact	normal_confirmed_single_accept	tamarin/impact/kwaay_impact_hmac_dedup.spthy	normal_confirmed_single_accept	4d4f3b78cafdc235888cc88ea57815cdd6554418005428601a0d2617ad303569	non_vacuity	verified	m4-transparent-composite	direct	C_install-v2	true	300	Run1 systemd MemoryMax=16384MB; Run2 MemoryMax=49152MB; MemorySwapMax=0	tamarin/milestones/run-m4-hmac-dedup.sh	96010c72e71defc775c7c2ee99c937ff700a3227	48fbaa50750b763152dbc117eb1035f8ce807291	logs/tamarin-m4-hmac-dedup/source-run1/canonical-target-matrix.tsv	211ffd0a8ed8a7051d12dcc165566a66e64ab970	c42dd7f7c1094c58b0597c7350f2d733224773c2	historical milestone authority plus independent M4 296-row regression binding
1	tam-combined-impact-normal_confirmed_batch_complete	P3	M4	tamarin-prover	combined-impact	normal_confirmed_batch_complete	tamarin/impact/kwaay_impact_hmac_dedup.spthy	normal_confirmed_batch_complete	522395300e4896c63d79054405d6db30f0d542f1637d81fb6ff03bc112c156f1	non_vacuity	verified	m4-transparent-composite	direct	C_install-v2	true	300	Run1 systemd MemoryMax=16384MB; Run2 MemoryMax=49152MB; MemorySwapMax=0	tamarin/milestones/run-m4-hmac-dedup.sh	96010c72e71defc775c7c2ee99c937ff700a3227	48fbaa50750b763152dbc117eb1035f8ce807291	logs/tamarin-m4-hmac-dedup/source-run1/canonical-target-matrix.tsv	211ffd0a8ed8a7051d12dcc165566a66e64ab970	c42dd7f7c1094c58b0597c7350f2d733224773c2	historical milestone authority plus independent M4 296-row regression binding
1	tam-combined-impact-confirmed_receiver_accept_has_sender	P3	M4	tamarin-prover	combined-impact	confirmed_receiver_accept_has_sender	tamarin/impact/kwaay_impact_hmac_dedup.spthy	confirmed_receiver_accept_has_sender	46d94c8acc7539c15370e31d8d45d39ffa956fef94edf2b0bd770cc7cfa32d50	structural_result	verified	m4-transparent-composite	direct	C_install-v2	true	300	Run1 systemd MemoryMax=16384MB; Run2 MemoryMax=49152MB; MemorySwapMax=0	tamarin/milestones/run-m4-hmac-dedup.sh	96010c72e71defc775c7c2ee99c937ff700a3227	48fbaa50750b763152dbc117eb1035f8ce807291	logs/tamarin-m4-hmac-dedup/source-run1/canonical-target-matrix.tsv	211ffd0a8ed8a7051d12dcc165566a66e64ab970	c42dd7f7c1094c58b0597c7350f2d733224773c2	historical milestone authority plus independent M4 296-row regression binding
1	tam-combined-impact-confirmed_message_unique_send	P3	M4	tamarin-prover	combined-impact	confirmed_message_unique_send	tamarin/impact/kwaay_impact_hmac_dedup.spthy	confirmed_message_unique_send	7f6976a97718d23fccd7be7e08bc056c4d6541ee5742e05eeb359308e9954178	direct_theorem	verified	m4-transparent-composite	direct	C_install-v2	true	300	Run1 systemd MemoryMax=16384MB; Run2 MemoryMax=49152MB; MemorySwapMax=0	tamarin/milestones/run-m4-hmac-dedup.sh	96010c72e71defc775c7c2ee99c937ff700a3227	48fbaa50750b763152dbc117eb1035f8ce807291	logs/tamarin-m4-hmac-dedup/source-run1/canonical-target-matrix.tsv	211ffd0a8ed8a7051d12dcc165566a66e64ab970	c42dd7f7c1094c58b0597c7350f2d733224773c2	historical milestone authority plus independent M4 296-row regression binding
1	tam-combined-impact-one_confirmed_send_two_accepts_exists	P3	M4	tamarin-prover	combined-impact	one_confirmed_send_two_accepts_exists	tamarin/impact/kwaay_impact_hmac_dedup.spthy	one_confirmed_send_two_accepts_exists	bf52523e2087bfe80d2bd0109e18f5fa533284814763eea78e295dd004b3c252	blocked_attack_witness_regression	falsified	m4-transparent-composite	direct	C_install-v2	true	300	Run1 systemd MemoryMax=16384MB; Run2 MemoryMax=49152MB; MemorySwapMax=0	tamarin/milestones/run-m4-hmac-dedup.sh	96010c72e71defc775c7c2ee99c937ff700a3227	48fbaa50750b763152dbc117eb1035f8ce807291	logs/tamarin-m4-hmac-dedup/source-run1/canonical-target-matrix.tsv	211ffd0a8ed8a7051d12dcc165566a66e64ab970	c42dd7f7c1094c58b0597c7350f2d733224773c2	historical milestone authority plus independent M4 296-row regression binding
1	tam-combined-impact-confirmed_message_accepted_at_most_once	P3	M4	tamarin-prover	combined-impact	confirmed_message_accepted_at_most_once	tamarin/impact/kwaay_impact_hmac_dedup.spthy	confirmed_message_accepted_at_most_once	bb982aa85076f527b1649199a1ca7508469d092ad2af30ca681b74133b2e018d	direct_theorem	verified	m4-transparent-composite	direct	C_install-v2	true	300	Run1 systemd MemoryMax=16384MB; Run2 MemoryMax=49152MB; MemorySwapMax=0	tamarin/milestones/run-m4-hmac-dedup.sh	96010c72e71defc775c7c2ee99c937ff700a3227	48fbaa50750b763152dbc117eb1035f8ce807291	logs/tamarin-m4-hmac-dedup/source-run1/canonical-target-matrix.tsv	211ffd0a8ed8a7051d12dcc165566a66e64ab970	c42dd7f7c1094c58b0597c7350f2d733224773c2	historical milestone authority plus independent M4 296-row regression binding
1	tam-combined-impact-injective_confirmed_receiver_accept	P3	M4	tamarin-prover	combined-impact	injective_confirmed_receiver_accept	tamarin/impact/kwaay_impact_hmac_dedup.spthy	injective_confirmed_receiver_accept	b18305e767fe15c88b6df706df284e2acb29fe00acec323a6cc38a93fd1cf4a2	direct_theorem	verified	m4-transparent-composite	direct	C_install-v2	true	300	Run1 systemd MemoryMax=16384MB; Run2 MemoryMax=49152MB; MemorySwapMax=0	tamarin/milestones/run-m4-hmac-dedup.sh	96010c72e71defc775c7c2ee99c937ff700a3227	48fbaa50750b763152dbc117eb1035f8ce807291	logs/tamarin-m4-hmac-dedup/source-run1/canonical-target-matrix.tsv	211ffd0a8ed8a7051d12dcc165566a66e64ab970	c42dd7f7c1094c58b0597c7350f2d733224773c2	historical milestone authority plus independent M4 296-row regression binding
1	tam-combined-impact-slot_indices_distinct	P3	M4	tamarin-prover	combined-impact	slot_indices_distinct	tamarin/impact/kwaay_impact_hmac_dedup.spthy	slot_indices_distinct	3e53939fc5deda287ae7ff0f3d6bcde2386fc2e4f9e871698d522ac2e9393ddd	regression	verified	m4-transparent-composite	direct	C_install-v2	true	300	Run1 systemd MemoryMax=16384MB; Run2 MemoryMax=49152MB; MemorySwapMax=0	tamarin/milestones/run-m4-hmac-dedup.sh	96010c72e71defc775c7c2ee99c937ff700a3227	48fbaa50750b763152dbc117eb1035f8ce807291	logs/tamarin-m4-hmac-dedup/source-run1/canonical-target-matrix.tsv	211ffd0a8ed8a7051d12dcc165566a66e64ab970	c42dd7f7c1094c58b0597c7350f2d733224773c2	historical milestone authority plus independent M4 296-row regression binding
1	tam-combined-impact-process_requires_slot_added	P3	M4	tamarin-prover	combined-impact	process_requires_slot_added	tamarin/impact/kwaay_impact_hmac_dedup.spthy	process_requires_slot_added	81a6246a22d8b66680b13a10b513a88a4c86a43f2056511556da5c1315802d92	regression	verified	m4-transparent-composite	direct	C_install-v2	true	300	Run1 systemd MemoryMax=16384MB; Run2 MemoryMax=49152MB; MemorySwapMax=0	tamarin/milestones/run-m4-hmac-dedup.sh	96010c72e71defc775c7c2ee99c937ff700a3227	48fbaa50750b763152dbc117eb1035f8ce807291	logs/tamarin-m4-hmac-dedup/source-run1/canonical-target-matrix.tsv	211ffd0a8ed8a7051d12dcc165566a66e64ab970	c42dd7f7c1094c58b0597c7350f2d733224773c2	historical milestone authority plus independent M4 296-row regression binding
1	tam-combined-impact-process_requires_seal	P3	M4	tamarin-prover	combined-impact	process_requires_seal	tamarin/impact/kwaay_impact_hmac_dedup.spthy	process_requires_seal	0bb7b91f43d96818a8b1022780d87d943f6ae9d46076507e731c2f0c13b10c6c	regression	verified	m4-transparent-composite	direct	C_install-v2	true	300	Run1 systemd MemoryMax=16384MB; Run2 MemoryMax=49152MB; MemorySwapMax=0	tamarin/milestones/run-m4-hmac-dedup.sh	96010c72e71defc775c7c2ee99c937ff700a3227	48fbaa50750b763152dbc117eb1035f8ce807291	logs/tamarin-m4-hmac-dedup/source-run1/canonical-target-matrix.tsv	211ffd0a8ed8a7051d12dcc165566a66e64ab970	c42dd7f7c1094c58b0597c7350f2d733224773c2	historical milestone authority plus independent M4 296-row regression binding
1	tam-combined-impact-complete_requires_all_slots_processed	P3	M4	tamarin-prover	combined-impact	complete_requires_all_slots_processed	tamarin/impact/kwaay_impact_hmac_dedup.spthy	complete_requires_all_slots_processed	a4eb22249ba5ad68b4879defacff008f69f148c513b4de7374ec6c5e0ace59d6	regression	verified	m4-transparent-composite	direct	C_install-v2	true	300	Run1 systemd MemoryMax=16384MB; Run2 MemoryMax=49152MB; MemorySwapMax=0	tamarin/milestones/run-m4-hmac-dedup.sh	96010c72e71defc775c7c2ee99c937ff700a3227	48fbaa50750b763152dbc117eb1035f8ce807291	logs/tamarin-m4-hmac-dedup/source-run1/canonical-target-matrix.tsv	211ffd0a8ed8a7051d12dcc165566a66e64ab970	c42dd7f7c1094c58b0597c7350f2d733224773c2	historical milestone authority plus independent M4 296-row regression binding
1	tam-combined-impact-no_add_after_seal	P3	M4	tamarin-prover	combined-impact	no_add_after_seal	tamarin/impact/kwaay_impact_hmac_dedup.spthy	no_add_after_seal	04d69f4613c594147857e4006b1f9f77d3916f6725924f3ed74a42067daa448d	regression	verified	m4-transparent-composite	direct	C_install-v2	true	300	Run1 systemd MemoryMax=16384MB; Run2 MemoryMax=49152MB; MemorySwapMax=0	tamarin/milestones/run-m4-hmac-dedup.sh	96010c72e71defc775c7c2ee99c937ff700a3227	48fbaa50750b763152dbc117eb1035f8ce807291	logs/tamarin-m4-hmac-dedup/source-run1/canonical-target-matrix.tsv	211ffd0a8ed8a7051d12dcc165566a66e64ab970	c42dd7f7c1094c58b0597c7350f2d733224773c2	historical milestone authority plus independent M4 296-row regression binding
1	tam-combined-impact-no_accept_after_close	P3	M4	tamarin-prover	combined-impact	no_accept_after_close	tamarin/impact/kwaay_impact_hmac_dedup.spthy	no_accept_after_close	610eb21aca1e2b95dca4cfd4c4fc40f05d5f928e2be89384fe7beab731a74737	regression	verified	m4-transparent-composite	direct	C_install-v2	true	300	Run1 systemd MemoryMax=16384MB; Run2 MemoryMax=49152MB; MemorySwapMax=0	tamarin/milestones/run-m4-hmac-dedup.sh	96010c72e71defc775c7c2ee99c937ff700a3227	48fbaa50750b763152dbc117eb1035f8ce807291	logs/tamarin-m4-hmac-dedup/source-run1/canonical-target-matrix.tsv	211ffd0a8ed8a7051d12dcc165566a66e64ab970	c42dd7f7c1094c58b0597c7350f2d733224773c2	historical milestone authority plus independent M4 296-row regression binding
1	tam-combined-impact-batch_complete_consumes_state	P3	M4	tamarin-prover	combined-impact	batch_complete_consumes_state	tamarin/impact/kwaay_impact_hmac_dedup.spthy	batch_complete_consumes_state	ebdee3b44e3be089ed16a88d24ec0dc8f359eade0d8593da63a4ae22b3ad965a	regression	verified	m4-transparent-composite	direct	C_install-v2	true	300	Run1 systemd MemoryMax=16384MB; Run2 MemoryMax=49152MB; MemorySwapMax=0	tamarin/milestones/run-m4-hmac-dedup.sh	96010c72e71defc775c7c2ee99c937ff700a3227	48fbaa50750b763152dbc117eb1035f8ce807291	logs/tamarin-m4-hmac-dedup/source-run1/canonical-target-matrix.tsv	211ffd0a8ed8a7051d12dcc165566a66e64ab970	c42dd7f7c1094c58b0597c7350f2d733224773c2	historical milestone authority plus independent M4 296-row regression binding
1	tam-combined-impact-batch_fail_consumes_state	P3	M4	tamarin-prover	combined-impact	batch_fail_consumes_state	tamarin/impact/kwaay_impact_hmac_dedup.spthy	batch_fail_consumes_state	8b6a70b6f809f50f347ccf7bca53d26223e5865b44453716060ef2455c372e5e	regression	verified	m4-transparent-composite	direct	C_install-v2	true	300	Run1 systemd MemoryMax=16384MB; Run2 MemoryMax=49152MB; MemorySwapMax=0	tamarin/milestones/run-m4-hmac-dedup.sh	96010c72e71defc775c7c2ee99c937ff700a3227	48fbaa50750b763152dbc117eb1035f8ce807291	logs/tamarin-m4-hmac-dedup/source-run1/canonical-target-matrix.tsv	211ffd0a8ed8a7051d12dcc165566a66e64ab970	c42dd7f7c1094c58b0597c7350f2d733224773c2	historical milestone authority plus independent M4 296-row regression binding
1	tam-combined-impact-batch_end_token_single_use	P3	M4	tamarin-prover	combined-impact	batch_end_token_single_use	tamarin/impact/kwaay_impact_hmac_dedup.spthy	batch_end_token_single_use	23a1c2e656716ffcd2452ad001cbe7a427ca49a95958b391f2e30da6780f8f36	regression	verified	m4-transparent-composite	direct	C_install-v2	true	300	Run1 systemd MemoryMax=16384MB; Run2 MemoryMax=49152MB; MemorySwapMax=0	tamarin/milestones/run-m4-hmac-dedup.sh	96010c72e71defc775c7c2ee99c937ff700a3227	48fbaa50750b763152dbc117eb1035f8ce807291	logs/tamarin-m4-hmac-dedup/source-run1/canonical-target-matrix.tsv	211ffd0a8ed8a7051d12dcc165566a66e64ab970	c42dd7f7c1094c58b0597c7350f2d733224773c2	historical milestone authority plus independent M4 296-row regression binding
1	tam-combined-impact-receiver_state_single_batch	P3	M4	tamarin-prover	combined-impact	receiver_state_single_batch	tamarin/impact/kwaay_impact_hmac_dedup.spthy	receiver_state_single_batch	49285db8f472b52c1794584742fc65e5fde58d245a6377bd4d915dbb1a44035f	regression	verified	m4-transparent-composite	direct	C_install-v2	true	300	Run1 systemd MemoryMax=16384MB; Run2 MemoryMax=49152MB; MemorySwapMax=0	tamarin/milestones/run-m4-hmac-dedup.sh	96010c72e71defc775c7c2ee99c937ff700a3227	48fbaa50750b763152dbc117eb1035f8ce807291	logs/tamarin-m4-hmac-dedup/source-run1/canonical-target-matrix.tsv	211ffd0a8ed8a7051d12dcc165566a66e64ab970	c42dd7f7c1094c58b0597c7350f2d733224773c2	historical milestone authority plus independent M4 296-row regression binding
1	tam-combined-impact-receiver_state_single_batch_end	P3	M4	tamarin-prover	combined-impact	receiver_state_single_batch_end	tamarin/impact/kwaay_impact_hmac_dedup.spthy	receiver_state_single_batch_end	2df7e8efb05f0de9a1dee2b47d6abb6fb55deac0aa213608f7a984cfc50b1fec	regression	verified	m4-transparent-composite	direct	C_install-v2	true	300	Run1 systemd MemoryMax=16384MB; Run2 MemoryMax=49152MB; MemorySwapMax=0	tamarin/milestones/run-m4-hmac-dedup.sh	96010c72e71defc775c7c2ee99c937ff700a3227	48fbaa50750b763152dbc117eb1035f8ce807291	logs/tamarin-m4-hmac-dedup/source-run1/canonical-target-matrix.tsv	211ffd0a8ed8a7051d12dcc165566a66e64ab970	c42dd7f7c1094c58b0597c7350f2d733224773c2	historical milestone authority plus independent M4 296-row regression binding
1	tam-combined-impact-duplicate_batch_fail_exists	P3	M4	tamarin-prover	combined-impact	duplicate_batch_fail_exists	tamarin/impact/kwaay_impact_hmac_dedup.spthy	duplicate_batch_fail_exists	452ca138bf7161bfe2e1784139d156a58d2d2e75bf940f1e4189f956db64dc19	non_vacuity	verified	m4-transparent-composite	direct	C_install-v2	true	300	Run1 systemd MemoryMax=16384MB; Run2 MemoryMax=49152MB; MemorySwapMax=0	tamarin/milestones/run-m4-hmac-dedup.sh	96010c72e71defc775c7c2ee99c937ff700a3227	48fbaa50750b763152dbc117eb1035f8ce807291	logs/tamarin-m4-hmac-dedup/source-run1/canonical-target-matrix.tsv	211ffd0a8ed8a7051d12dcc165566a66e64ab970	c42dd7f7c1094c58b0597c7350f2d733224773c2	historical milestone authority plus independent M4 296-row regression binding
1	tam-combined-impact-duplicate_detected_before_any_accept	P3	M4	tamarin-prover	combined-impact	duplicate_detected_before_any_accept	tamarin/impact/kwaay_impact_hmac_dedup.spthy	duplicate_detected_before_any_accept	d4fb72cea64f9aca8e9ae8773cd7c919d5594ea041610285f7ea6aa064868ff7	direct_theorem	verified	m4-transparent-composite	direct	C_install-v2	true	300	Run1 systemd MemoryMax=16384MB; Run2 MemoryMax=49152MB; MemorySwapMax=0	tamarin/milestones/run-m4-hmac-dedup.sh	96010c72e71defc775c7c2ee99c937ff700a3227	48fbaa50750b763152dbc117eb1035f8ce807291	logs/tamarin-m4-hmac-dedup/source-run1/canonical-target-matrix.tsv	211ffd0a8ed8a7051d12dcc165566a66e64ab970	c42dd7f7c1094c58b0597c7350f2d733224773c2	historical milestone authority plus independent M4 296-row regression binding
1	tam-combined-impact-duplicate_batch_has_no_accept	P3	M4	tamarin-prover	combined-impact	duplicate_batch_has_no_accept	tamarin/impact/kwaay_impact_hmac_dedup.spthy	duplicate_batch_has_no_accept	49ba26a0659328ae214852bbed65978d6ad73175610ce158b335d788c154d515	direct_theorem	verified	m4-transparent-composite	direct	C_install-v2	true	300	Run1 systemd MemoryMax=16384MB; Run2 MemoryMax=49152MB; MemorySwapMax=0	tamarin/milestones/run-m4-hmac-dedup.sh	96010c72e71defc775c7c2ee99c937ff700a3227	48fbaa50750b763152dbc117eb1035f8ce807291	logs/tamarin-m4-hmac-dedup/source-run1/canonical-target-matrix.tsv	211ffd0a8ed8a7051d12dcc165566a66e64ab970	c42dd7f7c1094c58b0597c7350f2d733224773c2	historical milestone authority plus independent M4 296-row regression binding
1	tam-combined-impact-process_requires_dedup_pass	P3	M4	tamarin-prover	combined-impact	process_requires_dedup_pass	tamarin/impact/kwaay_impact_hmac_dedup.spthy	process_requires_dedup_pass	32f4b243e7a4c2471cf5e8da28b206e98fefb358cb13a6f71a28bf5fe0e61cd7	regression	verified	m4-transparent-composite	direct	C_install-v2	true	300	Run1 systemd MemoryMax=16384MB; Run2 MemoryMax=49152MB; MemorySwapMax=0	tamarin/milestones/run-m4-hmac-dedup.sh	96010c72e71defc775c7c2ee99c937ff700a3227	48fbaa50750b763152dbc117eb1035f8ce807291	logs/tamarin-m4-hmac-dedup/source-run1/canonical-target-matrix.tsv	211ffd0a8ed8a7051d12dcc165566a66e64ab970	c42dd7f7c1094c58b0597c7350f2d733224773c2	historical milestone authority plus independent M4 296-row regression binding
1	tam-combined-impact-dedup_pass_messages_distinct	P3	M4	tamarin-prover	combined-impact	dedup_pass_messages_distinct	tamarin/impact/kwaay_impact_hmac_dedup.spthy	dedup_pass_messages_distinct	b668eb76c4fc9d03a232a74880bf18b8b51f312bfa0fe4b3796ec7ea103ae73c	regression	verified	m4-transparent-composite	direct	C_install-v2	true	300	Run1 systemd MemoryMax=16384MB; Run2 MemoryMax=49152MB; MemorySwapMax=0	tamarin/milestones/run-m4-hmac-dedup.sh	96010c72e71defc775c7c2ee99c937ff700a3227	48fbaa50750b763152dbc117eb1035f8ce807291	logs/tamarin-m4-hmac-dedup/source-run1/canonical-target-matrix.tsv	211ffd0a8ed8a7051d12dcc165566a66e64ab970	c42dd7f7c1094c58b0597c7350f2d733224773c2	historical milestone authority plus independent M4 296-row regression binding
1	tam-combined-impact-dedup_decision_single_use	P3	M4	tamarin-prover	combined-impact	dedup_decision_single_use	tamarin/impact/kwaay_impact_hmac_dedup.spthy	dedup_decision_single_use	69e7d9690027e00d75e72abad8cbb5882952b3c42cd43a2a5af03195886767b9	regression	verified	m4-transparent-composite	direct	C_install-v2	true	300	Run1 systemd MemoryMax=16384MB; Run2 MemoryMax=49152MB; MemorySwapMax=0	tamarin/milestones/run-m4-hmac-dedup.sh	96010c72e71defc775c7c2ee99c937ff700a3227	48fbaa50750b763152dbc117eb1035f8ce807291	logs/tamarin-m4-hmac-dedup/source-run1/canonical-target-matrix.tsv	211ffd0a8ed8a7051d12dcc165566a66e64ab970	c42dd7f7c1094c58b0597c7350f2d733224773c2	historical milestone authority plus independent M4 296-row regression binding
1	tam-combined-impact-dedup_outcomes_exclusive	P3	M4	tamarin-prover	combined-impact	dedup_outcomes_exclusive	tamarin/impact/kwaay_impact_hmac_dedup.spthy	dedup_outcomes_exclusive	3d8c80f461654a0fa2611ecedc579e98c726d2e2b851455d63e22719427c2112	regression	verified	m4-transparent-composite	direct	C_install-v2	true	300	Run1 systemd MemoryMax=16384MB; Run2 MemoryMax=49152MB; MemorySwapMax=0	tamarin/milestones/run-m4-hmac-dedup.sh	96010c72e71defc775c7c2ee99c937ff700a3227	48fbaa50750b763152dbc117eb1035f8ce807291	logs/tamarin-m4-hmac-dedup/source-run1/canonical-target-matrix.tsv	211ffd0a8ed8a7051d12dcc165566a66e64ab970	c42dd7f7c1094c58b0597c7350f2d733224773c2	historical milestone authority plus independent M4 296-row regression binding
1	tam-combined-impact-normal_distinct_batch_complete	P3	M4	tamarin-prover	combined-impact	normal_distinct_batch_complete	tamarin/impact/kwaay_impact_hmac_dedup.spthy	normal_distinct_batch_complete	df4a250edbe6345102f77101c6b1abbae875d5ab4e1c087384e517bb4cb5d59f	non_vacuity	verified	m4-transparent-composite	direct	C_install-v2	true	300	Run1 systemd MemoryMax=16384MB; Run2 MemoryMax=49152MB; MemorySwapMax=0	tamarin/milestones/run-m4-hmac-dedup.sh	96010c72e71defc775c7c2ee99c937ff700a3227	48fbaa50750b763152dbc117eb1035f8ce807291	logs/tamarin-m4-hmac-dedup/source-run1/canonical-target-matrix.tsv	211ffd0a8ed8a7051d12dcc165566a66e64ab970	c42dd7f7c1094c58b0597c7350f2d733224773c2	historical milestone authority plus independent M4 296-row regression binding
1	tam-combined-impact-normal_distinct_fail_slot1_exists	P3	M4	tamarin-prover	combined-impact	normal_distinct_fail_slot1_exists	tamarin/impact/kwaay_impact_hmac_dedup.spthy	normal_distinct_fail_slot1_exists	ff4f84ee8a2c8d5f62ab07f0752341ac9ce1fe5cf29a565312a98ad258cfdffa	non_vacuity	verified	m4-transparent-composite	direct	C_install-v2	true	300	Run1 systemd MemoryMax=16384MB; Run2 MemoryMax=49152MB; MemorySwapMax=0	tamarin/milestones/run-m4-hmac-dedup.sh	96010c72e71defc775c7c2ee99c937ff700a3227	48fbaa50750b763152dbc117eb1035f8ce807291	logs/tamarin-m4-hmac-dedup/source-run1/canonical-target-matrix.tsv	211ffd0a8ed8a7051d12dcc165566a66e64ab970	c42dd7f7c1094c58b0597c7350f2d733224773c2	historical milestone authority plus independent M4 296-row regression binding
1	tam-combined-impact-normal_distinct_fail_slot2_exists	P3	M4	tamarin-prover	combined-impact	normal_distinct_fail_slot2_exists	tamarin/impact/kwaay_impact_hmac_dedup.spthy	normal_distinct_fail_slot2_exists	ddd67c6b91578b9bcca8ead17e963c41bc916e6738fb7e21273c627205a5fbd4	non_vacuity	verified	m4-transparent-composite	direct	C_install-v2	true	300	Run1 systemd MemoryMax=16384MB; Run2 MemoryMax=49152MB; MemorySwapMax=0	tamarin/milestones/run-m4-hmac-dedup.sh	96010c72e71defc775c7c2ee99c937ff700a3227	48fbaa50750b763152dbc117eb1035f8ce807291	logs/tamarin-m4-hmac-dedup/source-run1/canonical-target-matrix.tsv	211ffd0a8ed8a7051d12dcc165566a66e64ab970	c42dd7f7c1094c58b0597c7350f2d733224773c2	historical milestone authority plus independent M4 296-row regression binding
1	tam-combined-impact-batch_fail_complete_exclusive	P3	M4	tamarin-prover	combined-impact	batch_fail_complete_exclusive	tamarin/impact/kwaay_impact_hmac_dedup.spthy	batch_fail_complete_exclusive	ff7119e6bf5656c734553c956ddd0bb2701426c15c938fe20adfa9809aea44aa	regression	verified	m4-transparent-composite	direct	C_install-v2	true	300	Run1 systemd MemoryMax=16384MB; Run2 MemoryMax=49152MB; MemorySwapMax=0	tamarin/milestones/run-m4-hmac-dedup.sh	96010c72e71defc775c7c2ee99c937ff700a3227	48fbaa50750b763152dbc117eb1035f8ce807291	logs/tamarin-m4-hmac-dedup/source-run1/canonical-target-matrix.tsv	211ffd0a8ed8a7051d12dcc165566a66e64ab970	c42dd7f7c1094c58b0597c7350f2d733224773c2	historical milestone authority plus independent M4 296-row regression binding
1	tam-combined-impact-state_consumed_on_duplicate_fail	P3	M4	tamarin-prover	combined-impact	state_consumed_on_duplicate_fail	tamarin/impact/kwaay_impact_hmac_dedup.spthy	state_consumed_on_duplicate_fail	f2a37cf598f5f970554c8a75e2429c2e7f5ba84840eed8c8de4888b652fb9505	regression	verified	m4-transparent-composite	direct	C_install-v2	true	300	Run1 systemd MemoryMax=16384MB; Run2 MemoryMax=49152MB; MemorySwapMax=0	tamarin/milestones/run-m4-hmac-dedup.sh	96010c72e71defc775c7c2ee99c937ff700a3227	48fbaa50750b763152dbc117eb1035f8ce807291	logs/tamarin-m4-hmac-dedup/source-run1/canonical-target-matrix.tsv	211ffd0a8ed8a7051d12dcc165566a66e64ab970	c42dd7f7c1094c58b0597c7350f2d733224773c2	historical milestone authority plus independent M4 296-row regression binding
1	tam-combined-impact-confirmed_base_message_accepted_at_most_once	P3	M4	tamarin-prover	combined-impact	confirmed_base_message_accepted_at_most_once	tamarin/impact/kwaay_impact_hmac_dedup.spthy	confirmed_base_message_accepted_at_most_once	8a06456e00668bababcb9eaba218b8eccd72b55e7d6c015214e030535e5a1847	direct_theorem	verified	m4-transparent-composite	direct	C_install-v2	true	300	Run1 systemd MemoryMax=16384MB; Run2 MemoryMax=49152MB; MemorySwapMax=0	tamarin/milestones/run-m4-hmac-dedup.sh	96010c72e71defc775c7c2ee99c937ff700a3227	48fbaa50750b763152dbc117eb1035f8ce807291	logs/tamarin-m4-hmac-dedup/source-run1/canonical-target-matrix.tsv	211ffd0a8ed8a7051d12dcc165566a66e64ab970	c42dd7f7c1094c58b0597c7350f2d733224773c2	historical milestone authority plus independent M4 296-row regression binding
1	tam-combined-impact-duplicate_same_base_different_tag_fail_exists	P3	M4	tamarin-prover	combined-impact	duplicate_same_base_different_tag_fail_exists	tamarin/impact/kwaay_impact_hmac_dedup.spthy	duplicate_same_base_different_tag_fail_exists	ee3ced511c99003fab42b47c859f3b2309657190716d4d6e96f7f72dc004842d	non_vacuity	verified	m4-transparent-composite	direct	C_install-v2	true	300	Run1 systemd MemoryMax=16384MB; Run2 MemoryMax=49152MB; MemorySwapMax=0	tamarin/milestones/run-m4-hmac-dedup.sh	96010c72e71defc775c7c2ee99c937ff700a3227	48fbaa50750b763152dbc117eb1035f8ce807291	logs/tamarin-m4-hmac-dedup/source-run1/canonical-target-matrix.tsv	211ffd0a8ed8a7051d12dcc165566a66e64ab970	c42dd7f7c1094c58b0597c7350f2d733224773c2	historical milestone authority plus independent M4 296-row regression binding
1	tam-combined-impact-confirmed_accept_requires_valid_tag	P3	M4	tamarin-prover	combined-impact	confirmed_accept_requires_valid_tag	tamarin/impact/kwaay_impact_hmac_dedup.spthy	confirmed_accept_requires_valid_tag	f8b931c18dddd06c2e24f623e4412f41ae79eef63abb207f8ca4ab9734a1d9c3	structural_result	verified	m4-transparent-composite	direct	C_install-v2	true	300	Run1 systemd MemoryMax=16384MB; Run2 MemoryMax=49152MB; MemorySwapMax=0	tamarin/milestones/run-m4-hmac-dedup.sh	96010c72e71defc775c7c2ee99c937ff700a3227	48fbaa50750b763152dbc117eb1035f8ce807291	logs/tamarin-m4-hmac-dedup/source-run1/canonical-target-matrix.tsv	211ffd0a8ed8a7051d12dcc165566a66e64ab970	c42dd7f7c1094c58b0597c7350f2d733224773c2	historical milestone authority plus independent M4 296-row regression binding
1	tam-combined-impact-confirmed_accept_requires_hmac_validated	P3	M4	tamarin-prover	combined-impact	confirmed_accept_requires_hmac_validated	tamarin/impact/kwaay_impact_hmac_dedup.spthy	confirmed_accept_requires_hmac_validated	bd7b6c4d6aabe944162c20b91fc52f1dbe4b9c2bdeed63f9bb65e1ad3daaff23	structural_result	verified	m4-transparent-composite	direct	C_install-v2	true	300	Run1 systemd MemoryMax=16384MB; Run2 MemoryMax=49152MB; MemorySwapMax=0	tamarin/milestones/run-m4-hmac-dedup.sh	96010c72e71defc775c7c2ee99c937ff700a3227	48fbaa50750b763152dbc117eb1035f8ce807291	logs/tamarin-m4-hmac-dedup/source-run1/canonical-target-matrix.tsv	211ffd0a8ed8a7051d12dcc165566a66e64ab970	c42dd7f7c1094c58b0597c7350f2d733224773c2	historical milestone authority plus independent M4 296-row regression binding
1	tam-combined-impact-hmac_failure_slot1_exists	P3	M4	tamarin-prover	combined-impact	hmac_failure_slot1_exists	tamarin/impact/kwaay_impact_hmac_dedup.spthy	hmac_failure_slot1_exists	d1e1fbee4e52dc880caf73845329a5d898132fbbb4cf682d0e98a71b927355a8	non_vacuity	verified	m4-transparent-composite	direct	C_install-v2	true	300	Run1 systemd MemoryMax=16384MB; Run2 MemoryMax=49152MB; MemorySwapMax=0	tamarin/milestones/run-m4-hmac-dedup.sh	96010c72e71defc775c7c2ee99c937ff700a3227	48fbaa50750b763152dbc117eb1035f8ce807291	logs/tamarin-m4-hmac-dedup/source-run1/canonical-target-matrix.tsv	211ffd0a8ed8a7051d12dcc165566a66e64ab970	c42dd7f7c1094c58b0597c7350f2d733224773c2	historical milestone authority plus independent M4 296-row regression binding
1	tam-combined-impact-hmac_failure_slot2_after_prior_accept_replay_exists	P3	M4	tamarin-prover	combined-impact	hmac_failure_slot2_after_prior_accept_replay_exists	tamarin/impact/kwaay_impact_hmac_dedup.spthy	hmac_failure_slot2_after_prior_accept_replay_exists	5dc24153f6ee6f5b878c4d1d9e957692bf853409f238f37fde987a33d88212d0	non_vacuity	verified	m4-transparent-composite	direct	C_install-v2	true	300	Run1 systemd MemoryMax=16384MB; Run2 MemoryMax=49152MB; MemorySwapMax=0	tamarin/milestones/run-m4-hmac-dedup.sh	96010c72e71defc775c7c2ee99c937ff700a3227	48fbaa50750b763152dbc117eb1035f8ce807291	logs/tamarin-m4-hmac-dedup/source-run1/canonical-target-matrix.tsv	211ffd0a8ed8a7051d12dcc165566a66e64ab970	c42dd7f7c1094c58b0597c7350f2d733224773c2	historical milestone authority plus independent M4 296-row regression binding
1	tam-combined-impact-hmac_failed_slot_has_no_accept	P3	M4	tamarin-prover	combined-impact	hmac_failed_slot_has_no_accept	tamarin/impact/kwaay_impact_hmac_dedup.spthy	hmac_failed_slot_has_no_accept	a2121328dc381425da84eb64ada6fb4bba8bb2800dbdf4d79594ee1fd2f69e80	direct_theorem	verified	m4-transparent-composite	direct	C_install-v2	true	300	Run1 systemd MemoryMax=16384MB; Run2 MemoryMax=49152MB; MemorySwapMax=0	tamarin/milestones/run-m4-hmac-dedup.sh	96010c72e71defc775c7c2ee99c937ff700a3227	48fbaa50750b763152dbc117eb1035f8ce807291	logs/tamarin-m4-hmac-dedup/source-run1/canonical-target-matrix.tsv	211ffd0a8ed8a7051d12dcc165566a66e64ab970	c42dd7f7c1094c58b0597c7350f2d733224773c2	historical milestone authority plus independent M4 296-row regression binding
1	tam-combined-impact-normal_two_distinct_valid_confirmed_accepts_complete	P3	M4	tamarin-prover	combined-impact	normal_two_distinct_valid_confirmed_accepts_complete	tamarin/impact/kwaay_impact_hmac_dedup.spthy	normal_two_distinct_valid_confirmed_accepts_complete	03aacd3287a6b4f016e839aa551a0038faba1da9cce579a51f580a2c33c1f54b	non_vacuity	verified	m4-transparent-composite	direct	C_install-v2	true	300	Run1 systemd MemoryMax=16384MB; Run2 MemoryMax=49152MB; MemorySwapMax=0	tamarin/milestones/run-m4-hmac-dedup.sh	96010c72e71defc775c7c2ee99c937ff700a3227	48fbaa50750b763152dbc117eb1035f8ce807291	logs/tamarin-m4-hmac-dedup/source-run1/canonical-target-matrix.tsv	211ffd0a8ed8a7051d12dcc165566a66e64ab970	c42dd7f7c1094c58b0597c7350f2d733224773c2	historical milestone authority plus independent M4 296-row regression binding
1	tam-combined-impact-accept_output_has_same_time_confirmed_accept	P3	M4	tamarin-prover	combined-impact	accept_output_has_same_time_confirmed_accept	tamarin/impact/kwaay_impact_hmac_dedup.spthy	accept_output_has_same_time_confirmed_accept	148401581001b4bc76613429bd4ea13f1effd81564c4f3a2634007ca5cb19cc8	structural_result	verified	m4-transparent-composite	direct	C_install-v2	true	300	Run1 systemd MemoryMax=16384MB; Run2 MemoryMax=49152MB; MemorySwapMax=0	tamarin/milestones/run-m4-hmac-dedup.sh	96010c72e71defc775c7c2ee99c937ff700a3227	48fbaa50750b763152dbc117eb1035f8ce807291	logs/tamarin-m4-hmac-dedup/source-run1/canonical-target-matrix.tsv	211ffd0a8ed8a7051d12dcc165566a66e64ab970	c42dd7f7c1094c58b0597c7350f2d733224773c2	historical milestone authority plus independent M4 296-row regression binding
1	tam-combined-impact-confirmed_receiver_accept_has_output	P3	M4	tamarin-prover	combined-impact	confirmed_receiver_accept_has_output	tamarin/impact/kwaay_impact_hmac_dedup.spthy	confirmed_receiver_accept_has_output	3ddc9927432418e23d37d933bfd32d20be522b1582ca4ecd750fae734aea3181	structural_result	verified	m4-transparent-composite	direct	C_install-v2	true	300	Run1 systemd MemoryMax=16384MB; Run2 MemoryMax=49152MB; MemorySwapMax=0	tamarin/milestones/run-m4-hmac-dedup.sh	96010c72e71defc775c7c2ee99c937ff700a3227	48fbaa50750b763152dbc117eb1035f8ce807291	logs/tamarin-m4-hmac-dedup/source-run1/canonical-target-matrix.tsv	211ffd0a8ed8a7051d12dcc165566a66e64ab970	c42dd7f7c1094c58b0597c7350f2d733224773c2	historical milestone authority plus independent M4 296-row regression binding
1	tam-combined-impact-confirmed_receiver_accept_has_unique_output	P3	M4	tamarin-prover	combined-impact	confirmed_receiver_accept_has_unique_output	tamarin/impact/kwaay_impact_hmac_dedup.spthy	confirmed_receiver_accept_has_unique_output	10fbff2feafae1d99035eabefa62870ce0d69ff283c60585acb60018f13d17f2	direct_theorem	verified	m4-transparent-composite	direct	C_install-v2	true	300	Run1 systemd MemoryMax=16384MB; Run2 MemoryMax=49152MB; MemorySwapMax=0	tamarin/milestones/run-m4-hmac-dedup.sh	96010c72e71defc775c7c2ee99c937ff700a3227	48fbaa50750b763152dbc117eb1035f8ce807291	logs/tamarin-m4-hmac-dedup/source-run1/canonical-target-matrix.tsv	211ffd0a8ed8a7051d12dcc165566a66e64ab970	c42dd7f7c1094c58b0597c7350f2d733224773c2	historical milestone authority plus independent M4 296-row regression binding
1	tam-combined-impact-accept_id_unique	P3	M4	tamarin-prover	combined-impact	accept_id_unique	tamarin/impact/kwaay_impact_hmac_dedup.spthy	accept_id_unique	32639f8c90a07bd945c3c5a196045bb38542f4caa6c325cf3ccc24ec7d00e9bf	direct_theorem	verified	m4-transparent-composite	direct	C_install-v2	true	300	Run1 systemd MemoryMax=16384MB; Run2 MemoryMax=49152MB; MemorySwapMax=0	tamarin/milestones/run-m4-hmac-dedup.sh	96010c72e71defc775c7c2ee99c937ff700a3227	48fbaa50750b763152dbc117eb1035f8ce807291	logs/tamarin-m4-hmac-dedup/source-run1/canonical-target-matrix.tsv	211ffd0a8ed8a7051d12dcc165566a66e64ab970	c42dd7f7c1094c58b0597c7350f2d733224773c2	historical milestone authority plus independent M4 296-row regression binding
1	tam-combined-impact-install_has_prior_accept	P3	M4	tamarin-prover	combined-impact	install_has_prior_accept	tamarin/impact/kwaay_impact_hmac_dedup.spthy	install_has_prior_accept	cb5c55933cb52c73c298ff4e09e514a50f595b6e5b8c1ef14e2ccc7a806bd960	structural_result	verified	m4-transparent-composite	direct	C_install-v2	true	300	Run1 systemd MemoryMax=16384MB; Run2 MemoryMax=49152MB; MemorySwapMax=0	tamarin/milestones/run-m4-hmac-dedup.sh	96010c72e71defc775c7c2ee99c937ff700a3227	48fbaa50750b763152dbc117eb1035f8ce807291	logs/tamarin-m4-hmac-dedup/source-run1/canonical-target-matrix.tsv	211ffd0a8ed8a7051d12dcc165566a66e64ab970	c42dd7f7c1094c58b0597c7350f2d733224773c2	historical milestone authority plus independent M4 296-row regression binding
1	tam-combined-impact-install_session_has_interface_origin	P3	M4	tamarin-prover	combined-impact	install_session_has_interface_origin	tamarin/impact/kwaay_impact_hmac_dedup.spthy	install_session_has_interface_origin	f583ea045f9fb053c7e2474142ad31798807402294712a5a1d89abf42f24d84a	structural_result	verified	m4-transparent-composite	direct	C_install-v2	true	300	Run1 systemd MemoryMax=16384MB; Run2 MemoryMax=49152MB; MemorySwapMax=0	tamarin/milestones/run-m4-hmac-dedup.sh	96010c72e71defc775c7c2ee99c937ff700a3227	48fbaa50750b763152dbc117eb1035f8ce807291	logs/tamarin-m4-hmac-dedup/source-run1/canonical-target-matrix.tsv	211ffd0a8ed8a7051d12dcc165566a66e64ab970	c42dd7f7c1094c58b0597c7350f2d733224773c2	historical milestone authority plus independent M4 296-row regression binding
1	tam-combined-impact-install_from_accept_has_session	P3	M4	tamarin-prover	combined-impact	install_from_accept_has_session	tamarin/impact/kwaay_impact_hmac_dedup.spthy	install_from_accept_has_session	363506a6dc962d1060043807b6f250a909b31f8b9df2842a4f892e9ddb090b25	structural_result	verified	m4-transparent-composite	direct	C_install-v2	true	300	Run1 systemd MemoryMax=16384MB; Run2 MemoryMax=49152MB; MemorySwapMax=0	tamarin/milestones/run-m4-hmac-dedup.sh	96010c72e71defc775c7c2ee99c937ff700a3227	48fbaa50750b763152dbc117eb1035f8ce807291	logs/tamarin-m4-hmac-dedup/source-run1/canonical-target-matrix.tsv	211ffd0a8ed8a7051d12dcc165566a66e64ab970	c42dd7f7c1094c58b0597c7350f2d733224773c2	historical milestone authority plus independent M4 296-row regression binding
1	tam-combined-impact-install_event_has_single_source	P3	M4	tamarin-prover	combined-impact	install_event_has_single_source	tamarin/impact/kwaay_impact_hmac_dedup.spthy	install_event_has_single_source	b60e04be720bf99c30a8c1f8d5360a2a16557dea394bf909f5eb298658f57b9d	structural_result	verified	m4-transparent-composite	direct	C_install-v2	true	300	Run1 systemd MemoryMax=16384MB; Run2 MemoryMax=49152MB; MemorySwapMax=0	tamarin/milestones/run-m4-hmac-dedup.sh	96010c72e71defc775c7c2ee99c937ff700a3227	48fbaa50750b763152dbc117eb1035f8ce807291	logs/tamarin-m4-hmac-dedup/source-run1/canonical-target-matrix.tsv	211ffd0a8ed8a7051d12dcc165566a66e64ab970	c42dd7f7c1094c58b0597c7350f2d733224773c2	historical milestone authority plus independent M4 296-row regression binding
1	tam-combined-impact-install_handle_unique	P3	M4	tamarin-prover	combined-impact	install_handle_unique	tamarin/impact/kwaay_impact_hmac_dedup.spthy	install_handle_unique	117db538908a6b98ac58c8e352db99b843c2fac1434a4e972cfde4eaea968b0d	direct_theorem	verified	m4-transparent-composite	direct	C_install-v2	true	300	Run1 systemd MemoryMax=16384MB; Run2 MemoryMax=49152MB; MemorySwapMax=0	tamarin/milestones/run-m4-hmac-dedup.sh	96010c72e71defc775c7c2ee99c937ff700a3227	48fbaa50750b763152dbc117eb1035f8ce807291	logs/tamarin-m4-hmac-dedup/source-run1/canonical-target-matrix.tsv	211ffd0a8ed8a7051d12dcc165566a66e64ab970	c42dd7f7c1094c58b0597c7350f2d733224773c2	historical milestone authority plus independent M4 296-row regression binding
1	tam-combined-impact-accept_output_installed_at_most_once	P3	M4	tamarin-prover	combined-impact	accept_output_installed_at_most_once	tamarin/impact/kwaay_impact_hmac_dedup.spthy	accept_output_installed_at_most_once	b877e2ab93970fdb01187c0349b4d81737aa0e6e980be888d56b67f9529eadb0	direct_theorem	verified	m4-transparent-composite	direct	C_install-v2	true	300	Run1 systemd MemoryMax=16384MB; Run2 MemoryMax=49152MB; MemorySwapMax=0	tamarin/milestones/run-m4-hmac-dedup.sh	96010c72e71defc775c7c2ee99c937ff700a3227	48fbaa50750b763152dbc117eb1035f8ce807291	logs/tamarin-m4-hmac-dedup/source-run1/canonical-target-matrix.tsv	211ffd0a8ed8a7051d12dcc165566a66e64ab970	c42dd7f7c1094c58b0597c7350f2d733224773c2	historical milestone authority plus independent M4 296-row regression binding
1	tam-combined-impact-distinct_accept_sources_have_distinct_handles	P3	M4	tamarin-prover	combined-impact	distinct_accept_sources_have_distinct_handles	tamarin/impact/kwaay_impact_hmac_dedup.spthy	distinct_accept_sources_have_distinct_handles	0f69bf1aa02accc89d46aa44a12f8438d16cc813b9ca16c967bb81b920c01c81	direct_theorem	verified	m4-transparent-composite	direct	C_install-v2	true	300	Run1 systemd MemoryMax=16384MB; Run2 MemoryMax=49152MB; MemorySwapMax=0	tamarin/milestones/run-m4-hmac-dedup.sh	96010c72e71defc775c7c2ee99c937ff700a3227	48fbaa50750b763152dbc117eb1035f8ce807291	logs/tamarin-m4-hmac-dedup/source-run1/canonical-target-matrix.tsv	211ffd0a8ed8a7051d12dcc165566a66e64ab970	c42dd7f7c1094c58b0597c7350f2d733224773c2	historical milestone authority plus independent M4 296-row regression binding
1	tam-combined-impact-install_requires_batch_complete	P3	M4	tamarin-prover	combined-impact	install_requires_batch_complete	tamarin/impact/kwaay_impact_hmac_dedup.spthy	install_requires_batch_complete	4c72b89117e0583d3844ebb93aed7bb318e0f831b2a8e2d158547363cdfb3d5b	structural_result	verified	m4-transparent-composite	direct	C_install-v2	true	300	Run1 systemd MemoryMax=16384MB; Run2 MemoryMax=49152MB; MemorySwapMax=0	tamarin/milestones/run-m4-hmac-dedup.sh	96010c72e71defc775c7c2ee99c937ff700a3227	48fbaa50750b763152dbc117eb1035f8ce807291	logs/tamarin-m4-hmac-dedup/source-run1/canonical-target-matrix.tsv	211ffd0a8ed8a7051d12dcc165566a66e64ab970	c42dd7f7c1094c58b0597c7350f2d733224773c2	historical milestone authority plus independent M4 296-row regression binding
1	tam-combined-impact-consumer_complete_requires_all_outputs_installed	P3	M4	tamarin-prover	combined-impact	consumer_complete_requires_all_outputs_installed	tamarin/impact/kwaay_impact_hmac_dedup.spthy	consumer_complete_requires_all_outputs_installed	81ecb5a802dca390012571c859328a231b0e3595c5bf639a64f94c07893a4d41	structural_result	verified	m4-transparent-composite	direct	C_install-v2	true	300	Run1 systemd MemoryMax=16384MB; Run2 MemoryMax=49152MB; MemorySwapMax=0	tamarin/milestones/run-m4-hmac-dedup.sh	96010c72e71defc775c7c2ee99c937ff700a3227	48fbaa50750b763152dbc117eb1035f8ce807291	logs/tamarin-m4-hmac-dedup/source-run1/canonical-target-matrix.tsv	211ffd0a8ed8a7051d12dcc165566a66e64ab970	c42dd7f7c1094c58b0597c7350f2d733224773c2	historical milestone authority plus independent M4 296-row regression binding
1	tam-combined-impact-consumer_complete_single_use	P3	M4	tamarin-prover	combined-impact	consumer_complete_single_use	tamarin/impact/kwaay_impact_hmac_dedup.spthy	consumer_complete_single_use	32cf9dab5c0f928fcd902d7dc3780148e31089609e669eedf94ebe718ae4dacb	conditional_C_install_v2	verified	m4-transparent-composite	direct	C_install-v2	true	300	Run1 systemd MemoryMax=16384MB; Run2 MemoryMax=49152MB; MemorySwapMax=0	tamarin/milestones/run-m4-hmac-dedup.sh	96010c72e71defc775c7c2ee99c937ff700a3227	48fbaa50750b763152dbc117eb1035f8ce807291	logs/tamarin-m4-hmac-dedup/source-run1/canonical-target-matrix.tsv	211ffd0a8ed8a7051d12dcc165566a66e64ab970	c42dd7f7c1094c58b0597c7350f2d733224773c2	historical milestone authority plus independent M4 296-row regression binding
1	tam-combined-impact-no_install_after_consumer_close	P3	M4	tamarin-prover	combined-impact	no_install_after_consumer_close	tamarin/impact/kwaay_impact_hmac_dedup.spthy	no_install_after_consumer_close	ed2dffea1e27e122bba39366e31dd5760dba1392125375d967642c9cd7d07f0b	conditional_C_install_v2	verified	m4-transparent-composite	direct	C_install-v2	true	300	Run1 systemd MemoryMax=16384MB; Run2 MemoryMax=49152MB; MemorySwapMax=0	tamarin/milestones/run-m4-hmac-dedup.sh	96010c72e71defc775c7c2ee99c937ff700a3227	48fbaa50750b763152dbc117eb1035f8ce807291	logs/tamarin-m4-hmac-dedup/source-run1/canonical-target-matrix.tsv	211ffd0a8ed8a7051d12dcc165566a66e64ab970	c42dd7f7c1094c58b0597c7350f2d733224773c2	historical milestone authority plus independent M4 296-row regression binding
1	tam-combined-impact-normal_one_confirmed_accept_one_install	P3	M4	tamarin-prover	combined-impact	normal_one_confirmed_accept_one_install	tamarin/impact/kwaay_impact_hmac_dedup.spthy	normal_one_confirmed_accept_one_install	9f3cdf156edb85f6bdee810b7f4cb8f981f759e0afdb3a3374ab0a557496b5b0	non_vacuity	verified	m4-transparent-composite	direct	C_install-v2	true	300	Run1 systemd MemoryMax=16384MB; Run2 MemoryMax=49152MB; MemorySwapMax=0	tamarin/milestones/run-m4-hmac-dedup.sh	96010c72e71defc775c7c2ee99c937ff700a3227	48fbaa50750b763152dbc117eb1035f8ce807291	logs/tamarin-m4-hmac-dedup/source-run1/canonical-target-matrix.tsv	211ffd0a8ed8a7051d12dcc165566a66e64ab970	c42dd7f7c1094c58b0597c7350f2d733224773c2	historical milestone authority plus independent M4 296-row regression binding
1	tam-combined-impact-legacy_same_confirmed_message_consumer_complete_exists	P3	M4	tamarin-prover	combined-impact	legacy_same_confirmed_message_consumer_complete_exists	tamarin/impact/kwaay_impact_hmac_dedup.spthy	legacy_same_confirmed_message_consumer_complete_exists	600b64840e301db1ed77859f8450cb3d92fb0433c9880830a8266eb42e6467de	blocked_attack_witness_regression	falsified	m4-transparent-composite	direct	C_install-v2	true	300	Run1 systemd MemoryMax=16384MB; Run2 MemoryMax=49152MB; MemorySwapMax=0	tamarin/milestones/run-m4-hmac-dedup.sh	96010c72e71defc775c7c2ee99c937ff700a3227	48fbaa50750b763152dbc117eb1035f8ce807291	logs/tamarin-m4-hmac-dedup/source-run1/canonical-target-matrix.tsv	211ffd0a8ed8a7051d12dcc165566a66e64ab970	c42dd7f7c1094c58b0597c7350f2d733224773c2	historical milestone authority plus independent M4 296-row regression binding
1	tam-combined-impact-one_confirmed_send_two_accepts_two_installs_exists	P3	M4	tamarin-prover	combined-impact	one_confirmed_send_two_accepts_two_installs_exists	tamarin/impact/kwaay_impact_hmac_dedup.spthy	one_confirmed_send_two_accepts_two_installs_exists	819b0b6bf18b32616bf0f106a0acc881fe6a953a00860abe11978ef9c22d6228	blocked_attack_witness_regression	falsified	m4-transparent-composite	direct	C_install-v2	true	300	Run1 systemd MemoryMax=16384MB; Run2 MemoryMax=49152MB; MemorySwapMax=0	tamarin/milestones/run-m4-hmac-dedup.sh	96010c72e71defc775c7c2ee99c937ff700a3227	48fbaa50750b763152dbc117eb1035f8ce807291	logs/tamarin-m4-hmac-dedup/source-run1/canonical-target-matrix.tsv	211ffd0a8ed8a7051d12dcc165566a66e64ab970	c42dd7f7c1094c58b0597c7350f2d733224773c2	historical milestone authority plus independent M4 296-row regression binding
1	tam-combined-impact-unique_install_within_completed_consumer	P3	M4	tamarin-prover	combined-impact	unique_install_within_completed_consumer	tamarin/impact/kwaay_impact_hmac_dedup.spthy	unique_install_within_completed_consumer	db3b972abfa1c1be320f766638af145e6b3f085b94c18e8b81cc51755b689f7a	direct_theorem	verified	m4-transparent-composite	direct	C_install-v2	true	300	Run1 systemd MemoryMax=16384MB; Run2 MemoryMax=49152MB; MemorySwapMax=0	tamarin/milestones/run-m4-hmac-dedup.sh	96010c72e71defc775c7c2ee99c937ff700a3227	48fbaa50750b763152dbc117eb1035f8ce807291	logs/tamarin-m4-hmac-dedup/source-run1/canonical-target-matrix.tsv	211ffd0a8ed8a7051d12dcc165566a66e64ab970	c42dd7f7c1094c58b0597c7350f2d733224773c2	historical milestone authority plus independent M4 296-row regression binding
1	tam-combined-impact-duplicate_batch_has_no_accept_output	P3	M4	tamarin-prover	combined-impact	duplicate_batch_has_no_accept_output	tamarin/impact/kwaay_impact_hmac_dedup.spthy	duplicate_batch_has_no_accept_output	9ab3809e19f82ed40cb6c77eda21a3e594720b0e1be69511d1846f0e66355b9e	direct_theorem	verified	m4-transparent-composite	direct	C_install-v2	true	300	Run1 systemd MemoryMax=16384MB; Run2 MemoryMax=49152MB; MemorySwapMax=0	tamarin/milestones/run-m4-hmac-dedup.sh	96010c72e71defc775c7c2ee99c937ff700a3227	48fbaa50750b763152dbc117eb1035f8ce807291	logs/tamarin-m4-hmac-dedup/source-run1/canonical-target-matrix.tsv	211ffd0a8ed8a7051d12dcc165566a66e64ab970	c42dd7f7c1094c58b0597c7350f2d733224773c2	historical milestone authority plus independent M4 296-row regression binding
1	tam-combined-impact-duplicate_batch_has_no_install	P3	M4	tamarin-prover	combined-impact	duplicate_batch_has_no_install	tamarin/impact/kwaay_impact_hmac_dedup.spthy	duplicate_batch_has_no_install	8754e4203c4458c7e638b72c762485d66290eed480fbb03aec5f6a2bb45b9625	direct_theorem	verified	m4-transparent-composite	direct	C_install-v2	true	300	Run1 systemd MemoryMax=16384MB; Run2 MemoryMax=49152MB; MemorySwapMax=0	tamarin/milestones/run-m4-hmac-dedup.sh	96010c72e71defc775c7c2ee99c937ff700a3227	48fbaa50750b763152dbc117eb1035f8ce807291	logs/tamarin-m4-hmac-dedup/source-run1/canonical-target-matrix.tsv	211ffd0a8ed8a7051d12dcc165566a66e64ab970	c42dd7f7c1094c58b0597c7350f2d733224773c2	historical milestone authority plus independent M4 296-row regression binding
1	tam-combined-impact-normal_two_distinct_valid_confirmed_outputs_consumer_complete	P3	M4	tamarin-prover	combined-impact	normal_two_distinct_valid_confirmed_outputs_consumer_complete	tamarin/impact/kwaay_impact_hmac_dedup.spthy	normal_two_distinct_valid_confirmed_outputs_consumer_complete	7c0f93739ffacff497adc2cff28971e4ef92990b9eaf2c67d2403f85816a8ce5	non_vacuity	verified	m4-transparent-composite	direct	C_install-v2	true	300	Run1 systemd MemoryMax=16384MB; Run2 MemoryMax=49152MB; MemorySwapMax=0	tamarin/milestones/run-m4-hmac-dedup.sh	96010c72e71defc775c7c2ee99c937ff700a3227	48fbaa50750b763152dbc117eb1035f8ce807291	logs/tamarin-m4-hmac-dedup/source-run1/canonical-target-matrix.tsv	211ffd0a8ed8a7051d12dcc165566a66e64ab970	c42dd7f7c1094c58b0597c7350f2d733224773c2	historical milestone authority plus independent M4 296-row regression binding
1	tam-combined-impact-no_consumer_after_failed_batch	P3	M4	tamarin-prover	combined-impact	no_consumer_after_failed_batch	tamarin/impact/kwaay_impact_hmac_dedup.spthy	no_consumer_after_failed_batch	0a9fde1b3105f24bf916e66248c6088a52b3b4bb2857c146c6bd0539a09026cf	direct_theorem	verified	m4-transparent-composite	direct	C_install-v2	true	300	Run1 systemd MemoryMax=16384MB; Run2 MemoryMax=49152MB; MemorySwapMax=0	tamarin/milestones/run-m4-hmac-dedup.sh	96010c72e71defc775c7c2ee99c937ff700a3227	48fbaa50750b763152dbc117eb1035f8ce807291	logs/tamarin-m4-hmac-dedup/source-run1/canonical-target-matrix.tsv	211ffd0a8ed8a7051d12dcc165566a66e64ab970	c42dd7f7c1094c58b0597c7350f2d733224773c2	historical milestone authority plus independent M4 296-row regression binding
1	tam-combined-impact-hmac_failure_slot2_after_prior_accept_exists	P3	M4	tamarin-prover	combined-impact	hmac_failure_slot2_after_prior_accept_exists	tamarin/impact/kwaay_impact_hmac_dedup.spthy	hmac_failure_slot2_after_prior_accept_exists	6f0592d501a6bea6dc1353e496559e2824817526d28487d65215dabc2ca902ce	non_vacuity	verified	m4-transparent-composite	direct	C_install-v2	true	300	Run1 systemd MemoryMax=16384MB; Run2 MemoryMax=49152MB; MemorySwapMax=0	tamarin/milestones/run-m4-hmac-dedup.sh	96010c72e71defc775c7c2ee99c937ff700a3227	48fbaa50750b763152dbc117eb1035f8ce807291	logs/tamarin-m4-hmac-dedup/source-run1/canonical-target-matrix.tsv	211ffd0a8ed8a7051d12dcc165566a66e64ab970	c42dd7f7c1094c58b0597c7350f2d733224773c2	historical milestone authority plus independent M4 296-row regression binding
1	tam-original-replay-normal_single_accept	P2	M1	tamarin-prover	original-replay	normal_single_accept	tamarin/replay/kwaay_replay_original.spthy	normal_single_accept	5e817ac25aa6e66e238b10380293f790102828b58619db59e0d3fbdb950130ff	non_vacuity	verified	m4-transparent-composite	direct	none	true	300	Run1 systemd MemoryMax=16384MB; Run2 MemoryMax=49152MB; MemorySwapMax=0	docs/milestones/M1-completion.md	024c1c625ad5d924c364df5b67b4708dad3901f7	2d58081828e1ca5340079cc8f1642ad2a373ad9d	logs/tamarin-m4-hmac-dedup/source-run1/canonical-target-matrix.tsv	211ffd0a8ed8a7051d12dcc165566a66e64ab970	c42dd7f7c1094c58b0597c7350f2d733224773c2	historical milestone authority plus independent M4 296-row regression binding
1	tam-original-replay-normal_batch_complete	P2	M1	tamarin-prover	original-replay	normal_batch_complete	tamarin/replay/kwaay_replay_original.spthy	normal_batch_complete	28766f1d96a3c886b64fc146ca80de467e3b935ebce40cc85c743342254b3a5f	non_vacuity	verified	m4-transparent-composite	direct	none	true	300	Run1 systemd MemoryMax=16384MB; Run2 MemoryMax=49152MB; MemorySwapMax=0	docs/milestones/M1-completion.md	024c1c625ad5d924c364df5b67b4708dad3901f7	2d58081828e1ca5340079cc8f1642ad2a373ad9d	logs/tamarin-m4-hmac-dedup/source-run1/canonical-target-matrix.tsv	211ffd0a8ed8a7051d12dcc165566a66e64ab970	c42dd7f7c1094c58b0597c7350f2d733224773c2	historical milestone authority plus independent M4 296-row regression binding
1	tam-original-replay-one_send_two_accepts_exists	P2	M1	tamarin-prover	original-replay	one_send_two_accepts_exists	tamarin/replay/kwaay_replay_original.spthy	one_send_two_accepts_exists	8d3122f7ccf35f55fcf690be1f82003607ac1eddc2c6e89f46f60c2838b0d57d	positive_attack_witness	verified	m4-transparent-composite	direct	none	true	300	Run1 systemd MemoryMax=16384MB; Run2 MemoryMax=49152MB; MemorySwapMax=0	docs/milestones/M1-completion.md	024c1c625ad5d924c364df5b67b4708dad3901f7	2d58081828e1ca5340079cc8f1642ad2a373ad9d	logs/tamarin-m4-hmac-dedup/source-run1/canonical-target-matrix.tsv	211ffd0a8ed8a7051d12dcc165566a66e64ab970	c42dd7f7c1094c58b0597c7350f2d733224773c2	historical milestone authority plus independent M4 296-row regression binding
1	tam-original-replay-same_message_accepted_at_most_once	P2	M1	tamarin-prover	original-replay	same_message_accepted_at_most_once	tamarin/replay/kwaay_replay_original.spthy	same_message_accepted_at_most_once	f8f92b4e28c4f546382019a8514523854e10b07ff24e35ace443969f6d6a4dfc	falsified_universal_property	falsified	m4-transparent-composite	direct	none	true	300	Run1 systemd MemoryMax=16384MB; Run2 MemoryMax=49152MB; MemorySwapMax=0	docs/milestones/M1-completion.md	024c1c625ad5d924c364df5b67b4708dad3901f7	2d58081828e1ca5340079cc8f1642ad2a373ad9d	logs/tamarin-m4-hmac-dedup/source-run1/canonical-target-matrix.tsv	211ffd0a8ed8a7051d12dcc165566a66e64ab970	c42dd7f7c1094c58b0597c7350f2d733224773c2	historical milestone authority plus independent M4 296-row regression binding
1	tam-original-replay-full_message_unique_send	P2	M1	tamarin-prover	original-replay	full_message_unique_send	tamarin/replay/kwaay_replay_original.spthy	full_message_unique_send	bb7eb27af4b1d09f49fba5f6c80358cb4aca5a37336836ecc2ade860eb9475a8	direct_theorem	verified	m4-transparent-composite	direct	none	true	300	Run1 systemd MemoryMax=16384MB; Run2 MemoryMax=49152MB; MemorySwapMax=0	docs/milestones/M1-completion.md	024c1c625ad5d924c364df5b67b4708dad3901f7	2d58081828e1ca5340079cc8f1642ad2a373ad9d	logs/tamarin-m4-hmac-dedup/source-run1/canonical-target-matrix.tsv	211ffd0a8ed8a7051d12dcc165566a66e64ab970	c42dd7f7c1094c58b0597c7350f2d733224773c2	historical milestone authority plus independent M4 296-row regression binding
1	tam-original-replay-receiver_accept_has_sender	P2	M1	tamarin-prover	original-replay	receiver_accept_has_sender	tamarin/replay/kwaay_replay_original.spthy	receiver_accept_has_sender	6e5a0f81941cd388d434b0a200eb45f8fd27614f89ab446b5c70f2b4264ba694	structural_result	verified	m4-transparent-composite	direct	none	true	300	Run1 systemd MemoryMax=16384MB; Run2 MemoryMax=49152MB; MemorySwapMax=0	docs/milestones/M1-completion.md	024c1c625ad5d924c364df5b67b4708dad3901f7	2d58081828e1ca5340079cc8f1642ad2a373ad9d	logs/tamarin-m4-hmac-dedup/source-run1/canonical-target-matrix.tsv	211ffd0a8ed8a7051d12dcc165566a66e64ab970	c42dd7f7c1094c58b0597c7350f2d733224773c2	historical milestone authority plus independent M4 296-row regression binding
1	tam-original-replay-injective_receiver_accept	P2	M1	tamarin-prover	original-replay	injective_receiver_accept	tamarin/replay/kwaay_replay_original.spthy	injective_receiver_accept	e26fa3948fa0fedd43a2634d3608564edd7ceaefe4f8dd38add25ccfb95f2c4b	falsified_universal_property	falsified	m4-transparent-composite	direct	none	true	300	Run1 systemd MemoryMax=16384MB; Run2 MemoryMax=49152MB; MemorySwapMax=0	docs/milestones/M1-completion.md	024c1c625ad5d924c364df5b67b4708dad3901f7	2d58081828e1ca5340079cc8f1642ad2a373ad9d	logs/tamarin-m4-hmac-dedup/source-run1/canonical-target-matrix.tsv	211ffd0a8ed8a7051d12dcc165566a66e64ab970	c42dd7f7c1094c58b0597c7350f2d733224773c2	historical milestone authority plus independent M4 296-row regression binding
1	tam-original-replay-slot_indices_distinct	P2	M1	tamarin-prover	original-replay	slot_indices_distinct	tamarin/replay/kwaay_replay_original.spthy	slot_indices_distinct	11399ada8750561b70b09bc62af5a023eb9b187b278a021e7c628affd2807977	regression	verified	m4-transparent-composite	direct	none	true	300	Run1 systemd MemoryMax=16384MB; Run2 MemoryMax=49152MB; MemorySwapMax=0	docs/milestones/M1-completion.md	024c1c625ad5d924c364df5b67b4708dad3901f7	2d58081828e1ca5340079cc8f1642ad2a373ad9d	logs/tamarin-m4-hmac-dedup/source-run1/canonical-target-matrix.tsv	211ffd0a8ed8a7051d12dcc165566a66e64ab970	c42dd7f7c1094c58b0597c7350f2d733224773c2	historical milestone authority plus independent M4 296-row regression binding
1	tam-original-replay-process_requires_slot_added	P2	M1	tamarin-prover	original-replay	process_requires_slot_added	tamarin/replay/kwaay_replay_original.spthy	process_requires_slot_added	8d1a97c05e97180514e3ad24967d2361c8187d524d72def0ce489c04e3fd6eda	regression	verified	m4-transparent-composite	direct	none	true	300	Run1 systemd MemoryMax=16384MB; Run2 MemoryMax=49152MB; MemorySwapMax=0	docs/milestones/M1-completion.md	024c1c625ad5d924c364df5b67b4708dad3901f7	2d58081828e1ca5340079cc8f1642ad2a373ad9d	logs/tamarin-m4-hmac-dedup/source-run1/canonical-target-matrix.tsv	211ffd0a8ed8a7051d12dcc165566a66e64ab970	c42dd7f7c1094c58b0597c7350f2d733224773c2	historical milestone authority plus independent M4 296-row regression binding
1	tam-original-replay-process_requires_seal	P2	M1	tamarin-prover	original-replay	process_requires_seal	tamarin/replay/kwaay_replay_original.spthy	process_requires_seal	2f644d5f1ded9c276ddfaccedbe79b296be3bc1872c1e5838f25730480412dd5	regression	verified	m4-transparent-composite	direct	none	true	300	Run1 systemd MemoryMax=16384MB; Run2 MemoryMax=49152MB; MemorySwapMax=0	docs/milestones/M1-completion.md	024c1c625ad5d924c364df5b67b4708dad3901f7	2d58081828e1ca5340079cc8f1642ad2a373ad9d	logs/tamarin-m4-hmac-dedup/source-run1/canonical-target-matrix.tsv	211ffd0a8ed8a7051d12dcc165566a66e64ab970	c42dd7f7c1094c58b0597c7350f2d733224773c2	historical milestone authority plus independent M4 296-row regression binding
1	tam-original-replay-complete_requires_all_slots_processed	P2	M1	tamarin-prover	original-replay	complete_requires_all_slots_processed	tamarin/replay/kwaay_replay_original.spthy	complete_requires_all_slots_processed	cb182567480b74aa24da45263097c5f85551bc09db950930da77db8796cdc8fb	regression	verified	m4-transparent-composite	direct	none	true	300	Run1 systemd MemoryMax=16384MB; Run2 MemoryMax=49152MB; MemorySwapMax=0	docs/milestones/M1-completion.md	024c1c625ad5d924c364df5b67b4708dad3901f7	2d58081828e1ca5340079cc8f1642ad2a373ad9d	logs/tamarin-m4-hmac-dedup/source-run1/canonical-target-matrix.tsv	211ffd0a8ed8a7051d12dcc165566a66e64ab970	c42dd7f7c1094c58b0597c7350f2d733224773c2	historical milestone authority plus independent M4 296-row regression binding
1	tam-original-replay-no_add_after_seal	P2	M1	tamarin-prover	original-replay	no_add_after_seal	tamarin/replay/kwaay_replay_original.spthy	no_add_after_seal	411b04e7ea4baf9740c6a8237fd6774fcdee54db3e92cc3a6ec18b715d08434d	regression	verified	m4-transparent-composite	direct	none	true	300	Run1 systemd MemoryMax=16384MB; Run2 MemoryMax=49152MB; MemorySwapMax=0	docs/milestones/M1-completion.md	024c1c625ad5d924c364df5b67b4708dad3901f7	2d58081828e1ca5340079cc8f1642ad2a373ad9d	logs/tamarin-m4-hmac-dedup/source-run1/canonical-target-matrix.tsv	211ffd0a8ed8a7051d12dcc165566a66e64ab970	c42dd7f7c1094c58b0597c7350f2d733224773c2	historical milestone authority plus independent M4 296-row regression binding
1	tam-original-replay-no_accept_after_close	P2	M1	tamarin-prover	original-replay	no_accept_after_close	tamarin/replay/kwaay_replay_original.spthy	no_accept_after_close	439c2daca49898ac876db419a65efd69b6fa19f08bb24028471af04753da7efc	regression	verified	m4-transparent-composite	direct	none	true	300	Run1 systemd MemoryMax=16384MB; Run2 MemoryMax=49152MB; MemorySwapMax=0	docs/milestones/M1-completion.md	024c1c625ad5d924c364df5b67b4708dad3901f7	2d58081828e1ca5340079cc8f1642ad2a373ad9d	logs/tamarin-m4-hmac-dedup/source-run1/canonical-target-matrix.tsv	211ffd0a8ed8a7051d12dcc165566a66e64ab970	c42dd7f7c1094c58b0597c7350f2d733224773c2	historical milestone authority plus independent M4 296-row regression binding
1	tam-original-replay-batch_complete_consumes_state	P2	M1	tamarin-prover	original-replay	batch_complete_consumes_state	tamarin/replay/kwaay_replay_original.spthy	batch_complete_consumes_state	ebdee3b44e3be089ed16a88d24ec0dc8f359eade0d8593da63a4ae22b3ad965a	regression	verified	m4-transparent-composite	direct	none	true	300	Run1 systemd MemoryMax=16384MB; Run2 MemoryMax=49152MB; MemorySwapMax=0	docs/milestones/M1-completion.md	024c1c625ad5d924c364df5b67b4708dad3901f7	2d58081828e1ca5340079cc8f1642ad2a373ad9d	logs/tamarin-m4-hmac-dedup/source-run1/canonical-target-matrix.tsv	211ffd0a8ed8a7051d12dcc165566a66e64ab970	c42dd7f7c1094c58b0597c7350f2d733224773c2	historical milestone authority plus independent M4 296-row regression binding
1	tam-original-replay-batch_fail_consumes_state	P2	M1	tamarin-prover	original-replay	batch_fail_consumes_state	tamarin/replay/kwaay_replay_original.spthy	batch_fail_consumes_state	8b6a70b6f809f50f347ccf7bca53d26223e5865b44453716060ef2455c372e5e	regression	verified	m4-transparent-composite	direct	none	true	300	Run1 systemd MemoryMax=16384MB; Run2 MemoryMax=49152MB; MemorySwapMax=0	docs/milestones/M1-completion.md	024c1c625ad5d924c364df5b67b4708dad3901f7	2d58081828e1ca5340079cc8f1642ad2a373ad9d	logs/tamarin-m4-hmac-dedup/source-run1/canonical-target-matrix.tsv	211ffd0a8ed8a7051d12dcc165566a66e64ab970	c42dd7f7c1094c58b0597c7350f2d733224773c2	historical milestone authority plus independent M4 296-row regression binding
1	tam-original-replay-batch_end_token_single_use	P2	M1	tamarin-prover	original-replay	batch_end_token_single_use	tamarin/replay/kwaay_replay_original.spthy	batch_end_token_single_use	23a1c2e656716ffcd2452ad001cbe7a427ca49a95958b391f2e30da6780f8f36	regression	verified	m4-transparent-composite	direct	none	true	300	Run1 systemd MemoryMax=16384MB; Run2 MemoryMax=49152MB; MemorySwapMax=0	docs/milestones/M1-completion.md	024c1c625ad5d924c364df5b67b4708dad3901f7	2d58081828e1ca5340079cc8f1642ad2a373ad9d	logs/tamarin-m4-hmac-dedup/source-run1/canonical-target-matrix.tsv	211ffd0a8ed8a7051d12dcc165566a66e64ab970	c42dd7f7c1094c58b0597c7350f2d733224773c2	historical milestone authority plus independent M4 296-row regression binding
1	tam-original-replay-receiver_state_single_batch	P2	M1	tamarin-prover	original-replay	receiver_state_single_batch	tamarin/replay/kwaay_replay_original.spthy	receiver_state_single_batch	49285db8f472b52c1794584742fc65e5fde58d245a6377bd4d915dbb1a44035f	regression	verified	m4-transparent-composite	direct	none	true	300	Run1 systemd MemoryMax=16384MB; Run2 MemoryMax=49152MB; MemorySwapMax=0	docs/milestones/M1-completion.md	024c1c625ad5d924c364df5b67b4708dad3901f7	2d58081828e1ca5340079cc8f1642ad2a373ad9d	logs/tamarin-m4-hmac-dedup/source-run1/canonical-target-matrix.tsv	211ffd0a8ed8a7051d12dcc165566a66e64ab970	c42dd7f7c1094c58b0597c7350f2d733224773c2	historical milestone authority plus independent M4 296-row regression binding
1	tam-original-replay-receiver_state_single_batch_end	P2	M1	tamarin-prover	original-replay	receiver_state_single_batch_end	tamarin/replay/kwaay_replay_original.spthy	receiver_state_single_batch_end	2df7e8efb05f0de9a1dee2b47d6abb6fb55deac0aa213608f7a984cfc50b1fec	regression	verified	m4-transparent-composite	direct	none	true	300	Run1 systemd MemoryMax=16384MB; Run2 MemoryMax=49152MB; MemorySwapMax=0	docs/milestones/M1-completion.md	024c1c625ad5d924c364df5b67b4708dad3901f7	2d58081828e1ca5340079cc8f1642ad2a373ad9d	logs/tamarin-m4-hmac-dedup/source-run1/canonical-target-matrix.tsv	211ffd0a8ed8a7051d12dcc165566a66e64ab970	c42dd7f7c1094c58b0597c7350f2d733224773c2	historical milestone authority plus independent M4 296-row regression binding
1	tam-hmac-replay-normal_confirmed_single_accept	P1	M1	tamarin-prover	hmac-replay	normal_confirmed_single_accept	tamarin/replay/kwaay_replay_hmac_only.spthy	normal_confirmed_single_accept	4d4f3b78cafdc235888cc88ea57815cdd6554418005428601a0d2617ad303569	non_vacuity	verified	m4-transparent-composite	direct	none	true	300	Run1 systemd MemoryMax=16384MB; Run2 MemoryMax=49152MB; MemorySwapMax=0	docs/milestones/M1-completion.md	024c1c625ad5d924c364df5b67b4708dad3901f7	2d58081828e1ca5340079cc8f1642ad2a373ad9d	logs/tamarin-m4-hmac-dedup/source-run1/canonical-target-matrix.tsv	211ffd0a8ed8a7051d12dcc165566a66e64ab970	c42dd7f7c1094c58b0597c7350f2d733224773c2	historical milestone authority plus independent M4 296-row regression binding
1	tam-hmac-replay-normal_confirmed_batch_complete	P1	M1	tamarin-prover	hmac-replay	normal_confirmed_batch_complete	tamarin/replay/kwaay_replay_hmac_only.spthy	normal_confirmed_batch_complete	522395300e4896c63d79054405d6db30f0d542f1637d81fb6ff03bc112c156f1	non_vacuity	verified	m4-transparent-composite	direct	none	true	300	Run1 systemd MemoryMax=16384MB; Run2 MemoryMax=49152MB; MemorySwapMax=0	docs/milestones/M1-completion.md	024c1c625ad5d924c364df5b67b4708dad3901f7	2d58081828e1ca5340079cc8f1642ad2a373ad9d	logs/tamarin-m4-hmac-dedup/source-run1/canonical-target-matrix.tsv	211ffd0a8ed8a7051d12dcc165566a66e64ab970	c42dd7f7c1094c58b0597c7350f2d733224773c2	historical milestone authority plus independent M4 296-row regression binding
1	tam-hmac-replay-confirmed_receiver_accept_has_sender	P1	M1	tamarin-prover	hmac-replay	confirmed_receiver_accept_has_sender	tamarin/replay/kwaay_replay_hmac_only.spthy	confirmed_receiver_accept_has_sender	46d94c8acc7539c15370e31d8d45d39ffa956fef94edf2b0bd770cc7cfa32d50	structural_result	verified	m4-transparent-composite	direct	none	true	300	Run1 systemd MemoryMax=16384MB; Run2 MemoryMax=49152MB; MemorySwapMax=0	docs/milestones/M1-completion.md	024c1c625ad5d924c364df5b67b4708dad3901f7	2d58081828e1ca5340079cc8f1642ad2a373ad9d	logs/tamarin-m4-hmac-dedup/source-run1/canonical-target-matrix.tsv	211ffd0a8ed8a7051d12dcc165566a66e64ab970	c42dd7f7c1094c58b0597c7350f2d733224773c2	historical milestone authority plus independent M4 296-row regression binding
1	tam-hmac-replay-confirmed_message_unique_send	P1	M1	tamarin-prover	hmac-replay	confirmed_message_unique_send	tamarin/replay/kwaay_replay_hmac_only.spthy	confirmed_message_unique_send	7f6976a97718d23fccd7be7e08bc056c4d6541ee5742e05eeb359308e9954178	direct_theorem	verified	m4-transparent-composite	direct	none	true	300	Run1 systemd MemoryMax=16384MB; Run2 MemoryMax=49152MB; MemorySwapMax=0	docs/milestones/M1-completion.md	024c1c625ad5d924c364df5b67b4708dad3901f7	2d58081828e1ca5340079cc8f1642ad2a373ad9d	logs/tamarin-m4-hmac-dedup/source-run1/canonical-target-matrix.tsv	211ffd0a8ed8a7051d12dcc165566a66e64ab970	c42dd7f7c1094c58b0597c7350f2d733224773c2	historical milestone authority plus independent M4 296-row regression binding
1	tam-hmac-replay-one_confirmed_send_two_accepts_exists	P1	M1	tamarin-prover	hmac-replay	one_confirmed_send_two_accepts_exists	tamarin/replay/kwaay_replay_hmac_only.spthy	one_confirmed_send_two_accepts_exists	bf52523e2087bfe80d2bd0109e18f5fa533284814763eea78e295dd004b3c252	positive_attack_witness	verified	m4-transparent-composite	direct	none	true	300	Run1 systemd MemoryMax=16384MB; Run2 MemoryMax=49152MB; MemorySwapMax=0	docs/milestones/M1-completion.md	024c1c625ad5d924c364df5b67b4708dad3901f7	2d58081828e1ca5340079cc8f1642ad2a373ad9d	logs/tamarin-m4-hmac-dedup/source-run1/canonical-target-matrix.tsv	211ffd0a8ed8a7051d12dcc165566a66e64ab970	c42dd7f7c1094c58b0597c7350f2d733224773c2	historical milestone authority plus independent M4 296-row regression binding
1	tam-hmac-replay-confirmed_message_accepted_at_most_once	P1	M1	tamarin-prover	hmac-replay	confirmed_message_accepted_at_most_once	tamarin/replay/kwaay_replay_hmac_only.spthy	confirmed_message_accepted_at_most_once	bb982aa85076f527b1649199a1ca7508469d092ad2af30ca681b74133b2e018d	falsified_universal_property	falsified	m4-transparent-composite	direct	none	true	300	Run1 systemd MemoryMax=16384MB; Run2 MemoryMax=49152MB; MemorySwapMax=0	docs/milestones/M1-completion.md	024c1c625ad5d924c364df5b67b4708dad3901f7	2d58081828e1ca5340079cc8f1642ad2a373ad9d	logs/tamarin-m4-hmac-dedup/source-run1/canonical-target-matrix.tsv	211ffd0a8ed8a7051d12dcc165566a66e64ab970	c42dd7f7c1094c58b0597c7350f2d733224773c2	historical milestone authority plus independent M4 296-row regression binding
1	tam-hmac-replay-injective_confirmed_receiver_accept	P1	M1	tamarin-prover	hmac-replay	injective_confirmed_receiver_accept	tamarin/replay/kwaay_replay_hmac_only.spthy	injective_confirmed_receiver_accept	b18305e767fe15c88b6df706df284e2acb29fe00acec323a6cc38a93fd1cf4a2	falsified_universal_property	falsified	m4-transparent-composite	direct	none	true	300	Run1 systemd MemoryMax=16384MB; Run2 MemoryMax=49152MB; MemorySwapMax=0	docs/milestones/M1-completion.md	024c1c625ad5d924c364df5b67b4708dad3901f7	2d58081828e1ca5340079cc8f1642ad2a373ad9d	logs/tamarin-m4-hmac-dedup/source-run1/canonical-target-matrix.tsv	211ffd0a8ed8a7051d12dcc165566a66e64ab970	c42dd7f7c1094c58b0597c7350f2d733224773c2	historical milestone authority plus independent M4 296-row regression binding
1	tam-hmac-replay-slot_indices_distinct	P1	M1	tamarin-prover	hmac-replay	slot_indices_distinct	tamarin/replay/kwaay_replay_hmac_only.spthy	slot_indices_distinct	3e53939fc5deda287ae7ff0f3d6bcde2386fc2e4f9e871698d522ac2e9393ddd	regression	verified	m4-transparent-composite	direct	none	true	300	Run1 systemd MemoryMax=16384MB; Run2 MemoryMax=49152MB; MemorySwapMax=0	docs/milestones/M1-completion.md	024c1c625ad5d924c364df5b67b4708dad3901f7	2d58081828e1ca5340079cc8f1642ad2a373ad9d	logs/tamarin-m4-hmac-dedup/source-run1/canonical-target-matrix.tsv	211ffd0a8ed8a7051d12dcc165566a66e64ab970	c42dd7f7c1094c58b0597c7350f2d733224773c2	historical milestone authority plus independent M4 296-row regression binding
1	tam-hmac-replay-process_requires_slot_added	P1	M1	tamarin-prover	hmac-replay	process_requires_slot_added	tamarin/replay/kwaay_replay_hmac_only.spthy	process_requires_slot_added	81a6246a22d8b66680b13a10b513a88a4c86a43f2056511556da5c1315802d92	regression	verified	m4-transparent-composite	direct	none	true	300	Run1 systemd MemoryMax=16384MB; Run2 MemoryMax=49152MB; MemorySwapMax=0	docs/milestones/M1-completion.md	024c1c625ad5d924c364df5b67b4708dad3901f7	2d58081828e1ca5340079cc8f1642ad2a373ad9d	logs/tamarin-m4-hmac-dedup/source-run1/canonical-target-matrix.tsv	211ffd0a8ed8a7051d12dcc165566a66e64ab970	c42dd7f7c1094c58b0597c7350f2d733224773c2	historical milestone authority plus independent M4 296-row regression binding
1	tam-hmac-replay-process_requires_seal	P1	M1	tamarin-prover	hmac-replay	process_requires_seal	tamarin/replay/kwaay_replay_hmac_only.spthy	process_requires_seal	0bb7b91f43d96818a8b1022780d87d943f6ae9d46076507e731c2f0c13b10c6c	regression	verified	m4-transparent-composite	direct	none	true	300	Run1 systemd MemoryMax=16384MB; Run2 MemoryMax=49152MB; MemorySwapMax=0	docs/milestones/M1-completion.md	024c1c625ad5d924c364df5b67b4708dad3901f7	2d58081828e1ca5340079cc8f1642ad2a373ad9d	logs/tamarin-m4-hmac-dedup/source-run1/canonical-target-matrix.tsv	211ffd0a8ed8a7051d12dcc165566a66e64ab970	c42dd7f7c1094c58b0597c7350f2d733224773c2	historical milestone authority plus independent M4 296-row regression binding
1	tam-hmac-replay-complete_requires_all_slots_processed	P1	M1	tamarin-prover	hmac-replay	complete_requires_all_slots_processed	tamarin/replay/kwaay_replay_hmac_only.spthy	complete_requires_all_slots_processed	a4eb22249ba5ad68b4879defacff008f69f148c513b4de7374ec6c5e0ace59d6	regression	verified	m4-transparent-composite	direct	none	true	300	Run1 systemd MemoryMax=16384MB; Run2 MemoryMax=49152MB; MemorySwapMax=0	docs/milestones/M1-completion.md	024c1c625ad5d924c364df5b67b4708dad3901f7	2d58081828e1ca5340079cc8f1642ad2a373ad9d	logs/tamarin-m4-hmac-dedup/source-run1/canonical-target-matrix.tsv	211ffd0a8ed8a7051d12dcc165566a66e64ab970	c42dd7f7c1094c58b0597c7350f2d733224773c2	historical milestone authority plus independent M4 296-row regression binding
1	tam-hmac-replay-no_add_after_seal	P1	M1	tamarin-prover	hmac-replay	no_add_after_seal	tamarin/replay/kwaay_replay_hmac_only.spthy	no_add_after_seal	04d69f4613c594147857e4006b1f9f77d3916f6725924f3ed74a42067daa448d	regression	verified	m4-transparent-composite	direct	none	true	300	Run1 systemd MemoryMax=16384MB; Run2 MemoryMax=49152MB; MemorySwapMax=0	docs/milestones/M1-completion.md	024c1c625ad5d924c364df5b67b4708dad3901f7	2d58081828e1ca5340079cc8f1642ad2a373ad9d	logs/tamarin-m4-hmac-dedup/source-run1/canonical-target-matrix.tsv	211ffd0a8ed8a7051d12dcc165566a66e64ab970	c42dd7f7c1094c58b0597c7350f2d733224773c2	historical milestone authority plus independent M4 296-row regression binding
1	tam-hmac-replay-no_accept_after_close	P1	M1	tamarin-prover	hmac-replay	no_accept_after_close	tamarin/replay/kwaay_replay_hmac_only.spthy	no_accept_after_close	610eb21aca1e2b95dca4cfd4c4fc40f05d5f928e2be89384fe7beab731a74737	regression	verified	m4-transparent-composite	direct	none	true	300	Run1 systemd MemoryMax=16384MB; Run2 MemoryMax=49152MB; MemorySwapMax=0	docs/milestones/M1-completion.md	024c1c625ad5d924c364df5b67b4708dad3901f7	2d58081828e1ca5340079cc8f1642ad2a373ad9d	logs/tamarin-m4-hmac-dedup/source-run1/canonical-target-matrix.tsv	211ffd0a8ed8a7051d12dcc165566a66e64ab970	c42dd7f7c1094c58b0597c7350f2d733224773c2	historical milestone authority plus independent M4 296-row regression binding
1	tam-hmac-replay-batch_complete_consumes_state	P1	M1	tamarin-prover	hmac-replay	batch_complete_consumes_state	tamarin/replay/kwaay_replay_hmac_only.spthy	batch_complete_consumes_state	ebdee3b44e3be089ed16a88d24ec0dc8f359eade0d8593da63a4ae22b3ad965a	regression	verified	m4-transparent-composite	direct	none	true	300	Run1 systemd MemoryMax=16384MB; Run2 MemoryMax=49152MB; MemorySwapMax=0	docs/milestones/M1-completion.md	024c1c625ad5d924c364df5b67b4708dad3901f7	2d58081828e1ca5340079cc8f1642ad2a373ad9d	logs/tamarin-m4-hmac-dedup/source-run1/canonical-target-matrix.tsv	211ffd0a8ed8a7051d12dcc165566a66e64ab970	c42dd7f7c1094c58b0597c7350f2d733224773c2	historical milestone authority plus independent M4 296-row regression binding
1	tam-hmac-replay-batch_fail_consumes_state	P1	M1	tamarin-prover	hmac-replay	batch_fail_consumes_state	tamarin/replay/kwaay_replay_hmac_only.spthy	batch_fail_consumes_state	8b6a70b6f809f50f347ccf7bca53d26223e5865b44453716060ef2455c372e5e	regression	verified	m4-transparent-composite	direct	none	true	300	Run1 systemd MemoryMax=16384MB; Run2 MemoryMax=49152MB; MemorySwapMax=0	docs/milestones/M1-completion.md	024c1c625ad5d924c364df5b67b4708dad3901f7	2d58081828e1ca5340079cc8f1642ad2a373ad9d	logs/tamarin-m4-hmac-dedup/source-run1/canonical-target-matrix.tsv	211ffd0a8ed8a7051d12dcc165566a66e64ab970	c42dd7f7c1094c58b0597c7350f2d733224773c2	historical milestone authority plus independent M4 296-row regression binding
1	tam-hmac-replay-batch_end_token_single_use	P1	M1	tamarin-prover	hmac-replay	batch_end_token_single_use	tamarin/replay/kwaay_replay_hmac_only.spthy	batch_end_token_single_use	23a1c2e656716ffcd2452ad001cbe7a427ca49a95958b391f2e30da6780f8f36	regression	verified	m4-transparent-composite	direct	none	true	300	Run1 systemd MemoryMax=16384MB; Run2 MemoryMax=49152MB; MemorySwapMax=0	docs/milestones/M1-completion.md	024c1c625ad5d924c364df5b67b4708dad3901f7	2d58081828e1ca5340079cc8f1642ad2a373ad9d	logs/tamarin-m4-hmac-dedup/source-run1/canonical-target-matrix.tsv	211ffd0a8ed8a7051d12dcc165566a66e64ab970	c42dd7f7c1094c58b0597c7350f2d733224773c2	historical milestone authority plus independent M4 296-row regression binding
1	tam-hmac-replay-receiver_state_single_batch	P1	M1	tamarin-prover	hmac-replay	receiver_state_single_batch	tamarin/replay/kwaay_replay_hmac_only.spthy	receiver_state_single_batch	49285db8f472b52c1794584742fc65e5fde58d245a6377bd4d915dbb1a44035f	regression	verified	m4-transparent-composite	direct	none	true	300	Run1 systemd MemoryMax=16384MB; Run2 MemoryMax=49152MB; MemorySwapMax=0	docs/milestones/M1-completion.md	024c1c625ad5d924c364df5b67b4708dad3901f7	2d58081828e1ca5340079cc8f1642ad2a373ad9d	logs/tamarin-m4-hmac-dedup/source-run1/canonical-target-matrix.tsv	211ffd0a8ed8a7051d12dcc165566a66e64ab970	c42dd7f7c1094c58b0597c7350f2d733224773c2	historical milestone authority plus independent M4 296-row regression binding
1	tam-hmac-replay-receiver_state_single_batch_end	P1	M1	tamarin-prover	hmac-replay	receiver_state_single_batch_end	tamarin/replay/kwaay_replay_hmac_only.spthy	receiver_state_single_batch_end	2df7e8efb05f0de9a1dee2b47d6abb6fb55deac0aa213608f7a984cfc50b1fec	regression	verified	m4-transparent-composite	direct	none	true	300	Run1 systemd MemoryMax=16384MB; Run2 MemoryMax=49152MB; MemorySwapMax=0	docs/milestones/M1-completion.md	024c1c625ad5d924c364df5b67b4708dad3901f7	2d58081828e1ca5340079cc8f1642ad2a373ad9d	logs/tamarin-m4-hmac-dedup/source-run1/canonical-target-matrix.tsv	211ffd0a8ed8a7051d12dcc165566a66e64ab970	c42dd7f7c1094c58b0597c7350f2d733224773c2	historical milestone authority plus independent M4 296-row regression binding
1	tam-original-impact-accept_output_has_same_time_accept	P2	M2	tamarin-prover	original-impact	accept_output_has_same_time_accept	tamarin/impact/kwaay_impact_original.spthy	accept_output_has_same_time_accept	d6d69dd509b926cad20386facf83d5bc25b9986751f78dd4132cdd95244ab9e4	structural_result	verified	m4-transparent-composite	direct	C_install-v2	true	300	Run1 systemd MemoryMax=16384MB; Run2 MemoryMax=49152MB; MemorySwapMax=0	tamarin/impact/run-impact-original.sh	841feabd908a01bdc68669ad99253a6755820389	7dc5be4ac1972b6cbb949301aac90b66e999215b	logs/tamarin-m4-hmac-dedup/source-run1/canonical-target-matrix.tsv	211ffd0a8ed8a7051d12dcc165566a66e64ab970	c42dd7f7c1094c58b0597c7350f2d733224773c2	historical milestone authority plus independent M4 296-row regression binding
1	tam-original-impact-receiver_accept_has_output	P2	M2	tamarin-prover	original-impact	receiver_accept_has_output	tamarin/impact/kwaay_impact_original.spthy	receiver_accept_has_output	d8d7c9cfda7f139ba39ba0d0869b8afb17a91d6c99d54a40d07e5cbe8c856405	structural_result	verified	m4-transparent-composite	direct	C_install-v2	true	300	Run1 systemd MemoryMax=16384MB; Run2 MemoryMax=49152MB; MemorySwapMax=0	tamarin/impact/run-impact-original.sh	841feabd908a01bdc68669ad99253a6755820389	7dc5be4ac1972b6cbb949301aac90b66e999215b	logs/tamarin-m4-hmac-dedup/source-run1/canonical-target-matrix.tsv	211ffd0a8ed8a7051d12dcc165566a66e64ab970	c42dd7f7c1094c58b0597c7350f2d733224773c2	historical milestone authority plus independent M4 296-row regression binding
1	tam-original-impact-receiver_accept_has_unique_output	P2	M2	tamarin-prover	original-impact	receiver_accept_has_unique_output	tamarin/impact/kwaay_impact_original.spthy	receiver_accept_has_unique_output	27f644e0021d5d66e6456c83e8f04898263d2d868ac38e87c5356efaf203f192	direct_theorem	verified	m4-transparent-composite	direct	C_install-v2	true	300	Run1 systemd MemoryMax=16384MB; Run2 MemoryMax=49152MB; MemorySwapMax=0	tamarin/impact/run-impact-original.sh	841feabd908a01bdc68669ad99253a6755820389	7dc5be4ac1972b6cbb949301aac90b66e999215b	logs/tamarin-m4-hmac-dedup/source-run1/canonical-target-matrix.tsv	211ffd0a8ed8a7051d12dcc165566a66e64ab970	c42dd7f7c1094c58b0597c7350f2d733224773c2	historical milestone authority plus independent M4 296-row regression binding
1	tam-original-impact-accept_id_unique	P2	M2	tamarin-prover	original-impact	accept_id_unique	tamarin/impact/kwaay_impact_original.spthy	accept_id_unique	32639f8c90a07bd945c3c5a196045bb38542f4caa6c325cf3ccc24ec7d00e9bf	direct_theorem	verified	m4-transparent-composite	direct	C_install-v2	true	300	Run1 systemd MemoryMax=16384MB; Run2 MemoryMax=49152MB; MemorySwapMax=0	tamarin/impact/run-impact-original.sh	841feabd908a01bdc68669ad99253a6755820389	7dc5be4ac1972b6cbb949301aac90b66e999215b	logs/tamarin-m4-hmac-dedup/source-run1/canonical-target-matrix.tsv	211ffd0a8ed8a7051d12dcc165566a66e64ab970	c42dd7f7c1094c58b0597c7350f2d733224773c2	historical milestone authority plus independent M4 296-row regression binding
1	tam-original-impact-install_has_prior_accept	P2	M2	tamarin-prover	original-impact	install_has_prior_accept	tamarin/impact/kwaay_impact_original.spthy	install_has_prior_accept	ef0557f301c7b45bba5ee552bbcae32a74cc2f4af275514aac78812cac16e563	structural_result	verified	m4-transparent-composite	direct	C_install-v2	true	300	Run1 systemd MemoryMax=16384MB; Run2 MemoryMax=49152MB; MemorySwapMax=0	tamarin/impact/run-impact-original.sh	841feabd908a01bdc68669ad99253a6755820389	7dc5be4ac1972b6cbb949301aac90b66e999215b	logs/tamarin-m4-hmac-dedup/source-run1/canonical-target-matrix.tsv	211ffd0a8ed8a7051d12dcc165566a66e64ab970	c42dd7f7c1094c58b0597c7350f2d733224773c2	historical milestone authority plus independent M4 296-row regression binding
1	tam-original-impact-install_session_has_interface_origin	P2	M2	tamarin-prover	original-impact	install_session_has_interface_origin	tamarin/impact/kwaay_impact_original.spthy	install_session_has_interface_origin	f583ea045f9fb053c7e2474142ad31798807402294712a5a1d89abf42f24d84a	structural_result	verified	m4-transparent-composite	direct	C_install-v2	true	300	Run1 systemd MemoryMax=16384MB; Run2 MemoryMax=49152MB; MemorySwapMax=0	tamarin/impact/run-impact-original.sh	841feabd908a01bdc68669ad99253a6755820389	7dc5be4ac1972b6cbb949301aac90b66e999215b	logs/tamarin-m4-hmac-dedup/source-run1/canonical-target-matrix.tsv	211ffd0a8ed8a7051d12dcc165566a66e64ab970	c42dd7f7c1094c58b0597c7350f2d733224773c2	historical milestone authority plus independent M4 296-row regression binding
1	tam-original-impact-install_from_accept_has_session	P2	M2	tamarin-prover	original-impact	install_from_accept_has_session	tamarin/impact/kwaay_impact_original.spthy	install_from_accept_has_session	363506a6dc962d1060043807b6f250a909b31f8b9df2842a4f892e9ddb090b25	structural_result	verified	m4-transparent-composite	direct	C_install-v2	true	300	Run1 systemd MemoryMax=16384MB; Run2 MemoryMax=49152MB; MemorySwapMax=0	tamarin/impact/run-impact-original.sh	841feabd908a01bdc68669ad99253a6755820389	7dc5be4ac1972b6cbb949301aac90b66e999215b	logs/tamarin-m4-hmac-dedup/source-run1/canonical-target-matrix.tsv	211ffd0a8ed8a7051d12dcc165566a66e64ab970	c42dd7f7c1094c58b0597c7350f2d733224773c2	historical milestone authority plus independent M4 296-row regression binding
1	tam-original-impact-install_event_has_single_source	P2	M2	tamarin-prover	original-impact	install_event_has_single_source	tamarin/impact/kwaay_impact_original.spthy	install_event_has_single_source	b60e04be720bf99c30a8c1f8d5360a2a16557dea394bf909f5eb298658f57b9d	structural_result	verified	m4-transparent-composite	direct	C_install-v2	true	300	Run1 systemd MemoryMax=16384MB; Run2 MemoryMax=49152MB; MemorySwapMax=0	tamarin/impact/run-impact-original.sh	841feabd908a01bdc68669ad99253a6755820389	7dc5be4ac1972b6cbb949301aac90b66e999215b	logs/tamarin-m4-hmac-dedup/source-run1/canonical-target-matrix.tsv	211ffd0a8ed8a7051d12dcc165566a66e64ab970	c42dd7f7c1094c58b0597c7350f2d733224773c2	historical milestone authority plus independent M4 296-row regression binding
1	tam-original-impact-install_handle_unique	P2	M2	tamarin-prover	original-impact	install_handle_unique	tamarin/impact/kwaay_impact_original.spthy	install_handle_unique	117db538908a6b98ac58c8e352db99b843c2fac1434a4e972cfde4eaea968b0d	direct_theorem	verified	m4-transparent-composite	direct	C_install-v2	true	300	Run1 systemd MemoryMax=16384MB; Run2 MemoryMax=49152MB; MemorySwapMax=0	tamarin/impact/run-impact-original.sh	841feabd908a01bdc68669ad99253a6755820389	7dc5be4ac1972b6cbb949301aac90b66e999215b	logs/tamarin-m4-hmac-dedup/source-run1/canonical-target-matrix.tsv	211ffd0a8ed8a7051d12dcc165566a66e64ab970	c42dd7f7c1094c58b0597c7350f2d733224773c2	historical milestone authority plus independent M4 296-row regression binding
1	tam-original-impact-accept_output_installed_at_most_once	P2	M2	tamarin-prover	original-impact	accept_output_installed_at_most_once	tamarin/impact/kwaay_impact_original.spthy	accept_output_installed_at_most_once	b877e2ab93970fdb01187c0349b4d81737aa0e6e980be888d56b67f9529eadb0	direct_theorem	verified	m4-transparent-composite	direct	C_install-v2	true	300	Run1 systemd MemoryMax=16384MB; Run2 MemoryMax=49152MB; MemorySwapMax=0	tamarin/impact/run-impact-original.sh	841feabd908a01bdc68669ad99253a6755820389	7dc5be4ac1972b6cbb949301aac90b66e999215b	logs/tamarin-m4-hmac-dedup/source-run1/canonical-target-matrix.tsv	211ffd0a8ed8a7051d12dcc165566a66e64ab970	c42dd7f7c1094c58b0597c7350f2d733224773c2	historical milestone authority plus independent M4 296-row regression binding
1	tam-original-impact-distinct_accept_sources_have_distinct_handles	P2	M2	tamarin-prover	original-impact	distinct_accept_sources_have_distinct_handles	tamarin/impact/kwaay_impact_original.spthy	distinct_accept_sources_have_distinct_handles	0f69bf1aa02accc89d46aa44a12f8438d16cc813b9ca16c967bb81b920c01c81	direct_theorem	verified	m4-transparent-composite	direct	C_install-v2	true	300	Run1 systemd MemoryMax=16384MB; Run2 MemoryMax=49152MB; MemorySwapMax=0	tamarin/impact/run-impact-original.sh	841feabd908a01bdc68669ad99253a6755820389	7dc5be4ac1972b6cbb949301aac90b66e999215b	logs/tamarin-m4-hmac-dedup/source-run1/canonical-target-matrix.tsv	211ffd0a8ed8a7051d12dcc165566a66e64ab970	c42dd7f7c1094c58b0597c7350f2d733224773c2	historical milestone authority plus independent M4 296-row regression binding
1	tam-original-impact-install_requires_batch_complete	P2	M2	tamarin-prover	original-impact	install_requires_batch_complete	tamarin/impact/kwaay_impact_original.spthy	install_requires_batch_complete	4c72b89117e0583d3844ebb93aed7bb318e0f831b2a8e2d158547363cdfb3d5b	structural_result	verified	m4-transparent-composite	direct	C_install-v2	true	300	Run1 systemd MemoryMax=16384MB; Run2 MemoryMax=49152MB; MemorySwapMax=0	tamarin/impact/run-impact-original.sh	841feabd908a01bdc68669ad99253a6755820389	7dc5be4ac1972b6cbb949301aac90b66e999215b	logs/tamarin-m4-hmac-dedup/source-run1/canonical-target-matrix.tsv	211ffd0a8ed8a7051d12dcc165566a66e64ab970	c42dd7f7c1094c58b0597c7350f2d733224773c2	historical milestone authority plus independent M4 296-row regression binding
1	tam-original-impact-consumer_complete_requires_all_outputs_installed	P2	M2	tamarin-prover	original-impact	consumer_complete_requires_all_outputs_installed	tamarin/impact/kwaay_impact_original.spthy	consumer_complete_requires_all_outputs_installed	81ecb5a802dca390012571c859328a231b0e3595c5bf639a64f94c07893a4d41	structural_result	verified	m4-transparent-composite	direct	C_install-v2	true	300	Run1 systemd MemoryMax=16384MB; Run2 MemoryMax=49152MB; MemorySwapMax=0	tamarin/impact/run-impact-original.sh	841feabd908a01bdc68669ad99253a6755820389	7dc5be4ac1972b6cbb949301aac90b66e999215b	logs/tamarin-m4-hmac-dedup/source-run1/canonical-target-matrix.tsv	211ffd0a8ed8a7051d12dcc165566a66e64ab970	c42dd7f7c1094c58b0597c7350f2d733224773c2	historical milestone authority plus independent M4 296-row regression binding
1	tam-original-impact-consumer_complete_single_use	P2	M2	tamarin-prover	original-impact	consumer_complete_single_use	tamarin/impact/kwaay_impact_original.spthy	consumer_complete_single_use	32cf9dab5c0f928fcd902d7dc3780148e31089609e669eedf94ebe718ae4dacb	conditional_C_install_v2	verified	m4-transparent-composite	direct	C_install-v2	true	300	Run1 systemd MemoryMax=16384MB; Run2 MemoryMax=49152MB; MemorySwapMax=0	tamarin/impact/run-impact-original.sh	841feabd908a01bdc68669ad99253a6755820389	7dc5be4ac1972b6cbb949301aac90b66e999215b	logs/tamarin-m4-hmac-dedup/source-run1/canonical-target-matrix.tsv	211ffd0a8ed8a7051d12dcc165566a66e64ab970	c42dd7f7c1094c58b0597c7350f2d733224773c2	historical milestone authority plus independent M4 296-row regression binding
1	tam-original-impact-no_install_after_consumer_close	P2	M2	tamarin-prover	original-impact	no_install_after_consumer_close	tamarin/impact/kwaay_impact_original.spthy	no_install_after_consumer_close	ed2dffea1e27e122bba39366e31dd5760dba1392125375d967642c9cd7d07f0b	conditional_C_install_v2	verified	m4-transparent-composite	direct	C_install-v2	true	300	Run1 systemd MemoryMax=16384MB; Run2 MemoryMax=49152MB; MemorySwapMax=0	tamarin/impact/run-impact-original.sh	841feabd908a01bdc68669ad99253a6755820389	7dc5be4ac1972b6cbb949301aac90b66e999215b	logs/tamarin-m4-hmac-dedup/source-run1/canonical-target-matrix.tsv	211ffd0a8ed8a7051d12dcc165566a66e64ab970	c42dd7f7c1094c58b0597c7350f2d733224773c2	historical milestone authority plus independent M4 296-row regression binding
1	tam-original-impact-normal_one_accept_one_install	P2	M2	tamarin-prover	original-impact	normal_one_accept_one_install	tamarin/impact/kwaay_impact_original.spthy	normal_one_accept_one_install	bec0201cfe947885b06bb63e026c098c55c2041842e2512e7a710561140123ea	non_vacuity	verified	m4-transparent-composite	direct	C_install-v2	true	300	Run1 systemd MemoryMax=16384MB; Run2 MemoryMax=49152MB; MemorySwapMax=0	tamarin/impact/run-impact-original.sh	841feabd908a01bdc68669ad99253a6755820389	7dc5be4ac1972b6cbb949301aac90b66e999215b	logs/tamarin-m4-hmac-dedup/source-run1/canonical-target-matrix.tsv	211ffd0a8ed8a7051d12dcc165566a66e64ab970	c42dd7f7c1094c58b0597c7350f2d733224773c2	historical milestone authority plus independent M4 296-row regression binding
1	tam-original-impact-normal_consumer_complete	P2	M2	tamarin-prover	original-impact	normal_consumer_complete	tamarin/impact/kwaay_impact_original.spthy	normal_consumer_complete	9c82a459812927a286cbd2e01b1e84295d6b2c95282d41b9d6e591ea567a23a0	non_vacuity	verified	m4-transparent-composite	direct	C_install-v2	true	300	Run1 systemd MemoryMax=16384MB; Run2 MemoryMax=49152MB; MemorySwapMax=0	tamarin/impact/run-impact-original.sh	841feabd908a01bdc68669ad99253a6755820389	7dc5be4ac1972b6cbb949301aac90b66e999215b	logs/tamarin-m4-hmac-dedup/source-run1/canonical-target-matrix.tsv	211ffd0a8ed8a7051d12dcc165566a66e64ab970	c42dd7f7c1094c58b0597c7350f2d733224773c2	historical milestone authority plus independent M4 296-row regression binding
1	tam-original-impact-one_send_two_accepts_two_installs_exists	P2	M2	tamarin-prover	original-impact	one_send_two_accepts_two_installs_exists	tamarin/impact/kwaay_impact_original.spthy	one_send_two_accepts_two_installs_exists	14a319e7ff16ccbe804e38633803495e2038bdf96deffe41c2fe2e2928f98039	positive_attack_witness	verified	m4-transparent-composite	direct	C_install-v2	true	300	Run1 systemd MemoryMax=16384MB; Run2 MemoryMax=49152MB; MemorySwapMax=0	tamarin/impact/run-impact-original.sh	841feabd908a01bdc68669ad99253a6755820389	7dc5be4ac1972b6cbb949301aac90b66e999215b	logs/tamarin-m4-hmac-dedup/source-run1/canonical-target-matrix.tsv	211ffd0a8ed8a7051d12dcc165566a66e64ab970	c42dd7f7c1094c58b0597c7350f2d733224773c2	historical milestone authority plus independent M4 296-row regression binding
1	tam-original-impact-unique_install_within_completed_consumer	P2	M2	tamarin-prover	original-impact	unique_install_within_completed_consumer	tamarin/impact/kwaay_impact_original.spthy	unique_install_within_completed_consumer	0ccad9701d29f5031f1a5c228d61ce872675dc0fa7098ef9afe6118ebc490592	falsified_universal_property	falsified	m4-transparent-composite	direct	C_install-v2	true	300	Run1 systemd MemoryMax=16384MB; Run2 MemoryMax=49152MB; MemorySwapMax=0	tamarin/impact/run-impact-original.sh	841feabd908a01bdc68669ad99253a6755820389	7dc5be4ac1972b6cbb949301aac90b66e999215b	logs/tamarin-m4-hmac-dedup/source-run1/canonical-target-matrix.tsv	211ffd0a8ed8a7051d12dcc165566a66e64ab970	c42dd7f7c1094c58b0597c7350f2d733224773c2	historical milestone authority plus independent M4 296-row regression binding
1	tam-original-impact-normal_single_accept	P2	M2	tamarin-prover	original-impact	normal_single_accept	tamarin/impact/kwaay_impact_original.spthy	normal_single_accept	5e817ac25aa6e66e238b10380293f790102828b58619db59e0d3fbdb950130ff	non_vacuity	verified	m4-transparent-composite	direct	C_install-v2	true	300	Run1 systemd MemoryMax=16384MB; Run2 MemoryMax=49152MB; MemorySwapMax=0	tamarin/impact/run-impact-original.sh	841feabd908a01bdc68669ad99253a6755820389	7dc5be4ac1972b6cbb949301aac90b66e999215b	logs/tamarin-m4-hmac-dedup/source-run1/canonical-target-matrix.tsv	211ffd0a8ed8a7051d12dcc165566a66e64ab970	c42dd7f7c1094c58b0597c7350f2d733224773c2	historical milestone authority plus independent M4 296-row regression binding
1	tam-original-impact-normal_batch_complete	P2	M2	tamarin-prover	original-impact	normal_batch_complete	tamarin/impact/kwaay_impact_original.spthy	normal_batch_complete	28766f1d96a3c886b64fc146ca80de467e3b935ebce40cc85c743342254b3a5f	non_vacuity	verified	m4-transparent-composite	direct	C_install-v2	true	300	Run1 systemd MemoryMax=16384MB; Run2 MemoryMax=49152MB; MemorySwapMax=0	tamarin/impact/run-impact-original.sh	841feabd908a01bdc68669ad99253a6755820389	7dc5be4ac1972b6cbb949301aac90b66e999215b	logs/tamarin-m4-hmac-dedup/source-run1/canonical-target-matrix.tsv	211ffd0a8ed8a7051d12dcc165566a66e64ab970	c42dd7f7c1094c58b0597c7350f2d733224773c2	historical milestone authority plus independent M4 296-row regression binding
1	tam-original-impact-one_send_two_accepts_exists	P2	M2	tamarin-prover	original-impact	one_send_two_accepts_exists	tamarin/impact/kwaay_impact_original.spthy	one_send_two_accepts_exists	8d3122f7ccf35f55fcf690be1f82003607ac1eddc2c6e89f46f60c2838b0d57d	positive_attack_witness	verified	m4-transparent-composite	direct	C_install-v2	true	300	Run1 systemd MemoryMax=16384MB; Run2 MemoryMax=49152MB; MemorySwapMax=0	tamarin/impact/run-impact-original.sh	841feabd908a01bdc68669ad99253a6755820389	7dc5be4ac1972b6cbb949301aac90b66e999215b	logs/tamarin-m4-hmac-dedup/source-run1/canonical-target-matrix.tsv	211ffd0a8ed8a7051d12dcc165566a66e64ab970	c42dd7f7c1094c58b0597c7350f2d733224773c2	historical milestone authority plus independent M4 296-row regression binding
1	tam-original-impact-same_message_accepted_at_most_once	P2	M2	tamarin-prover	original-impact	same_message_accepted_at_most_once	tamarin/impact/kwaay_impact_original.spthy	same_message_accepted_at_most_once	f8f92b4e28c4f546382019a8514523854e10b07ff24e35ace443969f6d6a4dfc	falsified_universal_property	falsified	m4-transparent-composite	direct	C_install-v2	true	300	Run1 systemd MemoryMax=16384MB; Run2 MemoryMax=49152MB; MemorySwapMax=0	tamarin/impact/run-impact-original.sh	841feabd908a01bdc68669ad99253a6755820389	7dc5be4ac1972b6cbb949301aac90b66e999215b	logs/tamarin-m4-hmac-dedup/source-run1/canonical-target-matrix.tsv	211ffd0a8ed8a7051d12dcc165566a66e64ab970	c42dd7f7c1094c58b0597c7350f2d733224773c2	historical milestone authority plus independent M4 296-row regression binding
1	tam-original-impact-full_message_unique_send	P2	M2	tamarin-prover	original-impact	full_message_unique_send	tamarin/impact/kwaay_impact_original.spthy	full_message_unique_send	bb7eb27af4b1d09f49fba5f6c80358cb4aca5a37336836ecc2ade860eb9475a8	direct_theorem	verified	m4-transparent-composite	direct	C_install-v2	true	300	Run1 systemd MemoryMax=16384MB; Run2 MemoryMax=49152MB; MemorySwapMax=0	tamarin/impact/run-impact-original.sh	841feabd908a01bdc68669ad99253a6755820389	7dc5be4ac1972b6cbb949301aac90b66e999215b	logs/tamarin-m4-hmac-dedup/source-run1/canonical-target-matrix.tsv	211ffd0a8ed8a7051d12dcc165566a66e64ab970	c42dd7f7c1094c58b0597c7350f2d733224773c2	historical milestone authority plus independent M4 296-row regression binding
1	tam-original-impact-receiver_accept_has_sender	P2	M2	tamarin-prover	original-impact	receiver_accept_has_sender	tamarin/impact/kwaay_impact_original.spthy	receiver_accept_has_sender	6e5a0f81941cd388d434b0a200eb45f8fd27614f89ab446b5c70f2b4264ba694	structural_result	verified	m4-transparent-composite	direct	C_install-v2	true	300	Run1 systemd MemoryMax=16384MB; Run2 MemoryMax=49152MB; MemorySwapMax=0	tamarin/impact/run-impact-original.sh	841feabd908a01bdc68669ad99253a6755820389	7dc5be4ac1972b6cbb949301aac90b66e999215b	logs/tamarin-m4-hmac-dedup/source-run1/canonical-target-matrix.tsv	211ffd0a8ed8a7051d12dcc165566a66e64ab970	c42dd7f7c1094c58b0597c7350f2d733224773c2	historical milestone authority plus independent M4 296-row regression binding
1	tam-original-impact-injective_receiver_accept	P2	M2	tamarin-prover	original-impact	injective_receiver_accept	tamarin/impact/kwaay_impact_original.spthy	injective_receiver_accept	e26fa3948fa0fedd43a2634d3608564edd7ceaefe4f8dd38add25ccfb95f2c4b	falsified_universal_property	falsified	m4-transparent-composite	direct	C_install-v2	true	300	Run1 systemd MemoryMax=16384MB; Run2 MemoryMax=49152MB; MemorySwapMax=0	tamarin/impact/run-impact-original.sh	841feabd908a01bdc68669ad99253a6755820389	7dc5be4ac1972b6cbb949301aac90b66e999215b	logs/tamarin-m4-hmac-dedup/source-run1/canonical-target-matrix.tsv	211ffd0a8ed8a7051d12dcc165566a66e64ab970	c42dd7f7c1094c58b0597c7350f2d733224773c2	historical milestone authority plus independent M4 296-row regression binding
1	tam-original-impact-slot_indices_distinct	P2	M2	tamarin-prover	original-impact	slot_indices_distinct	tamarin/impact/kwaay_impact_original.spthy	slot_indices_distinct	11399ada8750561b70b09bc62af5a023eb9b187b278a021e7c628affd2807977	regression	verified	m4-transparent-composite	direct	C_install-v2	true	300	Run1 systemd MemoryMax=16384MB; Run2 MemoryMax=49152MB; MemorySwapMax=0	tamarin/impact/run-impact-original.sh	841feabd908a01bdc68669ad99253a6755820389	7dc5be4ac1972b6cbb949301aac90b66e999215b	logs/tamarin-m4-hmac-dedup/source-run1/canonical-target-matrix.tsv	211ffd0a8ed8a7051d12dcc165566a66e64ab970	c42dd7f7c1094c58b0597c7350f2d733224773c2	historical milestone authority plus independent M4 296-row regression binding
1	tam-original-impact-process_requires_slot_added	P2	M2	tamarin-prover	original-impact	process_requires_slot_added	tamarin/impact/kwaay_impact_original.spthy	process_requires_slot_added	8d1a97c05e97180514e3ad24967d2361c8187d524d72def0ce489c04e3fd6eda	regression	verified	m4-transparent-composite	direct	C_install-v2	true	300	Run1 systemd MemoryMax=16384MB; Run2 MemoryMax=49152MB; MemorySwapMax=0	tamarin/impact/run-impact-original.sh	841feabd908a01bdc68669ad99253a6755820389	7dc5be4ac1972b6cbb949301aac90b66e999215b	logs/tamarin-m4-hmac-dedup/source-run1/canonical-target-matrix.tsv	211ffd0a8ed8a7051d12dcc165566a66e64ab970	c42dd7f7c1094c58b0597c7350f2d733224773c2	historical milestone authority plus independent M4 296-row regression binding
1	tam-original-impact-process_requires_seal	P2	M2	tamarin-prover	original-impact	process_requires_seal	tamarin/impact/kwaay_impact_original.spthy	process_requires_seal	2f644d5f1ded9c276ddfaccedbe79b296be3bc1872c1e5838f25730480412dd5	regression	verified	m4-transparent-composite	direct	C_install-v2	true	300	Run1 systemd MemoryMax=16384MB; Run2 MemoryMax=49152MB; MemorySwapMax=0	tamarin/impact/run-impact-original.sh	841feabd908a01bdc68669ad99253a6755820389	7dc5be4ac1972b6cbb949301aac90b66e999215b	logs/tamarin-m4-hmac-dedup/source-run1/canonical-target-matrix.tsv	211ffd0a8ed8a7051d12dcc165566a66e64ab970	c42dd7f7c1094c58b0597c7350f2d733224773c2	historical milestone authority plus independent M4 296-row regression binding
1	tam-original-impact-complete_requires_all_slots_processed	P2	M2	tamarin-prover	original-impact	complete_requires_all_slots_processed	tamarin/impact/kwaay_impact_original.spthy	complete_requires_all_slots_processed	cb182567480b74aa24da45263097c5f85551bc09db950930da77db8796cdc8fb	regression	verified	m4-transparent-composite	direct	C_install-v2	true	300	Run1 systemd MemoryMax=16384MB; Run2 MemoryMax=49152MB; MemorySwapMax=0	tamarin/impact/run-impact-original.sh	841feabd908a01bdc68669ad99253a6755820389	7dc5be4ac1972b6cbb949301aac90b66e999215b	logs/tamarin-m4-hmac-dedup/source-run1/canonical-target-matrix.tsv	211ffd0a8ed8a7051d12dcc165566a66e64ab970	c42dd7f7c1094c58b0597c7350f2d733224773c2	historical milestone authority plus independent M4 296-row regression binding
1	tam-original-impact-no_add_after_seal	P2	M2	tamarin-prover	original-impact	no_add_after_seal	tamarin/impact/kwaay_impact_original.spthy	no_add_after_seal	411b04e7ea4baf9740c6a8237fd6774fcdee54db3e92cc3a6ec18b715d08434d	regression	verified	m4-transparent-composite	direct	C_install-v2	true	300	Run1 systemd MemoryMax=16384MB; Run2 MemoryMax=49152MB; MemorySwapMax=0	tamarin/impact/run-impact-original.sh	841feabd908a01bdc68669ad99253a6755820389	7dc5be4ac1972b6cbb949301aac90b66e999215b	logs/tamarin-m4-hmac-dedup/source-run1/canonical-target-matrix.tsv	211ffd0a8ed8a7051d12dcc165566a66e64ab970	c42dd7f7c1094c58b0597c7350f2d733224773c2	historical milestone authority plus independent M4 296-row regression binding
1	tam-original-impact-no_accept_after_close	P2	M2	tamarin-prover	original-impact	no_accept_after_close	tamarin/impact/kwaay_impact_original.spthy	no_accept_after_close	439c2daca49898ac876db419a65efd69b6fa19f08bb24028471af04753da7efc	regression	verified	m4-transparent-composite	direct	C_install-v2	true	300	Run1 systemd MemoryMax=16384MB; Run2 MemoryMax=49152MB; MemorySwapMax=0	tamarin/impact/run-impact-original.sh	841feabd908a01bdc68669ad99253a6755820389	7dc5be4ac1972b6cbb949301aac90b66e999215b	logs/tamarin-m4-hmac-dedup/source-run1/canonical-target-matrix.tsv	211ffd0a8ed8a7051d12dcc165566a66e64ab970	c42dd7f7c1094c58b0597c7350f2d733224773c2	historical milestone authority plus independent M4 296-row regression binding
1	tam-original-impact-batch_complete_consumes_state	P2	M2	tamarin-prover	original-impact	batch_complete_consumes_state	tamarin/impact/kwaay_impact_original.spthy	batch_complete_consumes_state	ebdee3b44e3be089ed16a88d24ec0dc8f359eade0d8593da63a4ae22b3ad965a	regression	verified	m4-transparent-composite	direct	C_install-v2	true	300	Run1 systemd MemoryMax=16384MB; Run2 MemoryMax=49152MB; MemorySwapMax=0	tamarin/impact/run-impact-original.sh	841feabd908a01bdc68669ad99253a6755820389	7dc5be4ac1972b6cbb949301aac90b66e999215b	logs/tamarin-m4-hmac-dedup/source-run1/canonical-target-matrix.tsv	211ffd0a8ed8a7051d12dcc165566a66e64ab970	c42dd7f7c1094c58b0597c7350f2d733224773c2	historical milestone authority plus independent M4 296-row regression binding
1	tam-original-impact-batch_fail_consumes_state	P2	M2	tamarin-prover	original-impact	batch_fail_consumes_state	tamarin/impact/kwaay_impact_original.spthy	batch_fail_consumes_state	8b6a70b6f809f50f347ccf7bca53d26223e5865b44453716060ef2455c372e5e	regression	verified	m4-transparent-composite	direct	C_install-v2	true	300	Run1 systemd MemoryMax=16384MB; Run2 MemoryMax=49152MB; MemorySwapMax=0	tamarin/impact/run-impact-original.sh	841feabd908a01bdc68669ad99253a6755820389	7dc5be4ac1972b6cbb949301aac90b66e999215b	logs/tamarin-m4-hmac-dedup/source-run1/canonical-target-matrix.tsv	211ffd0a8ed8a7051d12dcc165566a66e64ab970	c42dd7f7c1094c58b0597c7350f2d733224773c2	historical milestone authority plus independent M4 296-row regression binding
1	tam-original-impact-batch_end_token_single_use	P2	M2	tamarin-prover	original-impact	batch_end_token_single_use	tamarin/impact/kwaay_impact_original.spthy	batch_end_token_single_use	23a1c2e656716ffcd2452ad001cbe7a427ca49a95958b391f2e30da6780f8f36	regression	verified	m4-transparent-composite	direct	C_install-v2	true	300	Run1 systemd MemoryMax=16384MB; Run2 MemoryMax=49152MB; MemorySwapMax=0	tamarin/impact/run-impact-original.sh	841feabd908a01bdc68669ad99253a6755820389	7dc5be4ac1972b6cbb949301aac90b66e999215b	logs/tamarin-m4-hmac-dedup/source-run1/canonical-target-matrix.tsv	211ffd0a8ed8a7051d12dcc165566a66e64ab970	c42dd7f7c1094c58b0597c7350f2d733224773c2	historical milestone authority plus independent M4 296-row regression binding
1	tam-original-impact-receiver_state_single_batch	P2	M2	tamarin-prover	original-impact	receiver_state_single_batch	tamarin/impact/kwaay_impact_original.spthy	receiver_state_single_batch	49285db8f472b52c1794584742fc65e5fde58d245a6377bd4d915dbb1a44035f	regression	verified	m4-transparent-composite	direct	C_install-v2	true	300	Run1 systemd MemoryMax=16384MB; Run2 MemoryMax=49152MB; MemorySwapMax=0	tamarin/impact/run-impact-original.sh	841feabd908a01bdc68669ad99253a6755820389	7dc5be4ac1972b6cbb949301aac90b66e999215b	logs/tamarin-m4-hmac-dedup/source-run1/canonical-target-matrix.tsv	211ffd0a8ed8a7051d12dcc165566a66e64ab970	c42dd7f7c1094c58b0597c7350f2d733224773c2	historical milestone authority plus independent M4 296-row regression binding
1	tam-original-impact-receiver_state_single_batch_end	P2	M2	tamarin-prover	original-impact	receiver_state_single_batch_end	tamarin/impact/kwaay_impact_original.spthy	receiver_state_single_batch_end	2df7e8efb05f0de9a1dee2b47d6abb6fb55deac0aa213608f7a984cfc50b1fec	regression	verified	m4-transparent-composite	direct	C_install-v2	true	300	Run1 systemd MemoryMax=16384MB; Run2 MemoryMax=49152MB; MemorySwapMax=0	tamarin/impact/run-impact-original.sh	841feabd908a01bdc68669ad99253a6755820389	7dc5be4ac1972b6cbb949301aac90b66e999215b	logs/tamarin-m4-hmac-dedup/source-run1/canonical-target-matrix.tsv	211ffd0a8ed8a7051d12dcc165566a66e64ab970	c42dd7f7c1094c58b0597c7350f2d733224773c2	historical milestone authority plus independent M4 296-row regression binding
1	tam-fixed-replay-normal_single_accept	P3	M3	tamarin-prover	fixed-replay	normal_single_accept	tamarin/replay/kwaay_replay_fixed.spthy	normal_single_accept	5e817ac25aa6e66e238b10380293f790102828b58619db59e0d3fbdb950130ff	non_vacuity	verified	m4-transparent-composite	direct	none	true	300	Run1 systemd MemoryMax=16384MB; Run2 MemoryMax=49152MB; MemorySwapMax=0	tamarin/milestones/run-m3-dedup.sh	282532fd922f3a7f7928f3772b3325fe06785730	1b2bcd06448b832663b4534dcfc5074ac3c9e683	logs/tamarin-m4-hmac-dedup/source-run1/canonical-target-matrix.tsv	211ffd0a8ed8a7051d12dcc165566a66e64ab970	c42dd7f7c1094c58b0597c7350f2d733224773c2	historical milestone authority plus independent M4 296-row regression binding
1	tam-fixed-replay-normal_batch_complete	P3	M3	tamarin-prover	fixed-replay	normal_batch_complete	tamarin/replay/kwaay_replay_fixed.spthy	normal_batch_complete	28766f1d96a3c886b64fc146ca80de467e3b935ebce40cc85c743342254b3a5f	non_vacuity	verified	m4-transparent-composite	direct	none	true	300	Run1 systemd MemoryMax=16384MB; Run2 MemoryMax=49152MB; MemorySwapMax=0	tamarin/milestones/run-m3-dedup.sh	282532fd922f3a7f7928f3772b3325fe06785730	1b2bcd06448b832663b4534dcfc5074ac3c9e683	logs/tamarin-m4-hmac-dedup/source-run1/canonical-target-matrix.tsv	211ffd0a8ed8a7051d12dcc165566a66e64ab970	c42dd7f7c1094c58b0597c7350f2d733224773c2	historical milestone authority plus independent M4 296-row regression binding
1	tam-fixed-replay-one_send_two_accepts_exists	P3	M3	tamarin-prover	fixed-replay	one_send_two_accepts_exists	tamarin/replay/kwaay_replay_fixed.spthy	one_send_two_accepts_exists	8d3122f7ccf35f55fcf690be1f82003607ac1eddc2c6e89f46f60c2838b0d57d	blocked_attack_witness_regression	falsified	m4-transparent-composite	direct	none	true	300	Run1 systemd MemoryMax=16384MB; Run2 MemoryMax=49152MB; MemorySwapMax=0	tamarin/milestones/run-m3-dedup.sh	282532fd922f3a7f7928f3772b3325fe06785730	1b2bcd06448b832663b4534dcfc5074ac3c9e683	logs/tamarin-m4-hmac-dedup/source-run1/canonical-target-matrix.tsv	211ffd0a8ed8a7051d12dcc165566a66e64ab970	c42dd7f7c1094c58b0597c7350f2d733224773c2	historical milestone authority plus independent M4 296-row regression binding
1	tam-fixed-replay-same_message_accepted_at_most_once	P3	M3	tamarin-prover	fixed-replay	same_message_accepted_at_most_once	tamarin/replay/kwaay_replay_fixed.spthy	same_message_accepted_at_most_once	f8f92b4e28c4f546382019a8514523854e10b07ff24e35ace443969f6d6a4dfc	direct_theorem	verified	m4-transparent-composite	direct	none	true	300	Run1 systemd MemoryMax=16384MB; Run2 MemoryMax=49152MB; MemorySwapMax=0	tamarin/milestones/run-m3-dedup.sh	282532fd922f3a7f7928f3772b3325fe06785730	1b2bcd06448b832663b4534dcfc5074ac3c9e683	logs/tamarin-m4-hmac-dedup/source-run1/canonical-target-matrix.tsv	211ffd0a8ed8a7051d12dcc165566a66e64ab970	c42dd7f7c1094c58b0597c7350f2d733224773c2	historical milestone authority plus independent M4 296-row regression binding
1	tam-fixed-replay-full_message_unique_send	P3	M3	tamarin-prover	fixed-replay	full_message_unique_send	tamarin/replay/kwaay_replay_fixed.spthy	full_message_unique_send	bb7eb27af4b1d09f49fba5f6c80358cb4aca5a37336836ecc2ade860eb9475a8	direct_theorem	verified	m4-transparent-composite	direct	none	true	300	Run1 systemd MemoryMax=16384MB; Run2 MemoryMax=49152MB; MemorySwapMax=0	tamarin/milestones/run-m3-dedup.sh	282532fd922f3a7f7928f3772b3325fe06785730	1b2bcd06448b832663b4534dcfc5074ac3c9e683	logs/tamarin-m4-hmac-dedup/source-run1/canonical-target-matrix.tsv	211ffd0a8ed8a7051d12dcc165566a66e64ab970	c42dd7f7c1094c58b0597c7350f2d733224773c2	historical milestone authority plus independent M4 296-row regression binding
1	tam-fixed-replay-receiver_accept_has_sender	P3	M3	tamarin-prover	fixed-replay	receiver_accept_has_sender	tamarin/replay/kwaay_replay_fixed.spthy	receiver_accept_has_sender	6e5a0f81941cd388d434b0a200eb45f8fd27614f89ab446b5c70f2b4264ba694	structural_result	verified	m4-transparent-composite	direct	none	true	300	Run1 systemd MemoryMax=16384MB; Run2 MemoryMax=49152MB; MemorySwapMax=0	tamarin/milestones/run-m3-dedup.sh	282532fd922f3a7f7928f3772b3325fe06785730	1b2bcd06448b832663b4534dcfc5074ac3c9e683	logs/tamarin-m4-hmac-dedup/source-run1/canonical-target-matrix.tsv	211ffd0a8ed8a7051d12dcc165566a66e64ab970	c42dd7f7c1094c58b0597c7350f2d733224773c2	historical milestone authority plus independent M4 296-row regression binding
1	tam-fixed-replay-injective_receiver_accept	P3	M3	tamarin-prover	fixed-replay	injective_receiver_accept	tamarin/replay/kwaay_replay_fixed.spthy	injective_receiver_accept	e26fa3948fa0fedd43a2634d3608564edd7ceaefe4f8dd38add25ccfb95f2c4b	direct_theorem	verified	m4-transparent-composite	direct	none	true	300	Run1 systemd MemoryMax=16384MB; Run2 MemoryMax=49152MB; MemorySwapMax=0	tamarin/milestones/run-m3-dedup.sh	282532fd922f3a7f7928f3772b3325fe06785730	1b2bcd06448b832663b4534dcfc5074ac3c9e683	logs/tamarin-m4-hmac-dedup/source-run1/canonical-target-matrix.tsv	211ffd0a8ed8a7051d12dcc165566a66e64ab970	c42dd7f7c1094c58b0597c7350f2d733224773c2	historical milestone authority plus independent M4 296-row regression binding
1	tam-fixed-replay-slot_indices_distinct	P3	M3	tamarin-prover	fixed-replay	slot_indices_distinct	tamarin/replay/kwaay_replay_fixed.spthy	slot_indices_distinct	11399ada8750561b70b09bc62af5a023eb9b187b278a021e7c628affd2807977	regression	verified	m4-transparent-composite	direct	none	true	300	Run1 systemd MemoryMax=16384MB; Run2 MemoryMax=49152MB; MemorySwapMax=0	tamarin/milestones/run-m3-dedup.sh	282532fd922f3a7f7928f3772b3325fe06785730	1b2bcd06448b832663b4534dcfc5074ac3c9e683	logs/tamarin-m4-hmac-dedup/source-run1/canonical-target-matrix.tsv	211ffd0a8ed8a7051d12dcc165566a66e64ab970	c42dd7f7c1094c58b0597c7350f2d733224773c2	historical milestone authority plus independent M4 296-row regression binding
1	tam-fixed-replay-process_requires_slot_added	P3	M3	tamarin-prover	fixed-replay	process_requires_slot_added	tamarin/replay/kwaay_replay_fixed.spthy	process_requires_slot_added	8d1a97c05e97180514e3ad24967d2361c8187d524d72def0ce489c04e3fd6eda	regression	verified	m4-transparent-composite	direct	none	true	300	Run1 systemd MemoryMax=16384MB; Run2 MemoryMax=49152MB; MemorySwapMax=0	tamarin/milestones/run-m3-dedup.sh	282532fd922f3a7f7928f3772b3325fe06785730	1b2bcd06448b832663b4534dcfc5074ac3c9e683	logs/tamarin-m4-hmac-dedup/source-run1/canonical-target-matrix.tsv	211ffd0a8ed8a7051d12dcc165566a66e64ab970	c42dd7f7c1094c58b0597c7350f2d733224773c2	historical milestone authority plus independent M4 296-row regression binding
1	tam-fixed-replay-process_requires_seal	P3	M3	tamarin-prover	fixed-replay	process_requires_seal	tamarin/replay/kwaay_replay_fixed.spthy	process_requires_seal	2f644d5f1ded9c276ddfaccedbe79b296be3bc1872c1e5838f25730480412dd5	regression	verified	m4-transparent-composite	direct	none	true	300	Run1 systemd MemoryMax=16384MB; Run2 MemoryMax=49152MB; MemorySwapMax=0	tamarin/milestones/run-m3-dedup.sh	282532fd922f3a7f7928f3772b3325fe06785730	1b2bcd06448b832663b4534dcfc5074ac3c9e683	logs/tamarin-m4-hmac-dedup/source-run1/canonical-target-matrix.tsv	211ffd0a8ed8a7051d12dcc165566a66e64ab970	c42dd7f7c1094c58b0597c7350f2d733224773c2	historical milestone authority plus independent M4 296-row regression binding
1	tam-fixed-replay-complete_requires_all_slots_processed	P3	M3	tamarin-prover	fixed-replay	complete_requires_all_slots_processed	tamarin/replay/kwaay_replay_fixed.spthy	complete_requires_all_slots_processed	cb182567480b74aa24da45263097c5f85551bc09db950930da77db8796cdc8fb	regression	verified	m4-transparent-composite	direct	none	true	300	Run1 systemd MemoryMax=16384MB; Run2 MemoryMax=49152MB; MemorySwapMax=0	tamarin/milestones/run-m3-dedup.sh	282532fd922f3a7f7928f3772b3325fe06785730	1b2bcd06448b832663b4534dcfc5074ac3c9e683	logs/tamarin-m4-hmac-dedup/source-run1/canonical-target-matrix.tsv	211ffd0a8ed8a7051d12dcc165566a66e64ab970	c42dd7f7c1094c58b0597c7350f2d733224773c2	historical milestone authority plus independent M4 296-row regression binding
1	tam-fixed-replay-no_add_after_seal	P3	M3	tamarin-prover	fixed-replay	no_add_after_seal	tamarin/replay/kwaay_replay_fixed.spthy	no_add_after_seal	411b04e7ea4baf9740c6a8237fd6774fcdee54db3e92cc3a6ec18b715d08434d	regression	verified	m4-transparent-composite	direct	none	true	300	Run1 systemd MemoryMax=16384MB; Run2 MemoryMax=49152MB; MemorySwapMax=0	tamarin/milestones/run-m3-dedup.sh	282532fd922f3a7f7928f3772b3325fe06785730	1b2bcd06448b832663b4534dcfc5074ac3c9e683	logs/tamarin-m4-hmac-dedup/source-run1/canonical-target-matrix.tsv	211ffd0a8ed8a7051d12dcc165566a66e64ab970	c42dd7f7c1094c58b0597c7350f2d733224773c2	historical milestone authority plus independent M4 296-row regression binding
1	tam-fixed-replay-no_accept_after_close	P3	M3	tamarin-prover	fixed-replay	no_accept_after_close	tamarin/replay/kwaay_replay_fixed.spthy	no_accept_after_close	439c2daca49898ac876db419a65efd69b6fa19f08bb24028471af04753da7efc	regression	verified	m4-transparent-composite	direct	none	true	300	Run1 systemd MemoryMax=16384MB; Run2 MemoryMax=49152MB; MemorySwapMax=0	tamarin/milestones/run-m3-dedup.sh	282532fd922f3a7f7928f3772b3325fe06785730	1b2bcd06448b832663b4534dcfc5074ac3c9e683	logs/tamarin-m4-hmac-dedup/source-run1/canonical-target-matrix.tsv	211ffd0a8ed8a7051d12dcc165566a66e64ab970	c42dd7f7c1094c58b0597c7350f2d733224773c2	historical milestone authority plus independent M4 296-row regression binding
1	tam-fixed-replay-batch_complete_consumes_state	P3	M3	tamarin-prover	fixed-replay	batch_complete_consumes_state	tamarin/replay/kwaay_replay_fixed.spthy	batch_complete_consumes_state	ebdee3b44e3be089ed16a88d24ec0dc8f359eade0d8593da63a4ae22b3ad965a	regression	verified	m4-transparent-composite	direct	none	true	300	Run1 systemd MemoryMax=16384MB; Run2 MemoryMax=49152MB; MemorySwapMax=0	tamarin/milestones/run-m3-dedup.sh	282532fd922f3a7f7928f3772b3325fe06785730	1b2bcd06448b832663b4534dcfc5074ac3c9e683	logs/tamarin-m4-hmac-dedup/source-run1/canonical-target-matrix.tsv	211ffd0a8ed8a7051d12dcc165566a66e64ab970	c42dd7f7c1094c58b0597c7350f2d733224773c2	historical milestone authority plus independent M4 296-row regression binding
1	tam-fixed-replay-batch_fail_consumes_state	P3	M3	tamarin-prover	fixed-replay	batch_fail_consumes_state	tamarin/replay/kwaay_replay_fixed.spthy	batch_fail_consumes_state	8b6a70b6f809f50f347ccf7bca53d26223e5865b44453716060ef2455c372e5e	regression	verified	m4-transparent-composite	direct	none	true	300	Run1 systemd MemoryMax=16384MB; Run2 MemoryMax=49152MB; MemorySwapMax=0	tamarin/milestones/run-m3-dedup.sh	282532fd922f3a7f7928f3772b3325fe06785730	1b2bcd06448b832663b4534dcfc5074ac3c9e683	logs/tamarin-m4-hmac-dedup/source-run1/canonical-target-matrix.tsv	211ffd0a8ed8a7051d12dcc165566a66e64ab970	c42dd7f7c1094c58b0597c7350f2d733224773c2	historical milestone authority plus independent M4 296-row regression binding
1	tam-fixed-replay-batch_end_token_single_use	P3	M3	tamarin-prover	fixed-replay	batch_end_token_single_use	tamarin/replay/kwaay_replay_fixed.spthy	batch_end_token_single_use	23a1c2e656716ffcd2452ad001cbe7a427ca49a95958b391f2e30da6780f8f36	regression	verified	m4-transparent-composite	direct	none	true	300	Run1 systemd MemoryMax=16384MB; Run2 MemoryMax=49152MB; MemorySwapMax=0	tamarin/milestones/run-m3-dedup.sh	282532fd922f3a7f7928f3772b3325fe06785730	1b2bcd06448b832663b4534dcfc5074ac3c9e683	logs/tamarin-m4-hmac-dedup/source-run1/canonical-target-matrix.tsv	211ffd0a8ed8a7051d12dcc165566a66e64ab970	c42dd7f7c1094c58b0597c7350f2d733224773c2	historical milestone authority plus independent M4 296-row regression binding
1	tam-fixed-replay-receiver_state_single_batch	P3	M3	tamarin-prover	fixed-replay	receiver_state_single_batch	tamarin/replay/kwaay_replay_fixed.spthy	receiver_state_single_batch	49285db8f472b52c1794584742fc65e5fde58d245a6377bd4d915dbb1a44035f	regression	verified	m4-transparent-composite	direct	none	true	300	Run1 systemd MemoryMax=16384MB; Run2 MemoryMax=49152MB; MemorySwapMax=0	tamarin/milestones/run-m3-dedup.sh	282532fd922f3a7f7928f3772b3325fe06785730	1b2bcd06448b832663b4534dcfc5074ac3c9e683	logs/tamarin-m4-hmac-dedup/source-run1/canonical-target-matrix.tsv	211ffd0a8ed8a7051d12dcc165566a66e64ab970	c42dd7f7c1094c58b0597c7350f2d733224773c2	historical milestone authority plus independent M4 296-row regression binding
1	tam-fixed-replay-receiver_state_single_batch_end	P3	M3	tamarin-prover	fixed-replay	receiver_state_single_batch_end	tamarin/replay/kwaay_replay_fixed.spthy	receiver_state_single_batch_end	2df7e8efb05f0de9a1dee2b47d6abb6fb55deac0aa213608f7a984cfc50b1fec	regression	verified	m4-transparent-composite	direct	none	true	300	Run1 systemd MemoryMax=16384MB; Run2 MemoryMax=49152MB; MemorySwapMax=0	tamarin/milestones/run-m3-dedup.sh	282532fd922f3a7f7928f3772b3325fe06785730	1b2bcd06448b832663b4534dcfc5074ac3c9e683	logs/tamarin-m4-hmac-dedup/source-run1/canonical-target-matrix.tsv	211ffd0a8ed8a7051d12dcc165566a66e64ab970	c42dd7f7c1094c58b0597c7350f2d733224773c2	historical milestone authority plus independent M4 296-row regression binding
1	tam-fixed-replay-duplicate_batch_fail_exists	P3	M3	tamarin-prover	fixed-replay	duplicate_batch_fail_exists	tamarin/replay/kwaay_replay_fixed.spthy	duplicate_batch_fail_exists	3ba2a2037b1ee5ce82bfa2ac69662231000db91bdd01c50ded6476410571cdd1	non_vacuity	verified	m4-transparent-composite	direct	none	true	300	Run1 systemd MemoryMax=16384MB; Run2 MemoryMax=49152MB; MemorySwapMax=0	tamarin/milestones/run-m3-dedup.sh	282532fd922f3a7f7928f3772b3325fe06785730	1b2bcd06448b832663b4534dcfc5074ac3c9e683	logs/tamarin-m4-hmac-dedup/source-run1/canonical-target-matrix.tsv	211ffd0a8ed8a7051d12dcc165566a66e64ab970	c42dd7f7c1094c58b0597c7350f2d733224773c2	historical milestone authority plus independent M4 296-row regression binding
1	tam-fixed-replay-duplicate_detected_before_any_accept	P3	M3	tamarin-prover	fixed-replay	duplicate_detected_before_any_accept	tamarin/replay/kwaay_replay_fixed.spthy	duplicate_detected_before_any_accept	192239f9c9ccf0b18379915acec76a926941aac2340c42fc22b5a93c11c31cd1	direct_theorem	verified	m4-transparent-composite	direct	none	true	300	Run1 systemd MemoryMax=16384MB; Run2 MemoryMax=49152MB; MemorySwapMax=0	tamarin/milestones/run-m3-dedup.sh	282532fd922f3a7f7928f3772b3325fe06785730	1b2bcd06448b832663b4534dcfc5074ac3c9e683	logs/tamarin-m4-hmac-dedup/source-run1/canonical-target-matrix.tsv	211ffd0a8ed8a7051d12dcc165566a66e64ab970	c42dd7f7c1094c58b0597c7350f2d733224773c2	historical milestone authority plus independent M4 296-row regression binding
1	tam-fixed-replay-duplicate_batch_has_no_accept	P3	M3	tamarin-prover	fixed-replay	duplicate_batch_has_no_accept	tamarin/replay/kwaay_replay_fixed.spthy	duplicate_batch_has_no_accept	7c31078bed853bac7d5b1a303d8897d9d354c1cfe6b9f66f4c020952af7212c3	direct_theorem	verified	m4-transparent-composite	direct	none	true	300	Run1 systemd MemoryMax=16384MB; Run2 MemoryMax=49152MB; MemorySwapMax=0	tamarin/milestones/run-m3-dedup.sh	282532fd922f3a7f7928f3772b3325fe06785730	1b2bcd06448b832663b4534dcfc5074ac3c9e683	logs/tamarin-m4-hmac-dedup/source-run1/canonical-target-matrix.tsv	211ffd0a8ed8a7051d12dcc165566a66e64ab970	c42dd7f7c1094c58b0597c7350f2d733224773c2	historical milestone authority plus independent M4 296-row regression binding
1	tam-fixed-replay-process_requires_dedup_pass	P3	M3	tamarin-prover	fixed-replay	process_requires_dedup_pass	tamarin/replay/kwaay_replay_fixed.spthy	process_requires_dedup_pass	7c580e8795aef35b9e651794b4eafcbd0f6fb6ae369b356cdbd1fc4152efea7f	regression	verified	m4-transparent-composite	direct	none	true	300	Run1 systemd MemoryMax=16384MB; Run2 MemoryMax=49152MB; MemorySwapMax=0	tamarin/milestones/run-m3-dedup.sh	282532fd922f3a7f7928f3772b3325fe06785730	1b2bcd06448b832663b4534dcfc5074ac3c9e683	logs/tamarin-m4-hmac-dedup/source-run1/canonical-target-matrix.tsv	211ffd0a8ed8a7051d12dcc165566a66e64ab970	c42dd7f7c1094c58b0597c7350f2d733224773c2	historical milestone authority plus independent M4 296-row regression binding
1	tam-fixed-replay-dedup_pass_messages_distinct	P3	M3	tamarin-prover	fixed-replay	dedup_pass_messages_distinct	tamarin/replay/kwaay_replay_fixed.spthy	dedup_pass_messages_distinct	b668eb76c4fc9d03a232a74880bf18b8b51f312bfa0fe4b3796ec7ea103ae73c	regression	verified	m4-transparent-composite	direct	none	true	300	Run1 systemd MemoryMax=16384MB; Run2 MemoryMax=49152MB; MemorySwapMax=0	tamarin/milestones/run-m3-dedup.sh	282532fd922f3a7f7928f3772b3325fe06785730	1b2bcd06448b832663b4534dcfc5074ac3c9e683	logs/tamarin-m4-hmac-dedup/source-run1/canonical-target-matrix.tsv	211ffd0a8ed8a7051d12dcc165566a66e64ab970	c42dd7f7c1094c58b0597c7350f2d733224773c2	historical milestone authority plus independent M4 296-row regression binding
1	tam-fixed-replay-dedup_decision_single_use	P3	M3	tamarin-prover	fixed-replay	dedup_decision_single_use	tamarin/replay/kwaay_replay_fixed.spthy	dedup_decision_single_use	69e7d9690027e00d75e72abad8cbb5882952b3c42cd43a2a5af03195886767b9	regression	verified	m4-transparent-composite	direct	none	true	300	Run1 systemd MemoryMax=16384MB; Run2 MemoryMax=49152MB; MemorySwapMax=0	tamarin/milestones/run-m3-dedup.sh	282532fd922f3a7f7928f3772b3325fe06785730	1b2bcd06448b832663b4534dcfc5074ac3c9e683	logs/tamarin-m4-hmac-dedup/source-run1/canonical-target-matrix.tsv	211ffd0a8ed8a7051d12dcc165566a66e64ab970	c42dd7f7c1094c58b0597c7350f2d733224773c2	historical milestone authority plus independent M4 296-row regression binding
1	tam-fixed-replay-dedup_outcomes_exclusive	P3	M3	tamarin-prover	fixed-replay	dedup_outcomes_exclusive	tamarin/replay/kwaay_replay_fixed.spthy	dedup_outcomes_exclusive	3d8c80f461654a0fa2611ecedc579e98c726d2e2b851455d63e22719427c2112	regression	verified	m4-transparent-composite	direct	none	true	300	Run1 systemd MemoryMax=16384MB; Run2 MemoryMax=49152MB; MemorySwapMax=0	tamarin/milestones/run-m3-dedup.sh	282532fd922f3a7f7928f3772b3325fe06785730	1b2bcd06448b832663b4534dcfc5074ac3c9e683	logs/tamarin-m4-hmac-dedup/source-run1/canonical-target-matrix.tsv	211ffd0a8ed8a7051d12dcc165566a66e64ab970	c42dd7f7c1094c58b0597c7350f2d733224773c2	historical milestone authority plus independent M4 296-row regression binding
1	tam-fixed-replay-normal_distinct_batch_complete	P3	M3	tamarin-prover	fixed-replay	normal_distinct_batch_complete	tamarin/replay/kwaay_replay_fixed.spthy	normal_distinct_batch_complete	4de301ca0ddb7cf062a380b2af84e5a24be92313489ee430c1887b7ae6e8b964	non_vacuity	verified	m4-transparent-composite	direct	none	true	300	Run1 systemd MemoryMax=16384MB; Run2 MemoryMax=49152MB; MemorySwapMax=0	tamarin/milestones/run-m3-dedup.sh	282532fd922f3a7f7928f3772b3325fe06785730	1b2bcd06448b832663b4534dcfc5074ac3c9e683	logs/tamarin-m4-hmac-dedup/source-run1/canonical-target-matrix.tsv	211ffd0a8ed8a7051d12dcc165566a66e64ab970	c42dd7f7c1094c58b0597c7350f2d733224773c2	historical milestone authority plus independent M4 296-row regression binding
1	tam-fixed-replay-normal_distinct_fail_slot1_exists	P3	M3	tamarin-prover	fixed-replay	normal_distinct_fail_slot1_exists	tamarin/replay/kwaay_replay_fixed.spthy	normal_distinct_fail_slot1_exists	5a6d2034fcb0fd6d23702d1c099f5a7ef41bb77c79bbb05535b01bcc5549b713	non_vacuity	verified	m4-transparent-composite	direct	none	true	300	Run1 systemd MemoryMax=16384MB; Run2 MemoryMax=49152MB; MemorySwapMax=0	tamarin/milestones/run-m3-dedup.sh	282532fd922f3a7f7928f3772b3325fe06785730	1b2bcd06448b832663b4534dcfc5074ac3c9e683	logs/tamarin-m4-hmac-dedup/source-run1/canonical-target-matrix.tsv	211ffd0a8ed8a7051d12dcc165566a66e64ab970	c42dd7f7c1094c58b0597c7350f2d733224773c2	historical milestone authority plus independent M4 296-row regression binding
1	tam-fixed-replay-normal_distinct_fail_slot2_exists	P3	M3	tamarin-prover	fixed-replay	normal_distinct_fail_slot2_exists	tamarin/replay/kwaay_replay_fixed.spthy	normal_distinct_fail_slot2_exists	ea689fd9ab20c31d2ec612d96bc2a58be61e5f3f0fd42b400f2b556fbef614b6	non_vacuity	verified	m4-transparent-composite	direct	none	true	300	Run1 systemd MemoryMax=16384MB; Run2 MemoryMax=49152MB; MemorySwapMax=0	tamarin/milestones/run-m3-dedup.sh	282532fd922f3a7f7928f3772b3325fe06785730	1b2bcd06448b832663b4534dcfc5074ac3c9e683	logs/tamarin-m4-hmac-dedup/source-run1/canonical-target-matrix.tsv	211ffd0a8ed8a7051d12dcc165566a66e64ab970	c42dd7f7c1094c58b0597c7350f2d733224773c2	historical milestone authority plus independent M4 296-row regression binding
1	tam-fixed-replay-batch_fail_complete_exclusive	P3	M3	tamarin-prover	fixed-replay	batch_fail_complete_exclusive	tamarin/replay/kwaay_replay_fixed.spthy	batch_fail_complete_exclusive	ff7119e6bf5656c734553c956ddd0bb2701426c15c938fe20adfa9809aea44aa	regression	verified	m4-transparent-composite	direct	none	true	300	Run1 systemd MemoryMax=16384MB; Run2 MemoryMax=49152MB; MemorySwapMax=0	tamarin/milestones/run-m3-dedup.sh	282532fd922f3a7f7928f3772b3325fe06785730	1b2bcd06448b832663b4534dcfc5074ac3c9e683	logs/tamarin-m4-hmac-dedup/source-run1/canonical-target-matrix.tsv	211ffd0a8ed8a7051d12dcc165566a66e64ab970	c42dd7f7c1094c58b0597c7350f2d733224773c2	historical milestone authority plus independent M4 296-row regression binding
1	tam-fixed-replay-state_consumed_on_duplicate_fail	P3	M3	tamarin-prover	fixed-replay	state_consumed_on_duplicate_fail	tamarin/replay/kwaay_replay_fixed.spthy	state_consumed_on_duplicate_fail	f2a37cf598f5f970554c8a75e2429c2e7f5ba84840eed8c8de4888b652fb9505	regression	verified	m4-transparent-composite	direct	none	true	300	Run1 systemd MemoryMax=16384MB; Run2 MemoryMax=49152MB; MemorySwapMax=0	tamarin/milestones/run-m3-dedup.sh	282532fd922f3a7f7928f3772b3325fe06785730	1b2bcd06448b832663b4534dcfc5074ac3c9e683	logs/tamarin-m4-hmac-dedup/source-run1/canonical-target-matrix.tsv	211ffd0a8ed8a7051d12dcc165566a66e64ab970	c42dd7f7c1094c58b0597c7350f2d733224773c2	historical milestone authority plus independent M4 296-row regression binding
1	tam-fixed-impact-accept_output_has_same_time_accept	P3	M3	tamarin-prover	fixed-impact	accept_output_has_same_time_accept	tamarin/impact/kwaay_impact_fixed.spthy	accept_output_has_same_time_accept	d6d69dd509b926cad20386facf83d5bc25b9986751f78dd4132cdd95244ab9e4	structural_result	verified	m4-transparent-composite	direct	C_install-v2	true	300	Run1 systemd MemoryMax=16384MB; Run2 MemoryMax=49152MB; MemorySwapMax=0	tamarin/milestones/run-m3-dedup.sh	282532fd922f3a7f7928f3772b3325fe06785730	1b2bcd06448b832663b4534dcfc5074ac3c9e683	logs/tamarin-m4-hmac-dedup/source-run1/canonical-target-matrix.tsv	211ffd0a8ed8a7051d12dcc165566a66e64ab970	c42dd7f7c1094c58b0597c7350f2d733224773c2	historical milestone authority plus independent M4 296-row regression binding
1	tam-fixed-impact-receiver_accept_has_output	P3	M3	tamarin-prover	fixed-impact	receiver_accept_has_output	tamarin/impact/kwaay_impact_fixed.spthy	receiver_accept_has_output	d8d7c9cfda7f139ba39ba0d0869b8afb17a91d6c99d54a40d07e5cbe8c856405	structural_result	verified	m4-transparent-composite	direct	C_install-v2	true	300	Run1 systemd MemoryMax=16384MB; Run2 MemoryMax=49152MB; MemorySwapMax=0	tamarin/milestones/run-m3-dedup.sh	282532fd922f3a7f7928f3772b3325fe06785730	1b2bcd06448b832663b4534dcfc5074ac3c9e683	logs/tamarin-m4-hmac-dedup/source-run1/canonical-target-matrix.tsv	211ffd0a8ed8a7051d12dcc165566a66e64ab970	c42dd7f7c1094c58b0597c7350f2d733224773c2	historical milestone authority plus independent M4 296-row regression binding
1	tam-fixed-impact-receiver_accept_has_unique_output	P3	M3	tamarin-prover	fixed-impact	receiver_accept_has_unique_output	tamarin/impact/kwaay_impact_fixed.spthy	receiver_accept_has_unique_output	27f644e0021d5d66e6456c83e8f04898263d2d868ac38e87c5356efaf203f192	direct_theorem	verified	m4-transparent-composite	direct	C_install-v2	true	300	Run1 systemd MemoryMax=16384MB; Run2 MemoryMax=49152MB; MemorySwapMax=0	tamarin/milestones/run-m3-dedup.sh	282532fd922f3a7f7928f3772b3325fe06785730	1b2bcd06448b832663b4534dcfc5074ac3c9e683	logs/tamarin-m4-hmac-dedup/source-run1/canonical-target-matrix.tsv	211ffd0a8ed8a7051d12dcc165566a66e64ab970	c42dd7f7c1094c58b0597c7350f2d733224773c2	historical milestone authority plus independent M4 296-row regression binding
1	tam-fixed-impact-accept_id_unique	P3	M3	tamarin-prover	fixed-impact	accept_id_unique	tamarin/impact/kwaay_impact_fixed.spthy	accept_id_unique	32639f8c90a07bd945c3c5a196045bb38542f4caa6c325cf3ccc24ec7d00e9bf	direct_theorem	verified	m4-transparent-composite	direct	C_install-v2	true	300	Run1 systemd MemoryMax=16384MB; Run2 MemoryMax=49152MB; MemorySwapMax=0	tamarin/milestones/run-m3-dedup.sh	282532fd922f3a7f7928f3772b3325fe06785730	1b2bcd06448b832663b4534dcfc5074ac3c9e683	logs/tamarin-m4-hmac-dedup/source-run1/canonical-target-matrix.tsv	211ffd0a8ed8a7051d12dcc165566a66e64ab970	c42dd7f7c1094c58b0597c7350f2d733224773c2	historical milestone authority plus independent M4 296-row regression binding
1	tam-fixed-impact-install_has_prior_accept	P3	M3	tamarin-prover	fixed-impact	install_has_prior_accept	tamarin/impact/kwaay_impact_fixed.spthy	install_has_prior_accept	ef0557f301c7b45bba5ee552bbcae32a74cc2f4af275514aac78812cac16e563	structural_result	verified	m4-transparent-composite	direct	C_install-v2	true	300	Run1 systemd MemoryMax=16384MB; Run2 MemoryMax=49152MB; MemorySwapMax=0	tamarin/milestones/run-m3-dedup.sh	282532fd922f3a7f7928f3772b3325fe06785730	1b2bcd06448b832663b4534dcfc5074ac3c9e683	logs/tamarin-m4-hmac-dedup/source-run1/canonical-target-matrix.tsv	211ffd0a8ed8a7051d12dcc165566a66e64ab970	c42dd7f7c1094c58b0597c7350f2d733224773c2	historical milestone authority plus independent M4 296-row regression binding
1	tam-fixed-impact-install_session_has_interface_origin	P3	M3	tamarin-prover	fixed-impact	install_session_has_interface_origin	tamarin/impact/kwaay_impact_fixed.spthy	install_session_has_interface_origin	f583ea045f9fb053c7e2474142ad31798807402294712a5a1d89abf42f24d84a	structural_result	verified	m4-transparent-composite	direct	C_install-v2	true	300	Run1 systemd MemoryMax=16384MB; Run2 MemoryMax=49152MB; MemorySwapMax=0	tamarin/milestones/run-m3-dedup.sh	282532fd922f3a7f7928f3772b3325fe06785730	1b2bcd06448b832663b4534dcfc5074ac3c9e683	logs/tamarin-m4-hmac-dedup/source-run1/canonical-target-matrix.tsv	211ffd0a8ed8a7051d12dcc165566a66e64ab970	c42dd7f7c1094c58b0597c7350f2d733224773c2	historical milestone authority plus independent M4 296-row regression binding
1	tam-fixed-impact-install_from_accept_has_session	P3	M3	tamarin-prover	fixed-impact	install_from_accept_has_session	tamarin/impact/kwaay_impact_fixed.spthy	install_from_accept_has_session	363506a6dc962d1060043807b6f250a909b31f8b9df2842a4f892e9ddb090b25	structural_result	verified	m4-transparent-composite	direct	C_install-v2	true	300	Run1 systemd MemoryMax=16384MB; Run2 MemoryMax=49152MB; MemorySwapMax=0	tamarin/milestones/run-m3-dedup.sh	282532fd922f3a7f7928f3772b3325fe06785730	1b2bcd06448b832663b4534dcfc5074ac3c9e683	logs/tamarin-m4-hmac-dedup/source-run1/canonical-target-matrix.tsv	211ffd0a8ed8a7051d12dcc165566a66e64ab970	c42dd7f7c1094c58b0597c7350f2d733224773c2	historical milestone authority plus independent M4 296-row regression binding
1	tam-fixed-impact-install_event_has_single_source	P3	M3	tamarin-prover	fixed-impact	install_event_has_single_source	tamarin/impact/kwaay_impact_fixed.spthy	install_event_has_single_source	b60e04be720bf99c30a8c1f8d5360a2a16557dea394bf909f5eb298658f57b9d	structural_result	verified	m4-transparent-composite	direct	C_install-v2	true	300	Run1 systemd MemoryMax=16384MB; Run2 MemoryMax=49152MB; MemorySwapMax=0	tamarin/milestones/run-m3-dedup.sh	282532fd922f3a7f7928f3772b3325fe06785730	1b2bcd06448b832663b4534dcfc5074ac3c9e683	logs/tamarin-m4-hmac-dedup/source-run1/canonical-target-matrix.tsv	211ffd0a8ed8a7051d12dcc165566a66e64ab970	c42dd7f7c1094c58b0597c7350f2d733224773c2	historical milestone authority plus independent M4 296-row regression binding
1	tam-fixed-impact-install_handle_unique	P3	M3	tamarin-prover	fixed-impact	install_handle_unique	tamarin/impact/kwaay_impact_fixed.spthy	install_handle_unique	117db538908a6b98ac58c8e352db99b843c2fac1434a4e972cfde4eaea968b0d	direct_theorem	verified	m4-transparent-composite	direct	C_install-v2	true	300	Run1 systemd MemoryMax=16384MB; Run2 MemoryMax=49152MB; MemorySwapMax=0	tamarin/milestones/run-m3-dedup.sh	282532fd922f3a7f7928f3772b3325fe06785730	1b2bcd06448b832663b4534dcfc5074ac3c9e683	logs/tamarin-m4-hmac-dedup/source-run1/canonical-target-matrix.tsv	211ffd0a8ed8a7051d12dcc165566a66e64ab970	c42dd7f7c1094c58b0597c7350f2d733224773c2	historical milestone authority plus independent M4 296-row regression binding
1	tam-fixed-impact-accept_output_installed_at_most_once	P3	M3	tamarin-prover	fixed-impact	accept_output_installed_at_most_once	tamarin/impact/kwaay_impact_fixed.spthy	accept_output_installed_at_most_once	b877e2ab93970fdb01187c0349b4d81737aa0e6e980be888d56b67f9529eadb0	direct_theorem	verified	m4-transparent-composite	direct	C_install-v2	true	300	Run1 systemd MemoryMax=16384MB; Run2 MemoryMax=49152MB; MemorySwapMax=0	tamarin/milestones/run-m3-dedup.sh	282532fd922f3a7f7928f3772b3325fe06785730	1b2bcd06448b832663b4534dcfc5074ac3c9e683	logs/tamarin-m4-hmac-dedup/source-run1/canonical-target-matrix.tsv	211ffd0a8ed8a7051d12dcc165566a66e64ab970	c42dd7f7c1094c58b0597c7350f2d733224773c2	historical milestone authority plus independent M4 296-row regression binding
1	tam-fixed-impact-distinct_accept_sources_have_distinct_handles	P3	M3	tamarin-prover	fixed-impact	distinct_accept_sources_have_distinct_handles	tamarin/impact/kwaay_impact_fixed.spthy	distinct_accept_sources_have_distinct_handles	0f69bf1aa02accc89d46aa44a12f8438d16cc813b9ca16c967bb81b920c01c81	direct_theorem	verified	m4-transparent-composite	direct	C_install-v2	true	300	Run1 systemd MemoryMax=16384MB; Run2 MemoryMax=49152MB; MemorySwapMax=0	tamarin/milestones/run-m3-dedup.sh	282532fd922f3a7f7928f3772b3325fe06785730	1b2bcd06448b832663b4534dcfc5074ac3c9e683	logs/tamarin-m4-hmac-dedup/source-run1/canonical-target-matrix.tsv	211ffd0a8ed8a7051d12dcc165566a66e64ab970	c42dd7f7c1094c58b0597c7350f2d733224773c2	historical milestone authority plus independent M4 296-row regression binding
1	tam-fixed-impact-install_requires_batch_complete	P3	M3	tamarin-prover	fixed-impact	install_requires_batch_complete	tamarin/impact/kwaay_impact_fixed.spthy	install_requires_batch_complete	4c72b89117e0583d3844ebb93aed7bb318e0f831b2a8e2d158547363cdfb3d5b	structural_result	verified	m4-transparent-composite	direct	C_install-v2	true	300	Run1 systemd MemoryMax=16384MB; Run2 MemoryMax=49152MB; MemorySwapMax=0	tamarin/milestones/run-m3-dedup.sh	282532fd922f3a7f7928f3772b3325fe06785730	1b2bcd06448b832663b4534dcfc5074ac3c9e683	logs/tamarin-m4-hmac-dedup/source-run1/canonical-target-matrix.tsv	211ffd0a8ed8a7051d12dcc165566a66e64ab970	c42dd7f7c1094c58b0597c7350f2d733224773c2	historical milestone authority plus independent M4 296-row regression binding
1	tam-fixed-impact-consumer_complete_requires_all_outputs_installed	P3	M3	tamarin-prover	fixed-impact	consumer_complete_requires_all_outputs_installed	tamarin/impact/kwaay_impact_fixed.spthy	consumer_complete_requires_all_outputs_installed	81ecb5a802dca390012571c859328a231b0e3595c5bf639a64f94c07893a4d41	structural_result	verified	m4-transparent-composite	direct	C_install-v2	true	300	Run1 systemd MemoryMax=16384MB; Run2 MemoryMax=49152MB; MemorySwapMax=0	tamarin/milestones/run-m3-dedup.sh	282532fd922f3a7f7928f3772b3325fe06785730	1b2bcd06448b832663b4534dcfc5074ac3c9e683	logs/tamarin-m4-hmac-dedup/source-run1/canonical-target-matrix.tsv	211ffd0a8ed8a7051d12dcc165566a66e64ab970	c42dd7f7c1094c58b0597c7350f2d733224773c2	historical milestone authority plus independent M4 296-row regression binding
1	tam-fixed-impact-consumer_complete_single_use	P3	M3	tamarin-prover	fixed-impact	consumer_complete_single_use	tamarin/impact/kwaay_impact_fixed.spthy	consumer_complete_single_use	32cf9dab5c0f928fcd902d7dc3780148e31089609e669eedf94ebe718ae4dacb	conditional_C_install_v2	verified	m4-transparent-composite	direct	C_install-v2	true	300	Run1 systemd MemoryMax=16384MB; Run2 MemoryMax=49152MB; MemorySwapMax=0	tamarin/milestones/run-m3-dedup.sh	282532fd922f3a7f7928f3772b3325fe06785730	1b2bcd06448b832663b4534dcfc5074ac3c9e683	logs/tamarin-m4-hmac-dedup/source-run1/canonical-target-matrix.tsv	211ffd0a8ed8a7051d12dcc165566a66e64ab970	c42dd7f7c1094c58b0597c7350f2d733224773c2	historical milestone authority plus independent M4 296-row regression binding
1	tam-fixed-impact-no_install_after_consumer_close	P3	M3	tamarin-prover	fixed-impact	no_install_after_consumer_close	tamarin/impact/kwaay_impact_fixed.spthy	no_install_after_consumer_close	ed2dffea1e27e122bba39366e31dd5760dba1392125375d967642c9cd7d07f0b	conditional_C_install_v2	verified	m4-transparent-composite	direct	C_install-v2	true	300	Run1 systemd MemoryMax=16384MB; Run2 MemoryMax=49152MB; MemorySwapMax=0	tamarin/milestones/run-m3-dedup.sh	282532fd922f3a7f7928f3772b3325fe06785730	1b2bcd06448b832663b4534dcfc5074ac3c9e683	logs/tamarin-m4-hmac-dedup/source-run1/canonical-target-matrix.tsv	211ffd0a8ed8a7051d12dcc165566a66e64ab970	c42dd7f7c1094c58b0597c7350f2d733224773c2	historical milestone authority plus independent M4 296-row regression binding
1	tam-fixed-impact-normal_one_accept_one_install	P3	M3	tamarin-prover	fixed-impact	normal_one_accept_one_install	tamarin/impact/kwaay_impact_fixed.spthy	normal_one_accept_one_install	bec0201cfe947885b06bb63e026c098c55c2041842e2512e7a710561140123ea	non_vacuity	verified	m4-transparent-composite	direct	C_install-v2	true	300	Run1 systemd MemoryMax=16384MB; Run2 MemoryMax=49152MB; MemorySwapMax=0	tamarin/milestones/run-m3-dedup.sh	282532fd922f3a7f7928f3772b3325fe06785730	1b2bcd06448b832663b4534dcfc5074ac3c9e683	logs/tamarin-m4-hmac-dedup/source-run1/canonical-target-matrix.tsv	211ffd0a8ed8a7051d12dcc165566a66e64ab970	c42dd7f7c1094c58b0597c7350f2d733224773c2	historical milestone authority plus independent M4 296-row regression binding
1	tam-fixed-impact-normal_consumer_complete	P3	M3	tamarin-prover	fixed-impact	normal_consumer_complete	tamarin/impact/kwaay_impact_fixed.spthy	normal_consumer_complete	9c82a459812927a286cbd2e01b1e84295d6b2c95282d41b9d6e591ea567a23a0	non_vacuity	falsified	m4-transparent-composite	direct	C_install-v2	true	300	Run1 systemd MemoryMax=16384MB; Run2 MemoryMax=49152MB; MemorySwapMax=0	tamarin/milestones/run-m3-dedup.sh	282532fd922f3a7f7928f3772b3325fe06785730	1b2bcd06448b832663b4534dcfc5074ac3c9e683	logs/tamarin-m4-hmac-dedup/source-run1/canonical-target-matrix.tsv	211ffd0a8ed8a7051d12dcc165566a66e64ab970	c42dd7f7c1094c58b0597c7350f2d733224773c2	historical milestone authority plus independent M4 296-row regression binding
1	tam-fixed-impact-one_send_two_accepts_two_installs_exists	P3	M3	tamarin-prover	fixed-impact	one_send_two_accepts_two_installs_exists	tamarin/impact/kwaay_impact_fixed.spthy	one_send_two_accepts_two_installs_exists	14a319e7ff16ccbe804e38633803495e2038bdf96deffe41c2fe2e2928f98039	blocked_attack_witness_regression	falsified	m4-transparent-composite	direct	C_install-v2	true	300	Run1 systemd MemoryMax=16384MB; Run2 MemoryMax=49152MB; MemorySwapMax=0	tamarin/milestones/run-m3-dedup.sh	282532fd922f3a7f7928f3772b3325fe06785730	1b2bcd06448b832663b4534dcfc5074ac3c9e683	logs/tamarin-m4-hmac-dedup/source-run1/canonical-target-matrix.tsv	211ffd0a8ed8a7051d12dcc165566a66e64ab970	c42dd7f7c1094c58b0597c7350f2d733224773c2	historical milestone authority plus independent M4 296-row regression binding
1	tam-fixed-impact-unique_install_within_completed_consumer	P3	M3	tamarin-prover	fixed-impact	unique_install_within_completed_consumer	tamarin/impact/kwaay_impact_fixed.spthy	unique_install_within_completed_consumer	0ccad9701d29f5031f1a5c228d61ce872675dc0fa7098ef9afe6118ebc490592	direct_theorem	verified	m4-transparent-composite	direct	C_install-v2	true	300	Run1 systemd MemoryMax=16384MB; Run2 MemoryMax=49152MB; MemorySwapMax=0	tamarin/milestones/run-m3-dedup.sh	282532fd922f3a7f7928f3772b3325fe06785730	1b2bcd06448b832663b4534dcfc5074ac3c9e683	logs/tamarin-m4-hmac-dedup/source-run1/canonical-target-matrix.tsv	211ffd0a8ed8a7051d12dcc165566a66e64ab970	c42dd7f7c1094c58b0597c7350f2d733224773c2	historical milestone authority plus independent M4 296-row regression binding
1	tam-fixed-impact-normal_single_accept	P3	M3	tamarin-prover	fixed-impact	normal_single_accept	tamarin/impact/kwaay_impact_fixed.spthy	normal_single_accept	5e817ac25aa6e66e238b10380293f790102828b58619db59e0d3fbdb950130ff	non_vacuity	verified	m4-transparent-composite	direct	C_install-v2	true	300	Run1 systemd MemoryMax=16384MB; Run2 MemoryMax=49152MB; MemorySwapMax=0	tamarin/milestones/run-m3-dedup.sh	282532fd922f3a7f7928f3772b3325fe06785730	1b2bcd06448b832663b4534dcfc5074ac3c9e683	logs/tamarin-m4-hmac-dedup/source-run1/canonical-target-matrix.tsv	211ffd0a8ed8a7051d12dcc165566a66e64ab970	c42dd7f7c1094c58b0597c7350f2d733224773c2	historical milestone authority plus independent M4 296-row regression binding
1	tam-fixed-impact-normal_batch_complete	P3	M3	tamarin-prover	fixed-impact	normal_batch_complete	tamarin/impact/kwaay_impact_fixed.spthy	normal_batch_complete	28766f1d96a3c886b64fc146ca80de467e3b935ebce40cc85c743342254b3a5f	non_vacuity	verified	m4-transparent-composite	direct	C_install-v2	true	300	Run1 systemd MemoryMax=16384MB; Run2 MemoryMax=49152MB; MemorySwapMax=0	tamarin/milestones/run-m3-dedup.sh	282532fd922f3a7f7928f3772b3325fe06785730	1b2bcd06448b832663b4534dcfc5074ac3c9e683	logs/tamarin-m4-hmac-dedup/source-run1/canonical-target-matrix.tsv	211ffd0a8ed8a7051d12dcc165566a66e64ab970	c42dd7f7c1094c58b0597c7350f2d733224773c2	historical milestone authority plus independent M4 296-row regression binding
1	tam-fixed-impact-one_send_two_accepts_exists	P3	M3	tamarin-prover	fixed-impact	one_send_two_accepts_exists	tamarin/impact/kwaay_impact_fixed.spthy	one_send_two_accepts_exists	8d3122f7ccf35f55fcf690be1f82003607ac1eddc2c6e89f46f60c2838b0d57d	blocked_attack_witness_regression	falsified	m4-transparent-composite	direct	C_install-v2	true	300	Run1 systemd MemoryMax=16384MB; Run2 MemoryMax=49152MB; MemorySwapMax=0	tamarin/milestones/run-m3-dedup.sh	282532fd922f3a7f7928f3772b3325fe06785730	1b2bcd06448b832663b4534dcfc5074ac3c9e683	logs/tamarin-m4-hmac-dedup/source-run1/canonical-target-matrix.tsv	211ffd0a8ed8a7051d12dcc165566a66e64ab970	c42dd7f7c1094c58b0597c7350f2d733224773c2	historical milestone authority plus independent M4 296-row regression binding
1	tam-fixed-impact-same_message_accepted_at_most_once	P3	M3	tamarin-prover	fixed-impact	same_message_accepted_at_most_once	tamarin/impact/kwaay_impact_fixed.spthy	same_message_accepted_at_most_once	f8f92b4e28c4f546382019a8514523854e10b07ff24e35ace443969f6d6a4dfc	direct_theorem	verified	m4-transparent-composite	direct	C_install-v2	true	300	Run1 systemd MemoryMax=16384MB; Run2 MemoryMax=49152MB; MemorySwapMax=0	tamarin/milestones/run-m3-dedup.sh	282532fd922f3a7f7928f3772b3325fe06785730	1b2bcd06448b832663b4534dcfc5074ac3c9e683	logs/tamarin-m4-hmac-dedup/source-run1/canonical-target-matrix.tsv	211ffd0a8ed8a7051d12dcc165566a66e64ab970	c42dd7f7c1094c58b0597c7350f2d733224773c2	historical milestone authority plus independent M4 296-row regression binding
1	tam-fixed-impact-full_message_unique_send	P3	M3	tamarin-prover	fixed-impact	full_message_unique_send	tamarin/impact/kwaay_impact_fixed.spthy	full_message_unique_send	bb7eb27af4b1d09f49fba5f6c80358cb4aca5a37336836ecc2ade860eb9475a8	direct_theorem	verified	m4-transparent-composite	direct	C_install-v2	true	300	Run1 systemd MemoryMax=16384MB; Run2 MemoryMax=49152MB; MemorySwapMax=0	tamarin/milestones/run-m3-dedup.sh	282532fd922f3a7f7928f3772b3325fe06785730	1b2bcd06448b832663b4534dcfc5074ac3c9e683	logs/tamarin-m4-hmac-dedup/source-run1/canonical-target-matrix.tsv	211ffd0a8ed8a7051d12dcc165566a66e64ab970	c42dd7f7c1094c58b0597c7350f2d733224773c2	historical milestone authority plus independent M4 296-row regression binding
1	tam-fixed-impact-receiver_accept_has_sender	P3	M3	tamarin-prover	fixed-impact	receiver_accept_has_sender	tamarin/impact/kwaay_impact_fixed.spthy	receiver_accept_has_sender	6e5a0f81941cd388d434b0a200eb45f8fd27614f89ab446b5c70f2b4264ba694	structural_result	verified	m4-transparent-composite	direct	C_install-v2	true	300	Run1 systemd MemoryMax=16384MB; Run2 MemoryMax=49152MB; MemorySwapMax=0	tamarin/milestones/run-m3-dedup.sh	282532fd922f3a7f7928f3772b3325fe06785730	1b2bcd06448b832663b4534dcfc5074ac3c9e683	logs/tamarin-m4-hmac-dedup/source-run1/canonical-target-matrix.tsv	211ffd0a8ed8a7051d12dcc165566a66e64ab970	c42dd7f7c1094c58b0597c7350f2d733224773c2	historical milestone authority plus independent M4 296-row regression binding
1	tam-fixed-impact-injective_receiver_accept	P3	M3	tamarin-prover	fixed-impact	injective_receiver_accept	tamarin/impact/kwaay_impact_fixed.spthy	injective_receiver_accept	e26fa3948fa0fedd43a2634d3608564edd7ceaefe4f8dd38add25ccfb95f2c4b	direct_theorem	verified	m4-transparent-composite	direct	C_install-v2	true	300	Run1 systemd MemoryMax=16384MB; Run2 MemoryMax=49152MB; MemorySwapMax=0	tamarin/milestones/run-m3-dedup.sh	282532fd922f3a7f7928f3772b3325fe06785730	1b2bcd06448b832663b4534dcfc5074ac3c9e683	logs/tamarin-m4-hmac-dedup/source-run1/canonical-target-matrix.tsv	211ffd0a8ed8a7051d12dcc165566a66e64ab970	c42dd7f7c1094c58b0597c7350f2d733224773c2	historical milestone authority plus independent M4 296-row regression binding
1	tam-fixed-impact-slot_indices_distinct	P3	M3	tamarin-prover	fixed-impact	slot_indices_distinct	tamarin/impact/kwaay_impact_fixed.spthy	slot_indices_distinct	11399ada8750561b70b09bc62af5a023eb9b187b278a021e7c628affd2807977	regression	verified	m4-transparent-composite	direct	C_install-v2	true	300	Run1 systemd MemoryMax=16384MB; Run2 MemoryMax=49152MB; MemorySwapMax=0	tamarin/milestones/run-m3-dedup.sh	282532fd922f3a7f7928f3772b3325fe06785730	1b2bcd06448b832663b4534dcfc5074ac3c9e683	logs/tamarin-m4-hmac-dedup/source-run1/canonical-target-matrix.tsv	211ffd0a8ed8a7051d12dcc165566a66e64ab970	c42dd7f7c1094c58b0597c7350f2d733224773c2	historical milestone authority plus independent M4 296-row regression binding
1	tam-fixed-impact-process_requires_slot_added	P3	M3	tamarin-prover	fixed-impact	process_requires_slot_added	tamarin/impact/kwaay_impact_fixed.spthy	process_requires_slot_added	8d1a97c05e97180514e3ad24967d2361c8187d524d72def0ce489c04e3fd6eda	regression	verified	m4-transparent-composite	direct	C_install-v2	true	300	Run1 systemd MemoryMax=16384MB; Run2 MemoryMax=49152MB; MemorySwapMax=0	tamarin/milestones/run-m3-dedup.sh	282532fd922f3a7f7928f3772b3325fe06785730	1b2bcd06448b832663b4534dcfc5074ac3c9e683	logs/tamarin-m4-hmac-dedup/source-run1/canonical-target-matrix.tsv	211ffd0a8ed8a7051d12dcc165566a66e64ab970	c42dd7f7c1094c58b0597c7350f2d733224773c2	historical milestone authority plus independent M4 296-row regression binding
1	tam-fixed-impact-process_requires_seal	P3	M3	tamarin-prover	fixed-impact	process_requires_seal	tamarin/impact/kwaay_impact_fixed.spthy	process_requires_seal	2f644d5f1ded9c276ddfaccedbe79b296be3bc1872c1e5838f25730480412dd5	regression	verified	m4-transparent-composite	direct	C_install-v2	true	300	Run1 systemd MemoryMax=16384MB; Run2 MemoryMax=49152MB; MemorySwapMax=0	tamarin/milestones/run-m3-dedup.sh	282532fd922f3a7f7928f3772b3325fe06785730	1b2bcd06448b832663b4534dcfc5074ac3c9e683	logs/tamarin-m4-hmac-dedup/source-run1/canonical-target-matrix.tsv	211ffd0a8ed8a7051d12dcc165566a66e64ab970	c42dd7f7c1094c58b0597c7350f2d733224773c2	historical milestone authority plus independent M4 296-row regression binding
1	tam-fixed-impact-complete_requires_all_slots_processed	P3	M3	tamarin-prover	fixed-impact	complete_requires_all_slots_processed	tamarin/impact/kwaay_impact_fixed.spthy	complete_requires_all_slots_processed	cb182567480b74aa24da45263097c5f85551bc09db950930da77db8796cdc8fb	regression	verified	m4-transparent-composite	direct	C_install-v2	true	300	Run1 systemd MemoryMax=16384MB; Run2 MemoryMax=49152MB; MemorySwapMax=0	tamarin/milestones/run-m3-dedup.sh	282532fd922f3a7f7928f3772b3325fe06785730	1b2bcd06448b832663b4534dcfc5074ac3c9e683	logs/tamarin-m4-hmac-dedup/source-run1/canonical-target-matrix.tsv	211ffd0a8ed8a7051d12dcc165566a66e64ab970	c42dd7f7c1094c58b0597c7350f2d733224773c2	historical milestone authority plus independent M4 296-row regression binding
1	tam-fixed-impact-no_add_after_seal	P3	M3	tamarin-prover	fixed-impact	no_add_after_seal	tamarin/impact/kwaay_impact_fixed.spthy	no_add_after_seal	411b04e7ea4baf9740c6a8237fd6774fcdee54db3e92cc3a6ec18b715d08434d	regression	verified	m4-transparent-composite	direct	C_install-v2	true	300	Run1 systemd MemoryMax=16384MB; Run2 MemoryMax=49152MB; MemorySwapMax=0	tamarin/milestones/run-m3-dedup.sh	282532fd922f3a7f7928f3772b3325fe06785730	1b2bcd06448b832663b4534dcfc5074ac3c9e683	logs/tamarin-m4-hmac-dedup/source-run1/canonical-target-matrix.tsv	211ffd0a8ed8a7051d12dcc165566a66e64ab970	c42dd7f7c1094c58b0597c7350f2d733224773c2	historical milestone authority plus independent M4 296-row regression binding
1	tam-fixed-impact-no_accept_after_close	P3	M3	tamarin-prover	fixed-impact	no_accept_after_close	tamarin/impact/kwaay_impact_fixed.spthy	no_accept_after_close	439c2daca49898ac876db419a65efd69b6fa19f08bb24028471af04753da7efc	regression	verified	m4-transparent-composite	direct	C_install-v2	true	300	Run1 systemd MemoryMax=16384MB; Run2 MemoryMax=49152MB; MemorySwapMax=0	tamarin/milestones/run-m3-dedup.sh	282532fd922f3a7f7928f3772b3325fe06785730	1b2bcd06448b832663b4534dcfc5074ac3c9e683	logs/tamarin-m4-hmac-dedup/source-run1/canonical-target-matrix.tsv	211ffd0a8ed8a7051d12dcc165566a66e64ab970	c42dd7f7c1094c58b0597c7350f2d733224773c2	historical milestone authority plus independent M4 296-row regression binding
1	tam-fixed-impact-batch_complete_consumes_state	P3	M3	tamarin-prover	fixed-impact	batch_complete_consumes_state	tamarin/impact/kwaay_impact_fixed.spthy	batch_complete_consumes_state	ebdee3b44e3be089ed16a88d24ec0dc8f359eade0d8593da63a4ae22b3ad965a	regression	verified	m4-transparent-composite	direct	C_install-v2	true	300	Run1 systemd MemoryMax=16384MB; Run2 MemoryMax=49152MB; MemorySwapMax=0	tamarin/milestones/run-m3-dedup.sh	282532fd922f3a7f7928f3772b3325fe06785730	1b2bcd06448b832663b4534dcfc5074ac3c9e683	logs/tamarin-m4-hmac-dedup/source-run1/canonical-target-matrix.tsv	211ffd0a8ed8a7051d12dcc165566a66e64ab970	c42dd7f7c1094c58b0597c7350f2d733224773c2	historical milestone authority plus independent M4 296-row regression binding
1	tam-fixed-impact-batch_fail_consumes_state	P3	M3	tamarin-prover	fixed-impact	batch_fail_consumes_state	tamarin/impact/kwaay_impact_fixed.spthy	batch_fail_consumes_state	8b6a70b6f809f50f347ccf7bca53d26223e5865b44453716060ef2455c372e5e	regression	verified	m4-transparent-composite	direct	C_install-v2	true	300	Run1 systemd MemoryMax=16384MB; Run2 MemoryMax=49152MB; MemorySwapMax=0	tamarin/milestones/run-m3-dedup.sh	282532fd922f3a7f7928f3772b3325fe06785730	1b2bcd06448b832663b4534dcfc5074ac3c9e683	logs/tamarin-m4-hmac-dedup/source-run1/canonical-target-matrix.tsv	211ffd0a8ed8a7051d12dcc165566a66e64ab970	c42dd7f7c1094c58b0597c7350f2d733224773c2	historical milestone authority plus independent M4 296-row regression binding
1	tam-fixed-impact-batch_end_token_single_use	P3	M3	tamarin-prover	fixed-impact	batch_end_token_single_use	tamarin/impact/kwaay_impact_fixed.spthy	batch_end_token_single_use	23a1c2e656716ffcd2452ad001cbe7a427ca49a95958b391f2e30da6780f8f36	regression	verified	m4-transparent-composite	direct	C_install-v2	true	300	Run1 systemd MemoryMax=16384MB; Run2 MemoryMax=49152MB; MemorySwapMax=0	tamarin/milestones/run-m3-dedup.sh	282532fd922f3a7f7928f3772b3325fe06785730	1b2bcd06448b832663b4534dcfc5074ac3c9e683	logs/tamarin-m4-hmac-dedup/source-run1/canonical-target-matrix.tsv	211ffd0a8ed8a7051d12dcc165566a66e64ab970	c42dd7f7c1094c58b0597c7350f2d733224773c2	historical milestone authority plus independent M4 296-row regression binding
1	tam-fixed-impact-receiver_state_single_batch	P3	M3	tamarin-prover	fixed-impact	receiver_state_single_batch	tamarin/impact/kwaay_impact_fixed.spthy	receiver_state_single_batch	49285db8f472b52c1794584742fc65e5fde58d245a6377bd4d915dbb1a44035f	regression	verified	m4-transparent-composite	direct	C_install-v2	true	300	Run1 systemd MemoryMax=16384MB; Run2 MemoryMax=49152MB; MemorySwapMax=0	tamarin/milestones/run-m3-dedup.sh	282532fd922f3a7f7928f3772b3325fe06785730	1b2bcd06448b832663b4534dcfc5074ac3c9e683	logs/tamarin-m4-hmac-dedup/source-run1/canonical-target-matrix.tsv	211ffd0a8ed8a7051d12dcc165566a66e64ab970	c42dd7f7c1094c58b0597c7350f2d733224773c2	historical milestone authority plus independent M4 296-row regression binding
1	tam-fixed-impact-receiver_state_single_batch_end	P3	M3	tamarin-prover	fixed-impact	receiver_state_single_batch_end	tamarin/impact/kwaay_impact_fixed.spthy	receiver_state_single_batch_end	2df7e8efb05f0de9a1dee2b47d6abb6fb55deac0aa213608f7a984cfc50b1fec	regression	verified	m4-transparent-composite	direct	C_install-v2	true	300	Run1 systemd MemoryMax=16384MB; Run2 MemoryMax=49152MB; MemorySwapMax=0	tamarin/milestones/run-m3-dedup.sh	282532fd922f3a7f7928f3772b3325fe06785730	1b2bcd06448b832663b4534dcfc5074ac3c9e683	logs/tamarin-m4-hmac-dedup/source-run1/canonical-target-matrix.tsv	211ffd0a8ed8a7051d12dcc165566a66e64ab970	c42dd7f7c1094c58b0597c7350f2d733224773c2	historical milestone authority plus independent M4 296-row regression binding
1	tam-fixed-impact-duplicate_batch_fail_exists	P3	M3	tamarin-prover	fixed-impact	duplicate_batch_fail_exists	tamarin/impact/kwaay_impact_fixed.spthy	duplicate_batch_fail_exists	3ba2a2037b1ee5ce82bfa2ac69662231000db91bdd01c50ded6476410571cdd1	non_vacuity	verified	m4-transparent-composite	direct	C_install-v2	true	300	Run1 systemd MemoryMax=16384MB; Run2 MemoryMax=49152MB; MemorySwapMax=0	tamarin/milestones/run-m3-dedup.sh	282532fd922f3a7f7928f3772b3325fe06785730	1b2bcd06448b832663b4534dcfc5074ac3c9e683	logs/tamarin-m4-hmac-dedup/source-run1/canonical-target-matrix.tsv	211ffd0a8ed8a7051d12dcc165566a66e64ab970	c42dd7f7c1094c58b0597c7350f2d733224773c2	historical milestone authority plus independent M4 296-row regression binding
1	tam-fixed-impact-duplicate_detected_before_any_accept	P3	M3	tamarin-prover	fixed-impact	duplicate_detected_before_any_accept	tamarin/impact/kwaay_impact_fixed.spthy	duplicate_detected_before_any_accept	192239f9c9ccf0b18379915acec76a926941aac2340c42fc22b5a93c11c31cd1	direct_theorem	verified	m4-transparent-composite	direct	C_install-v2	true	300	Run1 systemd MemoryMax=16384MB; Run2 MemoryMax=49152MB; MemorySwapMax=0	tamarin/milestones/run-m3-dedup.sh	282532fd922f3a7f7928f3772b3325fe06785730	1b2bcd06448b832663b4534dcfc5074ac3c9e683	logs/tamarin-m4-hmac-dedup/source-run1/canonical-target-matrix.tsv	211ffd0a8ed8a7051d12dcc165566a66e64ab970	c42dd7f7c1094c58b0597c7350f2d733224773c2	historical milestone authority plus independent M4 296-row regression binding
1	tam-fixed-impact-duplicate_batch_has_no_accept	P3	M3	tamarin-prover	fixed-impact	duplicate_batch_has_no_accept	tamarin/impact/kwaay_impact_fixed.spthy	duplicate_batch_has_no_accept	7c31078bed853bac7d5b1a303d8897d9d354c1cfe6b9f66f4c020952af7212c3	direct_theorem	verified	m4-transparent-composite	direct	C_install-v2	true	300	Run1 systemd MemoryMax=16384MB; Run2 MemoryMax=49152MB; MemorySwapMax=0	tamarin/milestones/run-m3-dedup.sh	282532fd922f3a7f7928f3772b3325fe06785730	1b2bcd06448b832663b4534dcfc5074ac3c9e683	logs/tamarin-m4-hmac-dedup/source-run1/canonical-target-matrix.tsv	211ffd0a8ed8a7051d12dcc165566a66e64ab970	c42dd7f7c1094c58b0597c7350f2d733224773c2	historical milestone authority plus independent M4 296-row regression binding
1	tam-fixed-impact-duplicate_batch_has_no_accept_output	P3	M3	tamarin-prover	fixed-impact	duplicate_batch_has_no_accept_output	tamarin/impact/kwaay_impact_fixed.spthy	duplicate_batch_has_no_accept_output	9ab3809e19f82ed40cb6c77eda21a3e594720b0e1be69511d1846f0e66355b9e	direct_theorem	verified	m4-transparent-composite	direct	C_install-v2	true	300	Run1 systemd MemoryMax=16384MB; Run2 MemoryMax=49152MB; MemorySwapMax=0	tamarin/milestones/run-m3-dedup.sh	282532fd922f3a7f7928f3772b3325fe06785730	1b2bcd06448b832663b4534dcfc5074ac3c9e683	logs/tamarin-m4-hmac-dedup/source-run1/canonical-target-matrix.tsv	211ffd0a8ed8a7051d12dcc165566a66e64ab970	c42dd7f7c1094c58b0597c7350f2d733224773c2	historical milestone authority plus independent M4 296-row regression binding
1	tam-fixed-impact-duplicate_batch_has_no_install	P3	M3	tamarin-prover	fixed-impact	duplicate_batch_has_no_install	tamarin/impact/kwaay_impact_fixed.spthy	duplicate_batch_has_no_install	8754e4203c4458c7e638b72c762485d66290eed480fbb03aec5f6a2bb45b9625	direct_theorem	verified	m4-transparent-composite	direct	C_install-v2	true	300	Run1 systemd MemoryMax=16384MB; Run2 MemoryMax=49152MB; MemorySwapMax=0	tamarin/milestones/run-m3-dedup.sh	282532fd922f3a7f7928f3772b3325fe06785730	1b2bcd06448b832663b4534dcfc5074ac3c9e683	logs/tamarin-m4-hmac-dedup/source-run1/canonical-target-matrix.tsv	211ffd0a8ed8a7051d12dcc165566a66e64ab970	c42dd7f7c1094c58b0597c7350f2d733224773c2	historical milestone authority plus independent M4 296-row regression binding
1	tam-fixed-impact-process_requires_dedup_pass	P3	M3	tamarin-prover	fixed-impact	process_requires_dedup_pass	tamarin/impact/kwaay_impact_fixed.spthy	process_requires_dedup_pass	7c580e8795aef35b9e651794b4eafcbd0f6fb6ae369b356cdbd1fc4152efea7f	regression	verified	m4-transparent-composite	direct	C_install-v2	true	300	Run1 systemd MemoryMax=16384MB; Run2 MemoryMax=49152MB; MemorySwapMax=0	tamarin/milestones/run-m3-dedup.sh	282532fd922f3a7f7928f3772b3325fe06785730	1b2bcd06448b832663b4534dcfc5074ac3c9e683	logs/tamarin-m4-hmac-dedup/source-run1/canonical-target-matrix.tsv	211ffd0a8ed8a7051d12dcc165566a66e64ab970	c42dd7f7c1094c58b0597c7350f2d733224773c2	historical milestone authority plus independent M4 296-row regression binding
1	tam-fixed-impact-dedup_pass_messages_distinct	P3	M3	tamarin-prover	fixed-impact	dedup_pass_messages_distinct	tamarin/impact/kwaay_impact_fixed.spthy	dedup_pass_messages_distinct	b668eb76c4fc9d03a232a74880bf18b8b51f312bfa0fe4b3796ec7ea103ae73c	regression	verified	m4-transparent-composite	direct	C_install-v2	true	300	Run1 systemd MemoryMax=16384MB; Run2 MemoryMax=49152MB; MemorySwapMax=0	tamarin/milestones/run-m3-dedup.sh	282532fd922f3a7f7928f3772b3325fe06785730	1b2bcd06448b832663b4534dcfc5074ac3c9e683	logs/tamarin-m4-hmac-dedup/source-run1/canonical-target-matrix.tsv	211ffd0a8ed8a7051d12dcc165566a66e64ab970	c42dd7f7c1094c58b0597c7350f2d733224773c2	historical milestone authority plus independent M4 296-row regression binding
1	tam-fixed-impact-dedup_decision_single_use	P3	M3	tamarin-prover	fixed-impact	dedup_decision_single_use	tamarin/impact/kwaay_impact_fixed.spthy	dedup_decision_single_use	69e7d9690027e00d75e72abad8cbb5882952b3c42cd43a2a5af03195886767b9	regression	verified	m4-transparent-composite	direct	C_install-v2	true	300	Run1 systemd MemoryMax=16384MB; Run2 MemoryMax=49152MB; MemorySwapMax=0	tamarin/milestones/run-m3-dedup.sh	282532fd922f3a7f7928f3772b3325fe06785730	1b2bcd06448b832663b4534dcfc5074ac3c9e683	logs/tamarin-m4-hmac-dedup/source-run1/canonical-target-matrix.tsv	211ffd0a8ed8a7051d12dcc165566a66e64ab970	c42dd7f7c1094c58b0597c7350f2d733224773c2	historical milestone authority plus independent M4 296-row regression binding
1	tam-fixed-impact-dedup_outcomes_exclusive	P3	M3	tamarin-prover	fixed-impact	dedup_outcomes_exclusive	tamarin/impact/kwaay_impact_fixed.spthy	dedup_outcomes_exclusive	3d8c80f461654a0fa2611ecedc579e98c726d2e2b851455d63e22719427c2112	regression	verified	m4-transparent-composite	direct	C_install-v2	true	300	Run1 systemd MemoryMax=16384MB; Run2 MemoryMax=49152MB; MemorySwapMax=0	tamarin/milestones/run-m3-dedup.sh	282532fd922f3a7f7928f3772b3325fe06785730	1b2bcd06448b832663b4534dcfc5074ac3c9e683	logs/tamarin-m4-hmac-dedup/source-run1/canonical-target-matrix.tsv	211ffd0a8ed8a7051d12dcc165566a66e64ab970	c42dd7f7c1094c58b0597c7350f2d733224773c2	historical milestone authority plus independent M4 296-row regression binding
1	tam-fixed-impact-normal_distinct_batch_complete	P3	M3	tamarin-prover	fixed-impact	normal_distinct_batch_complete	tamarin/impact/kwaay_impact_fixed.spthy	normal_distinct_batch_complete	4de301ca0ddb7cf062a380b2af84e5a24be92313489ee430c1887b7ae6e8b964	non_vacuity	verified	m4-transparent-composite	direct	C_install-v2	true	300	Run1 systemd MemoryMax=16384MB; Run2 MemoryMax=49152MB; MemorySwapMax=0	tamarin/milestones/run-m3-dedup.sh	282532fd922f3a7f7928f3772b3325fe06785730	1b2bcd06448b832663b4534dcfc5074ac3c9e683	logs/tamarin-m4-hmac-dedup/source-run1/canonical-target-matrix.tsv	211ffd0a8ed8a7051d12dcc165566a66e64ab970	c42dd7f7c1094c58b0597c7350f2d733224773c2	historical milestone authority plus independent M4 296-row regression binding
1	tam-fixed-impact-normal_distinct_consumer_complete	P3	M3	tamarin-prover	fixed-impact	normal_distinct_consumer_complete	tamarin/impact/kwaay_impact_fixed.spthy	normal_distinct_consumer_complete	d50e50254803513a3521666b252557883e7438dfac8ed79145e7671e8717ab19	non_vacuity	verified	m4-transparent-composite	direct	C_install-v2	true	300	Run1 systemd MemoryMax=16384MB; Run2 MemoryMax=49152MB; MemorySwapMax=0	tamarin/milestones/run-m3-dedup.sh	282532fd922f3a7f7928f3772b3325fe06785730	1b2bcd06448b832663b4534dcfc5074ac3c9e683	logs/tamarin-m4-hmac-dedup/source-run1/canonical-target-matrix.tsv	211ffd0a8ed8a7051d12dcc165566a66e64ab970	c42dd7f7c1094c58b0597c7350f2d733224773c2	historical milestone authority plus independent M4 296-row regression binding
1	tam-fixed-impact-normal_distinct_fail_slot1_exists	P3	M3	tamarin-prover	fixed-impact	normal_distinct_fail_slot1_exists	tamarin/impact/kwaay_impact_fixed.spthy	normal_distinct_fail_slot1_exists	5a6d2034fcb0fd6d23702d1c099f5a7ef41bb77c79bbb05535b01bcc5549b713	non_vacuity	verified	m4-transparent-composite	direct	C_install-v2	true	300	Run1 systemd MemoryMax=16384MB; Run2 MemoryMax=49152MB; MemorySwapMax=0	tamarin/milestones/run-m3-dedup.sh	282532fd922f3a7f7928f3772b3325fe06785730	1b2bcd06448b832663b4534dcfc5074ac3c9e683	logs/tamarin-m4-hmac-dedup/source-run1/canonical-target-matrix.tsv	211ffd0a8ed8a7051d12dcc165566a66e64ab970	c42dd7f7c1094c58b0597c7350f2d733224773c2	historical milestone authority plus independent M4 296-row regression binding
1	tam-fixed-impact-normal_distinct_fail_slot2_exists	P3	M3	tamarin-prover	fixed-impact	normal_distinct_fail_slot2_exists	tamarin/impact/kwaay_impact_fixed.spthy	normal_distinct_fail_slot2_exists	ea689fd9ab20c31d2ec612d96bc2a58be61e5f3f0fd42b400f2b556fbef614b6	non_vacuity	verified	m4-transparent-composite	direct	C_install-v2	true	300	Run1 systemd MemoryMax=16384MB; Run2 MemoryMax=49152MB; MemorySwapMax=0	tamarin/milestones/run-m3-dedup.sh	282532fd922f3a7f7928f3772b3325fe06785730	1b2bcd06448b832663b4534dcfc5074ac3c9e683	logs/tamarin-m4-hmac-dedup/source-run1/canonical-target-matrix.tsv	211ffd0a8ed8a7051d12dcc165566a66e64ab970	c42dd7f7c1094c58b0597c7350f2d733224773c2	historical milestone authority plus independent M4 296-row regression binding
1	tam-fixed-impact-batch_fail_complete_exclusive	P3	M3	tamarin-prover	fixed-impact	batch_fail_complete_exclusive	tamarin/impact/kwaay_impact_fixed.spthy	batch_fail_complete_exclusive	ff7119e6bf5656c734553c956ddd0bb2701426c15c938fe20adfa9809aea44aa	regression	verified	m4-transparent-composite	direct	C_install-v2	true	300	Run1 systemd MemoryMax=16384MB; Run2 MemoryMax=49152MB; MemorySwapMax=0	tamarin/milestones/run-m3-dedup.sh	282532fd922f3a7f7928f3772b3325fe06785730	1b2bcd06448b832663b4534dcfc5074ac3c9e683	logs/tamarin-m4-hmac-dedup/source-run1/canonical-target-matrix.tsv	211ffd0a8ed8a7051d12dcc165566a66e64ab970	c42dd7f7c1094c58b0597c7350f2d733224773c2	historical milestone authority plus independent M4 296-row regression binding
1	tam-fixed-impact-state_consumed_on_duplicate_fail	P3	M3	tamarin-prover	fixed-impact	state_consumed_on_duplicate_fail	tamarin/impact/kwaay_impact_fixed.spthy	state_consumed_on_duplicate_fail	f2a37cf598f5f970554c8a75e2429c2e7f5ba84840eed8c8de4888b652fb9505	regression	verified	m4-transparent-composite	direct	C_install-v2	true	300	Run1 systemd MemoryMax=16384MB; Run2 MemoryMax=49152MB; MemorySwapMax=0	tamarin/milestones/run-m3-dedup.sh	282532fd922f3a7f7928f3772b3325fe06785730	1b2bcd06448b832663b4534dcfc5074ac3c9e683	logs/tamarin-m4-hmac-dedup/source-run1/canonical-target-matrix.tsv	211ffd0a8ed8a7051d12dcc165566a66e64ab970	c42dd7f7c1094c58b0597c7350f2d733224773c2	historical milestone authority plus independent M4 296-row regression binding
1	tam-fixed-impact-no_consumer_after_failed_batch	P3	M3	tamarin-prover	fixed-impact	no_consumer_after_failed_batch	tamarin/impact/kwaay_impact_fixed.spthy	no_consumer_after_failed_batch	0a9fde1b3105f24bf916e66248c6088a52b3b4bb2857c146c6bd0539a09026cf	direct_theorem	verified	m4-transparent-composite	direct	C_install-v2	true	300	Run1 systemd MemoryMax=16384MB; Run2 MemoryMax=49152MB; MemorySwapMax=0	tamarin/milestones/run-m3-dedup.sh	282532fd922f3a7f7928f3772b3325fe06785730	1b2bcd06448b832663b4534dcfc5074ac3c9e683	logs/tamarin-m4-hmac-dedup/source-run1/canonical-target-matrix.tsv	211ffd0a8ed8a7051d12dcc165566a66e64ab970	c42dd7f7c1094c58b0597c7350f2d733224773c2	historical milestone authority plus independent M4 296-row regression binding
1	tam-v6-executable_add_slot	P0-O	M0	tamarin-prover	v6	executable_add_slot	tamarin/kwaay_splitkem_batch_dynamic_v6.spthy	executable_add_slot	14a894103605b37e8b1ac5828e753f900b81c6249f4fabe25c08cb49b7ade562	non_vacuity	verified	m4-transparent-composite	direct	none	true	300	Run1 systemd MemoryMax=16384MB; Run2 MemoryMax=49152MB; MemorySwapMax=0	tamarin/milestones/run-m3-dedup.sh	282532fd922f3a7f7928f3772b3325fe06785730	1b2bcd06448b832663b4534dcfc5074ac3c9e683	logs/tamarin-m4-hmac-dedup/source-run1/canonical-target-matrix.tsv	211ffd0a8ed8a7051d12dcc165566a66e64ab970	c42dd7f7c1094c58b0597c7350f2d733224773c2	historical milestone authority plus independent M4 296-row regression binding
1	tam-v6-executable_seal_batch	P0-O	M0	tamarin-prover	v6	executable_seal_batch	tamarin/kwaay_splitkem_batch_dynamic_v6.spthy	executable_seal_batch	8e0ad07f9d02a37c3dca91b62b2774775a59be0fb2645fb5f6388476a3984bfb	non_vacuity	verified	m4-transparent-composite	direct	none	true	300	Run1 systemd MemoryMax=16384MB; Run2 MemoryMax=49152MB; MemorySwapMax=0	tamarin/milestones/run-m3-dedup.sh	282532fd922f3a7f7928f3772b3325fe06785730	1b2bcd06448b832663b4534dcfc5074ac3c9e683	logs/tamarin-m4-hmac-dedup/source-run1/canonical-target-matrix.tsv	211ffd0a8ed8a7051d12dcc165566a66e64ab970	c42dd7f7c1094c58b0597c7350f2d733224773c2	historical milestone authority plus independent M4 296-row regression binding
1	tam-v6-executable_process_slot	P0-O	M0	tamarin-prover	v6	executable_process_slot	tamarin/kwaay_splitkem_batch_dynamic_v6.spthy	executable_process_slot	6a7518fea193f5dd601353953e7243411e4abdc459dbd1570d1b577702635755	non_vacuity	verified	m4-transparent-composite	direct	none	true	300	Run1 systemd MemoryMax=16384MB; Run2 MemoryMax=49152MB; MemorySwapMax=0	tamarin/milestones/run-m3-dedup.sh	282532fd922f3a7f7928f3772b3325fe06785730	1b2bcd06448b832663b4534dcfc5074ac3c9e683	logs/tamarin-m4-hmac-dedup/source-run1/canonical-target-matrix.tsv	211ffd0a8ed8a7051d12dcc165566a66e64ab970	c42dd7f7c1094c58b0597c7350f2d733224773c2	historical milestone authority plus independent M4 296-row regression binding
1	tam-v6-executable_batch_complete	P0-O	M0	tamarin-prover	v6	executable_batch_complete	tamarin/kwaay_splitkem_batch_dynamic_v6.spthy	executable_batch_complete	ebac4a85e8fc209f0f41717e787f1082e999d1b8bbd0612997a001e29667ba06	non_vacuity	verified	m4-transparent-composite	direct	none	true	300	Run1 systemd MemoryMax=16384MB; Run2 MemoryMax=49152MB; MemorySwapMax=0	tamarin/milestones/run-m3-dedup.sh	282532fd922f3a7f7928f3772b3325fe06785730	1b2bcd06448b832663b4534dcfc5074ac3c9e683	logs/tamarin-m4-hmac-dedup/source-run1/canonical-target-matrix.tsv	211ffd0a8ed8a7051d12dcc165566a66e64ab970	c42dd7f7c1094c58b0597c7350f2d733224773c2	historical milestone authority plus independent M4 296-row regression binding
1	tam-v6-executable_batch_fail	P0-O	M0	tamarin-prover	v6	executable_batch_fail	tamarin/kwaay_splitkem_batch_dynamic_v6.spthy	executable_batch_fail	757dbbc948070c62b5a3f9486a8cf153b3f63da769cf99ff9a424e7341a6eeb0	non_vacuity	verified	m4-transparent-composite	direct	none	true	300	Run1 systemd MemoryMax=16384MB; Run2 MemoryMax=49152MB; MemorySwapMax=0	tamarin/milestones/run-m3-dedup.sh	282532fd922f3a7f7928f3772b3325fe06785730	1b2bcd06448b832663b4534dcfc5074ac3c9e683	logs/tamarin-m4-hmac-dedup/source-run1/canonical-target-matrix.tsv	211ffd0a8ed8a7051d12dcc165566a66e64ab970	c42dd7f7c1094c58b0597c7350f2d733224773c2	historical milestone authority plus independent M4 296-row regression binding
1	tam-v6-process_requires_slot_added	P0-O	M0	tamarin-prover	v6	process_requires_slot_added	tamarin/kwaay_splitkem_batch_dynamic_v6.spthy	process_requires_slot_added	ce5736f6ce69966dafe73fe53b74a302ab76dfc8b32030395becee7cdd575192	regression	verified	m4-transparent-composite	direct	none	true	300	Run1 systemd MemoryMax=16384MB; Run2 MemoryMax=49152MB; MemorySwapMax=0	tamarin/milestones/run-m3-dedup.sh	282532fd922f3a7f7928f3772b3325fe06785730	1b2bcd06448b832663b4534dcfc5074ac3c9e683	logs/tamarin-m4-hmac-dedup/source-run1/canonical-target-matrix.tsv	211ffd0a8ed8a7051d12dcc165566a66e64ab970	c42dd7f7c1094c58b0597c7350f2d733224773c2	historical milestone authority plus independent M4 296-row regression binding
1	tam-v6-process_requires_seal	P0-O	M0	tamarin-prover	v6	process_requires_seal	tamarin/kwaay_splitkem_batch_dynamic_v6.spthy	process_requires_seal	f87b22be2cde2553828883398374abd60697afbdfa4d07d375a3c512b9bbf84c	regression	verified	m4-transparent-composite	direct	none	true	300	Run1 systemd MemoryMax=16384MB; Run2 MemoryMax=49152MB; MemorySwapMax=0	tamarin/milestones/run-m3-dedup.sh	282532fd922f3a7f7928f3772b3325fe06785730	1b2bcd06448b832663b4534dcfc5074ac3c9e683	logs/tamarin-m4-hmac-dedup/source-run1/canonical-target-matrix.tsv	211ffd0a8ed8a7051d12dcc165566a66e64ab970	c42dd7f7c1094c58b0597c7350f2d733224773c2	historical milestone authority plus independent M4 296-row regression binding
1	tam-v6-complete_requires_seal	P0-O	M0	tamarin-prover	v6	complete_requires_seal	tamarin/kwaay_splitkem_batch_dynamic_v6.spthy	complete_requires_seal	20b990b89c4876db4c57be42b6aa649de1c05896e7844bb2e273be310c90a9c9	regression	verified	m4-transparent-composite	direct	none	true	300	Run1 systemd MemoryMax=16384MB; Run2 MemoryMax=49152MB; MemorySwapMax=0	tamarin/milestones/run-m3-dedup.sh	282532fd922f3a7f7928f3772b3325fe06785730	1b2bcd06448b832663b4534dcfc5074ac3c9e683	logs/tamarin-m4-hmac-dedup/source-run1/canonical-target-matrix.tsv	211ffd0a8ed8a7051d12dcc165566a66e64ab970	c42dd7f7c1094c58b0597c7350f2d733224773c2	historical milestone authority plus independent M4 296-row regression binding
1	tam-v6-fail_requires_seal	P0-O	M0	tamarin-prover	v6	fail_requires_seal	tamarin/kwaay_splitkem_batch_dynamic_v6.spthy	fail_requires_seal	8b0db33ffc89e94555d94c86ac1152de43ceea2bcc07294906e7b38ea5b06397	regression	verified	m4-transparent-composite	direct	none	true	300	Run1 systemd MemoryMax=16384MB; Run2 MemoryMax=49152MB; MemorySwapMax=0	tamarin/milestones/run-m3-dedup.sh	282532fd922f3a7f7928f3772b3325fe06785730	1b2bcd06448b832663b4534dcfc5074ac3c9e683	logs/tamarin-m4-hmac-dedup/source-run1/canonical-target-matrix.tsv	211ffd0a8ed8a7051d12dcc165566a66e64ab970	c42dd7f7c1094c58b0597c7350f2d733224773c2	historical milestone authority plus independent M4 296-row regression binding
1	tam-v6-batch_complete_consumes_state	P0-O	M0	tamarin-prover	v6	batch_complete_consumes_state	tamarin/kwaay_splitkem_batch_dynamic_v6.spthy	batch_complete_consumes_state	ebdee3b44e3be089ed16a88d24ec0dc8f359eade0d8593da63a4ae22b3ad965a	regression	verified	m4-transparent-composite	direct	none	true	300	Run1 systemd MemoryMax=16384MB; Run2 MemoryMax=49152MB; MemorySwapMax=0	tamarin/milestones/run-m3-dedup.sh	282532fd922f3a7f7928f3772b3325fe06785730	1b2bcd06448b832663b4534dcfc5074ac3c9e683	logs/tamarin-m4-hmac-dedup/source-run1/canonical-target-matrix.tsv	211ffd0a8ed8a7051d12dcc165566a66e64ab970	c42dd7f7c1094c58b0597c7350f2d733224773c2	historical milestone authority plus independent M4 296-row regression binding
1	tam-v6-batch_fail_consumes_state	P0-O	M0	tamarin-prover	v6	batch_fail_consumes_state	tamarin/kwaay_splitkem_batch_dynamic_v6.spthy	batch_fail_consumes_state	8b6a70b6f809f50f347ccf7bca53d26223e5865b44453716060ef2455c372e5e	regression	verified	m4-transparent-composite	direct	none	true	300	Run1 systemd MemoryMax=16384MB; Run2 MemoryMax=49152MB; MemorySwapMax=0	tamarin/milestones/run-m3-dedup.sh	282532fd922f3a7f7928f3772b3325fe06785730	1b2bcd06448b832663b4534dcfc5074ac3c9e683	logs/tamarin-m4-hmac-dedup/source-run1/canonical-target-matrix.tsv	211ffd0a8ed8a7051d12dcc165566a66e64ab970	c42dd7f7c1094c58b0597c7350f2d733224773c2	historical milestone authority plus independent M4 296-row regression binding
1	tam-v6-batch_end_token_single_use	P0-O	M0	tamarin-prover	v6	batch_end_token_single_use	tamarin/kwaay_splitkem_batch_dynamic_v6.spthy	batch_end_token_single_use	23a1c2e656716ffcd2452ad001cbe7a427ca49a95958b391f2e30da6780f8f36	regression	verified	m4-transparent-composite	direct	none	true	300	Run1 systemd MemoryMax=16384MB; Run2 MemoryMax=49152MB; MemorySwapMax=0	tamarin/milestones/run-m3-dedup.sh	282532fd922f3a7f7928f3772b3325fe06785730	1b2bcd06448b832663b4534dcfc5074ac3c9e683	logs/tamarin-m4-hmac-dedup/source-run1/canonical-target-matrix.tsv	211ffd0a8ed8a7051d12dcc165566a66e64ab970	c42dd7f7c1094c58b0597c7350f2d733224773c2	historical milestone authority plus independent M4 296-row regression binding
1	tam-v6-batch_fail_complete_exclusive	P0-O	M0	tamarin-prover	v6	batch_fail_complete_exclusive	tamarin/kwaay_splitkem_batch_dynamic_v6.spthy	batch_fail_complete_exclusive	1551d18110cdc476baeb6a5874031d4d614013694bd1e05d6824e44eff25d262	regression	verified	m4-transparent-composite	direct	none	true	300	Run1 systemd MemoryMax=16384MB; Run2 MemoryMax=49152MB; MemorySwapMax=0	tamarin/milestones/run-m3-dedup.sh	282532fd922f3a7f7928f3772b3325fe06785730	1b2bcd06448b832663b4534dcfc5074ac3c9e683	logs/tamarin-m4-hmac-dedup/source-run1/canonical-target-matrix.tsv	211ffd0a8ed8a7051d12dcc165566a66e64ab970	c42dd7f7c1094c58b0597c7350f2d733224773c2	historical milestone authority plus independent M4 296-row regression binding
1	tam-v6-slot_origin_without_early_compromise	P0-O	M0	tamarin-prover	v6	slot_origin_without_early_compromise	tamarin/kwaay_splitkem_batch_dynamic_v6.spthy	slot_origin_without_early_compromise	c8aec2f8af1ffbfc4f7b8e0b5431b1450920c9dd842ba65b2a7e028941a0571f	structural_result	verified	m4-transparent-composite	direct	none	true	300	Run1 systemd MemoryMax=16384MB; Run2 MemoryMax=49152MB; MemorySwapMax=0	tamarin/milestones/run-m3-dedup.sh	282532fd922f3a7f7928f3772b3325fe06785730	1b2bcd06448b832663b4534dcfc5074ac3c9e683	logs/tamarin-m4-hmac-dedup/source-run1/canonical-target-matrix.tsv	211ffd0a8ed8a7051d12dcc165566a66e64ab970	c42dd7f7c1094c58b0597c7350f2d733224773c2	historical milestone authority plus independent M4 296-row regression binding
1	tam-v6-slot_key_known_requires_exception	P0-O	M0	tamarin-prover	v6	slot_key_known_requires_exception	tamarin/kwaay_splitkem_batch_dynamic_v6.spthy	slot_key_known_requires_exception	9f0b0c7ede843d5c56776b1fe54483ca00fd6ff43f6b1382a3853886dd7efe16	structural_result	verified	m4-transparent-composite	direct	none	true	300	Run1 systemd MemoryMax=16384MB; Run2 MemoryMax=49152MB; MemorySwapMax=0	tamarin/milestones/run-m3-dedup.sh	282532fd922f3a7f7928f3772b3325fe06785730	1b2bcd06448b832663b4534dcfc5074ac3c9e683	logs/tamarin-m4-hmac-dedup/source-run1/canonical-target-matrix.tsv	211ffd0a8ed8a7051d12dcc165566a66e64ab970	c42dd7f7c1094c58b0597c7350f2d733224773c2	historical milestone authority plus independent M4 296-row regression binding
1	tam-v6-partnered_slot_key_not_attacker_known_without_early_compromise	P0-O	M0	tamarin-prover	v6	partnered_slot_key_not_attacker_known_without_early_compromise	tamarin/kwaay_splitkem_batch_dynamic_v6.spthy	partnered_slot_key_not_attacker_known_without_early_compromise	8e3815eec04a4c06265a0402e5d3a022685285ce7de20f0c4075e5d3a92412d9	direct_theorem	verified	m4-transparent-composite	direct	none	true	300	Run1 systemd MemoryMax=16384MB; Run2 MemoryMax=49152MB; MemorySwapMax=0	tamarin/milestones/run-m3-dedup.sh	282532fd922f3a7f7928f3772b3325fe06785730	1b2bcd06448b832663b4534dcfc5074ac3c9e683	logs/tamarin-m4-hmac-dedup/source-run1/canonical-target-matrix.tsv	211ffd0a8ed8a7051d12dcc165566a66e64ab970	c42dd7f7c1094c58b0597c7350f2d733224773c2	historical milestone authority plus independent M4 296-row regression binding
1	tam-v7-executable_four_slots_added	P0-O	M0	tamarin-prover	v7	executable_four_slots_added	tamarin/kwaay_splitkem_batch_dynamic_v7.spthy	executable_four_slots_added	6014eaeeb17a926257edaeab619657f7fc6df07a278043f0d63a1a7582f88f74	non_vacuity	verified	m4-transparent-composite	direct	none	true	300	Run1 systemd MemoryMax=16384MB; Run2 MemoryMax=49152MB; MemorySwapMax=0	tamarin/milestones/run-m3-dedup.sh	282532fd922f3a7f7928f3772b3325fe06785730	1b2bcd06448b832663b4534dcfc5074ac3c9e683	logs/tamarin-m4-hmac-dedup/source-run1/canonical-target-matrix.tsv	211ffd0a8ed8a7051d12dcc165566a66e64ab970	c42dd7f7c1094c58b0597c7350f2d733224773c2	historical milestone authority plus independent M4 296-row regression binding
1	tam-v7-executable_seal_batch	P0-O	M0	tamarin-prover	v7	executable_seal_batch	tamarin/kwaay_splitkem_batch_dynamic_v7.spthy	executable_seal_batch	8e0ad07f9d02a37c3dca91b62b2774775a59be0fb2645fb5f6388476a3984bfb	non_vacuity	verified	m4-transparent-composite	direct	none	true	300	Run1 systemd MemoryMax=16384MB; Run2 MemoryMax=49152MB; MemorySwapMax=0	tamarin/milestones/run-m3-dedup.sh	282532fd922f3a7f7928f3772b3325fe06785730	1b2bcd06448b832663b4534dcfc5074ac3c9e683	logs/tamarin-m4-hmac-dedup/source-run1/canonical-target-matrix.tsv	211ffd0a8ed8a7051d12dcc165566a66e64ab970	c42dd7f7c1094c58b0597c7350f2d733224773c2	historical milestone authority plus independent M4 296-row regression binding
1	tam-v7-executable_four_slots_processed	P0-O	M0	tamarin-prover	v7	executable_four_slots_processed	tamarin/kwaay_splitkem_batch_dynamic_v7.spthy	executable_four_slots_processed	3170c2be260c7b98812add29d2f1d4f2ff9ea593a0e63160dc0b7bcd2356450f	non_vacuity	verified	m4-transparent-composite	direct	none	true	300	Run1 systemd MemoryMax=16384MB; Run2 MemoryMax=49152MB; MemorySwapMax=0	tamarin/milestones/run-m3-dedup.sh	282532fd922f3a7f7928f3772b3325fe06785730	1b2bcd06448b832663b4534dcfc5074ac3c9e683	logs/tamarin-m4-hmac-dedup/source-run1/canonical-target-matrix.tsv	211ffd0a8ed8a7051d12dcc165566a66e64ab970	c42dd7f7c1094c58b0597c7350f2d733224773c2	historical milestone authority plus independent M4 296-row regression binding
1	tam-v7-executable_batch_complete	P0-O	M0	tamarin-prover	v7	executable_batch_complete	tamarin/kwaay_splitkem_batch_dynamic_v7.spthy	executable_batch_complete	ebac4a85e8fc209f0f41717e787f1082e999d1b8bbd0612997a001e29667ba06	non_vacuity	verified	m4-transparent-composite	direct	none	true	300	Run1 systemd MemoryMax=16384MB; Run2 MemoryMax=49152MB; MemorySwapMax=0	tamarin/milestones/run-m3-dedup.sh	282532fd922f3a7f7928f3772b3325fe06785730	1b2bcd06448b832663b4534dcfc5074ac3c9e683	logs/tamarin-m4-hmac-dedup/source-run1/canonical-target-matrix.tsv	211ffd0a8ed8a7051d12dcc165566a66e64ab970	c42dd7f7c1094c58b0597c7350f2d733224773c2	historical milestone authority plus independent M4 296-row regression binding
1	tam-v7-executable_batch_fail	P0-O	M0	tamarin-prover	v7	executable_batch_fail	tamarin/kwaay_splitkem_batch_dynamic_v7.spthy	executable_batch_fail	757dbbc948070c62b5a3f9486a8cf153b3f63da769cf99ff9a424e7341a6eeb0	non_vacuity	verified	m4-transparent-composite	direct	none	true	300	Run1 systemd MemoryMax=16384MB; Run2 MemoryMax=49152MB; MemorySwapMax=0	tamarin/milestones/run-m3-dedup.sh	282532fd922f3a7f7928f3772b3325fe06785730	1b2bcd06448b832663b4534dcfc5074ac3c9e683	logs/tamarin-m4-hmac-dedup/source-run1/canonical-target-matrix.tsv	211ffd0a8ed8a7051d12dcc165566a66e64ab970	c42dd7f7c1094c58b0597c7350f2d733224773c2	historical milestone authority plus independent M4 296-row regression binding
1	tam-v7-seal_requires_all_slots_added	P0-O	M0	tamarin-prover	v7	seal_requires_all_slots_added	tamarin/kwaay_splitkem_batch_dynamic_v7.spthy	seal_requires_all_slots_added	10ff1f3fe46807796cae59d8763604a94d3e155163b0085c2bce2fd24dd0d9fa	regression	verified	m4-transparent-composite	direct	none	true	300	Run1 systemd MemoryMax=16384MB; Run2 MemoryMax=49152MB; MemorySwapMax=0	tamarin/milestones/run-m3-dedup.sh	282532fd922f3a7f7928f3772b3325fe06785730	1b2bcd06448b832663b4534dcfc5074ac3c9e683	logs/tamarin-m4-hmac-dedup/source-run1/canonical-target-matrix.tsv	211ffd0a8ed8a7051d12dcc165566a66e64ab970	c42dd7f7c1094c58b0597c7350f2d733224773c2	historical milestone authority plus independent M4 296-row regression binding
1	tam-v7-process_requires_slot_added	P0-O	M0	tamarin-prover	v7	process_requires_slot_added	tamarin/kwaay_splitkem_batch_dynamic_v7.spthy	process_requires_slot_added	ce5736f6ce69966dafe73fe53b74a302ab76dfc8b32030395becee7cdd575192	regression	verified	m4-transparent-composite	direct	none	true	300	Run1 systemd MemoryMax=16384MB; Run2 MemoryMax=49152MB; MemorySwapMax=0	tamarin/milestones/run-m3-dedup.sh	282532fd922f3a7f7928f3772b3325fe06785730	1b2bcd06448b832663b4534dcfc5074ac3c9e683	logs/tamarin-m4-hmac-dedup/source-run1/canonical-target-matrix.tsv	211ffd0a8ed8a7051d12dcc165566a66e64ab970	c42dd7f7c1094c58b0597c7350f2d733224773c2	historical milestone authority plus independent M4 296-row regression binding
1	tam-v7-process_requires_seal	P0-O	M0	tamarin-prover	v7	process_requires_seal	tamarin/kwaay_splitkem_batch_dynamic_v7.spthy	process_requires_seal	f87b22be2cde2553828883398374abd60697afbdfa4d07d375a3c512b9bbf84c	regression	verified	m4-transparent-composite	direct	none	true	300	Run1 systemd MemoryMax=16384MB; Run2 MemoryMax=49152MB; MemorySwapMax=0	tamarin/milestones/run-m3-dedup.sh	282532fd922f3a7f7928f3772b3325fe06785730	1b2bcd06448b832663b4534dcfc5074ac3c9e683	logs/tamarin-m4-hmac-dedup/source-run1/canonical-target-matrix.tsv	211ffd0a8ed8a7051d12dcc165566a66e64ab970	c42dd7f7c1094c58b0597c7350f2d733224773c2	historical milestone authority plus independent M4 296-row regression binding
1	tam-v7-complete_requires_seal	P0-O	M0	tamarin-prover	v7	complete_requires_seal	tamarin/kwaay_splitkem_batch_dynamic_v7.spthy	complete_requires_seal	20b990b89c4876db4c57be42b6aa649de1c05896e7844bb2e273be310c90a9c9	regression	verified	m4-transparent-composite	direct	none	true	300	Run1 systemd MemoryMax=16384MB; Run2 MemoryMax=49152MB; MemorySwapMax=0	tamarin/milestones/run-m3-dedup.sh	282532fd922f3a7f7928f3772b3325fe06785730	1b2bcd06448b832663b4534dcfc5074ac3c9e683	logs/tamarin-m4-hmac-dedup/source-run1/canonical-target-matrix.tsv	211ffd0a8ed8a7051d12dcc165566a66e64ab970	c42dd7f7c1094c58b0597c7350f2d733224773c2	historical milestone authority plus independent M4 296-row regression binding
1	tam-v7-fail_requires_seal	P0-O	M0	tamarin-prover	v7	fail_requires_seal	tamarin/kwaay_splitkem_batch_dynamic_v7.spthy	fail_requires_seal	8b0db33ffc89e94555d94c86ac1152de43ceea2bcc07294906e7b38ea5b06397	regression	verified	m4-transparent-composite	direct	none	true	300	Run1 systemd MemoryMax=16384MB; Run2 MemoryMax=49152MB; MemorySwapMax=0	tamarin/milestones/run-m3-dedup.sh	282532fd922f3a7f7928f3772b3325fe06785730	1b2bcd06448b832663b4534dcfc5074ac3c9e683	logs/tamarin-m4-hmac-dedup/source-run1/canonical-target-matrix.tsv	211ffd0a8ed8a7051d12dcc165566a66e64ab970	c42dd7f7c1094c58b0597c7350f2d733224773c2	historical milestone authority plus independent M4 296-row regression binding
1	tam-v7-complete_requires_all_slots_done	P0-O	M0	tamarin-prover	v7	complete_requires_all_slots_done	tamarin/kwaay_splitkem_batch_dynamic_v7.spthy	complete_requires_all_slots_done	1434de73eec49c6fce7fd441d7e31547007480d030d2eee0c7770a21553ca3d2	regression	verified	m4-transparent-composite	direct	none	true	300	Run1 systemd MemoryMax=16384MB; Run2 MemoryMax=49152MB; MemorySwapMax=0	tamarin/milestones/run-m3-dedup.sh	282532fd922f3a7f7928f3772b3325fe06785730	1b2bcd06448b832663b4534dcfc5074ac3c9e683	logs/tamarin-m4-hmac-dedup/source-run1/canonical-target-matrix.tsv	211ffd0a8ed8a7051d12dcc165566a66e64ab970	c42dd7f7c1094c58b0597c7350f2d733224773c2	historical milestone authority plus independent M4 296-row regression binding
1	tam-v7-complete_requires_all_added_slots_processed	P0-O	M0	tamarin-prover	v7	complete_requires_all_added_slots_processed	tamarin/kwaay_splitkem_batch_dynamic_v7.spthy	complete_requires_all_added_slots_processed	ed21e5f75d345781c05c42a40857d8816fdc098c7c4c0b756143aad937564c09	regression	verified	m4-transparent-composite	direct	none	true	300	Run1 systemd MemoryMax=16384MB; Run2 MemoryMax=49152MB; MemorySwapMax=0	tamarin/milestones/run-m3-dedup.sh	282532fd922f3a7f7928f3772b3325fe06785730	1b2bcd06448b832663b4534dcfc5074ac3c9e683	logs/tamarin-m4-hmac-dedup/source-run1/canonical-target-matrix.tsv	211ffd0a8ed8a7051d12dcc165566a66e64ab970	c42dd7f7c1094c58b0597c7350f2d733224773c2	historical milestone authority plus independent M4 296-row regression binding
1	tam-v7-no_add_after_seal	P0-O	M0	tamarin-prover	v7	no_add_after_seal	tamarin/kwaay_splitkem_batch_dynamic_v7.spthy	no_add_after_seal	03cfd24cd875e075a1dd5684bde11d540cdfb832100ba6b33c9e51e38140716a	regression	verified	m4-transparent-composite	direct	none	true	300	Run1 systemd MemoryMax=16384MB; Run2 MemoryMax=49152MB; MemorySwapMax=0	tamarin/milestones/run-m3-dedup.sh	282532fd922f3a7f7928f3772b3325fe06785730	1b2bcd06448b832663b4534dcfc5074ac3c9e683	logs/tamarin-m4-hmac-dedup/source-run1/canonical-target-matrix.tsv	211ffd0a8ed8a7051d12dcc165566a66e64ab970	c42dd7f7c1094c58b0597c7350f2d733224773c2	historical milestone authority plus independent M4 296-row regression binding
1	tam-v7-no_add_after_complete	P0-O	M0	tamarin-prover	v7	no_add_after_complete	tamarin/kwaay_splitkem_batch_dynamic_v7.spthy	no_add_after_complete	1c9110db654cbf82d4f2312164b26c10650749afa912f4803c1ecbe9ff45eaf7	regression	verified	m4-transparent-composite	direct	none	true	300	Run1 systemd MemoryMax=16384MB; Run2 MemoryMax=49152MB; MemorySwapMax=0	tamarin/milestones/run-m3-dedup.sh	282532fd922f3a7f7928f3772b3325fe06785730	1b2bcd06448b832663b4534dcfc5074ac3c9e683	logs/tamarin-m4-hmac-dedup/source-run1/canonical-target-matrix.tsv	211ffd0a8ed8a7051d12dcc165566a66e64ab970	c42dd7f7c1094c58b0597c7350f2d733224773c2	historical milestone authority plus independent M4 296-row regression binding
1	tam-v7-no_add_after_fail	P0-O	M0	tamarin-prover	v7	no_add_after_fail	tamarin/kwaay_splitkem_batch_dynamic_v7.spthy	no_add_after_fail	bdf560ec643b28cc6f92f693a5dee2d33a742f2b376ee70b9ee6e12feeff046e	regression	verified	m4-transparent-composite	direct	none	true	300	Run1 systemd MemoryMax=16384MB; Run2 MemoryMax=49152MB; MemorySwapMax=0	tamarin/milestones/run-m3-dedup.sh	282532fd922f3a7f7928f3772b3325fe06785730	1b2bcd06448b832663b4534dcfc5074ac3c9e683	logs/tamarin-m4-hmac-dedup/source-run1/canonical-target-matrix.tsv	211ffd0a8ed8a7051d12dcc165566a66e64ab970	c42dd7f7c1094c58b0597c7350f2d733224773c2	historical milestone authority plus independent M4 296-row regression binding
1	tam-v7-no_slot_accept_after_complete	P0-O	M0	tamarin-prover	v7	no_slot_accept_after_complete	tamarin/kwaay_splitkem_batch_dynamic_v7.spthy	no_slot_accept_after_complete	d05646bb074b893eec20bf73df8ff85bc4aced5c6c5250873b96659bad239779	regression	verified	m4-transparent-composite	direct	none	true	300	Run1 systemd MemoryMax=16384MB; Run2 MemoryMax=49152MB; MemorySwapMax=0	tamarin/milestones/run-m3-dedup.sh	282532fd922f3a7f7928f3772b3325fe06785730	1b2bcd06448b832663b4534dcfc5074ac3c9e683	logs/tamarin-m4-hmac-dedup/source-run1/canonical-target-matrix.tsv	211ffd0a8ed8a7051d12dcc165566a66e64ab970	c42dd7f7c1094c58b0597c7350f2d733224773c2	historical milestone authority plus independent M4 296-row regression binding
1	tam-v7-no_slot_accept_after_fail	P0-O	M0	tamarin-prover	v7	no_slot_accept_after_fail	tamarin/kwaay_splitkem_batch_dynamic_v7.spthy	no_slot_accept_after_fail	c8b8d4a9dd780cde2e010a2f9028af480e8c4e9dcecb9743d1e5a248fa90c40d	regression	verified	m4-transparent-composite	direct	none	true	300	Run1 systemd MemoryMax=16384MB; Run2 MemoryMax=49152MB; MemorySwapMax=0	tamarin/milestones/run-m3-dedup.sh	282532fd922f3a7f7928f3772b3325fe06785730	1b2bcd06448b832663b4534dcfc5074ac3c9e683	logs/tamarin-m4-hmac-dedup/source-run1/canonical-target-matrix.tsv	211ffd0a8ed8a7051d12dcc165566a66e64ab970	c42dd7f7c1094c58b0597c7350f2d733224773c2	historical milestone authority plus independent M4 296-row regression binding
1	tam-v7-no_slot_accept_after_close	P0-O	M0	tamarin-prover	v7	no_slot_accept_after_close	tamarin/kwaay_splitkem_batch_dynamic_v7.spthy	no_slot_accept_after_close	d8e8471414400a1bee839fa01c1504beb81c10a80ce311427248ed1a225117d2	regression	verified	m4-transparent-composite	direct	none	true	300	Run1 systemd MemoryMax=16384MB; Run2 MemoryMax=49152MB; MemorySwapMax=0	tamarin/milestones/run-m3-dedup.sh	282532fd922f3a7f7928f3772b3325fe06785730	1b2bcd06448b832663b4534dcfc5074ac3c9e683	logs/tamarin-m4-hmac-dedup/source-run1/canonical-target-matrix.tsv	211ffd0a8ed8a7051d12dcc165566a66e64ab970	c42dd7f7c1094c58b0597c7350f2d733224773c2	historical milestone authority plus independent M4 296-row regression binding
1	tam-v7-batch_complete_consumes_state	P0-O	M0	tamarin-prover	v7	batch_complete_consumes_state	tamarin/kwaay_splitkem_batch_dynamic_v7.spthy	batch_complete_consumes_state	ebdee3b44e3be089ed16a88d24ec0dc8f359eade0d8593da63a4ae22b3ad965a	regression	verified	m4-transparent-composite	direct	none	true	300	Run1 systemd MemoryMax=16384MB; Run2 MemoryMax=49152MB; MemorySwapMax=0	tamarin/milestones/run-m3-dedup.sh	282532fd922f3a7f7928f3772b3325fe06785730	1b2bcd06448b832663b4534dcfc5074ac3c9e683	logs/tamarin-m4-hmac-dedup/source-run1/canonical-target-matrix.tsv	211ffd0a8ed8a7051d12dcc165566a66e64ab970	c42dd7f7c1094c58b0597c7350f2d733224773c2	historical milestone authority plus independent M4 296-row regression binding
1	tam-v7-batch_fail_consumes_state	P0-O	M0	tamarin-prover	v7	batch_fail_consumes_state	tamarin/kwaay_splitkem_batch_dynamic_v7.spthy	batch_fail_consumes_state	8b6a70b6f809f50f347ccf7bca53d26223e5865b44453716060ef2455c372e5e	regression	verified	m4-transparent-composite	direct	none	true	300	Run1 systemd MemoryMax=16384MB; Run2 MemoryMax=49152MB; MemorySwapMax=0	tamarin/milestones/run-m3-dedup.sh	282532fd922f3a7f7928f3772b3325fe06785730	1b2bcd06448b832663b4534dcfc5074ac3c9e683	logs/tamarin-m4-hmac-dedup/source-run1/canonical-target-matrix.tsv	211ffd0a8ed8a7051d12dcc165566a66e64ab970	c42dd7f7c1094c58b0597c7350f2d733224773c2	historical milestone authority plus independent M4 296-row regression binding
1	tam-v7-batch_end_token_single_use	P0-O	M0	tamarin-prover	v7	batch_end_token_single_use	tamarin/kwaay_splitkem_batch_dynamic_v7.spthy	batch_end_token_single_use	23a1c2e656716ffcd2452ad001cbe7a427ca49a95958b391f2e30da6780f8f36	regression	verified	m4-transparent-composite	direct	none	true	300	Run1 systemd MemoryMax=16384MB; Run2 MemoryMax=49152MB; MemorySwapMax=0	tamarin/milestones/run-m3-dedup.sh	282532fd922f3a7f7928f3772b3325fe06785730	1b2bcd06448b832663b4534dcfc5074ac3c9e683	logs/tamarin-m4-hmac-dedup/source-run1/canonical-target-matrix.tsv	211ffd0a8ed8a7051d12dcc165566a66e64ab970	c42dd7f7c1094c58b0597c7350f2d733224773c2	historical milestone authority plus independent M4 296-row regression binding
1	tam-v7-batch_fail_complete_exclusive	P0-O	M0	tamarin-prover	v7	batch_fail_complete_exclusive	tamarin/kwaay_splitkem_batch_dynamic_v7.spthy	batch_fail_complete_exclusive	1551d18110cdc476baeb6a5874031d4d614013694bd1e05d6824e44eff25d262	regression	verified	m4-transparent-composite	direct	none	true	300	Run1 systemd MemoryMax=16384MB; Run2 MemoryMax=49152MB; MemorySwapMax=0	tamarin/milestones/run-m3-dedup.sh	282532fd922f3a7f7928f3772b3325fe06785730	1b2bcd06448b832663b4534dcfc5074ac3c9e683	logs/tamarin-m4-hmac-dedup/source-run1/canonical-target-matrix.tsv	211ffd0a8ed8a7051d12dcc165566a66e64ab970	c42dd7f7c1094c58b0597c7350f2d733224773c2	historical milestone authority plus independent M4 296-row regression binding
1	tam-v7-receiver_state_single_batch_end	P0-O	M0	tamarin-prover	v7	receiver_state_single_batch_end	tamarin/kwaay_splitkem_batch_dynamic_v7.spthy	receiver_state_single_batch_end	2df7e8efb05f0de9a1dee2b47d6abb6fb55deac0aa213608f7a984cfc50b1fec	regression	verified	m4-transparent-composite	direct	none	true	300	Run1 systemd MemoryMax=16384MB; Run2 MemoryMax=49152MB; MemorySwapMax=0	tamarin/milestones/run-m3-dedup.sh	282532fd922f3a7f7928f3772b3325fe06785730	1b2bcd06448b832663b4534dcfc5074ac3c9e683	logs/tamarin-m4-hmac-dedup/source-run1/canonical-target-matrix.tsv	211ffd0a8ed8a7051d12dcc165566a66e64ab970	c42dd7f7c1094c58b0597c7350f2d733224773c2	historical milestone authority plus independent M4 296-row regression binding
1	tam-v7-slot_origin	P0-O	M0	tamarin-prover	v7	slot_origin	tamarin/kwaay_splitkem_batch_dynamic_v7.spthy	slot_origin	ba1a99988b2f82d455eee51feff9a42d48cd2134cd8c3714b0e35449d78d7910	structural_result	verified	m4-transparent-composite	direct	none	true	300	Run1 systemd MemoryMax=16384MB; Run2 MemoryMax=49152MB; MemorySwapMax=0	tamarin/milestones/run-m3-dedup.sh	282532fd922f3a7f7928f3772b3325fe06785730	1b2bcd06448b832663b4534dcfc5074ac3c9e683	logs/tamarin-m4-hmac-dedup/source-run1/canonical-target-matrix.tsv	211ffd0a8ed8a7051d12dcc165566a66e64ab970	c42dd7f7c1094c58b0597c7350f2d733224773c2	historical milestone authority plus independent M4 296-row regression binding
1	pv-original-baseline-q01	P0-O	M0	proverif	proverif-original	BASELINE	logs/final/proverif/generated/BASELINE.pv	queryk:session_key;event(HonestRun(k)).	d949a520f90d4232c53b02d5009f57f307cb0a289fda54432110186e76d4184f	non_vacuity	false	committed-inherited-evidence	inherited	none	true	300	no committed memory cap; compatibility untested	docs/proverif-final-results.md	4e91fdee3b4d635551aa24780e2f8f81736d2e75	f54c39a1902c10af6fabed2b90360d16cd756e1b	logs/final/proverif/summary.txt	211ffd0a8ed8a7051d12dcc165566a66e64ab970	ff24b5e33537be899d1f25c8a825e02e8054cf2f	prior committed ProVerif evidence; independent of M4 execution scope
1	m4-pv-original-baseline-q01	P0-O	M4	proverif	proverif-original	BASELINE	logs/final/proverif/generated/BASELINE.pv	queryk:session_key;event(HonestRun(k)).	d949a520f90d4232c53b02d5009f57f307cb0a289fda54432110186e76d4184f	scope_declaration	not_run_out_of_scope	scope-declaration	tamarin-only	none	true	300	no committed memory cap; compatibility untested	tamarin/milestones/run-m4-hmac-dedup.sh	96010c72e71defc775c7c2ee99c937ff700a3227	48fbaa50750b763152dbc117eb1035f8ce807291	tamarin/milestones/run-m4-hmac-dedup.sh	96010c72e71defc775c7c2ee99c937ff700a3227	48fbaa50750b763152dbc117eb1035f8ce807291	M4 execution-scope declaration; independent inherited row retained
1	pv-original-baseline-q02	P1	M0	proverif	proverif-original	BASELINE	logs/final/proverif/generated/BASELINE.pv	queryA:agent,B:agent,s:sid_t,k:session_key;event(RecvDone(B,A,s,k))==>event(SendDone(A,B,s,k)).	7b97ac8ec3bdb64e320f66fa7f1559d25c21b4f260148bc0b189b7fa3a92c8d6	falsified_universal_property	false	committed-inherited-evidence	inherited	none	true	300	no committed memory cap; compatibility untested	docs/proverif-final-results.md	4e91fdee3b4d635551aa24780e2f8f81736d2e75	f54c39a1902c10af6fabed2b90360d16cd756e1b	logs/final/proverif/summary.txt	211ffd0a8ed8a7051d12dcc165566a66e64ab970	ff24b5e33537be899d1f25c8a825e02e8054cf2f	prior committed ProVerif evidence; independent of M4 execution scope
1	m4-pv-original-baseline-q02	P1	M4	proverif	proverif-original	BASELINE	logs/final/proverif/generated/BASELINE.pv	queryA:agent,B:agent,s:sid_t,k:session_key;event(RecvDone(B,A,s,k))==>event(SendDone(A,B,s,k)).	7b97ac8ec3bdb64e320f66fa7f1559d25c21b4f260148bc0b189b7fa3a92c8d6	scope_declaration	not_run_out_of_scope	scope-declaration	tamarin-only	none	true	300	no committed memory cap; compatibility untested	tamarin/milestones/run-m4-hmac-dedup.sh	96010c72e71defc775c7c2ee99c937ff700a3227	48fbaa50750b763152dbc117eb1035f8ce807291	tamarin/milestones/run-m4-hmac-dedup.sh	96010c72e71defc775c7c2ee99c937ff700a3227	48fbaa50750b763152dbc117eb1035f8ce807291	M4 execution-scope declaration; independent inherited row retained
1	pv-original-baseline-q03	P0-O	M0	proverif	proverif-original	BASELINE	logs/final/proverif/generated/BASELINE.pv	queryA:agent,B:agent,sp:sender_prekey_bundle,s:sid_t,k:session_key;event(RecvDone(B,A,s,k))==>event(SenderPrekeyVerified(B,A,sp)).	84d5da1590184f440bddd7e22009b94f77cd1fc5015029701aaa752ed413c9ed	structural_result	true	committed-inherited-evidence	inherited	none	true	300	no committed memory cap; compatibility untested	docs/proverif-final-results.md	4e91fdee3b4d635551aa24780e2f8f81736d2e75	f54c39a1902c10af6fabed2b90360d16cd756e1b	logs/final/proverif/summary.txt	211ffd0a8ed8a7051d12dcc165566a66e64ab970	ff24b5e33537be899d1f25c8a825e02e8054cf2f	prior committed ProVerif evidence; independent of M4 execution scope
1	m4-pv-original-baseline-q03	P0-O	M4	proverif	proverif-original	BASELINE	logs/final/proverif/generated/BASELINE.pv	queryA:agent,B:agent,sp:sender_prekey_bundle,s:sid_t,k:session_key;event(RecvDone(B,A,s,k))==>event(SenderPrekeyVerified(B,A,sp)).	84d5da1590184f440bddd7e22009b94f77cd1fc5015029701aaa752ed413c9ed	scope_declaration	not_run_out_of_scope	scope-declaration	tamarin-only	none	true	300	no committed memory cap; compatibility untested	tamarin/milestones/run-m4-hmac-dedup.sh	96010c72e71defc775c7c2ee99c937ff700a3227	48fbaa50750b763152dbc117eb1035f8ce807291	tamarin/milestones/run-m4-hmac-dedup.sh	96010c72e71defc775c7c2ee99c937ff700a3227	48fbaa50750b763152dbc117eb1035f8ce807291	M4 execution-scope declaration; independent inherited row retained
1	pv-original-baseline-q04	P0-O	M0	proverif	proverif-original	BASELINE	logs/final/proverif/generated/BASELINE.pv	queryA:agent,B:agent,rp:receiver_prekey_bundle,s:sid_t,k:session_key;event(RecvDone(B,A,s,k))==>event(ReceiverLocalPrekeyUsed(B,A,rp)).	354856039bd87105bdb8d79dd4e5db5c64c12996b660cf38e4708cd952b3a66b	structural_result	true	committed-inherited-evidence	inherited	none	true	300	no committed memory cap; compatibility untested	docs/proverif-final-results.md	4e91fdee3b4d635551aa24780e2f8f81736d2e75	f54c39a1902c10af6fabed2b90360d16cd756e1b	logs/final/proverif/summary.txt	211ffd0a8ed8a7051d12dcc165566a66e64ab970	ff24b5e33537be899d1f25c8a825e02e8054cf2f	prior committed ProVerif evidence; independent of M4 execution scope
1	m4-pv-original-baseline-q04	P0-O	M4	proverif	proverif-original	BASELINE	logs/final/proverif/generated/BASELINE.pv	queryA:agent,B:agent,rp:receiver_prekey_bundle,s:sid_t,k:session_key;event(RecvDone(B,A,s,k))==>event(ReceiverLocalPrekeyUsed(B,A,rp)).	354856039bd87105bdb8d79dd4e5db5c64c12996b660cf38e4708cd952b3a66b	scope_declaration	not_run_out_of_scope	scope-declaration	tamarin-only	none	true	300	no committed memory cap; compatibility untested	tamarin/milestones/run-m4-hmac-dedup.sh	96010c72e71defc775c7c2ee99c937ff700a3227	48fbaa50750b763152dbc117eb1035f8ce807291	tamarin/milestones/run-m4-hmac-dedup.sh	96010c72e71defc775c7c2ee99c937ff700a3227	48fbaa50750b763152dbc117eb1035f8ce807291	M4 execution-scope declaration; independent inherited row retained
1	pv-original-baseline-q05	P0-S	M0	proverif	proverif-original	BASELINE	logs/final/proverif/generated/BASELINE.pv	queryA:agent,B:agent,s:sid_t,k:session_key;attacker(k)&&event(SenderKey(A,B,s,k))==>false.	bbfc2633144fec1fbffe9dd28eb467f7c259bd2d2752027f362f082c94296ae7	direct_theorem	true	committed-inherited-evidence	inherited	none	true	300	no committed memory cap; compatibility untested	docs/proverif-final-results.md	4e91fdee3b4d635551aa24780e2f8f81736d2e75	f54c39a1902c10af6fabed2b90360d16cd756e1b	logs/final/proverif/summary.txt	211ffd0a8ed8a7051d12dcc165566a66e64ab970	ff24b5e33537be899d1f25c8a825e02e8054cf2f	prior committed ProVerif evidence; independent of M4 execution scope
1	m4-pv-original-baseline-q05	P0-S	M4	proverif	proverif-original	BASELINE	logs/final/proverif/generated/BASELINE.pv	queryA:agent,B:agent,s:sid_t,k:session_key;attacker(k)&&event(SenderKey(A,B,s,k))==>false.	bbfc2633144fec1fbffe9dd28eb467f7c259bd2d2752027f362f082c94296ae7	scope_declaration	not_run_out_of_scope	scope-declaration	tamarin-only	none	true	300	no committed memory cap; compatibility untested	tamarin/milestones/run-m4-hmac-dedup.sh	96010c72e71defc775c7c2ee99c937ff700a3227	48fbaa50750b763152dbc117eb1035f8ce807291	tamarin/milestones/run-m4-hmac-dedup.sh	96010c72e71defc775c7c2ee99c937ff700a3227	48fbaa50750b763152dbc117eb1035f8ce807291	M4 execution-scope declaration; independent inherited row retained
1	pv-original-baseline-q06	P0-S	M0	proverif	proverif-original	BASELINE	logs/final/proverif/generated/BASELINE.pv	queryA:agent,B:agent,s:sid_t,k:session_key;attacker(k)&&event(ReceiverKey(B,A,s,k))==>false.	2815280ea2a20efe56e4b0464ed89af9bc04aa70f1652a883cf38455b84533c3	direct_theorem	true	committed-inherited-evidence	inherited	none	true	300	no committed memory cap; compatibility untested	docs/proverif-final-results.md	4e91fdee3b4d635551aa24780e2f8f81736d2e75	f54c39a1902c10af6fabed2b90360d16cd756e1b	logs/final/proverif/summary.txt	211ffd0a8ed8a7051d12dcc165566a66e64ab970	ff24b5e33537be899d1f25c8a825e02e8054cf2f	prior committed ProVerif evidence; independent of M4 execution scope
1	m4-pv-original-baseline-q06	P0-S	M4	proverif	proverif-original	BASELINE	logs/final/proverif/generated/BASELINE.pv	queryA:agent,B:agent,s:sid_t,k:session_key;attacker(k)&&event(ReceiverKey(B,A,s,k))==>false.	2815280ea2a20efe56e4b0464ed89af9bc04aa70f1652a883cf38455b84533c3	scope_declaration	not_run_out_of_scope	scope-declaration	tamarin-only	none	true	300	no committed memory cap; compatibility untested	tamarin/milestones/run-m4-hmac-dedup.sh	96010c72e71defc775c7c2ee99c937ff700a3227	48fbaa50750b763152dbc117eb1035f8ce807291	tamarin/milestones/run-m4-hmac-dedup.sh	96010c72e71defc775c7c2ee99c937ff700a3227	48fbaa50750b763152dbc117eb1035f8ce807291	M4 execution-scope declaration; independent inherited row retained
1	pv-original-component-q01	P0-O	M0	proverif	proverif-original	COMPONENT	logs/final/proverif/generated/COMPONENT.pv	queryA:agent,B:agent,cts:skem_ct,Ks:shared_secret;event(SplitKemAccepted(B,A,cts,Ks))==>event(SenderSplitKemComponent(A,B,cts,Ks)).	88d34a73474929095a910d65a3e43d9e06e966a3162bff4e87e03bf9c6a2cdfb	structural_result	true	committed-inherited-evidence	inherited	none	true	300	no committed memory cap; compatibility untested	docs/proverif-final-results.md	4e91fdee3b4d635551aa24780e2f8f81736d2e75	f54c39a1902c10af6fabed2b90360d16cd756e1b	logs/final/proverif/summary.txt	211ffd0a8ed8a7051d12dcc165566a66e64ab970	ff24b5e33537be899d1f25c8a825e02e8054cf2f	prior committed ProVerif evidence; independent of M4 execution scope
1	m4-pv-original-component-q01	P0-O	M4	proverif	proverif-original	COMPONENT	logs/final/proverif/generated/COMPONENT.pv	queryA:agent,B:agent,cts:skem_ct,Ks:shared_secret;event(SplitKemAccepted(B,A,cts,Ks))==>event(SenderSplitKemComponent(A,B,cts,Ks)).	88d34a73474929095a910d65a3e43d9e06e966a3162bff4e87e03bf9c6a2cdfb	scope_declaration	not_run_out_of_scope	scope-declaration	tamarin-only	none	true	300	no committed memory cap; compatibility untested	tamarin/milestones/run-m4-hmac-dedup.sh	96010c72e71defc775c7c2ee99c937ff700a3227	48fbaa50750b763152dbc117eb1035f8ce807291	tamarin/milestones/run-m4-hmac-dedup.sh	96010c72e71defc775c7c2ee99c937ff700a3227	48fbaa50750b763152dbc117eb1035f8ce807291	M4 execution-scope declaration; independent inherited row retained
1	pv-original-exception_choice-q01	P0-O	M0	proverif	proverif-original	EXCEPTION_CHOICE	logs/final/proverif/generated/EXCEPTION_CHOICE.pv	queryk:session_key;event(HonestRun(k)).	d949a520f90d4232c53b02d5009f57f307cb0a289fda54432110186e76d4184f	non_vacuity	false	committed-inherited-evidence	inherited	none	true	300	no committed memory cap; compatibility untested	docs/proverif-final-results.md	4e91fdee3b4d635551aa24780e2f8f81736d2e75	f54c39a1902c10af6fabed2b90360d16cd756e1b	logs/final/proverif/summary.txt	211ffd0a8ed8a7051d12dcc165566a66e64ab970	ff24b5e33537be899d1f25c8a825e02e8054cf2f	prior committed ProVerif evidence; independent of M4 execution scope
1	pv-original-exception_choice-q02	P1	M0	proverif	proverif-original	EXCEPTION_CHOICE	logs/final/proverif/generated/EXCEPTION_CHOICE.pv	queryA:agent,B:agent,s:sid_t,k:session_key;event(RecvDone(B,A,s,k))==>event(SendDone(A,B,s,k)).	7b97ac8ec3bdb64e320f66fa7f1559d25c21b4f260148bc0b189b7fa3a92c8d6	falsified_universal_property	false	committed-inherited-evidence	inherited	none	true	300	no committed memory cap; compatibility untested	docs/proverif-final-results.md	4e91fdee3b4d635551aa24780e2f8f81736d2e75	f54c39a1902c10af6fabed2b90360d16cd756e1b	logs/final/proverif/summary.txt	211ffd0a8ed8a7051d12dcc165566a66e64ab970	ff24b5e33537be899d1f25c8a825e02e8054cf2f	prior committed ProVerif evidence; independent of M4 execution scope
1	pv-original-exception_choice-q03	P0-O	M0	proverif	proverif-original	EXCEPTION_CHOICE	logs/final/proverif/generated/EXCEPTION_CHOICE.pv	queryA:agent,B:agent,sp:sender_prekey_bundle,s:sid_t,k:session_key;event(RecvDone(B,A,s,k))==>event(SenderPrekeyVerified(B,A,sp)).	84d5da1590184f440bddd7e22009b94f77cd1fc5015029701aaa752ed413c9ed	structural_result	true	committed-inherited-evidence	inherited	none	true	300	no committed memory cap; compatibility untested	docs/proverif-final-results.md	4e91fdee3b4d635551aa24780e2f8f81736d2e75	f54c39a1902c10af6fabed2b90360d16cd756e1b	logs/final/proverif/summary.txt	211ffd0a8ed8a7051d12dcc165566a66e64ab970	ff24b5e33537be899d1f25c8a825e02e8054cf2f	prior committed ProVerif evidence; independent of M4 execution scope
1	pv-original-exception_choice-q04	P0-O	M0	proverif	proverif-original	EXCEPTION_CHOICE	logs/final/proverif/generated/EXCEPTION_CHOICE.pv	queryA:agent,B:agent,rp:receiver_prekey_bundle,s:sid_t,k:session_key;event(RecvDone(B,A,s,k))==>event(ReceiverLocalPrekeyUsed(B,A,rp)).	354856039bd87105bdb8d79dd4e5db5c64c12996b660cf38e4708cd952b3a66b	structural_result	true	committed-inherited-evidence	inherited	none	true	300	no committed memory cap; compatibility untested	docs/proverif-final-results.md	4e91fdee3b4d635551aa24780e2f8f81736d2e75	f54c39a1902c10af6fabed2b90360d16cd756e1b	logs/final/proverif/summary.txt	211ffd0a8ed8a7051d12dcc165566a66e64ab970	ff24b5e33537be899d1f25c8a825e02e8054cf2f	prior committed ProVerif evidence; independent of M4 execution scope
1	pv-original-exception_choice-q05	P0-S	M0	proverif	proverif-original	EXCEPTION_CHOICE	logs/final/proverif/generated/EXCEPTION_CHOICE.pv	queryA:agent,B:agent,s:sid_t,k:session_key;attacker(k)&&event(SenderKey(A,B,s,k))==>false.	bbfc2633144fec1fbffe9dd28eb467f7c259bd2d2752027f362f082c94296ae7	falsified_universal_property	false	committed-inherited-evidence	inherited	none	true	300	no committed memory cap; compatibility untested	docs/proverif-final-results.md	4e91fdee3b4d635551aa24780e2f8f81736d2e75	f54c39a1902c10af6fabed2b90360d16cd756e1b	logs/final/proverif/summary.txt	211ffd0a8ed8a7051d12dcc165566a66e64ab970	ff24b5e33537be899d1f25c8a825e02e8054cf2f	prior committed ProVerif evidence; independent of M4 execution scope
1	pv-original-exception_choice-q06	P0-S	M0	proverif	proverif-original	EXCEPTION_CHOICE	logs/final/proverif/generated/EXCEPTION_CHOICE.pv	queryA:agent,B:agent,s:sid_t,k:session_key;attacker(k)&&event(ReceiverKey(B,A,s,k))==>false.	2815280ea2a20efe56e4b0464ed89af9bc04aa70f1652a883cf38455b84533c3	falsified_universal_property	false	committed-inherited-evidence	inherited	none	true	300	no committed memory cap; compatibility untested	docs/proverif-final-results.md	4e91fdee3b4d635551aa24780e2f8f81736d2e75	f54c39a1902c10af6fabed2b90360d16cd756e1b	logs/final/proverif/summary.txt	211ffd0a8ed8a7051d12dcc165566a66e64ab970	ff24b5e33537be899d1f25c8a825e02e8054cf2f	prior committed ProVerif evidence; independent of M4 execution scope
1	pv-original-exception_choice-q07	P0-S	M0	proverif	proverif-original	EXCEPTION_CHOICE	logs/final/proverif/generated/EXCEPTION_CHOICE.pv	queryA:agent,B:agent,s:sid_t,k:session_key;attacker(k)&&event(SenderKey(A,B,s,k))==>event(CompromiseKemSk(B))&&event(CompromiseReceiverEkemState(B))&&event(CompromiseReceiverSkemState(B)).	b0ca9c0d5a0014061222557cd6d9cfead551a49079e73e148e53ee785853e856	direct_theorem	true	committed-inherited-evidence	inherited	none	true	300	no committed memory cap; compatibility untested	docs/proverif-final-results.md	4e91fdee3b4d635551aa24780e2f8f81736d2e75	f54c39a1902c10af6fabed2b90360d16cd756e1b	logs/final/proverif/summary.txt	211ffd0a8ed8a7051d12dcc165566a66e64ab970	ff24b5e33537be899d1f25c8a825e02e8054cf2f	prior committed ProVerif evidence; independent of M4 execution scope
1	pv-original-receiver_exception_classification-q01	P0-S	M0	proverif	proverif-original	RECEIVER_EXCEPTION_CLASSIFICATION	logs/final/proverif/generated/RECEIVER_EXCEPTION_CLASSIFICATION.pv	queryA:agent,B:agent,s:sid_t,k:session_key;attacker(k)&&event(SenderKey(A,B,s,k))==>false.	bbfc2633144fec1fbffe9dd28eb467f7c259bd2d2752027f362f082c94296ae7	direct_theorem	true	committed-inherited-evidence	inherited	none	true	300	no committed memory cap; compatibility untested	docs/proverif-final-results.md	4e91fdee3b4d635551aa24780e2f8f81736d2e75	f54c39a1902c10af6fabed2b90360d16cd756e1b	logs/final/proverif/summary.txt	211ffd0a8ed8a7051d12dcc165566a66e64ab970	ff24b5e33537be899d1f25c8a825e02e8054cf2f	prior committed ProVerif evidence; independent of M4 execution scope
1	pv-original-receiver_exception_classification-q02	P0-S	M0	proverif	proverif-original	RECEIVER_EXCEPTION_CLASSIFICATION	logs/final/proverif/generated/RECEIVER_EXCEPTION_CLASSIFICATION.pv	queryA:agent,B:agent,s:sid_t,k:session_key;attacker(k)&&event(ReceiverKey(B,A,s,k))==>false.	2815280ea2a20efe56e4b0464ed89af9bc04aa70f1652a883cf38455b84533c3	falsified_universal_property	false	committed-inherited-evidence	inherited	none	true	300	no committed memory cap; compatibility untested	docs/proverif-final-results.md	4e91fdee3b4d635551aa24780e2f8f81736d2e75	f54c39a1902c10af6fabed2b90360d16cd756e1b	logs/final/proverif/summary.txt	211ffd0a8ed8a7051d12dcc165566a66e64ab970	ff24b5e33537be899d1f25c8a825e02e8054cf2f	prior committed ProVerif evidence; independent of M4 execution scope
1	pv-original-leak_sigsk_a-q01	P0-O	M0	proverif	proverif-original	LEAK_SIGSK_A	logs/final/proverif/generated/LEAK_SIGSK_A.pv	queryk:session_key;event(HonestRun(k)).	d949a520f90d4232c53b02d5009f57f307cb0a289fda54432110186e76d4184f	non_vacuity	false	committed-inherited-evidence	inherited	none	true	300	no committed memory cap; compatibility untested	docs/threat-compromise-matrix.md	211ffd0a8ed8a7051d12dcc165566a66e64ab970	7498edb6db2258d053aa8e056cd782c749223f67	logs/final/proverif/summary.txt	211ffd0a8ed8a7051d12dcc165566a66e64ab970	ff24b5e33537be899d1f25c8a825e02e8054cf2f	prior committed ProVerif evidence; independent of M4 execution scope
1	pv-original-leak_sigsk_a-q02	P1	M0	proverif	proverif-original	LEAK_SIGSK_A	logs/final/proverif/generated/LEAK_SIGSK_A.pv	queryA:agent,B:agent,s:sid_t,k:session_key;event(RecvDone(B,A,s,k))==>event(SendDone(A,B,s,k)).	7b97ac8ec3bdb64e320f66fa7f1559d25c21b4f260148bc0b189b7fa3a92c8d6	falsified_universal_property	false	committed-inherited-evidence	inherited	none	true	300	no committed memory cap; compatibility untested	docs/threat-compromise-matrix.md	211ffd0a8ed8a7051d12dcc165566a66e64ab970	7498edb6db2258d053aa8e056cd782c749223f67	logs/final/proverif/summary.txt	211ffd0a8ed8a7051d12dcc165566a66e64ab970	ff24b5e33537be899d1f25c8a825e02e8054cf2f	prior committed ProVerif evidence; independent of M4 execution scope
1	pv-original-leak_sigsk_a-q03	P0-O	M0	proverif	proverif-original	LEAK_SIGSK_A	logs/final/proverif/generated/LEAK_SIGSK_A.pv	queryA:agent,B:agent,sp:sender_prekey_bundle,s:sid_t,k:session_key;event(RecvDone(B,A,s,k))==>event(SenderPrekeyVerified(B,A,sp)).	84d5da1590184f440bddd7e22009b94f77cd1fc5015029701aaa752ed413c9ed	structural_result	true	committed-inherited-evidence	inherited	none	true	300	no committed memory cap; compatibility untested	docs/threat-compromise-matrix.md	211ffd0a8ed8a7051d12dcc165566a66e64ab970	7498edb6db2258d053aa8e056cd782c749223f67	logs/final/proverif/summary.txt	211ffd0a8ed8a7051d12dcc165566a66e64ab970	ff24b5e33537be899d1f25c8a825e02e8054cf2f	prior committed ProVerif evidence; independent of M4 execution scope
1	pv-original-leak_sigsk_a-q04	P0-O	M0	proverif	proverif-original	LEAK_SIGSK_A	logs/final/proverif/generated/LEAK_SIGSK_A.pv	queryA:agent,B:agent,rp:receiver_prekey_bundle,s:sid_t,k:session_key;event(RecvDone(B,A,s,k))==>event(ReceiverLocalPrekeyUsed(B,A,rp)).	354856039bd87105bdb8d79dd4e5db5c64c12996b660cf38e4708cd952b3a66b	structural_result	true	committed-inherited-evidence	inherited	none	true	300	no committed memory cap; compatibility untested	docs/threat-compromise-matrix.md	211ffd0a8ed8a7051d12dcc165566a66e64ab970	7498edb6db2258d053aa8e056cd782c749223f67	logs/final/proverif/summary.txt	211ffd0a8ed8a7051d12dcc165566a66e64ab970	ff24b5e33537be899d1f25c8a825e02e8054cf2f	prior committed ProVerif evidence; independent of M4 execution scope
1	pv-original-leak_sigsk_a-q05	P0-S	M0	proverif	proverif-original	LEAK_SIGSK_A	logs/final/proverif/generated/LEAK_SIGSK_A.pv	queryA:agent,B:agent,s:sid_t,k:session_key;attacker(k)&&event(SenderKey(A,B,s,k))==>false.	bbfc2633144fec1fbffe9dd28eb467f7c259bd2d2752027f362f082c94296ae7	direct_theorem	true	committed-inherited-evidence	inherited	none	true	300	no committed memory cap; compatibility untested	docs/threat-compromise-matrix.md	211ffd0a8ed8a7051d12dcc165566a66e64ab970	7498edb6db2258d053aa8e056cd782c749223f67	logs/final/proverif/summary.txt	211ffd0a8ed8a7051d12dcc165566a66e64ab970	ff24b5e33537be899d1f25c8a825e02e8054cf2f	prior committed ProVerif evidence; independent of M4 execution scope
1	pv-original-leak_sigsk_a-q06	P0-S	M0	proverif	proverif-original	LEAK_SIGSK_A	logs/final/proverif/generated/LEAK_SIGSK_A.pv	queryA:agent,B:agent,s:sid_t,k:session_key;attacker(k)&&event(ReceiverKey(B,A,s,k))==>false.	2815280ea2a20efe56e4b0464ed89af9bc04aa70f1652a883cf38455b84533c3	falsified_universal_property	false	committed-inherited-evidence	inherited	none	true	300	no committed memory cap; compatibility untested	docs/threat-compromise-matrix.md	211ffd0a8ed8a7051d12dcc165566a66e64ab970	7498edb6db2258d053aa8e056cd782c749223f67	logs/final/proverif/summary.txt	211ffd0a8ed8a7051d12dcc165566a66e64ab970	ff24b5e33537be899d1f25c8a825e02e8054cf2f	prior committed ProVerif evidence; independent of M4 execution scope
1	pv-original-leak_sigsk_b-q01	P0-O	M0	proverif	proverif-original	LEAK_SIGSK_B	logs/final/proverif/generated/LEAK_SIGSK_B.pv	queryk:session_key;event(HonestRun(k)).	d949a520f90d4232c53b02d5009f57f307cb0a289fda54432110186e76d4184f	non_vacuity	false	committed-inherited-evidence	inherited	none	true	300	no committed memory cap; compatibility untested	docs/threat-compromise-matrix.md	211ffd0a8ed8a7051d12dcc165566a66e64ab970	7498edb6db2258d053aa8e056cd782c749223f67	logs/final/proverif/summary.txt	211ffd0a8ed8a7051d12dcc165566a66e64ab970	ff24b5e33537be899d1f25c8a825e02e8054cf2f	prior committed ProVerif evidence; independent of M4 execution scope
1	pv-original-leak_sigsk_b-q02	P1	M0	proverif	proverif-original	LEAK_SIGSK_B	logs/final/proverif/generated/LEAK_SIGSK_B.pv	queryA:agent,B:agent,s:sid_t,k:session_key;event(RecvDone(B,A,s,k))==>event(SendDone(A,B,s,k)).	7b97ac8ec3bdb64e320f66fa7f1559d25c21b4f260148bc0b189b7fa3a92c8d6	falsified_universal_property	false	committed-inherited-evidence	inherited	none	true	300	no committed memory cap; compatibility untested	docs/threat-compromise-matrix.md	211ffd0a8ed8a7051d12dcc165566a66e64ab970	7498edb6db2258d053aa8e056cd782c749223f67	logs/final/proverif/summary.txt	211ffd0a8ed8a7051d12dcc165566a66e64ab970	ff24b5e33537be899d1f25c8a825e02e8054cf2f	prior committed ProVerif evidence; independent of M4 execution scope
1	pv-original-leak_sigsk_b-q03	P0-O	M0	proverif	proverif-original	LEAK_SIGSK_B	logs/final/proverif/generated/LEAK_SIGSK_B.pv	queryA:agent,B:agent,sp:sender_prekey_bundle,s:sid_t,k:session_key;event(RecvDone(B,A,s,k))==>event(SenderPrekeyVerified(B,A,sp)).	84d5da1590184f440bddd7e22009b94f77cd1fc5015029701aaa752ed413c9ed	structural_result	true	committed-inherited-evidence	inherited	none	true	300	no committed memory cap; compatibility untested	docs/threat-compromise-matrix.md	211ffd0a8ed8a7051d12dcc165566a66e64ab970	7498edb6db2258d053aa8e056cd782c749223f67	logs/final/proverif/summary.txt	211ffd0a8ed8a7051d12dcc165566a66e64ab970	ff24b5e33537be899d1f25c8a825e02e8054cf2f	prior committed ProVerif evidence; independent of M4 execution scope
1	pv-original-leak_sigsk_b-q04	P0-O	M0	proverif	proverif-original	LEAK_SIGSK_B	logs/final/proverif/generated/LEAK_SIGSK_B.pv	queryA:agent,B:agent,rp:receiver_prekey_bundle,s:sid_t,k:session_key;event(RecvDone(B,A,s,k))==>event(ReceiverLocalPrekeyUsed(B,A,rp)).	354856039bd87105bdb8d79dd4e5db5c64c12996b660cf38e4708cd952b3a66b	structural_result	true	committed-inherited-evidence	inherited	none	true	300	no committed memory cap; compatibility untested	docs/threat-compromise-matrix.md	211ffd0a8ed8a7051d12dcc165566a66e64ab970	7498edb6db2258d053aa8e056cd782c749223f67	logs/final/proverif/summary.txt	211ffd0a8ed8a7051d12dcc165566a66e64ab970	ff24b5e33537be899d1f25c8a825e02e8054cf2f	prior committed ProVerif evidence; independent of M4 execution scope
1	pv-original-leak_sigsk_b-q05	P0-S	M0	proverif	proverif-original	LEAK_SIGSK_B	logs/final/proverif/generated/LEAK_SIGSK_B.pv	queryA:agent,B:agent,s:sid_t,k:session_key;attacker(k)&&event(SenderKey(A,B,s,k))==>false.	bbfc2633144fec1fbffe9dd28eb467f7c259bd2d2752027f362f082c94296ae7	direct_theorem	true	committed-inherited-evidence	inherited	none	true	300	no committed memory cap; compatibility untested	docs/threat-compromise-matrix.md	211ffd0a8ed8a7051d12dcc165566a66e64ab970	7498edb6db2258d053aa8e056cd782c749223f67	logs/final/proverif/summary.txt	211ffd0a8ed8a7051d12dcc165566a66e64ab970	ff24b5e33537be899d1f25c8a825e02e8054cf2f	prior committed ProVerif evidence; independent of M4 execution scope
1	pv-original-leak_sigsk_b-q06	P0-S	M0	proverif	proverif-original	LEAK_SIGSK_B	logs/final/proverif/generated/LEAK_SIGSK_B.pv	queryA:agent,B:agent,s:sid_t,k:session_key;attacker(k)&&event(ReceiverKey(B,A,s,k))==>false.	2815280ea2a20efe56e4b0464ed89af9bc04aa70f1652a883cf38455b84533c3	direct_theorem	true	committed-inherited-evidence	inherited	none	true	300	no committed memory cap; compatibility untested	docs/threat-compromise-matrix.md	211ffd0a8ed8a7051d12dcc165566a66e64ab970	7498edb6db2258d053aa8e056cd782c749223f67	logs/final/proverif/summary.txt	211ffd0a8ed8a7051d12dcc165566a66e64ab970	ff24b5e33537be899d1f25c8a825e02e8054cf2f	prior committed ProVerif evidence; independent of M4 execution scope
1	pv-original-leak_sigsk_ab-q01	P0-O	M0	proverif	proverif-original	LEAK_SIGSK_AB	logs/final/proverif/generated/LEAK_SIGSK_AB.pv	queryk:session_key;event(HonestRun(k)).	d949a520f90d4232c53b02d5009f57f307cb0a289fda54432110186e76d4184f	non_vacuity	false	committed-inherited-evidence	inherited	none	true	300	no committed memory cap; compatibility untested	docs/threat-compromise-matrix.md	211ffd0a8ed8a7051d12dcc165566a66e64ab970	7498edb6db2258d053aa8e056cd782c749223f67	logs/final/proverif/summary.txt	211ffd0a8ed8a7051d12dcc165566a66e64ab970	ff24b5e33537be899d1f25c8a825e02e8054cf2f	prior committed ProVerif evidence; independent of M4 execution scope
1	pv-original-leak_sigsk_ab-q02	P1	M0	proverif	proverif-original	LEAK_SIGSK_AB	logs/final/proverif/generated/LEAK_SIGSK_AB.pv	queryA:agent,B:agent,s:sid_t,k:session_key;event(RecvDone(B,A,s,k))==>event(SendDone(A,B,s,k)).	7b97ac8ec3bdb64e320f66fa7f1559d25c21b4f260148bc0b189b7fa3a92c8d6	falsified_universal_property	false	committed-inherited-evidence	inherited	none	true	300	no committed memory cap; compatibility untested	docs/threat-compromise-matrix.md	211ffd0a8ed8a7051d12dcc165566a66e64ab970	7498edb6db2258d053aa8e056cd782c749223f67	logs/final/proverif/summary.txt	211ffd0a8ed8a7051d12dcc165566a66e64ab970	ff24b5e33537be899d1f25c8a825e02e8054cf2f	prior committed ProVerif evidence; independent of M4 execution scope
1	pv-original-leak_sigsk_ab-q03	P0-O	M0	proverif	proverif-original	LEAK_SIGSK_AB	logs/final/proverif/generated/LEAK_SIGSK_AB.pv	queryA:agent,B:agent,sp:sender_prekey_bundle,s:sid_t,k:session_key;event(RecvDone(B,A,s,k))==>event(SenderPrekeyVerified(B,A,sp)).	84d5da1590184f440bddd7e22009b94f77cd1fc5015029701aaa752ed413c9ed	structural_result	true	committed-inherited-evidence	inherited	none	true	300	no committed memory cap; compatibility untested	docs/threat-compromise-matrix.md	211ffd0a8ed8a7051d12dcc165566a66e64ab970	7498edb6db2258d053aa8e056cd782c749223f67	logs/final/proverif/summary.txt	211ffd0a8ed8a7051d12dcc165566a66e64ab970	ff24b5e33537be899d1f25c8a825e02e8054cf2f	prior committed ProVerif evidence; independent of M4 execution scope
1	pv-original-leak_sigsk_ab-q04	P0-O	M0	proverif	proverif-original	LEAK_SIGSK_AB	logs/final/proverif/generated/LEAK_SIGSK_AB.pv	queryA:agent,B:agent,rp:receiver_prekey_bundle,s:sid_t,k:session_key;event(RecvDone(B,A,s,k))==>event(ReceiverLocalPrekeyUsed(B,A,rp)).	354856039bd87105bdb8d79dd4e5db5c64c12996b660cf38e4708cd952b3a66b	structural_result	true	committed-inherited-evidence	inherited	none	true	300	no committed memory cap; compatibility untested	docs/threat-compromise-matrix.md	211ffd0a8ed8a7051d12dcc165566a66e64ab970	7498edb6db2258d053aa8e056cd782c749223f67	logs/final/proverif/summary.txt	211ffd0a8ed8a7051d12dcc165566a66e64ab970	ff24b5e33537be899d1f25c8a825e02e8054cf2f	prior committed ProVerif evidence; independent of M4 execution scope
1	pv-original-leak_sigsk_ab-q05	P0-S	M0	proverif	proverif-original	LEAK_SIGSK_AB	logs/final/proverif/generated/LEAK_SIGSK_AB.pv	queryA:agent,B:agent,s:sid_t,k:session_key;attacker(k)&&event(SenderKey(A,B,s,k))==>false.	bbfc2633144fec1fbffe9dd28eb467f7c259bd2d2752027f362f082c94296ae7	direct_theorem	true	committed-inherited-evidence	inherited	none	true	300	no committed memory cap; compatibility untested	docs/threat-compromise-matrix.md	211ffd0a8ed8a7051d12dcc165566a66e64ab970	7498edb6db2258d053aa8e056cd782c749223f67	logs/final/proverif/summary.txt	211ffd0a8ed8a7051d12dcc165566a66e64ab970	ff24b5e33537be899d1f25c8a825e02e8054cf2f	prior committed ProVerif evidence; independent of M4 execution scope
1	pv-original-leak_sigsk_ab-q06	P0-S	M0	proverif	proverif-original	LEAK_SIGSK_AB	logs/final/proverif/generated/LEAK_SIGSK_AB.pv	queryA:agent,B:agent,s:sid_t,k:session_key;attacker(k)&&event(ReceiverKey(B,A,s,k))==>false.	2815280ea2a20efe56e4b0464ed89af9bc04aa70f1652a883cf38455b84533c3	falsified_universal_property	false	committed-inherited-evidence	inherited	none	true	300	no committed memory cap; compatibility untested	docs/threat-compromise-matrix.md	211ffd0a8ed8a7051d12dcc165566a66e64ab970	7498edb6db2258d053aa8e056cd782c749223f67	logs/final/proverif/summary.txt	211ffd0a8ed8a7051d12dcc165566a66e64ab970	ff24b5e33537be899d1f25c8a825e02e8054cf2f	prior committed ProVerif evidence; independent of M4 execution scope
1	pv-original-leak_sigsk-q01	P0-O	M0	proverif	proverif-original	LEAK_SIGSK	logs/final/proverif/generated/LEAK_SIGSK.pv	queryk:session_key;event(HonestRun(k)).	d949a520f90d4232c53b02d5009f57f307cb0a289fda54432110186e76d4184f	non_vacuity	false	committed-inherited-evidence	inherited	none	true	300	no committed memory cap; compatibility untested	docs/proverif-final-results.md	4e91fdee3b4d635551aa24780e2f8f81736d2e75	f54c39a1902c10af6fabed2b90360d16cd756e1b	logs/final/proverif/summary.txt	211ffd0a8ed8a7051d12dcc165566a66e64ab970	ff24b5e33537be899d1f25c8a825e02e8054cf2f	prior committed ProVerif evidence; independent of M4 execution scope
1	pv-original-leak_sigsk-q02	P1	M0	proverif	proverif-original	LEAK_SIGSK	logs/final/proverif/generated/LEAK_SIGSK.pv	queryA:agent,B:agent,s:sid_t,k:session_key;event(RecvDone(B,A,s,k))==>event(SendDone(A,B,s,k)).	7b97ac8ec3bdb64e320f66fa7f1559d25c21b4f260148bc0b189b7fa3a92c8d6	falsified_universal_property	false	committed-inherited-evidence	inherited	none	true	300	no committed memory cap; compatibility untested	docs/proverif-final-results.md	4e91fdee3b4d635551aa24780e2f8f81736d2e75	f54c39a1902c10af6fabed2b90360d16cd756e1b	logs/final/proverif/summary.txt	211ffd0a8ed8a7051d12dcc165566a66e64ab970	ff24b5e33537be899d1f25c8a825e02e8054cf2f	prior committed ProVerif evidence; independent of M4 execution scope
1	pv-original-leak_sigsk-q03	P0-O	M0	proverif	proverif-original	LEAK_SIGSK	logs/final/proverif/generated/LEAK_SIGSK.pv	queryA:agent,B:agent,sp:sender_prekey_bundle,s:sid_t,k:session_key;event(RecvDone(B,A,s,k))==>event(SenderPrekeyVerified(B,A,sp)).	84d5da1590184f440bddd7e22009b94f77cd1fc5015029701aaa752ed413c9ed	structural_result	true	committed-inherited-evidence	inherited	none	true	300	no committed memory cap; compatibility untested	docs/proverif-final-results.md	4e91fdee3b4d635551aa24780e2f8f81736d2e75	f54c39a1902c10af6fabed2b90360d16cd756e1b	logs/final/proverif/summary.txt	211ffd0a8ed8a7051d12dcc165566a66e64ab970	ff24b5e33537be899d1f25c8a825e02e8054cf2f	prior committed ProVerif evidence; independent of M4 execution scope
1	pv-original-leak_sigsk-q04	P0-O	M0	proverif	proverif-original	LEAK_SIGSK	logs/final/proverif/generated/LEAK_SIGSK.pv	queryA:agent,B:agent,rp:receiver_prekey_bundle,s:sid_t,k:session_key;event(RecvDone(B,A,s,k))==>event(ReceiverLocalPrekeyUsed(B,A,rp)).	354856039bd87105bdb8d79dd4e5db5c64c12996b660cf38e4708cd952b3a66b	structural_result	true	committed-inherited-evidence	inherited	none	true	300	no committed memory cap; compatibility untested	docs/proverif-final-results.md	4e91fdee3b4d635551aa24780e2f8f81736d2e75	f54c39a1902c10af6fabed2b90360d16cd756e1b	logs/final/proverif/summary.txt	211ffd0a8ed8a7051d12dcc165566a66e64ab970	ff24b5e33537be899d1f25c8a825e02e8054cf2f	prior committed ProVerif evidence; independent of M4 execution scope
1	pv-original-leak_sigsk-q05	P0-S	M0	proverif	proverif-original	LEAK_SIGSK	logs/final/proverif/generated/LEAK_SIGSK.pv	queryA:agent,B:agent,s:sid_t,k:session_key;attacker(k)&&event(SenderKey(A,B,s,k))==>false.	bbfc2633144fec1fbffe9dd28eb467f7c259bd2d2752027f362f082c94296ae7	direct_theorem	true	committed-inherited-evidence	inherited	none	true	300	no committed memory cap; compatibility untested	docs/proverif-final-results.md	4e91fdee3b4d635551aa24780e2f8f81736d2e75	f54c39a1902c10af6fabed2b90360d16cd756e1b	logs/final/proverif/summary.txt	211ffd0a8ed8a7051d12dcc165566a66e64ab970	ff24b5e33537be899d1f25c8a825e02e8054cf2f	prior committed ProVerif evidence; independent of M4 execution scope
1	pv-original-leak_sigsk-q06	P0-S	M0	proverif	proverif-original	LEAK_SIGSK	logs/final/proverif/generated/LEAK_SIGSK.pv	queryA:agent,B:agent,s:sid_t,k:session_key;attacker(k)&&event(ReceiverKey(B,A,s,k))==>false.	2815280ea2a20efe56e4b0464ed89af9bc04aa70f1652a883cf38455b84533c3	falsified_universal_property	false	committed-inherited-evidence	inherited	none	true	300	no committed memory cap; compatibility untested	docs/proverif-final-results.md	4e91fdee3b4d635551aa24780e2f8f81736d2e75	f54c39a1902c10af6fabed2b90360d16cd756e1b	logs/final/proverif/summary.txt	211ffd0a8ed8a7051d12dcc165566a66e64ab970	ff24b5e33537be899d1f25c8a825e02e8054cf2f	prior committed ProVerif evidence; independent of M4 execution scope
1	pv-original-leak_kemsk-q01	P0-O	M0	proverif	proverif-original	LEAK_KEMSK	logs/final/proverif/generated/LEAK_KEMSK.pv	queryk:session_key;event(HonestRun(k)).	d949a520f90d4232c53b02d5009f57f307cb0a289fda54432110186e76d4184f	non_vacuity	false	committed-inherited-evidence	inherited	none	true	300	no committed memory cap; compatibility untested	docs/proverif-final-results.md	4e91fdee3b4d635551aa24780e2f8f81736d2e75	f54c39a1902c10af6fabed2b90360d16cd756e1b	logs/final/proverif/summary.txt	211ffd0a8ed8a7051d12dcc165566a66e64ab970	ff24b5e33537be899d1f25c8a825e02e8054cf2f	prior committed ProVerif evidence; independent of M4 execution scope
1	pv-original-leak_kemsk-q02	P1	M0	proverif	proverif-original	LEAK_KEMSK	logs/final/proverif/generated/LEAK_KEMSK.pv	queryA:agent,B:agent,s:sid_t,k:session_key;event(RecvDone(B,A,s,k))==>event(SendDone(A,B,s,k)).	7b97ac8ec3bdb64e320f66fa7f1559d25c21b4f260148bc0b189b7fa3a92c8d6	falsified_universal_property	false	committed-inherited-evidence	inherited	none	true	300	no committed memory cap; compatibility untested	docs/proverif-final-results.md	4e91fdee3b4d635551aa24780e2f8f81736d2e75	f54c39a1902c10af6fabed2b90360d16cd756e1b	logs/final/proverif/summary.txt	211ffd0a8ed8a7051d12dcc165566a66e64ab970	ff24b5e33537be899d1f25c8a825e02e8054cf2f	prior committed ProVerif evidence; independent of M4 execution scope
1	pv-original-leak_kemsk-q03	P0-O	M0	proverif	proverif-original	LEAK_KEMSK	logs/final/proverif/generated/LEAK_KEMSK.pv	queryA:agent,B:agent,sp:sender_prekey_bundle,s:sid_t,k:session_key;event(RecvDone(B,A,s,k))==>event(SenderPrekeyVerified(B,A,sp)).	84d5da1590184f440bddd7e22009b94f77cd1fc5015029701aaa752ed413c9ed	structural_result	true	committed-inherited-evidence	inherited	none	true	300	no committed memory cap; compatibility untested	docs/proverif-final-results.md	4e91fdee3b4d635551aa24780e2f8f81736d2e75	f54c39a1902c10af6fabed2b90360d16cd756e1b	logs/final/proverif/summary.txt	211ffd0a8ed8a7051d12dcc165566a66e64ab970	ff24b5e33537be899d1f25c8a825e02e8054cf2f	prior committed ProVerif evidence; independent of M4 execution scope
1	pv-original-leak_kemsk-q04	P0-O	M0	proverif	proverif-original	LEAK_KEMSK	logs/final/proverif/generated/LEAK_KEMSK.pv	queryA:agent,B:agent,rp:receiver_prekey_bundle,s:sid_t,k:session_key;event(RecvDone(B,A,s,k))==>event(ReceiverLocalPrekeyUsed(B,A,rp)).	354856039bd87105bdb8d79dd4e5db5c64c12996b660cf38e4708cd952b3a66b	structural_result	true	committed-inherited-evidence	inherited	none	true	300	no committed memory cap; compatibility untested	docs/proverif-final-results.md	4e91fdee3b4d635551aa24780e2f8f81736d2e75	f54c39a1902c10af6fabed2b90360d16cd756e1b	logs/final/proverif/summary.txt	211ffd0a8ed8a7051d12dcc165566a66e64ab970	ff24b5e33537be899d1f25c8a825e02e8054cf2f	prior committed ProVerif evidence; independent of M4 execution scope
1	pv-original-leak_kemsk-q05	P0-S	M0	proverif	proverif-original	LEAK_KEMSK	logs/final/proverif/generated/LEAK_KEMSK.pv	queryA:agent,B:agent,s:sid_t,k:session_key;attacker(k)&&event(SenderKey(A,B,s,k))==>false.	bbfc2633144fec1fbffe9dd28eb467f7c259bd2d2752027f362f082c94296ae7	direct_theorem	true	committed-inherited-evidence	inherited	none	true	300	no committed memory cap; compatibility untested	docs/proverif-final-results.md	4e91fdee3b4d635551aa24780e2f8f81736d2e75	f54c39a1902c10af6fabed2b90360d16cd756e1b	logs/final/proverif/summary.txt	211ffd0a8ed8a7051d12dcc165566a66e64ab970	ff24b5e33537be899d1f25c8a825e02e8054cf2f	prior committed ProVerif evidence; independent of M4 execution scope
1	pv-original-leak_kemsk-q06	P0-S	M0	proverif	proverif-original	LEAK_KEMSK	logs/final/proverif/generated/LEAK_KEMSK.pv	queryA:agent,B:agent,s:sid_t,k:session_key;attacker(k)&&event(ReceiverKey(B,A,s,k))==>false.	2815280ea2a20efe56e4b0464ed89af9bc04aa70f1652a883cf38455b84533c3	direct_theorem	true	committed-inherited-evidence	inherited	none	true	300	no committed memory cap; compatibility untested	docs/proverif-final-results.md	4e91fdee3b4d635551aa24780e2f8f81736d2e75	f54c39a1902c10af6fabed2b90360d16cd756e1b	logs/final/proverif/summary.txt	211ffd0a8ed8a7051d12dcc165566a66e64ab970	ff24b5e33537be899d1f25c8a825e02e8054cf2f	prior committed ProVerif evidence; independent of M4 execution scope
1	pv-original-leak_ekemsk-q01	P0-O	M0	proverif	proverif-original	LEAK_EKEMSK	logs/final/proverif/generated/LEAK_EKEMSK.pv	queryk:session_key;event(HonestRun(k)).	d949a520f90d4232c53b02d5009f57f307cb0a289fda54432110186e76d4184f	non_vacuity	false	committed-inherited-evidence	inherited	none	true	300	no committed memory cap; compatibility untested	docs/proverif-final-results.md	4e91fdee3b4d635551aa24780e2f8f81736d2e75	f54c39a1902c10af6fabed2b90360d16cd756e1b	logs/final/proverif/summary.txt	211ffd0a8ed8a7051d12dcc165566a66e64ab970	ff24b5e33537be899d1f25c8a825e02e8054cf2f	prior committed ProVerif evidence; independent of M4 execution scope
1	pv-original-leak_ekemsk-q02	P1	M0	proverif	proverif-original	LEAK_EKEMSK	logs/final/proverif/generated/LEAK_EKEMSK.pv	queryA:agent,B:agent,s:sid_t,k:session_key;event(RecvDone(B,A,s,k))==>event(SendDone(A,B,s,k)).	7b97ac8ec3bdb64e320f66fa7f1559d25c21b4f260148bc0b189b7fa3a92c8d6	falsified_universal_property	false	committed-inherited-evidence	inherited	none	true	300	no committed memory cap; compatibility untested	docs/proverif-final-results.md	4e91fdee3b4d635551aa24780e2f8f81736d2e75	f54c39a1902c10af6fabed2b90360d16cd756e1b	logs/final/proverif/summary.txt	211ffd0a8ed8a7051d12dcc165566a66e64ab970	ff24b5e33537be899d1f25c8a825e02e8054cf2f	prior committed ProVerif evidence; independent of M4 execution scope
1	pv-original-leak_ekemsk-q03	P0-O	M0	proverif	proverif-original	LEAK_EKEMSK	logs/final/proverif/generated/LEAK_EKEMSK.pv	queryA:agent,B:agent,sp:sender_prekey_bundle,s:sid_t,k:session_key;event(RecvDone(B,A,s,k))==>event(SenderPrekeyVerified(B,A,sp)).	84d5da1590184f440bddd7e22009b94f77cd1fc5015029701aaa752ed413c9ed	structural_result	true	committed-inherited-evidence	inherited	none	true	300	no committed memory cap; compatibility untested	docs/proverif-final-results.md	4e91fdee3b4d635551aa24780e2f8f81736d2e75	f54c39a1902c10af6fabed2b90360d16cd756e1b	logs/final/proverif/summary.txt	211ffd0a8ed8a7051d12dcc165566a66e64ab970	ff24b5e33537be899d1f25c8a825e02e8054cf2f	prior committed ProVerif evidence; independent of M4 execution scope
1	pv-original-leak_ekemsk-q04	P0-O	M0	proverif	proverif-original	LEAK_EKEMSK	logs/final/proverif/generated/LEAK_EKEMSK.pv	queryA:agent,B:agent,rp:receiver_prekey_bundle,s:sid_t,k:session_key;event(RecvDone(B,A,s,k))==>event(ReceiverLocalPrekeyUsed(B,A,rp)).	354856039bd87105bdb8d79dd4e5db5c64c12996b660cf38e4708cd952b3a66b	structural_result	true	committed-inherited-evidence	inherited	none	true	300	no committed memory cap; compatibility untested	docs/proverif-final-results.md	4e91fdee3b4d635551aa24780e2f8f81736d2e75	f54c39a1902c10af6fabed2b90360d16cd756e1b	logs/final/proverif/summary.txt	211ffd0a8ed8a7051d12dcc165566a66e64ab970	ff24b5e33537be899d1f25c8a825e02e8054cf2f	prior committed ProVerif evidence; independent of M4 execution scope
1	pv-original-leak_ekemsk-q05	P0-S	M0	proverif	proverif-original	LEAK_EKEMSK	logs/final/proverif/generated/LEAK_EKEMSK.pv	queryA:agent,B:agent,s:sid_t,k:session_key;attacker(k)&&event(SenderKey(A,B,s,k))==>false.	bbfc2633144fec1fbffe9dd28eb467f7c259bd2d2752027f362f082c94296ae7	direct_theorem	true	committed-inherited-evidence	inherited	none	true	300	no committed memory cap; compatibility untested	docs/proverif-final-results.md	4e91fdee3b4d635551aa24780e2f8f81736d2e75	f54c39a1902c10af6fabed2b90360d16cd756e1b	logs/final/proverif/summary.txt	211ffd0a8ed8a7051d12dcc165566a66e64ab970	ff24b5e33537be899d1f25c8a825e02e8054cf2f	prior committed ProVerif evidence; independent of M4 execution scope
1	pv-original-leak_ekemsk-q06	P0-S	M0	proverif	proverif-original	LEAK_EKEMSK	logs/final/proverif/generated/LEAK_EKEMSK.pv	queryA:agent,B:agent,s:sid_t,k:session_key;attacker(k)&&event(ReceiverKey(B,A,s,k))==>false.	2815280ea2a20efe56e4b0464ed89af9bc04aa70f1652a883cf38455b84533c3	direct_theorem	true	committed-inherited-evidence	inherited	none	true	300	no committed memory cap; compatibility untested	docs/proverif-final-results.md	4e91fdee3b4d635551aa24780e2f8f81736d2e75	f54c39a1902c10af6fabed2b90360d16cd756e1b	logs/final/proverif/summary.txt	211ffd0a8ed8a7051d12dcc165566a66e64ab970	ff24b5e33537be899d1f25c8a825e02e8054cf2f	prior committed ProVerif evidence; independent of M4 execution scope
1	pv-original-leak_rskemsk-q01	P0-O	M0	proverif	proverif-original	LEAK_RSKEMSK	logs/final/proverif/generated/LEAK_RSKEMSK.pv	queryk:session_key;event(HonestRun(k)).	d949a520f90d4232c53b02d5009f57f307cb0a289fda54432110186e76d4184f	non_vacuity	false	committed-inherited-evidence	inherited	none	true	300	no committed memory cap; compatibility untested	docs/proverif-final-results.md	4e91fdee3b4d635551aa24780e2f8f81736d2e75	f54c39a1902c10af6fabed2b90360d16cd756e1b	logs/final/proverif/summary.txt	211ffd0a8ed8a7051d12dcc165566a66e64ab970	ff24b5e33537be899d1f25c8a825e02e8054cf2f	prior committed ProVerif evidence; independent of M4 execution scope
1	pv-original-leak_rskemsk-q02	P1	M0	proverif	proverif-original	LEAK_RSKEMSK	logs/final/proverif/generated/LEAK_RSKEMSK.pv	queryA:agent,B:agent,s:sid_t,k:session_key;event(RecvDone(B,A,s,k))==>event(SendDone(A,B,s,k)).	7b97ac8ec3bdb64e320f66fa7f1559d25c21b4f260148bc0b189b7fa3a92c8d6	falsified_universal_property	false	committed-inherited-evidence	inherited	none	true	300	no committed memory cap; compatibility untested	docs/proverif-final-results.md	4e91fdee3b4d635551aa24780e2f8f81736d2e75	f54c39a1902c10af6fabed2b90360d16cd756e1b	logs/final/proverif/summary.txt	211ffd0a8ed8a7051d12dcc165566a66e64ab970	ff24b5e33537be899d1f25c8a825e02e8054cf2f	prior committed ProVerif evidence; independent of M4 execution scope
1	pv-original-leak_rskemsk-q03	P0-O	M0	proverif	proverif-original	LEAK_RSKEMSK	logs/final/proverif/generated/LEAK_RSKEMSK.pv	queryA:agent,B:agent,sp:sender_prekey_bundle,s:sid_t,k:session_key;event(RecvDone(B,A,s,k))==>event(SenderPrekeyVerified(B,A,sp)).	84d5da1590184f440bddd7e22009b94f77cd1fc5015029701aaa752ed413c9ed	structural_result	true	committed-inherited-evidence	inherited	none	true	300	no committed memory cap; compatibility untested	docs/proverif-final-results.md	4e91fdee3b4d635551aa24780e2f8f81736d2e75	f54c39a1902c10af6fabed2b90360d16cd756e1b	logs/final/proverif/summary.txt	211ffd0a8ed8a7051d12dcc165566a66e64ab970	ff24b5e33537be899d1f25c8a825e02e8054cf2f	prior committed ProVerif evidence; independent of M4 execution scope
1	pv-original-leak_rskemsk-q04	P0-O	M0	proverif	proverif-original	LEAK_RSKEMSK	logs/final/proverif/generated/LEAK_RSKEMSK.pv	queryA:agent,B:agent,rp:receiver_prekey_bundle,s:sid_t,k:session_key;event(RecvDone(B,A,s,k))==>event(ReceiverLocalPrekeyUsed(B,A,rp)).	354856039bd87105bdb8d79dd4e5db5c64c12996b660cf38e4708cd952b3a66b	structural_result	true	committed-inherited-evidence	inherited	none	true	300	no committed memory cap; compatibility untested	docs/proverif-final-results.md	4e91fdee3b4d635551aa24780e2f8f81736d2e75	f54c39a1902c10af6fabed2b90360d16cd756e1b	logs/final/proverif/summary.txt	211ffd0a8ed8a7051d12dcc165566a66e64ab970	ff24b5e33537be899d1f25c8a825e02e8054cf2f	prior committed ProVerif evidence; independent of M4 execution scope
1	pv-original-leak_rskemsk-q05	P0-S	M0	proverif	proverif-original	LEAK_RSKEMSK	logs/final/proverif/generated/LEAK_RSKEMSK.pv	queryA:agent,B:agent,s:sid_t,k:session_key;attacker(k)&&event(SenderKey(A,B,s,k))==>false.	bbfc2633144fec1fbffe9dd28eb467f7c259bd2d2752027f362f082c94296ae7	direct_theorem	true	committed-inherited-evidence	inherited	none	true	300	no committed memory cap; compatibility untested	docs/proverif-final-results.md	4e91fdee3b4d635551aa24780e2f8f81736d2e75	f54c39a1902c10af6fabed2b90360d16cd756e1b	logs/final/proverif/summary.txt	211ffd0a8ed8a7051d12dcc165566a66e64ab970	ff24b5e33537be899d1f25c8a825e02e8054cf2f	prior committed ProVerif evidence; independent of M4 execution scope
1	pv-original-leak_rskemsk-q06	P0-S	M0	proverif	proverif-original	LEAK_RSKEMSK	logs/final/proverif/generated/LEAK_RSKEMSK.pv	queryA:agent,B:agent,s:sid_t,k:session_key;attacker(k)&&event(ReceiverKey(B,A,s,k))==>false.	2815280ea2a20efe56e4b0464ed89af9bc04aa70f1652a883cf38455b84533c3	falsified_universal_property	false	committed-inherited-evidence	inherited	none	true	300	no committed memory cap; compatibility untested	docs/proverif-final-results.md	4e91fdee3b4d635551aa24780e2f8f81736d2e75	f54c39a1902c10af6fabed2b90360d16cd756e1b	logs/final/proverif/summary.txt	211ffd0a8ed8a7051d12dcc165566a66e64ab970	ff24b5e33537be899d1f25c8a825e02e8054cf2f	prior committed ProVerif evidence; independent of M4 execution scope
1	pv-original-leak_sskemsk-q01	P0-O	M0	proverif	proverif-original	LEAK_SSKEMSK	logs/final/proverif/generated/LEAK_SSKEMSK.pv	queryk:session_key;event(HonestRun(k)).	d949a520f90d4232c53b02d5009f57f307cb0a289fda54432110186e76d4184f	non_vacuity	false	committed-inherited-evidence	inherited	none	true	300	no committed memory cap; compatibility untested	docs/proverif-final-results.md	4e91fdee3b4d635551aa24780e2f8f81736d2e75	f54c39a1902c10af6fabed2b90360d16cd756e1b	logs/final/proverif/summary.txt	211ffd0a8ed8a7051d12dcc165566a66e64ab970	ff24b5e33537be899d1f25c8a825e02e8054cf2f	prior committed ProVerif evidence; independent of M4 execution scope
1	pv-original-leak_sskemsk-q02	P1	M0	proverif	proverif-original	LEAK_SSKEMSK	logs/final/proverif/generated/LEAK_SSKEMSK.pv	queryA:agent,B:agent,s:sid_t,k:session_key;event(RecvDone(B,A,s,k))==>event(SendDone(A,B,s,k)).	7b97ac8ec3bdb64e320f66fa7f1559d25c21b4f260148bc0b189b7fa3a92c8d6	falsified_universal_property	false	committed-inherited-evidence	inherited	none	true	300	no committed memory cap; compatibility untested	docs/proverif-final-results.md	4e91fdee3b4d635551aa24780e2f8f81736d2e75	f54c39a1902c10af6fabed2b90360d16cd756e1b	logs/final/proverif/summary.txt	211ffd0a8ed8a7051d12dcc165566a66e64ab970	ff24b5e33537be899d1f25c8a825e02e8054cf2f	prior committed ProVerif evidence; independent of M4 execution scope
1	pv-original-leak_sskemsk-q03	P0-O	M0	proverif	proverif-original	LEAK_SSKEMSK	logs/final/proverif/generated/LEAK_SSKEMSK.pv	queryA:agent,B:agent,sp:sender_prekey_bundle,s:sid_t,k:session_key;event(RecvDone(B,A,s,k))==>event(SenderPrekeyVerified(B,A,sp)).	84d5da1590184f440bddd7e22009b94f77cd1fc5015029701aaa752ed413c9ed	structural_result	true	committed-inherited-evidence	inherited	none	true	300	no committed memory cap; compatibility untested	docs/proverif-final-results.md	4e91fdee3b4d635551aa24780e2f8f81736d2e75	f54c39a1902c10af6fabed2b90360d16cd756e1b	logs/final/proverif/summary.txt	211ffd0a8ed8a7051d12dcc165566a66e64ab970	ff24b5e33537be899d1f25c8a825e02e8054cf2f	prior committed ProVerif evidence; independent of M4 execution scope
1	pv-original-leak_sskemsk-q04	P0-O	M0	proverif	proverif-original	LEAK_SSKEMSK	logs/final/proverif/generated/LEAK_SSKEMSK.pv	queryA:agent,B:agent,rp:receiver_prekey_bundle,s:sid_t,k:session_key;event(RecvDone(B,A,s,k))==>event(ReceiverLocalPrekeyUsed(B,A,rp)).	354856039bd87105bdb8d79dd4e5db5c64c12996b660cf38e4708cd952b3a66b	structural_result	true	committed-inherited-evidence	inherited	none	true	300	no committed memory cap; compatibility untested	docs/proverif-final-results.md	4e91fdee3b4d635551aa24780e2f8f81736d2e75	f54c39a1902c10af6fabed2b90360d16cd756e1b	logs/final/proverif/summary.txt	211ffd0a8ed8a7051d12dcc165566a66e64ab970	ff24b5e33537be899d1f25c8a825e02e8054cf2f	prior committed ProVerif evidence; independent of M4 execution scope
1	pv-original-leak_sskemsk-q05	P0-S	M0	proverif	proverif-original	LEAK_SSKEMSK	logs/final/proverif/generated/LEAK_SSKEMSK.pv	queryA:agent,B:agent,s:sid_t,k:session_key;attacker(k)&&event(SenderKey(A,B,s,k))==>false.	bbfc2633144fec1fbffe9dd28eb467f7c259bd2d2752027f362f082c94296ae7	direct_theorem	true	committed-inherited-evidence	inherited	none	true	300	no committed memory cap; compatibility untested	docs/proverif-final-results.md	4e91fdee3b4d635551aa24780e2f8f81736d2e75	f54c39a1902c10af6fabed2b90360d16cd756e1b	logs/final/proverif/summary.txt	211ffd0a8ed8a7051d12dcc165566a66e64ab970	ff24b5e33537be899d1f25c8a825e02e8054cf2f	prior committed ProVerif evidence; independent of M4 execution scope
1	pv-original-leak_sskemsk-q06	P0-S	M0	proverif	proverif-original	LEAK_SSKEMSK	logs/final/proverif/generated/LEAK_SSKEMSK.pv	queryA:agent,B:agent,s:sid_t,k:session_key;attacker(k)&&event(ReceiverKey(B,A,s,k))==>false.	2815280ea2a20efe56e4b0464ed89af9bc04aa70f1652a883cf38455b84533c3	falsified_universal_property	false	committed-inherited-evidence	inherited	none	true	300	no committed memory cap; compatibility untested	docs/proverif-final-results.md	4e91fdee3b4d635551aa24780e2f8f81736d2e75	f54c39a1902c10af6fabed2b90360d16cd756e1b	logs/final/proverif/summary.txt	211ffd0a8ed8a7051d12dcc165566a66e64ab970	ff24b5e33537be899d1f25c8a825e02e8054cf2f	prior committed ProVerif evidence; independent of M4 execution scope
1	pv-original-leak_kemsk_ekemsk-q01	P0-O	M0	proverif	proverif-original	LEAK_KEMSK_EKEMSK	logs/final/proverif/generated/LEAK_KEMSK_EKEMSK.pv	queryk:session_key;event(HonestRun(k)).	d949a520f90d4232c53b02d5009f57f307cb0a289fda54432110186e76d4184f	non_vacuity	false	committed-inherited-evidence	inherited	none	true	300	no committed memory cap; compatibility untested	docs/proverif-final-results.md	4e91fdee3b4d635551aa24780e2f8f81736d2e75	f54c39a1902c10af6fabed2b90360d16cd756e1b	logs/final/proverif/summary.txt	211ffd0a8ed8a7051d12dcc165566a66e64ab970	ff24b5e33537be899d1f25c8a825e02e8054cf2f	prior committed ProVerif evidence; independent of M4 execution scope
1	pv-original-leak_kemsk_ekemsk-q02	P1	M0	proverif	proverif-original	LEAK_KEMSK_EKEMSK	logs/final/proverif/generated/LEAK_KEMSK_EKEMSK.pv	queryA:agent,B:agent,s:sid_t,k:session_key;event(RecvDone(B,A,s,k))==>event(SendDone(A,B,s,k)).	7b97ac8ec3bdb64e320f66fa7f1559d25c21b4f260148bc0b189b7fa3a92c8d6	falsified_universal_property	false	committed-inherited-evidence	inherited	none	true	300	no committed memory cap; compatibility untested	docs/proverif-final-results.md	4e91fdee3b4d635551aa24780e2f8f81736d2e75	f54c39a1902c10af6fabed2b90360d16cd756e1b	logs/final/proverif/summary.txt	211ffd0a8ed8a7051d12dcc165566a66e64ab970	ff24b5e33537be899d1f25c8a825e02e8054cf2f	prior committed ProVerif evidence; independent of M4 execution scope
1	pv-original-leak_kemsk_ekemsk-q03	P0-O	M0	proverif	proverif-original	LEAK_KEMSK_EKEMSK	logs/final/proverif/generated/LEAK_KEMSK_EKEMSK.pv	queryA:agent,B:agent,sp:sender_prekey_bundle,s:sid_t,k:session_key;event(RecvDone(B,A,s,k))==>event(SenderPrekeyVerified(B,A,sp)).	84d5da1590184f440bddd7e22009b94f77cd1fc5015029701aaa752ed413c9ed	structural_result	true	committed-inherited-evidence	inherited	none	true	300	no committed memory cap; compatibility untested	docs/proverif-final-results.md	4e91fdee3b4d635551aa24780e2f8f81736d2e75	f54c39a1902c10af6fabed2b90360d16cd756e1b	logs/final/proverif/summary.txt	211ffd0a8ed8a7051d12dcc165566a66e64ab970	ff24b5e33537be899d1f25c8a825e02e8054cf2f	prior committed ProVerif evidence; independent of M4 execution scope
1	pv-original-leak_kemsk_ekemsk-q04	P0-O	M0	proverif	proverif-original	LEAK_KEMSK_EKEMSK	logs/final/proverif/generated/LEAK_KEMSK_EKEMSK.pv	queryA:agent,B:agent,rp:receiver_prekey_bundle,s:sid_t,k:session_key;event(RecvDone(B,A,s,k))==>event(ReceiverLocalPrekeyUsed(B,A,rp)).	354856039bd87105bdb8d79dd4e5db5c64c12996b660cf38e4708cd952b3a66b	structural_result	true	committed-inherited-evidence	inherited	none	true	300	no committed memory cap; compatibility untested	docs/proverif-final-results.md	4e91fdee3b4d635551aa24780e2f8f81736d2e75	f54c39a1902c10af6fabed2b90360d16cd756e1b	logs/final/proverif/summary.txt	211ffd0a8ed8a7051d12dcc165566a66e64ab970	ff24b5e33537be899d1f25c8a825e02e8054cf2f	prior committed ProVerif evidence; independent of M4 execution scope
1	pv-original-leak_kemsk_ekemsk-q05	P0-S	M0	proverif	proverif-original	LEAK_KEMSK_EKEMSK	logs/final/proverif/generated/LEAK_KEMSK_EKEMSK.pv	queryA:agent,B:agent,s:sid_t,k:session_key;attacker(k)&&event(SenderKey(A,B,s,k))==>false.	bbfc2633144fec1fbffe9dd28eb467f7c259bd2d2752027f362f082c94296ae7	direct_theorem	true	committed-inherited-evidence	inherited	none	true	300	no committed memory cap; compatibility untested	docs/proverif-final-results.md	4e91fdee3b4d635551aa24780e2f8f81736d2e75	f54c39a1902c10af6fabed2b90360d16cd756e1b	logs/final/proverif/summary.txt	211ffd0a8ed8a7051d12dcc165566a66e64ab970	ff24b5e33537be899d1f25c8a825e02e8054cf2f	prior committed ProVerif evidence; independent of M4 execution scope
1	pv-original-leak_kemsk_ekemsk-q06	P0-S	M0	proverif	proverif-original	LEAK_KEMSK_EKEMSK	logs/final/proverif/generated/LEAK_KEMSK_EKEMSK.pv	queryA:agent,B:agent,s:sid_t,k:session_key;attacker(k)&&event(ReceiverKey(B,A,s,k))==>false.	2815280ea2a20efe56e4b0464ed89af9bc04aa70f1652a883cf38455b84533c3	direct_theorem	true	committed-inherited-evidence	inherited	none	true	300	no committed memory cap; compatibility untested	docs/proverif-final-results.md	4e91fdee3b4d635551aa24780e2f8f81736d2e75	f54c39a1902c10af6fabed2b90360d16cd756e1b	logs/final/proverif/summary.txt	211ffd0a8ed8a7051d12dcc165566a66e64ab970	ff24b5e33537be899d1f25c8a825e02e8054cf2f	prior committed ProVerif evidence; independent of M4 execution scope
1	pv-original-leak_all_receiver_secrets-q01	P0-O	M0	proverif	proverif-original	LEAK_ALL_RECEIVER_SECRETS	logs/final/proverif/generated/LEAK_ALL_RECEIVER_SECRETS.pv	queryk:session_key;event(HonestRun(k)).	d949a520f90d4232c53b02d5009f57f307cb0a289fda54432110186e76d4184f	non_vacuity	false	committed-inherited-evidence	inherited	none	true	300	no committed memory cap; compatibility untested	docs/proverif-final-results.md	4e91fdee3b4d635551aa24780e2f8f81736d2e75	f54c39a1902c10af6fabed2b90360d16cd756e1b	logs/final/proverif/summary.txt	211ffd0a8ed8a7051d12dcc165566a66e64ab970	ff24b5e33537be899d1f25c8a825e02e8054cf2f	prior committed ProVerif evidence; independent of M4 execution scope
1	pv-original-leak_all_receiver_secrets-q02	P1	M0	proverif	proverif-original	LEAK_ALL_RECEIVER_SECRETS	logs/final/proverif/generated/LEAK_ALL_RECEIVER_SECRETS.pv	queryA:agent,B:agent,s:sid_t,k:session_key;event(RecvDone(B,A,s,k))==>event(SendDone(A,B,s,k)).	7b97ac8ec3bdb64e320f66fa7f1559d25c21b4f260148bc0b189b7fa3a92c8d6	falsified_universal_property	false	committed-inherited-evidence	inherited	none	true	300	no committed memory cap; compatibility untested	docs/proverif-final-results.md	4e91fdee3b4d635551aa24780e2f8f81736d2e75	f54c39a1902c10af6fabed2b90360d16cd756e1b	logs/final/proverif/summary.txt	211ffd0a8ed8a7051d12dcc165566a66e64ab970	ff24b5e33537be899d1f25c8a825e02e8054cf2f	prior committed ProVerif evidence; independent of M4 execution scope
1	pv-original-leak_all_receiver_secrets-q03	P0-O	M0	proverif	proverif-original	LEAK_ALL_RECEIVER_SECRETS	logs/final/proverif/generated/LEAK_ALL_RECEIVER_SECRETS.pv	queryA:agent,B:agent,sp:sender_prekey_bundle,s:sid_t,k:session_key;event(RecvDone(B,A,s,k))==>event(SenderPrekeyVerified(B,A,sp)).	84d5da1590184f440bddd7e22009b94f77cd1fc5015029701aaa752ed413c9ed	structural_result	true	committed-inherited-evidence	inherited	none	true	300	no committed memory cap; compatibility untested	docs/proverif-final-results.md	4e91fdee3b4d635551aa24780e2f8f81736d2e75	f54c39a1902c10af6fabed2b90360d16cd756e1b	logs/final/proverif/summary.txt	211ffd0a8ed8a7051d12dcc165566a66e64ab970	ff24b5e33537be899d1f25c8a825e02e8054cf2f	prior committed ProVerif evidence; independent of M4 execution scope
1	pv-original-leak_all_receiver_secrets-q04	P0-O	M0	proverif	proverif-original	LEAK_ALL_RECEIVER_SECRETS	logs/final/proverif/generated/LEAK_ALL_RECEIVER_SECRETS.pv	queryA:agent,B:agent,rp:receiver_prekey_bundle,s:sid_t,k:session_key;event(RecvDone(B,A,s,k))==>event(ReceiverLocalPrekeyUsed(B,A,rp)).	354856039bd87105bdb8d79dd4e5db5c64c12996b660cf38e4708cd952b3a66b	structural_result	true	committed-inherited-evidence	inherited	none	true	300	no committed memory cap; compatibility untested	docs/proverif-final-results.md	4e91fdee3b4d635551aa24780e2f8f81736d2e75	f54c39a1902c10af6fabed2b90360d16cd756e1b	logs/final/proverif/summary.txt	211ffd0a8ed8a7051d12dcc165566a66e64ab970	ff24b5e33537be899d1f25c8a825e02e8054cf2f	prior committed ProVerif evidence; independent of M4 execution scope
1	pv-original-leak_all_receiver_secrets-q05	P0-S	M0	proverif	proverif-original	LEAK_ALL_RECEIVER_SECRETS	logs/final/proverif/generated/LEAK_ALL_RECEIVER_SECRETS.pv	queryA:agent,B:agent,s:sid_t,k:session_key;attacker(k)&&event(SenderKey(A,B,s,k))==>false.	bbfc2633144fec1fbffe9dd28eb467f7c259bd2d2752027f362f082c94296ae7	falsified_universal_property	false	committed-inherited-evidence	inherited	none	true	300	no committed memory cap; compatibility untested	docs/proverif-final-results.md	4e91fdee3b4d635551aa24780e2f8f81736d2e75	f54c39a1902c10af6fabed2b90360d16cd756e1b	logs/final/proverif/summary.txt	211ffd0a8ed8a7051d12dcc165566a66e64ab970	ff24b5e33537be899d1f25c8a825e02e8054cf2f	prior committed ProVerif evidence; independent of M4 execution scope
1	pv-original-leak_all_receiver_secrets-q06	P0-S	M0	proverif	proverif-original	LEAK_ALL_RECEIVER_SECRETS	logs/final/proverif/generated/LEAK_ALL_RECEIVER_SECRETS.pv	queryA:agent,B:agent,s:sid_t,k:session_key;attacker(k)&&event(ReceiverKey(B,A,s,k))==>false.	2815280ea2a20efe56e4b0464ed89af9bc04aa70f1652a883cf38455b84533c3	falsified_universal_property	false	committed-inherited-evidence	inherited	none	true	300	no committed memory cap; compatibility untested	docs/proverif-final-results.md	4e91fdee3b4d635551aa24780e2f8f81736d2e75	f54c39a1902c10af6fabed2b90360d16cd756e1b	logs/final/proverif/summary.txt	211ffd0a8ed8a7051d12dcc165566a66e64ab970	ff24b5e33537be899d1f25c8a825e02e8054cf2f	prior committed ProVerif evidence; independent of M4 execution scope
1	pv-hmac-hmac_baseline-q01	P0-O	M1	proverif	proverif-hmac	HMAC_BASELINE	logs/variants/hmac-confirmation/proverif/generated/HMAC_BASELINE.pv	queryk:session_key;event(HonestRun(k)).	d949a520f90d4232c53b02d5009f57f307cb0a289fda54432110186e76d4184f	non_vacuity	false	committed-inherited-evidence	inherited	none	true	300	no committed memory cap; compatibility untested	proverif/variants/hmac-confirmation/README.md	9c18a64aa304639cea2ee7239ce1d3692ae2bd19	90a908f985c77cd7aa7a461a7f97617ceff287ef	logs/variants/hmac-confirmation/proverif/summary.txt	211ffd0a8ed8a7051d12dcc165566a66e64ab970	41162bc55aeb077d65a0c259a1c96e050a718325	prior committed ProVerif evidence; independent of M4 execution scope
1	m4-pv-hmac-hmac_baseline-q01	P0-O	M4	proverif	proverif-hmac	HMAC_BASELINE	logs/variants/hmac-confirmation/proverif/generated/HMAC_BASELINE.pv	queryk:session_key;event(HonestRun(k)).	d949a520f90d4232c53b02d5009f57f307cb0a289fda54432110186e76d4184f	scope_declaration	not_run_out_of_scope	scope-declaration	tamarin-only	none	true	300	no committed memory cap; compatibility untested	tamarin/milestones/run-m4-hmac-dedup.sh	96010c72e71defc775c7c2ee99c937ff700a3227	48fbaa50750b763152dbc117eb1035f8ce807291	tamarin/milestones/run-m4-hmac-dedup.sh	96010c72e71defc775c7c2ee99c937ff700a3227	48fbaa50750b763152dbc117eb1035f8ce807291	M4 execution-scope declaration; independent inherited row retained
1	pv-hmac-hmac_baseline-q02	P1	M1	proverif	proverif-hmac	HMAC_BASELINE	logs/variants/hmac-confirmation/proverif/generated/HMAC_BASELINE.pv	queryA:agent,B:agent,s:sid_t,k:session_key;event(RecvDone(B,A,s,k))==>event(SendDone(A,B,s,k)).	7b97ac8ec3bdb64e320f66fa7f1559d25c21b4f260148bc0b189b7fa3a92c8d6	direct_theorem	true	committed-inherited-evidence	inherited	none	true	300	no committed memory cap; compatibility untested	proverif/variants/hmac-confirmation/README.md	9c18a64aa304639cea2ee7239ce1d3692ae2bd19	90a908f985c77cd7aa7a461a7f97617ceff287ef	logs/variants/hmac-confirmation/proverif/summary.txt	211ffd0a8ed8a7051d12dcc165566a66e64ab970	41162bc55aeb077d65a0c259a1c96e050a718325	prior committed ProVerif evidence; independent of M4 execution scope
1	m4-pv-hmac-hmac_baseline-q02	P1	M4	proverif	proverif-hmac	HMAC_BASELINE	logs/variants/hmac-confirmation/proverif/generated/HMAC_BASELINE.pv	queryA:agent,B:agent,s:sid_t,k:session_key;event(RecvDone(B,A,s,k))==>event(SendDone(A,B,s,k)).	7b97ac8ec3bdb64e320f66fa7f1559d25c21b4f260148bc0b189b7fa3a92c8d6	scope_declaration	not_run_out_of_scope	scope-declaration	tamarin-only	none	true	300	no committed memory cap; compatibility untested	tamarin/milestones/run-m4-hmac-dedup.sh	96010c72e71defc775c7c2ee99c937ff700a3227	48fbaa50750b763152dbc117eb1035f8ce807291	tamarin/milestones/run-m4-hmac-dedup.sh	96010c72e71defc775c7c2ee99c937ff700a3227	48fbaa50750b763152dbc117eb1035f8ce807291	M4 execution-scope declaration; independent inherited row retained
1	pv-hmac-hmac_baseline-q03	P0-O	M1	proverif	proverif-hmac	HMAC_BASELINE	logs/variants/hmac-confirmation/proverif/generated/HMAC_BASELINE.pv	queryA:agent,B:agent,sp:sender_prekey_bundle,s:sid_t,k:session_key;event(RecvDone(B,A,s,k))==>event(SenderPrekeyVerified(B,A,sp)).	84d5da1590184f440bddd7e22009b94f77cd1fc5015029701aaa752ed413c9ed	structural_result	true	committed-inherited-evidence	inherited	none	true	300	no committed memory cap; compatibility untested	proverif/variants/hmac-confirmation/README.md	9c18a64aa304639cea2ee7239ce1d3692ae2bd19	90a908f985c77cd7aa7a461a7f97617ceff287ef	logs/variants/hmac-confirmation/proverif/summary.txt	211ffd0a8ed8a7051d12dcc165566a66e64ab970	41162bc55aeb077d65a0c259a1c96e050a718325	prior committed ProVerif evidence; independent of M4 execution scope
1	m4-pv-hmac-hmac_baseline-q03	P0-O	M4	proverif	proverif-hmac	HMAC_BASELINE	logs/variants/hmac-confirmation/proverif/generated/HMAC_BASELINE.pv	queryA:agent,B:agent,sp:sender_prekey_bundle,s:sid_t,k:session_key;event(RecvDone(B,A,s,k))==>event(SenderPrekeyVerified(B,A,sp)).	84d5da1590184f440bddd7e22009b94f77cd1fc5015029701aaa752ed413c9ed	scope_declaration	not_run_out_of_scope	scope-declaration	tamarin-only	none	true	300	no committed memory cap; compatibility untested	tamarin/milestones/run-m4-hmac-dedup.sh	96010c72e71defc775c7c2ee99c937ff700a3227	48fbaa50750b763152dbc117eb1035f8ce807291	tamarin/milestones/run-m4-hmac-dedup.sh	96010c72e71defc775c7c2ee99c937ff700a3227	48fbaa50750b763152dbc117eb1035f8ce807291	M4 execution-scope declaration; independent inherited row retained
1	pv-hmac-hmac_baseline-q04	P0-O	M1	proverif	proverif-hmac	HMAC_BASELINE	logs/variants/hmac-confirmation/proverif/generated/HMAC_BASELINE.pv	queryA:agent,B:agent,rp:receiver_prekey_bundle,s:sid_t,k:session_key;event(RecvDone(B,A,s,k))==>event(ReceiverLocalPrekeyUsed(B,A,rp)).	354856039bd87105bdb8d79dd4e5db5c64c12996b660cf38e4708cd952b3a66b	structural_result	true	committed-inherited-evidence	inherited	none	true	300	no committed memory cap; compatibility untested	proverif/variants/hmac-confirmation/README.md	9c18a64aa304639cea2ee7239ce1d3692ae2bd19	90a908f985c77cd7aa7a461a7f97617ceff287ef	logs/variants/hmac-confirmation/proverif/summary.txt	211ffd0a8ed8a7051d12dcc165566a66e64ab970	41162bc55aeb077d65a0c259a1c96e050a718325	prior committed ProVerif evidence; independent of M4 execution scope
1	m4-pv-hmac-hmac_baseline-q04	P0-O	M4	proverif	proverif-hmac	HMAC_BASELINE	logs/variants/hmac-confirmation/proverif/generated/HMAC_BASELINE.pv	queryA:agent,B:agent,rp:receiver_prekey_bundle,s:sid_t,k:session_key;event(RecvDone(B,A,s,k))==>event(ReceiverLocalPrekeyUsed(B,A,rp)).	354856039bd87105bdb8d79dd4e5db5c64c12996b660cf38e4708cd952b3a66b	scope_declaration	not_run_out_of_scope	scope-declaration	tamarin-only	none	true	300	no committed memory cap; compatibility untested	tamarin/milestones/run-m4-hmac-dedup.sh	96010c72e71defc775c7c2ee99c937ff700a3227	48fbaa50750b763152dbc117eb1035f8ce807291	tamarin/milestones/run-m4-hmac-dedup.sh	96010c72e71defc775c7c2ee99c937ff700a3227	48fbaa50750b763152dbc117eb1035f8ce807291	M4 execution-scope declaration; independent inherited row retained
1	pv-hmac-hmac_baseline-q05	P0-S	M1	proverif	proverif-hmac	HMAC_BASELINE	logs/variants/hmac-confirmation/proverif/generated/HMAC_BASELINE.pv	queryA:agent,B:agent,s:sid_t,k:session_key;attacker(k)&&event(SenderKey(A,B,s,k))==>false.	bbfc2633144fec1fbffe9dd28eb467f7c259bd2d2752027f362f082c94296ae7	direct_theorem	true	committed-inherited-evidence	inherited	none	true	300	no committed memory cap; compatibility untested	proverif/variants/hmac-confirmation/README.md	9c18a64aa304639cea2ee7239ce1d3692ae2bd19	90a908f985c77cd7aa7a461a7f97617ceff287ef	logs/variants/hmac-confirmation/proverif/summary.txt	211ffd0a8ed8a7051d12dcc165566a66e64ab970	41162bc55aeb077d65a0c259a1c96e050a718325	prior committed ProVerif evidence; independent of M4 execution scope
1	m4-pv-hmac-hmac_baseline-q05	P0-S	M4	proverif	proverif-hmac	HMAC_BASELINE	logs/variants/hmac-confirmation/proverif/generated/HMAC_BASELINE.pv	queryA:agent,B:agent,s:sid_t,k:session_key;attacker(k)&&event(SenderKey(A,B,s,k))==>false.	bbfc2633144fec1fbffe9dd28eb467f7c259bd2d2752027f362f082c94296ae7	scope_declaration	not_run_out_of_scope	scope-declaration	tamarin-only	none	true	300	no committed memory cap; compatibility untested	tamarin/milestones/run-m4-hmac-dedup.sh	96010c72e71defc775c7c2ee99c937ff700a3227	48fbaa50750b763152dbc117eb1035f8ce807291	tamarin/milestones/run-m4-hmac-dedup.sh	96010c72e71defc775c7c2ee99c937ff700a3227	48fbaa50750b763152dbc117eb1035f8ce807291	M4 execution-scope declaration; independent inherited row retained
1	pv-hmac-hmac_baseline-q06	P0-S	M1	proverif	proverif-hmac	HMAC_BASELINE	logs/variants/hmac-confirmation/proverif/generated/HMAC_BASELINE.pv	queryA:agent,B:agent,s:sid_t,k:session_key;attacker(k)&&event(ReceiverKey(B,A,s,k))==>false.	2815280ea2a20efe56e4b0464ed89af9bc04aa70f1652a883cf38455b84533c3	direct_theorem	true	committed-inherited-evidence	inherited	none	true	300	no committed memory cap; compatibility untested	proverif/variants/hmac-confirmation/README.md	9c18a64aa304639cea2ee7239ce1d3692ae2bd19	90a908f985c77cd7aa7a461a7f97617ceff287ef	logs/variants/hmac-confirmation/proverif/summary.txt	211ffd0a8ed8a7051d12dcc165566a66e64ab970	41162bc55aeb077d65a0c259a1c96e050a718325	prior committed ProVerif evidence; independent of M4 execution scope
1	m4-pv-hmac-hmac_baseline-q06	P0-S	M4	proverif	proverif-hmac	HMAC_BASELINE	logs/variants/hmac-confirmation/proverif/generated/HMAC_BASELINE.pv	queryA:agent,B:agent,s:sid_t,k:session_key;attacker(k)&&event(ReceiverKey(B,A,s,k))==>false.	2815280ea2a20efe56e4b0464ed89af9bc04aa70f1652a883cf38455b84533c3	scope_declaration	not_run_out_of_scope	scope-declaration	tamarin-only	none	true	300	no committed memory cap; compatibility untested	tamarin/milestones/run-m4-hmac-dedup.sh	96010c72e71defc775c7c2ee99c937ff700a3227	48fbaa50750b763152dbc117eb1035f8ce807291	tamarin/milestones/run-m4-hmac-dedup.sh	96010c72e71defc775c7c2ee99c937ff700a3227	48fbaa50750b763152dbc117eb1035f8ce807291	M4 execution-scope declaration; independent inherited row retained
1	pv-hmac-hmac_component-q01	P0-O	M1	proverif	proverif-hmac	HMAC_COMPONENT	logs/variants/hmac-confirmation/proverif/generated/HMAC_COMPONENT.pv	queryA:agent,B:agent,cts:skem_ct,Ks:shared_secret;event(SplitKemAccepted(B,A,cts,Ks))==>event(SenderSplitKemComponent(A,B,cts,Ks)).	88d34a73474929095a910d65a3e43d9e06e966a3162bff4e87e03bf9c6a2cdfb	structural_result	true	committed-inherited-evidence	inherited	none	true	300	no committed memory cap; compatibility untested	proverif/variants/hmac-confirmation/README.md	9c18a64aa304639cea2ee7239ce1d3692ae2bd19	90a908f985c77cd7aa7a461a7f97617ceff287ef	logs/variants/hmac-confirmation/proverif/summary.txt	211ffd0a8ed8a7051d12dcc165566a66e64ab970	41162bc55aeb077d65a0c259a1c96e050a718325	prior committed ProVerif evidence; independent of M4 execution scope
1	m4-pv-hmac-hmac_component-q01	P0-O	M4	proverif	proverif-hmac	HMAC_COMPONENT	logs/variants/hmac-confirmation/proverif/generated/HMAC_COMPONENT.pv	queryA:agent,B:agent,cts:skem_ct,Ks:shared_secret;event(SplitKemAccepted(B,A,cts,Ks))==>event(SenderSplitKemComponent(A,B,cts,Ks)).	88d34a73474929095a910d65a3e43d9e06e966a3162bff4e87e03bf9c6a2cdfb	scope_declaration	not_run_out_of_scope	scope-declaration	tamarin-only	none	true	300	no committed memory cap; compatibility untested	tamarin/milestones/run-m4-hmac-dedup.sh	96010c72e71defc775c7c2ee99c937ff700a3227	48fbaa50750b763152dbc117eb1035f8ce807291	tamarin/milestones/run-m4-hmac-dedup.sh	96010c72e71defc775c7c2ee99c937ff700a3227	48fbaa50750b763152dbc117eb1035f8ce807291	M4 execution-scope declaration; independent inherited row retained
1	pv-hmac-hmac_leak_sigsk_a-q01	P0-O	M1	proverif	proverif-hmac	HMAC_LEAK_SIGSK_A	logs/variants/hmac-confirmation/proverif/generated/HMAC_LEAK_SIGSK_A.pv	queryk:session_key;event(HonestRun(k)).	d949a520f90d4232c53b02d5009f57f307cb0a289fda54432110186e76d4184f	non_vacuity	false	committed-inherited-evidence	inherited	none	true	300	no committed memory cap; compatibility untested	proverif/variants/hmac-confirmation/README.md	9c18a64aa304639cea2ee7239ce1d3692ae2bd19	90a908f985c77cd7aa7a461a7f97617ceff287ef	logs/variants/hmac-confirmation/proverif/summary.txt	211ffd0a8ed8a7051d12dcc165566a66e64ab970	41162bc55aeb077d65a0c259a1c96e050a718325	prior committed ProVerif evidence; independent of M4 execution scope
1	m4-pv-hmac-hmac_leak_sigsk_a-q01	P0-O	M4	proverif	proverif-hmac	HMAC_LEAK_SIGSK_A	logs/variants/hmac-confirmation/proverif/generated/HMAC_LEAK_SIGSK_A.pv	queryk:session_key;event(HonestRun(k)).	d949a520f90d4232c53b02d5009f57f307cb0a289fda54432110186e76d4184f	scope_declaration	not_run_out_of_scope	scope-declaration	tamarin-only	none	true	300	no committed memory cap; compatibility untested	tamarin/milestones/run-m4-hmac-dedup.sh	96010c72e71defc775c7c2ee99c937ff700a3227	48fbaa50750b763152dbc117eb1035f8ce807291	tamarin/milestones/run-m4-hmac-dedup.sh	96010c72e71defc775c7c2ee99c937ff700a3227	48fbaa50750b763152dbc117eb1035f8ce807291	M4 execution-scope declaration; independent inherited row retained
1	pv-hmac-hmac_leak_sigsk_a-q02	P1	M1	proverif	proverif-hmac	HMAC_LEAK_SIGSK_A	logs/variants/hmac-confirmation/proverif/generated/HMAC_LEAK_SIGSK_A.pv	queryA:agent,B:agent,s:sid_t,k:session_key;event(RecvDone(B,A,s,k))==>event(SendDone(A,B,s,k)).	7b97ac8ec3bdb64e320f66fa7f1559d25c21b4f260148bc0b189b7fa3a92c8d6	falsified_universal_property	false	committed-inherited-evidence	inherited	none	true	300	no committed memory cap; compatibility untested	proverif/variants/hmac-confirmation/README.md	9c18a64aa304639cea2ee7239ce1d3692ae2bd19	90a908f985c77cd7aa7a461a7f97617ceff287ef	logs/variants/hmac-confirmation/proverif/summary.txt	211ffd0a8ed8a7051d12dcc165566a66e64ab970	41162bc55aeb077d65a0c259a1c96e050a718325	prior committed ProVerif evidence; independent of M4 execution scope
1	m4-pv-hmac-hmac_leak_sigsk_a-q02	P1	M4	proverif	proverif-hmac	HMAC_LEAK_SIGSK_A	logs/variants/hmac-confirmation/proverif/generated/HMAC_LEAK_SIGSK_A.pv	queryA:agent,B:agent,s:sid_t,k:session_key;event(RecvDone(B,A,s,k))==>event(SendDone(A,B,s,k)).	7b97ac8ec3bdb64e320f66fa7f1559d25c21b4f260148bc0b189b7fa3a92c8d6	scope_declaration	not_run_out_of_scope	scope-declaration	tamarin-only	none	true	300	no committed memory cap; compatibility untested	tamarin/milestones/run-m4-hmac-dedup.sh	96010c72e71defc775c7c2ee99c937ff700a3227	48fbaa50750b763152dbc117eb1035f8ce807291	tamarin/milestones/run-m4-hmac-dedup.sh	96010c72e71defc775c7c2ee99c937ff700a3227	48fbaa50750b763152dbc117eb1035f8ce807291	M4 execution-scope declaration; independent inherited row retained
1	pv-hmac-hmac_leak_sigsk_a-q03	P0-O	M1	proverif	proverif-hmac	HMAC_LEAK_SIGSK_A	logs/variants/hmac-confirmation/proverif/generated/HMAC_LEAK_SIGSK_A.pv	queryA:agent,B:agent,sp:sender_prekey_bundle,s:sid_t,k:session_key;event(RecvDone(B,A,s,k))==>event(SenderPrekeyVerified(B,A,sp)).	84d5da1590184f440bddd7e22009b94f77cd1fc5015029701aaa752ed413c9ed	structural_result	true	committed-inherited-evidence	inherited	none	true	300	no committed memory cap; compatibility untested	proverif/variants/hmac-confirmation/README.md	9c18a64aa304639cea2ee7239ce1d3692ae2bd19	90a908f985c77cd7aa7a461a7f97617ceff287ef	logs/variants/hmac-confirmation/proverif/summary.txt	211ffd0a8ed8a7051d12dcc165566a66e64ab970	41162bc55aeb077d65a0c259a1c96e050a718325	prior committed ProVerif evidence; independent of M4 execution scope
1	m4-pv-hmac-hmac_leak_sigsk_a-q03	P0-O	M4	proverif	proverif-hmac	HMAC_LEAK_SIGSK_A	logs/variants/hmac-confirmation/proverif/generated/HMAC_LEAK_SIGSK_A.pv	queryA:agent,B:agent,sp:sender_prekey_bundle,s:sid_t,k:session_key;event(RecvDone(B,A,s,k))==>event(SenderPrekeyVerified(B,A,sp)).	84d5da1590184f440bddd7e22009b94f77cd1fc5015029701aaa752ed413c9ed	scope_declaration	not_run_out_of_scope	scope-declaration	tamarin-only	none	true	300	no committed memory cap; compatibility untested	tamarin/milestones/run-m4-hmac-dedup.sh	96010c72e71defc775c7c2ee99c937ff700a3227	48fbaa50750b763152dbc117eb1035f8ce807291	tamarin/milestones/run-m4-hmac-dedup.sh	96010c72e71defc775c7c2ee99c937ff700a3227	48fbaa50750b763152dbc117eb1035f8ce807291	M4 execution-scope declaration; independent inherited row retained
1	pv-hmac-hmac_leak_sigsk_a-q04	P0-O	M1	proverif	proverif-hmac	HMAC_LEAK_SIGSK_A	logs/variants/hmac-confirmation/proverif/generated/HMAC_LEAK_SIGSK_A.pv	queryA:agent,B:agent,rp:receiver_prekey_bundle,s:sid_t,k:session_key;event(RecvDone(B,A,s,k))==>event(ReceiverLocalPrekeyUsed(B,A,rp)).	354856039bd87105bdb8d79dd4e5db5c64c12996b660cf38e4708cd952b3a66b	structural_result	true	committed-inherited-evidence	inherited	none	true	300	no committed memory cap; compatibility untested	proverif/variants/hmac-confirmation/README.md	9c18a64aa304639cea2ee7239ce1d3692ae2bd19	90a908f985c77cd7aa7a461a7f97617ceff287ef	logs/variants/hmac-confirmation/proverif/summary.txt	211ffd0a8ed8a7051d12dcc165566a66e64ab970	41162bc55aeb077d65a0c259a1c96e050a718325	prior committed ProVerif evidence; independent of M4 execution scope
1	m4-pv-hmac-hmac_leak_sigsk_a-q04	P0-O	M4	proverif	proverif-hmac	HMAC_LEAK_SIGSK_A	logs/variants/hmac-confirmation/proverif/generated/HMAC_LEAK_SIGSK_A.pv	queryA:agent,B:agent,rp:receiver_prekey_bundle,s:sid_t,k:session_key;event(RecvDone(B,A,s,k))==>event(ReceiverLocalPrekeyUsed(B,A,rp)).	354856039bd87105bdb8d79dd4e5db5c64c12996b660cf38e4708cd952b3a66b	scope_declaration	not_run_out_of_scope	scope-declaration	tamarin-only	none	true	300	no committed memory cap; compatibility untested	tamarin/milestones/run-m4-hmac-dedup.sh	96010c72e71defc775c7c2ee99c937ff700a3227	48fbaa50750b763152dbc117eb1035f8ce807291	tamarin/milestones/run-m4-hmac-dedup.sh	96010c72e71defc775c7c2ee99c937ff700a3227	48fbaa50750b763152dbc117eb1035f8ce807291	M4 execution-scope declaration; independent inherited row retained
1	pv-hmac-hmac_leak_sigsk_a-q05	P0-S	M1	proverif	proverif-hmac	HMAC_LEAK_SIGSK_A	logs/variants/hmac-confirmation/proverif/generated/HMAC_LEAK_SIGSK_A.pv	queryA:agent,B:agent,s:sid_t,k:session_key;attacker(k)&&event(SenderKey(A,B,s,k))==>false.	bbfc2633144fec1fbffe9dd28eb467f7c259bd2d2752027f362f082c94296ae7	direct_theorem	true	committed-inherited-evidence	inherited	none	true	300	no committed memory cap; compatibility untested	proverif/variants/hmac-confirmation/README.md	9c18a64aa304639cea2ee7239ce1d3692ae2bd19	90a908f985c77cd7aa7a461a7f97617ceff287ef	logs/variants/hmac-confirmation/proverif/summary.txt	211ffd0a8ed8a7051d12dcc165566a66e64ab970	41162bc55aeb077d65a0c259a1c96e050a718325	prior committed ProVerif evidence; independent of M4 execution scope
1	m4-pv-hmac-hmac_leak_sigsk_a-q05	P0-S	M4	proverif	proverif-hmac	HMAC_LEAK_SIGSK_A	logs/variants/hmac-confirmation/proverif/generated/HMAC_LEAK_SIGSK_A.pv	queryA:agent,B:agent,s:sid_t,k:session_key;attacker(k)&&event(SenderKey(A,B,s,k))==>false.	bbfc2633144fec1fbffe9dd28eb467f7c259bd2d2752027f362f082c94296ae7	scope_declaration	not_run_out_of_scope	scope-declaration	tamarin-only	none	true	300	no committed memory cap; compatibility untested	tamarin/milestones/run-m4-hmac-dedup.sh	96010c72e71defc775c7c2ee99c937ff700a3227	48fbaa50750b763152dbc117eb1035f8ce807291	tamarin/milestones/run-m4-hmac-dedup.sh	96010c72e71defc775c7c2ee99c937ff700a3227	48fbaa50750b763152dbc117eb1035f8ce807291	M4 execution-scope declaration; independent inherited row retained
1	pv-hmac-hmac_leak_sigsk_a-q06	P0-S	M1	proverif	proverif-hmac	HMAC_LEAK_SIGSK_A	logs/variants/hmac-confirmation/proverif/generated/HMAC_LEAK_SIGSK_A.pv	queryA:agent,B:agent,s:sid_t,k:session_key;attacker(k)&&event(ReceiverKey(B,A,s,k))==>false.	2815280ea2a20efe56e4b0464ed89af9bc04aa70f1652a883cf38455b84533c3	falsified_universal_property	false	committed-inherited-evidence	inherited	none	true	300	no committed memory cap; compatibility untested	proverif/variants/hmac-confirmation/README.md	9c18a64aa304639cea2ee7239ce1d3692ae2bd19	90a908f985c77cd7aa7a461a7f97617ceff287ef	logs/variants/hmac-confirmation/proverif/summary.txt	211ffd0a8ed8a7051d12dcc165566a66e64ab970	41162bc55aeb077d65a0c259a1c96e050a718325	prior committed ProVerif evidence; independent of M4 execution scope
1	m4-pv-hmac-hmac_leak_sigsk_a-q06	P0-S	M4	proverif	proverif-hmac	HMAC_LEAK_SIGSK_A	logs/variants/hmac-confirmation/proverif/generated/HMAC_LEAK_SIGSK_A.pv	queryA:agent,B:agent,s:sid_t,k:session_key;attacker(k)&&event(ReceiverKey(B,A,s,k))==>false.	2815280ea2a20efe56e4b0464ed89af9bc04aa70f1652a883cf38455b84533c3	scope_declaration	not_run_out_of_scope	scope-declaration	tamarin-only	none	true	300	no committed memory cap; compatibility untested	tamarin/milestones/run-m4-hmac-dedup.sh	96010c72e71defc775c7c2ee99c937ff700a3227	48fbaa50750b763152dbc117eb1035f8ce807291	tamarin/milestones/run-m4-hmac-dedup.sh	96010c72e71defc775c7c2ee99c937ff700a3227	48fbaa50750b763152dbc117eb1035f8ce807291	M4 execution-scope declaration; independent inherited row retained
