property_id	tool	suite	target_id	actual_status	evidence_storage	source_run	selected_run	raw_path	raw_blob	raw_sha256	summary_path	evidence_commit	evidence_manifest_sha256
tam-combined-replay-normal_confirmed_single_accept	tamarin-prover	combined-replay	normal_confirmed_single_accept	verified	committed-git	run1	run1	logs/tamarin-m4-hmac-dedup/source-run1/proofs/combined-replay/normal_confirmed_single_accept.out	494bbb350498a944ccb447358181f9b5b39cf27d	1402fa1b1d38efba5b8fe1d7db458a4846aa004cc181044423c3fa69c0ca0a29	logs/tamarin-m4-hmac-dedup/composite-summary.txt	740666a3abd6937b52818d0f4acaf8ea0d023c58	85d681ed0837898e96fc92d3bfabcd9b362398d48209803a0a14733e7f2b3c73
tam-combined-replay-normal_confirmed_batch_complete	tamarin-prover	combined-replay	normal_confirmed_batch_complete	verified	committed-git	run1	run1	logs/tamarin-m4-hmac-dedup/source-run1/proofs/combined-replay/normal_confirmed_batch_complete.out	08d463b740f3a3d9b61a7f26ce7ceefb18774cd2	9e5a05c3ce04b911b5f82520283920f08b094e05cc66940719f31e87f863b41b	logs/tamarin-m4-hmac-dedup/composite-summary.txt	740666a3abd6937b52818d0f4acaf8ea0d023c58	85d681ed0837898e96fc92d3bfabcd9b362398d48209803a0a14733e7f2b3c73
tam-combined-replay-confirmed_receiver_accept_has_sender	tamarin-prover	combined-replay	confirmed_receiver_accept_has_sender	verified	committed-git	run1	run1	logs/tamarin-m4-hmac-dedup/source-run1/proofs/combined-replay/confirmed_receiver_accept_has_sender.out	65c1f2dc6dbde9efbe0dee51a089b3a610af9065	dd64d3107fd27677657bb969d3022e435af220b12c989104c693569df6fb1524	logs/tamarin-m4-hmac-dedup/composite-summary.txt	740666a3abd6937b52818d0f4acaf8ea0d023c58	85d681ed0837898e96fc92d3bfabcd9b362398d48209803a0a14733e7f2b3c73
tam-combined-replay-confirmed_message_unique_send	tamarin-prover	combined-replay	confirmed_message_unique_send	verified	committed-git	run1	run1	logs/tamarin-m4-hmac-dedup/source-run1/proofs/combined-replay/confirmed_message_unique_send.out	fc039bb1a853c03752aaac8307908426fa95835f	4be0abeacc439606e6537532e6deef8cbb7e2fca68f87dc0122886cb3c8570fb	logs/tamarin-m4-hmac-dedup/composite-summary.txt	740666a3abd6937b52818d0f4acaf8ea0d023c58	85d681ed0837898e96fc92d3bfabcd9b362398d48209803a0a14733e7f2b3c73
tam-combined-replay-one_confirmed_send_two_accepts_exists	tamarin-prover	combined-replay	one_confirmed_send_two_accepts_exists	falsified	committed-git	run1	run1	logs/tamarin-m4-hmac-dedup/source-run1/proofs/combined-replay/one_confirmed_send_two_accepts_exists.out	3f91f9b3e5caf931759885a0a070687d985bc29a	d2abf24c44669f464b5b9dfdf8ef212d6beef096116359eb4e5e557df8623c4e	logs/tamarin-m4-hmac-dedup/composite-summary.txt	740666a3abd6937b52818d0f4acaf8ea0d023c58	85d681ed0837898e96fc92d3bfabcd9b362398d48209803a0a14733e7f2b3c73
tam-combined-replay-confirmed_message_accepted_at_most_once	tamarin-prover	combined-replay	confirmed_message_accepted_at_most_once	verified	committed-git	run1	run1	logs/tamarin-m4-hmac-dedup/source-run1/proofs/combined-replay/confirmed_message_accepted_at_most_once.out	3fbef3e752690cd24257a0dcd8d04d493952b35c	0ad37e1b4d3471bf3658ec8132d44b5c58e5f2b29824334e5867bfa47cce1203	logs/tamarin-m4-hmac-dedup/composite-summary.txt	740666a3abd6937b52818d0f4acaf8ea0d023c58	85d681ed0837898e96fc92d3bfabcd9b362398d48209803a0a14733e7f2b3c73
tam-combined-replay-injective_confirmed_receiver_accept	tamarin-prover	combined-replay	injective_confirmed_receiver_accept	verified	committed-git	run1	run1	logs/tamarin-m4-hmac-dedup/source-run1/proofs/combined-replay/injective_confirmed_receiver_accept.out	f99574e6b9d89ae3ceca125b78ed03f968027817	50022e705cb6339c09a55b388a404046bf721407069652b72dfeb49de907f5cd	logs/tamarin-m4-hmac-dedup/composite-summary.txt	740666a3abd6937b52818d0f4acaf8ea0d023c58	85d681ed0837898e96fc92d3bfabcd9b362398d48209803a0a14733e7f2b3c73
tam-combined-replay-slot_indices_distinct	tamarin-prover	combined-replay	slot_indices_distinct	verified	committed-git	run1	run1	logs/tamarin-m4-hmac-dedup/source-run1/proofs/combined-replay/slot_indices_distinct.out	75abe75943545564124690451731c5d351c3c97b	19bc2b2bc9f01ae0c4a7f319fb0b1d7612a6e2d8845d59e4a065069ea95fc239	logs/tamarin-m4-hmac-dedup/composite-summary.txt	740666a3abd6937b52818d0f4acaf8ea0d023c58	85d681ed0837898e96fc92d3bfabcd9b362398d48209803a0a14733e7f2b3c73
tam-combined-replay-process_requires_slot_added	tamarin-prover	combined-replay	process_requires_slot_added	verified	committed-git	run1	run1	logs/tamarin-m4-hmac-dedup/source-run1/proofs/combined-replay/process_requires_slot_added.out	595a96cfe3d68985af1a4910bd4eaf2ba4e1a776	c8971149443c16c5dfac8a232708e56c13ed11e870ad5f9f44df90765f48208d	logs/tamarin-m4-hmac-dedup/composite-summary.txt	740666a3abd6937b52818d0f4acaf8ea0d023c58	85d681ed0837898e96fc92d3bfabcd9b362398d48209803a0a14733e7f2b3c73
tam-combined-replay-process_requires_seal	tamarin-prover	combined-replay	process_requires_seal	verified	committed-git	run1	run1	logs/tamarin-m4-hmac-dedup/source-run1/proofs/combined-replay/process_requires_seal.out	a436ea33b79dbf87c397c456dcfc33bbb4c2c50f	bed4ad9ea9d31791a6be1d36c3c26dda503471c06cfc0661b2c1f4505b939099	logs/tamarin-m4-hmac-dedup/composite-summary.txt	740666a3abd6937b52818d0f4acaf8ea0d023c58	85d681ed0837898e96fc92d3bfabcd9b362398d48209803a0a14733e7f2b3c73
tam-combined-replay-complete_requires_all_slots_processed	tamarin-prover	combined-replay	complete_requires_all_slots_processed	verified	committed-git	run1	run1	logs/tamarin-m4-hmac-dedup/source-run1/proofs/combined-replay/complete_requires_all_slots_processed.out	c5f700a4a1f4607dac3edf180e3c5afafea1467e	ac37bbc2785fc012b131611e448b331ad7110066d54940f8ee596ce7a91ecbfc	logs/tamarin-m4-hmac-dedup/composite-summary.txt	740666a3abd6937b52818d0f4acaf8ea0d023c58	85d681ed0837898e96fc92d3bfabcd9b362398d48209803a0a14733e7f2b3c73
tam-combined-replay-no_add_after_seal	tamarin-prover	combined-replay	no_add_after_seal	verified	committed-git	run1	run1	logs/tamarin-m4-hmac-dedup/source-run1/proofs/combined-replay/no_add_after_seal.out	a50fe58d43964afb214e17f20d31eac371bd8d8d	9c415ac4a657a6f79d8a833fb2bac9663b02f802d5581c72db636a799475fb45	logs/tamarin-m4-hmac-dedup/composite-summary.txt	740666a3abd6937b52818d0f4acaf8ea0d023c58	85d681ed0837898e96fc92d3bfabcd9b362398d48209803a0a14733e7f2b3c73
tam-combined-replay-no_accept_after_close	tamarin-prover	combined-replay	no_accept_after_close	verified	committed-git	run1	run1	logs/tamarin-m4-hmac-dedup/source-run1/proofs/combined-replay/no_accept_after_close.out	9145a2c52bc88c81349e0b7e0ff8b14a9753c8ad	624839110f55bfbc6668810c639ea989d1de877b12f994efee30c6f6978595b8	logs/tamarin-m4-hmac-dedup/composite-summary.txt	740666a3abd6937b52818d0f4acaf8ea0d023c58	85d681ed0837898e96fc92d3bfabcd9b362398d48209803a0a14733e7f2b3c73
tam-combined-replay-batch_complete_consumes_state	tamarin-prover	combined-replay	batch_complete_consumes_state	verified	committed-git	run1	run1	logs/tamarin-m4-hmac-dedup/source-run1/proofs/combined-replay/batch_complete_consumes_state.out	7b244480a42375c08391bd172c5bf9239c47f940	23283b1d97cf00fc214cd6e719233d7b921a41b423206abdd31d1d0072c86edf	logs/tamarin-m4-hmac-dedup/composite-summary.txt	740666a3abd6937b52818d0f4acaf8ea0d023c58	85d681ed0837898e96fc92d3bfabcd9b362398d48209803a0a14733e7f2b3c73
tam-combined-replay-batch_fail_consumes_state	tamarin-prover	combined-replay	batch_fail_consumes_state	verified	committed-git	run1	run1	logs/tamarin-m4-hmac-dedup/source-run1/proofs/combined-replay/batch_fail_consumes_state.out	ea183d68c64065b6ea38406b407d1b56004e2917	d91a08114ae8bb71ec5ae53ca01f270aea60b48fc50828aa8209aafe78597a49	logs/tamarin-m4-hmac-dedup/composite-summary.txt	740666a3abd6937b52818d0f4acaf8ea0d023c58	85d681ed0837898e96fc92d3bfabcd9b362398d48209803a0a14733e7f2b3c73
tam-combined-replay-batch_end_token_single_use	tamarin-prover	combined-replay	batch_end_token_single_use	verified	committed-git	run1	run1	logs/tamarin-m4-hmac-dedup/source-run1/proofs/combined-replay/batch_end_token_single_use.out	d3521a0ab197fa882286ec63b2e2e6b76a0cc5ee	658dd1a8d28d633785db1466685cc997515184aa5f746b7b255b12f689e56778	logs/tamarin-m4-hmac-dedup/composite-summary.txt	740666a3abd6937b52818d0f4acaf8ea0d023c58	85d681ed0837898e96fc92d3bfabcd9b362398d48209803a0a14733e7f2b3c73
tam-combined-replay-receiver_state_single_batch	tamarin-prover	combined-replay	receiver_state_single_batch	verified	committed-git	run1	run1	logs/tamarin-m4-hmac-dedup/source-run1/proofs/combined-replay/receiver_state_single_batch.out	876e6212dab260b58aa81b40752d0b350f0efdba	454ae6cdef5c3e1d9e47f6b4ba94164d76e321ec529c4b04e35b5a87e94e4668	logs/tamarin-m4-hmac-dedup/composite-summary.txt	740666a3abd6937b52818d0f4acaf8ea0d023c58	85d681ed0837898e96fc92d3bfabcd9b362398d48209803a0a14733e7f2b3c73
tam-combined-replay-receiver_state_single_batch_end	tamarin-prover	combined-replay	receiver_state_single_batch_end	verified	committed-git	run1	run1	logs/tamarin-m4-hmac-dedup/source-run1/proofs/combined-replay/receiver_state_single_batch_end.out	61f42ae96659db6c440313e74283d864f315e04f	3156110d71902da2249638e0f2f0c832b126684366c667310a85b4e7e130e3de	logs/tamarin-m4-hmac-dedup/composite-summary.txt	740666a3abd6937b52818d0f4acaf8ea0d023c58	85d681ed0837898e96fc92d3bfabcd9b362398d48209803a0a14733e7f2b3c73
tam-combined-replay-duplicate_batch_fail_exists	tamarin-prover	combined-replay	duplicate_batch_fail_exists	verified	committed-git	run1	run1	logs/tamarin-m4-hmac-dedup/source-run1/proofs/combined-replay/duplicate_batch_fail_exists.out	04e790b7d5dc7c6165d4c861e3dc0e5255420a7e	91e3adc45d8910ebed4bc3a8b2abeb4ea9a2615dcb0c4765addeb1db83b473dd	logs/tamarin-m4-hmac-dedup/composite-summary.txt	740666a3abd6937b52818d0f4acaf8ea0d023c58	85d681ed0837898e96fc92d3bfabcd9b362398d48209803a0a14733e7f2b3c73
tam-combined-replay-duplicate_detected_before_any_accept	tamarin-prover	combined-replay	duplicate_detected_before_any_accept	verified	committed-git	run1	run1	logs/tamarin-m4-hmac-dedup/source-run1/proofs/combined-replay/duplicate_detected_before_any_accept.out	720a199255797808bb7f92abf510e8668a31522d	558bbeafd5fe55cda582bc90a16a7834d65d078f057ed068046eda49e8e0ee99	logs/tamarin-m4-hmac-dedup/composite-summary.txt	740666a3abd6937b52818d0f4acaf8ea0d023c58	85d681ed0837898e96fc92d3bfabcd9b362398d48209803a0a14733e7f2b3c73
tam-combined-replay-duplicate_batch_has_no_accept	tamarin-prover	combined-replay	duplicate_batch_has_no_accept	verified	committed-git	run1	run1	logs/tamarin-m4-hmac-dedup/source-run1/proofs/combined-replay/duplicate_batch_has_no_accept.out	128eede87f73da24d81eeb601a6da00614c027c3	03eb008701f3ec08d6ca05cd3380fbc7cf531200ec7fb1f096ac10e7764e0336	logs/tamarin-m4-hmac-dedup/composite-summary.txt	740666a3abd6937b52818d0f4acaf8ea0d023c58	85d681ed0837898e96fc92d3bfabcd9b362398d48209803a0a14733e7f2b3c73
tam-combined-replay-process_requires_dedup_pass	tamarin-prover	combined-replay	process_requires_dedup_pass	verified	committed-git	run1	run1	logs/tamarin-m4-hmac-dedup/source-run1/proofs/combined-replay/process_requires_dedup_pass.out	e84c861f16a430b75f84add562dbb5c9401438b7	342c448c22e8d8b1fa9deb491fbcf47a1c90539f422dabc9ec20125e8cff4c7a	logs/tamarin-m4-hmac-dedup/composite-summary.txt	740666a3abd6937b52818d0f4acaf8ea0d023c58	85d681ed0837898e96fc92d3bfabcd9b362398d48209803a0a14733e7f2b3c73
tam-combined-replay-dedup_pass_messages_distinct	tamarin-prover	combined-replay	dedup_pass_messages_distinct	verified	committed-git	run1	run1	logs/tamarin-m4-hmac-dedup/source-run1/proofs/combined-replay/dedup_pass_messages_distinct.out	1d93db05351a9b5fe3b8146bc899d8a898200460	00711ce8a9bbb8239f4e53fca0be7e19280057fac0a1c46bee11f1d3d7a92ab6	logs/tamarin-m4-hmac-dedup/composite-summary.txt	740666a3abd6937b52818d0f4acaf8ea0d023c58	85d681ed0837898e96fc92d3bfabcd9b362398d48209803a0a14733e7f2b3c73
tam-combined-replay-dedup_decision_single_use	tamarin-prover	combined-replay	dedup_decision_single_use	verified	committed-git	run1	run1	logs/tamarin-m4-hmac-dedup/source-run1/proofs/combined-replay/dedup_decision_single_use.out	2d692c3a52b230b71591dd4707c6051a642d9bc4	30cc15d78e28d154318b4afdea92bdcc0b1a37232adc7776b3e591ca8bb79f81	logs/tamarin-m4-hmac-dedup/composite-summary.txt	740666a3abd6937b52818d0f4acaf8ea0d023c58	85d681ed0837898e96fc92d3bfabcd9b362398d48209803a0a14733e7f2b3c73
tam-combined-replay-dedup_outcomes_exclusive	tamarin-prover	combined-replay	dedup_outcomes_exclusive	verified	committed-git	run1	run1	logs/tamarin-m4-hmac-dedup/source-run1/proofs/combined-replay/dedup_outcomes_exclusive.out	baad8926b0682b9b90d85b011e2702a1a69f51dc	a2758eaf59096a4a0d2af19e75a1b799abcb0829f24acd7ffd96ab78e615bc23	logs/tamarin-m4-hmac-dedup/composite-summary.txt	740666a3abd6937b52818d0f4acaf8ea0d023c58	85d681ed0837898e96fc92d3bfabcd9b362398d48209803a0a14733e7f2b3c73
tam-combined-replay-normal_distinct_batch_complete	tamarin-prover	combined-replay	normal_distinct_batch_complete	verified	committed-git	run1	run1	logs/tamarin-m4-hmac-dedup/source-run1/proofs/combined-replay/normal_distinct_batch_complete.out	fd835d402670abafd84c89b60ffae57925a8f629	7554f1ab41773842c0c8e0c35cf578e620c75c40ccf9b6f1e8e3c0424f6aedd7	logs/tamarin-m4-hmac-dedup/composite-summary.txt	740666a3abd6937b52818d0f4acaf8ea0d023c58	85d681ed0837898e96fc92d3bfabcd9b362398d48209803a0a14733e7f2b3c73
tam-combined-replay-normal_distinct_fail_slot1_exists	tamarin-prover	combined-replay	normal_distinct_fail_slot1_exists	verified	committed-git	run1	run1	logs/tamarin-m4-hmac-dedup/source-run1/proofs/combined-replay/normal_distinct_fail_slot1_exists.out	f444a77c92a8c6d50eb6195738970d4d460d977f	1473b0fd057ac0e788e9b889d341acfb7b0780b9823e360432ae7293c8bbdbcc	logs/tamarin-m4-hmac-dedup/composite-summary.txt	740666a3abd6937b52818d0f4acaf8ea0d023c58	85d681ed0837898e96fc92d3bfabcd9b362398d48209803a0a14733e7f2b3c73
tam-combined-replay-normal_distinct_fail_slot2_exists	tamarin-prover	combined-replay	normal_distinct_fail_slot2_exists	verified	committed-git	run1	run1	logs/tamarin-m4-hmac-dedup/source-run1/proofs/combined-replay/normal_distinct_fail_slot2_exists.out	bddd64785ef7bb4807efc058542c2dc6d8cf7f01	452a2338790ccc9ec9f89e34f8a00779624bf84749cee3ca524b61f76cd075b7	logs/tamarin-m4-hmac-dedup/composite-summary.txt	740666a3abd6937b52818d0f4acaf8ea0d023c58	85d681ed0837898e96fc92d3bfabcd9b362398d48209803a0a14733e7f2b3c73
tam-combined-replay-batch_fail_complete_exclusive	tamarin-prover	combined-replay	batch_fail_complete_exclusive	verified	committed-git	run1	run1	logs/tamarin-m4-hmac-dedup/source-run1/proofs/combined-replay/batch_fail_complete_exclusive.out	08a713f42e4eebd0bfcb14a8f22bd8fe2a65faf8	8ea011c800d725f5cc88b99f5a773ef8536425084901b7bd08f6f77a1bbe68ee	logs/tamarin-m4-hmac-dedup/composite-summary.txt	740666a3abd6937b52818d0f4acaf8ea0d023c58	85d681ed0837898e96fc92d3bfabcd9b362398d48209803a0a14733e7f2b3c73
tam-combined-replay-state_consumed_on_duplicate_fail	tamarin-prover	combined-replay	state_consumed_on_duplicate_fail	verified	committed-git	run1	run1	logs/tamarin-m4-hmac-dedup/source-run1/proofs/combined-replay/state_consumed_on_duplicate_fail.out	52f24c6fe31b23dd6f1e98c10e63c00b834d79fa	f89a8af594e2663b13154d387a1bade00eea7db9eb9b48aefff34255aba07f79	logs/tamarin-m4-hmac-dedup/composite-summary.txt	740666a3abd6937b52818d0f4acaf8ea0d023c58	85d681ed0837898e96fc92d3bfabcd9b362398d48209803a0a14733e7f2b3c73
tam-combined-replay-confirmed_base_message_accepted_at_most_once	tamarin-prover	combined-replay	confirmed_base_message_accepted_at_most_once	verified	committed-git	run1	run1	logs/tamarin-m4-hmac-dedup/source-run1/proofs/combined-replay/confirmed_base_message_accepted_at_most_once.out	b68a0a57d2334a70e3c804d63bc2483d740c6bd8	b39abaa44486848ad415f72341b3b8a5df8f199eca843a237ec38871d07be0f6	logs/tamarin-m4-hmac-dedup/composite-summary.txt	740666a3abd6937b52818d0f4acaf8ea0d023c58	85d681ed0837898e96fc92d3bfabcd9b362398d48209803a0a14733e7f2b3c73
tam-combined-replay-duplicate_same_base_different_tag_fail_exists	tamarin-prover	combined-replay	duplicate_same_base_different_tag_fail_exists	verified	committed-git	run1	run1	logs/tamarin-m4-hmac-dedup/source-run1/proofs/combined-replay/duplicate_same_base_different_tag_fail_exists.out	6f1be38750bd08baba6caa4d9ca623d11769632b	aa0388709fdc4d04b1313e58c5ce2eaff8ebe77d891d0d8e507ee93454881958	logs/tamarin-m4-hmac-dedup/composite-summary.txt	740666a3abd6937b52818d0f4acaf8ea0d023c58	85d681ed0837898e96fc92d3bfabcd9b362398d48209803a0a14733e7f2b3c73
tam-combined-replay-confirmed_accept_requires_valid_tag	tamarin-prover	combined-replay	confirmed_accept_requires_valid_tag	verified	committed-git	run1	run1	logs/tamarin-m4-hmac-dedup/source-run1/proofs/combined-replay/confirmed_accept_requires_valid_tag.out	58d83998619048a1b8a853599325622aaaeadb8d	e9896c23ebf0636f16236a4b9b3da61fbfbfad835b62d8e6516dca0f706dc224	logs/tamarin-m4-hmac-dedup/composite-summary.txt	740666a3abd6937b52818d0f4acaf8ea0d023c58	85d681ed0837898e96fc92d3bfabcd9b362398d48209803a0a14733e7f2b3c73
tam-combined-replay-confirmed_accept_requires_hmac_validated	tamarin-prover	combined-replay	confirmed_accept_requires_hmac_validated	verified	committed-git	run1	run1	logs/tamarin-m4-hmac-dedup/source-run1/proofs/combined-replay/confirmed_accept_requires_hmac_validated.out	485c536d3ae205b7cb68958d2e991e50ef5da61b	02617cc7ca3dea8a514a12197d1dfd1dc7a858f701cac76502313566d24b8fb7	logs/tamarin-m4-hmac-dedup/composite-summary.txt	740666a3abd6937b52818d0f4acaf8ea0d023c58	85d681ed0837898e96fc92d3bfabcd9b362398d48209803a0a14733e7f2b3c73
tam-combined-replay-hmac_failure_slot1_exists	tamarin-prover	combined-replay	hmac_failure_slot1_exists	verified	committed-git	run1	run1	logs/tamarin-m4-hmac-dedup/source-run1/proofs/combined-replay/hmac_failure_slot1_exists.out	72cea011367574dc26a2e68e51bdc8fd4ad82405	6b76f7d429ab696de194a4c39cfc3be018e885bda92c0267455e708302b21b54	logs/tamarin-m4-hmac-dedup/composite-summary.txt	740666a3abd6937b52818d0f4acaf8ea0d023c58	85d681ed0837898e96fc92d3bfabcd9b362398d48209803a0a14733e7f2b3c73
tam-combined-replay-hmac_failure_slot2_after_prior_accept_replay_exists	tamarin-prover	combined-replay	hmac_failure_slot2_after_prior_accept_replay_exists	verified	committed-git	run1	run1	logs/tamarin-m4-hmac-dedup/source-run1/proofs/combined-replay/hmac_failure_slot2_after_prior_accept_replay_exists.out	e4bbabc743b9a44555d05bc10e5c82f686667cc0	a43f08448f9da95cd14fce96c30365b6e75a3b97f5d44daa25e322f54dbaab46	logs/tamarin-m4-hmac-dedup/composite-summary.txt	740666a3abd6937b52818d0f4acaf8ea0d023c58	85d681ed0837898e96fc92d3bfabcd9b362398d48209803a0a14733e7f2b3c73
tam-combined-replay-hmac_failed_slot_has_no_accept	tamarin-prover	combined-replay	hmac_failed_slot_has_no_accept	verified	committed-git	run1	run1	logs/tamarin-m4-hmac-dedup/source-run1/proofs/combined-replay/hmac_failed_slot_has_no_accept.out	369eb5dac251761df9789006dfc1d463bb212cb8	cfd5ce8db3563edabe537033786c7a9c3372e9597ec99eb7d156c602fa36f446	logs/tamarin-m4-hmac-dedup/composite-summary.txt	740666a3abd6937b52818d0f4acaf8ea0d023c58	85d681ed0837898e96fc92d3bfabcd9b362398d48209803a0a14733e7f2b3c73
tam-combined-replay-normal_two_distinct_valid_confirmed_accepts_complete	tamarin-prover	combined-replay	normal_two_distinct_valid_confirmed_accepts_complete	verified	committed-git	run1	run1	logs/tamarin-m4-hmac-dedup/source-run1/proofs/combined-replay/normal_two_distinct_valid_confirmed_accepts_complete.out	ca297f821d3ccac11a7fc5f0178d2d8b14be9f32	6ccc80e2484e11e2baf7a863bf547a7bcd8b409653975cee35edcae689e17a73	logs/tamarin-m4-hmac-dedup/composite-summary.txt	740666a3abd6937b52818d0f4acaf8ea0d023c58	85d681ed0837898e96fc92d3bfabcd9b362398d48209803a0a14733e7f2b3c73
tam-combined-impact-normal_confirmed_single_accept	tamarin-prover	combined-impact	normal_confirmed_single_accept	verified	committed-git	run1	run1	logs/tamarin-m4-hmac-dedup/source-run1/proofs/combined-impact/normal_confirmed_single_accept.out	1f61ca13449f32ab8a44b6bdc02855b81f0c93b8	5fb4568b9b2b19d746de29c560a2890f52e2daadfd9349e1b738066c91e7a6f8	logs/tamarin-m4-hmac-dedup/composite-summary.txt	740666a3abd6937b52818d0f4acaf8ea0d023c58	85d681ed0837898e96fc92d3bfabcd9b362398d48209803a0a14733e7f2b3c73
tam-combined-impact-normal_confirmed_batch_complete	tamarin-prover	combined-impact	normal_confirmed_batch_complete	verified	committed-git	run1	run1	logs/tamarin-m4-hmac-dedup/source-run1/proofs/combined-impact/normal_confirmed_batch_complete.out	510a3cfe8ef44b34f572b5675a4c7771eb28a728	1f06af9b7c7a97aaf26021d0a233b1b3d1f9a03e507c7d3863f699b8079b7e69	logs/tamarin-m4-hmac-dedup/composite-summary.txt	740666a3abd6937b52818d0f4acaf8ea0d023c58	85d681ed0837898e96fc92d3bfabcd9b362398d48209803a0a14733e7f2b3c73
tam-combined-impact-confirmed_receiver_accept_has_sender	tamarin-prover	combined-impact	confirmed_receiver_accept_has_sender	verified	committed-git	run1	run1	logs/tamarin-m4-hmac-dedup/source-run1/proofs/combined-impact/confirmed_receiver_accept_has_sender.out	f1c6d0bdf86e07f21247abc7fe52bfbb4f632275	d70f684e2954bdf43349f93366f15fd281c6d5de2f72fe5d8599db4eead70b36	logs/tamarin-m4-hmac-dedup/composite-summary.txt	740666a3abd6937b52818d0f4acaf8ea0d023c58	85d681ed0837898e96fc92d3bfabcd9b362398d48209803a0a14733e7f2b3c73
tam-combined-impact-confirmed_message_unique_send	tamarin-prover	combined-impact	confirmed_message_unique_send	verified	committed-git	run1	run1	logs/tamarin-m4-hmac-dedup/source-run1/proofs/combined-impact/confirmed_message_unique_send.out	7248b6d786cd6f984fb72133e54145d9f6db7dff	b36c4e4c0dafe30a258b67a58f636c71ee138f99632d73daaee3acaa0183837a	logs/tamarin-m4-hmac-dedup/composite-summary.txt	740666a3abd6937b52818d0f4acaf8ea0d023c58	85d681ed0837898e96fc92d3bfabcd9b362398d48209803a0a14733e7f2b3c73
tam-combined-impact-one_confirmed_send_two_accepts_exists	tamarin-prover	combined-impact	one_confirmed_send_two_accepts_exists	falsified	committed-git	run1	run1	logs/tamarin-m4-hmac-dedup/source-run1/proofs/combined-impact/one_confirmed_send_two_accepts_exists.out	bddd38d566ab15909c3197f3d3a5c07b8e06fcee	764685db3b413127bc0325dbdc5af909d9481f7f298b34e731c7f037482d118b	logs/tamarin-m4-hmac-dedup/composite-summary.txt	740666a3abd6937b52818d0f4acaf8ea0d023c58	85d681ed0837898e96fc92d3bfabcd9b362398d48209803a0a14733e7f2b3c73
tam-combined-impact-confirmed_message_accepted_at_most_once	tamarin-prover	combined-impact	confirmed_message_accepted_at_most_once	verified	committed-git	run1	run1	logs/tamarin-m4-hmac-dedup/source-run1/proofs/combined-impact/confirmed_message_accepted_at_most_once.out	d3115efe305d45a9a714776c6c379519ab506c54	ec7d648dfd8437b0f4d3207a0190d51330e4dd170fe805b5a554d9d9dd62c6d3	logs/tamarin-m4-hmac-dedup/composite-summary.txt	740666a3abd6937b52818d0f4acaf8ea0d023c58	85d681ed0837898e96fc92d3bfabcd9b362398d48209803a0a14733e7f2b3c73
tam-combined-impact-injective_confirmed_receiver_accept	tamarin-prover	combined-impact	injective_confirmed_receiver_accept	verified	committed-git	run1	run1	logs/tamarin-m4-hmac-dedup/source-run1/proofs/combined-impact/injective_confirmed_receiver_accept.out	53d9bc1f4c5c378ad6b26e15ee3905eeb5cf83ab	f242250253d49556edc77bf84474a51d48af6d12342569612c417d9eb232e74f	logs/tamarin-m4-hmac-dedup/composite-summary.txt	740666a3abd6937b52818d0f4acaf8ea0d023c58	85d681ed0837898e96fc92d3bfabcd9b362398d48209803a0a14733e7f2b3c73
tam-combined-impact-slot_indices_distinct	tamarin-prover	combined-impact	slot_indices_distinct	verified	committed-git	run1	run1	logs/tamarin-m4-hmac-dedup/source-run1/proofs/combined-impact/slot_indices_distinct.out	059066cfadfe3d6a3694f6d053365cb01a0e3cd1	c0105c889f62438eee5b897fb653e6e67f3c0f6960122a5f66eaa92354d0eab6	logs/tamarin-m4-hmac-dedup/composite-summary.txt	740666a3abd6937b52818d0f4acaf8ea0d023c58	85d681ed0837898e96fc92d3bfabcd9b362398d48209803a0a14733e7f2b3c73
tam-combined-impact-process_requires_slot_added	tamarin-prover	combined-impact	process_requires_slot_added	verified	committed-git	run1	run1	logs/tamarin-m4-hmac-dedup/source-run1/proofs/combined-impact/process_requires_slot_added.out	9dfc3411f1734419518b4c177b99cf318fa2aa39	ff4e50698fd0c0a7a211ac9e6993e64b88a560a91e9e053e4515a717bb2c6327	logs/tamarin-m4-hmac-dedup/composite-summary.txt	740666a3abd6937b52818d0f4acaf8ea0d023c58	85d681ed0837898e96fc92d3bfabcd9b362398d48209803a0a14733e7f2b3c73
tam-combined-impact-process_requires_seal	tamarin-prover	combined-impact	process_requires_seal	verified	committed-git	run1	run1	logs/tamarin-m4-hmac-dedup/source-run1/proofs/combined-impact/process_requires_seal.out	413200080e604203fb19b40991022a1c725e8537	61d52db44985d798bc7d6ca09c6aac7b0ab38ea73c328a4870b0cb7fa078cd41	logs/tamarin-m4-hmac-dedup/composite-summary.txt	740666a3abd6937b52818d0f4acaf8ea0d023c58	85d681ed0837898e96fc92d3bfabcd9b362398d48209803a0a14733e7f2b3c73
tam-combined-impact-complete_requires_all_slots_processed	tamarin-prover	combined-impact	complete_requires_all_slots_processed	verified	committed-git	run1	run1	logs/tamarin-m4-hmac-dedup/source-run1/proofs/combined-impact/complete_requires_all_slots_processed.out	c07d09fbea609d9042c4c5cc4d440d82768a6ff2	9522f51cc6692061fae3aae3cd433279f2921e7fdcb38ca42c6f9014032d8160	logs/tamarin-m4-hmac-dedup/composite-summary.txt	740666a3abd6937b52818d0f4acaf8ea0d023c58	85d681ed0837898e96fc92d3bfabcd9b362398d48209803a0a14733e7f2b3c73
tam-combined-impact-no_add_after_seal	tamarin-prover	combined-impact	no_add_after_seal	verified	committed-git	run1	run1	logs/tamarin-m4-hmac-dedup/source-run1/proofs/combined-impact/no_add_after_seal.out	d8e368fb9583deea67859046189923c964e236a7	363f5d478648dc0a429b91f052652bfe6ec133160068ef4e4c3349a773b8f760	logs/tamarin-m4-hmac-dedup/composite-summary.txt	740666a3abd6937b52818d0f4acaf8ea0d023c58	85d681ed0837898e96fc92d3bfabcd9b362398d48209803a0a14733e7f2b3c73
tam-combined-impact-no_accept_after_close	tamarin-prover	combined-impact	no_accept_after_close	verified	committed-git	run1	run1	logs/tamarin-m4-hmac-dedup/source-run1/proofs/combined-impact/no_accept_after_close.out	1dc9e0f4cd584b479d1d20ba874fa9f8257db9b0	2aa6157a5a64942034395b6dd197cbed67cce7373f29e974154c2974056f7b64	logs/tamarin-m4-hmac-dedup/composite-summary.txt	740666a3abd6937b52818d0f4acaf8ea0d023c58	85d681ed0837898e96fc92d3bfabcd9b362398d48209803a0a14733e7f2b3c73
tam-combined-impact-batch_complete_consumes_state	tamarin-prover	combined-impact	batch_complete_consumes_state	verified	committed-git	run1	run1	logs/tamarin-m4-hmac-dedup/source-run1/proofs/combined-impact/batch_complete_consumes_state.out	76e3fdcfb731e7d24fde2c485ab955b3c3038eb0	e6130f7fed9c25566f1c0ed8896252f00bf1b4844105277279a3744e91879ec0	logs/tamarin-m4-hmac-dedup/composite-summary.txt	740666a3abd6937b52818d0f4acaf8ea0d023c58	85d681ed0837898e96fc92d3bfabcd9b362398d48209803a0a14733e7f2b3c73
tam-combined-impact-batch_fail_consumes_state	tamarin-prover	combined-impact	batch_fail_consumes_state	verified	committed-git	run1	run1	logs/tamarin-m4-hmac-dedup/source-run1/proofs/combined-impact/batch_fail_consumes_state.out	f228418260a839f8da9033de7624db7aa173026c	43285caabd0a1300fcfd9f5a644bbd43cba2cd83e3de4fde82707c1e28793199	logs/tamarin-m4-hmac-dedup/composite-summary.txt	740666a3abd6937b52818d0f4acaf8ea0d023c58	85d681ed0837898e96fc92d3bfabcd9b362398d48209803a0a14733e7f2b3c73
tam-combined-impact-batch_end_token_single_use	tamarin-prover	combined-impact	batch_end_token_single_use	verified	committed-git	run1	run1	logs/tamarin-m4-hmac-dedup/source-run1/proofs/combined-impact/batch_end_token_single_use.out	7deac2ef95fd2709f1d7d7b7ad0f637de14a15f3	db81de1139525879b0de2b163242a8fa37d227821947e1aa42e6f91bf614ac83	logs/tamarin-m4-hmac-dedup/composite-summary.txt	740666a3abd6937b52818d0f4acaf8ea0d023c58	85d681ed0837898e96fc92d3bfabcd9b362398d48209803a0a14733e7f2b3c73
tam-combined-impact-receiver_state_single_batch	tamarin-prover	combined-impact	receiver_state_single_batch	verified	committed-git	run1	run1	logs/tamarin-m4-hmac-dedup/source-run1/proofs/combined-impact/receiver_state_single_batch.out	0f706b990391a48621016db66918fb0dfaa8c75f	bf398d508d785b537e2367d3abc9310b4613f57bbcd1cd4b61b2a6a18b5f757f	logs/tamarin-m4-hmac-dedup/composite-summary.txt	740666a3abd6937b52818d0f4acaf8ea0d023c58	85d681ed0837898e96fc92d3bfabcd9b362398d48209803a0a14733e7f2b3c73
tam-combined-impact-receiver_state_single_batch_end	tamarin-prover	combined-impact	receiver_state_single_batch_end	verified	committed-git	run1	run1	logs/tamarin-m4-hmac-dedup/source-run1/proofs/combined-impact/receiver_state_single_batch_end.out	c9ca36fc8c36f9aaee306a6d093b7d02079b18ea	7dd40aff14f09578fb3c9f9ecd21fb98d0ee39750fb60e4380824eb67fecd875	logs/tamarin-m4-hmac-dedup/composite-summary.txt	740666a3abd6937b52818d0f4acaf8ea0d023c58	85d681ed0837898e96fc92d3bfabcd9b362398d48209803a0a14733e7f2b3c73
tam-combined-impact-duplicate_batch_fail_exists	tamarin-prover	combined-impact	duplicate_batch_fail_exists	verified	committed-git	run1	run1	logs/tamarin-m4-hmac-dedup/source-run1/proofs/combined-impact/duplicate_batch_fail_exists.out	16e6f56e88ee513caa26a3f6614997ae9d4c5098	edad6bf6309d738571099812feee080fa5b5c3470a765c9018597d0225783cb2	logs/tamarin-m4-hmac-dedup/composite-summary.txt	740666a3abd6937b52818d0f4acaf8ea0d023c58	85d681ed0837898e96fc92d3bfabcd9b362398d48209803a0a14733e7f2b3c73
tam-combined-impact-duplicate_detected_before_any_accept	tamarin-prover	combined-impact	duplicate_detected_before_any_accept	verified	committed-git	run1	run1	logs/tamarin-m4-hmac-dedup/source-run1/proofs/combined-impact/duplicate_detected_before_any_accept.out	63c4c7bf36ba9245698ebedc3e2bc9353a1ad9f1	8f1059b4f263c0521bb1ae9e58183e35f26a007888b4861b4f41f96e533a1398	logs/tamarin-m4-hmac-dedup/composite-summary.txt	740666a3abd6937b52818d0f4acaf8ea0d023c58	85d681ed0837898e96fc92d3bfabcd9b362398d48209803a0a14733e7f2b3c73
tam-combined-impact-duplicate_batch_has_no_accept	tamarin-prover	combined-impact	duplicate_batch_has_no_accept	verified	committed-git	run1	run1	logs/tamarin-m4-hmac-dedup/source-run1/proofs/combined-impact/duplicate_batch_has_no_accept.out	1353a0c73e051e114aada74083550fdca4bcf8ce	b52b448f2fc893b967f2b2fb9bf5cfa79a99965d01d737c894bb10f9efaed2dc	logs/tamarin-m4-hmac-dedup/composite-summary.txt	740666a3abd6937b52818d0f4acaf8ea0d023c58	85d681ed0837898e96fc92d3bfabcd9b362398d48209803a0a14733e7f2b3c73
tam-combined-impact-process_requires_dedup_pass	tamarin-prover	combined-impact	process_requires_dedup_pass	verified	committed-git	run1	run1	logs/tamarin-m4-hmac-dedup/source-run1/proofs/combined-impact/process_requires_dedup_pass.out	a4ce37afdb8483cde2b78f5f39e9dfeb2fd45504	964464adf2ff6a93e5005d1cefa048586ed409f3533a98ebec11ea9c6fb8ed59	logs/tamarin-m4-hmac-dedup/composite-summary.txt	740666a3abd6937b52818d0f4acaf8ea0d023c58	85d681ed0837898e96fc92d3bfabcd9b362398d48209803a0a14733e7f2b3c73
tam-combined-impact-dedup_pass_messages_distinct	tamarin-prover	combined-impact	dedup_pass_messages_distinct	verified	committed-git	run1	run1	logs/tamarin-m4-hmac-dedup/source-run1/proofs/combined-impact/dedup_pass_messages_distinct.out	d1a2129d738043fd5004f18ff169294df45257fe	9c536ac019f37a071197a5a6e74fc70a15a7c035ed9e88c6917ce145fdb49425	logs/tamarin-m4-hmac-dedup/composite-summary.txt	740666a3abd6937b52818d0f4acaf8ea0d023c58	85d681ed0837898e96fc92d3bfabcd9b362398d48209803a0a14733e7f2b3c73
tam-combined-impact-dedup_decision_single_use	tamarin-prover	combined-impact	dedup_decision_single_use	verified	committed-git	run1	run1	logs/tamarin-m4-hmac-dedup/source-run1/proofs/combined-impact/dedup_decision_single_use.out	371d2cc0c24d5dbdd6b268c396692d42181c3ca0	8845e0f090f0fcbd134def39bfb8e4548137872f0075d5eb399840eddb1456cd	logs/tamarin-m4-hmac-dedup/composite-summary.txt	740666a3abd6937b52818d0f4acaf8ea0d023c58	85d681ed0837898e96fc92d3bfabcd9b362398d48209803a0a14733e7f2b3c73
tam-combined-impact-dedup_outcomes_exclusive	tamarin-prover	combined-impact	dedup_outcomes_exclusive	verified	committed-git	run1	run1	logs/tamarin-m4-hmac-dedup/source-run1/proofs/combined-impact/dedup_outcomes_exclusive.out	5d336cf5fff5235c481eb859de0125c76ba8a25d	4871d133a1180099608c5bf42aed9ec9d44990bce61ac0433c20c4c9d7a9c708	logs/tamarin-m4-hmac-dedup/composite-summary.txt	740666a3abd6937b52818d0f4acaf8ea0d023c58	85d681ed0837898e96fc92d3bfabcd9b362398d48209803a0a14733e7f2b3c73
tam-combined-impact-normal_distinct_batch_complete	tamarin-prover	combined-impact	normal_distinct_batch_complete	verified	committed-git	run1	run1	logs/tamarin-m4-hmac-dedup/source-run1/proofs/combined-impact/normal_distinct_batch_complete.out	2185d5db6f5629a14795525936fc4f202daba149	9161e22c8965a2d2c15a90ff288b1a0d12ec00bd26972af83197fa302623fe22	logs/tamarin-m4-hmac-dedup/composite-summary.txt	740666a3abd6937b52818d0f4acaf8ea0d023c58	85d681ed0837898e96fc92d3bfabcd9b362398d48209803a0a14733e7f2b3c73
tam-combined-impact-normal_distinct_fail_slot1_exists	tamarin-prover	combined-impact	normal_distinct_fail_slot1_exists	verified	committed-git	run1	run1	logs/tamarin-m4-hmac-dedup/source-run1/proofs/combined-impact/normal_distinct_fail_slot1_exists.out	f3bd829cf17e4b01caf6200429982ddf824f3a7a	960d25eeb1afd8a96d36e8d5ddaedc1e4a91e079d3b28b2736a72ae7cfda2383	logs/tamarin-m4-hmac-dedup/composite-summary.txt	740666a3abd6937b52818d0f4acaf8ea0d023c58	85d681ed0837898e96fc92d3bfabcd9b362398d48209803a0a14733e7f2b3c73
tam-combined-impact-normal_distinct_fail_slot2_exists	tamarin-prover	combined-impact	normal_distinct_fail_slot2_exists	verified	committed-git	run1	run1	logs/tamarin-m4-hmac-dedup/source-run1/proofs/combined-impact/normal_distinct_fail_slot2_exists.out	6ee7872e0e87ace3aa164b8b2f45b1daed122983	f6aa73bef8c81dfdcb39c4e145b487a2ead2453053c0514649598a8b25d7c77c	logs/tamarin-m4-hmac-dedup/composite-summary.txt	740666a3abd6937b52818d0f4acaf8ea0d023c58	85d681ed0837898e96fc92d3bfabcd9b362398d48209803a0a14733e7f2b3c73
tam-combined-impact-batch_fail_complete_exclusive	tamarin-prover	combined-impact	batch_fail_complete_exclusive	verified	committed-git	run1	run1	logs/tamarin-m4-hmac-dedup/source-run1/proofs/combined-impact/batch_fail_complete_exclusive.out	4ae8005b47be057f99c55a8fa7de2a1273957507	dffaf8df8c7b9a7a8904e5e8eacfc908fc8f9c0f4e649bd6198412ff1e4b33ab	logs/tamarin-m4-hmac-dedup/composite-summary.txt	740666a3abd6937b52818d0f4acaf8ea0d023c58	85d681ed0837898e96fc92d3bfabcd9b362398d48209803a0a14733e7f2b3c73
tam-combined-impact-state_consumed_on_duplicate_fail	tamarin-prover	combined-impact	state_consumed_on_duplicate_fail	verified	committed-git	run1	run1	logs/tamarin-m4-hmac-dedup/source-run1/proofs/combined-impact/state_consumed_on_duplicate_fail.out	545707b9e1f48f265d9ed72fdbbf76deca894f19	15621b1c393f3e2fc4456433dd6ad25218f87cbeebc7ac67f882dfd3551d26ba	logs/tamarin-m4-hmac-dedup/composite-summary.txt	740666a3abd6937b52818d0f4acaf8ea0d023c58	85d681ed0837898e96fc92d3bfabcd9b362398d48209803a0a14733e7f2b3c73
tam-combined-impact-confirmed_base_message_accepted_at_most_once	tamarin-prover	combined-impact	confirmed_base_message_accepted_at_most_once	verified	committed-git	run1	run1	logs/tamarin-m4-hmac-dedup/source-run1/proofs/combined-impact/confirmed_base_message_accepted_at_most_once.out	c4f890b8c944c0c0803a7278101a2ee8befe2939	ba3351ec3d99ade5646eaf7faf6c74af4659576a3897533459b469002e909b73	logs/tamarin-m4-hmac-dedup/composite-summary.txt	740666a3abd6937b52818d0f4acaf8ea0d023c58	85d681ed0837898e96fc92d3bfabcd9b362398d48209803a0a14733e7f2b3c73
tam-combined-impact-duplicate_same_base_different_tag_fail_exists	tamarin-prover	combined-impact	duplicate_same_base_different_tag_fail_exists	verified	committed-git	run1	run1	logs/tamarin-m4-hmac-dedup/source-run1/proofs/combined-impact/duplicate_same_base_different_tag_fail_exists.out	b3002c0ae8682f423c40c5f2d1935d56529304cf	2c7bd0f22fdba11223f95cf3b6c122bd66131ce6c995923d9446bb1a56df39ec	logs/tamarin-m4-hmac-dedup/composite-summary.txt	740666a3abd6937b52818d0f4acaf8ea0d023c58	85d681ed0837898e96fc92d3bfabcd9b362398d48209803a0a14733e7f2b3c73
tam-combined-impact-confirmed_accept_requires_valid_tag	tamarin-prover	combined-impact	confirmed_accept_requires_valid_tag	verified	committed-git	run1	run1	logs/tamarin-m4-hmac-dedup/source-run1/proofs/combined-impact/confirmed_accept_requires_valid_tag.out	6cedc8d48b2285ed85a5c60a0a6081b8fbd42289	413b901e8f2e782e46f2c06819599c334e5e44913fb10a5464d878964aaf5f39	logs/tamarin-m4-hmac-dedup/composite-summary.txt	740666a3abd6937b52818d0f4acaf8ea0d023c58	85d681ed0837898e96fc92d3bfabcd9b362398d48209803a0a14733e7f2b3c73
tam-combined-impact-confirmed_accept_requires_hmac_validated	tamarin-prover	combined-impact	confirmed_accept_requires_hmac_validated	verified	committed-git	run1	run1	logs/tamarin-m4-hmac-dedup/source-run1/proofs/combined-impact/confirmed_accept_requires_hmac_validated.out	7929c972179ee4e6c432cc7ac8c9612b700334f9	0d056b2fc9205b91bf5e43be2ce12b520b8b4facd6bab63d6c7fc37c16c71c42	logs/tamarin-m4-hmac-dedup/composite-summary.txt	740666a3abd6937b52818d0f4acaf8ea0d023c58	85d681ed0837898e96fc92d3bfabcd9b362398d48209803a0a14733e7f2b3c73
tam-combined-impact-hmac_failure_slot1_exists	tamarin-prover	combined-impact	hmac_failure_slot1_exists	verified	committed-git	run1	run1	logs/tamarin-m4-hmac-dedup/source-run1/proofs/combined-impact/hmac_failure_slot1_exists.out	7c51ef41a2b2a992e6f30b1b15206e88a6f3148e	749d71ffaa50f061fe9eb4fd55a354ca4faa18a093f8b95ad307a6f74707bbb5	logs/tamarin-m4-hmac-dedup/composite-summary.txt	740666a3abd6937b52818d0f4acaf8ea0d023c58	85d681ed0837898e96fc92d3bfabcd9b362398d48209803a0a14733e7f2b3c73
tam-combined-impact-hmac_failure_slot2_after_prior_accept_replay_exists	tamarin-prover	combined-impact	hmac_failure_slot2_after_prior_accept_replay_exists	verified	committed-git	run1	run1	logs/tamarin-m4-hmac-dedup/source-run1/proofs/combined-impact/hmac_failure_slot2_after_prior_accept_replay_exists.out	2fe1883168dfe5902342f3703799d25c89495e4c	62d2ff32415299572a84bc29b14f0ff71edc1af8eb8c54292f477244d813c7ca	logs/tamarin-m4-hmac-dedup/composite-summary.txt	740666a3abd6937b52818d0f4acaf8ea0d023c58	85d681ed0837898e96fc92d3bfabcd9b362398d48209803a0a14733e7f2b3c73
tam-combined-impact-hmac_failed_slot_has_no_accept	tamarin-prover	combined-impact	hmac_failed_slot_has_no_accept	verified	committed-git	run1	run1	logs/tamarin-m4-hmac-dedup/source-run1/proofs/combined-impact/hmac_failed_slot_has_no_accept.out	e61f9ee63ff3e19c39b798c7fe5721453a4b706a	27a0201bce2810a28e91ddc33d28b2f607e2210e698b2cafe6f3bec9e5ff1d29	logs/tamarin-m4-hmac-dedup/composite-summary.txt	740666a3abd6937b52818d0f4acaf8ea0d023c58	85d681ed0837898e96fc92d3bfabcd9b362398d48209803a0a14733e7f2b3c73
tam-combined-impact-normal_two_distinct_valid_confirmed_accepts_complete	tamarin-prover	combined-impact	normal_two_distinct_valid_confirmed_accepts_complete	verified	committed-git	run1	run1	logs/tamarin-m4-hmac-dedup/source-run1/proofs/combined-impact/normal_two_distinct_valid_confirmed_accepts_complete.out	f346c6f27582bc42b0b57bd3ea4ce16a77c40358	5c9c0338c658a5eab2b71d7387cf4163937e1af1bf64bc9906b870aeed4d1e3f	logs/tamarin-m4-hmac-dedup/composite-summary.txt	740666a3abd6937b52818d0f4acaf8ea0d023c58	85d681ed0837898e96fc92d3bfabcd9b362398d48209803a0a14733e7f2b3c73
tam-combined-impact-accept_output_has_same_time_confirmed_accept	tamarin-prover	combined-impact	accept_output_has_same_time_confirmed_accept	verified	committed-git	run1	run1	logs/tamarin-m4-hmac-dedup/source-run1/proofs/combined-impact/accept_output_has_same_time_confirmed_accept.out	4e9fdbf897693ef64e20cbba7eb3aa30ed690c43	a2e85b60d562e25d8d130f81b75e736bcdb1a80ed2217dd27d68bb5abef1bbf9	logs/tamarin-m4-hmac-dedup/composite-summary.txt	740666a3abd6937b52818d0f4acaf8ea0d023c58	85d681ed0837898e96fc92d3bfabcd9b362398d48209803a0a14733e7f2b3c73
tam-combined-impact-confirmed_receiver_accept_has_output	tamarin-prover	combined-impact	confirmed_receiver_accept_has_output	verified	committed-git	run1	run1	logs/tamarin-m4-hmac-dedup/source-run1/proofs/combined-impact/confirmed_receiver_accept_has_output.out	637d95c4481103dd288821a92ebac8cc658821b2	290c056d4112801a7d5b52a49a3bdf47fbe74088682cd14fd7d0828362526f0c	logs/tamarin-m4-hmac-dedup/composite-summary.txt	740666a3abd6937b52818d0f4acaf8ea0d023c58	85d681ed0837898e96fc92d3bfabcd9b362398d48209803a0a14733e7f2b3c73
tam-combined-impact-confirmed_receiver_accept_has_unique_output	tamarin-prover	combined-impact	confirmed_receiver_accept_has_unique_output	verified	committed-git	run2	run2	logs/tamarin-m4-hmac-dedup/source-run2/proofs/combined-impact/confirmed_receiver_accept_has_unique_output.out	1632345bd9046c07b1814fe1698afa0b5b59e825	ea6ebdba4193d8255f1a9b2dd458717a28ed8f681e4ea80f781b9da76d5ea6e7	logs/tamarin-m4-hmac-dedup/composite-summary.txt	740666a3abd6937b52818d0f4acaf8ea0d023c58	85d681ed0837898e96fc92d3bfabcd9b362398d48209803a0a14733e7f2b3c73
tam-combined-impact-accept_id_unique	tamarin-prover	combined-impact	accept_id_unique	verified	committed-git	run1	run1	logs/tamarin-m4-hmac-dedup/source-run1/proofs/combined-impact/accept_id_unique.out	4e07ac7e36163c0d6ece18bcefa72c82ecb41788	235c64345f6a11b0b33663aaf607a8211d490942d6000c02c8ac7e3b52fbae3c	logs/tamarin-m4-hmac-dedup/composite-summary.txt	740666a3abd6937b52818d0f4acaf8ea0d023c58	85d681ed0837898e96fc92d3bfabcd9b362398d48209803a0a14733e7f2b3c73
tam-combined-impact-install_has_prior_accept	tamarin-prover	combined-impact	install_has_prior_accept	verified	committed-git	run1	run1	logs/tamarin-m4-hmac-dedup/source-run1/proofs/combined-impact/install_has_prior_accept.out	c25d69ff30b18a32b9be9efd02757e006f502c3a	137b48f8d5d411ba681a84a362800347c03344b9e040052fc396b8f169c299bd	logs/tamarin-m4-hmac-dedup/composite-summary.txt	740666a3abd6937b52818d0f4acaf8ea0d023c58	85d681ed0837898e96fc92d3bfabcd9b362398d48209803a0a14733e7f2b3c73
tam-combined-impact-install_session_has_interface_origin	tamarin-prover	combined-impact	install_session_has_interface_origin	verified	committed-git	run1	run1	logs/tamarin-m4-hmac-dedup/source-run1/proofs/combined-impact/install_session_has_interface_origin.out	ee8710d51b5af8233866d31a870a23755c188d7d	149d1e1fff154e7aada26a167f20258fa8539fe80c8e25ec087695e7ee6f9640	logs/tamarin-m4-hmac-dedup/composite-summary.txt	740666a3abd6937b52818d0f4acaf8ea0d023c58	85d681ed0837898e96fc92d3bfabcd9b362398d48209803a0a14733e7f2b3c73
tam-combined-impact-install_from_accept_has_session	tamarin-prover	combined-impact	install_from_accept_has_session	verified	committed-git	run1	run1	logs/tamarin-m4-hmac-dedup/source-run1/proofs/combined-impact/install_from_accept_has_session.out	5c2c68b4f4dd9f94b37c3766fa128466b7d78c37	b6c03ea9d531f07f329eb2bd6487d8d3a66702e0efadd974f214cb1a0385393d	logs/tamarin-m4-hmac-dedup/composite-summary.txt	740666a3abd6937b52818d0f4acaf8ea0d023c58	85d681ed0837898e96fc92d3bfabcd9b362398d48209803a0a14733e7f2b3c73
tam-combined-impact-install_event_has_single_source	tamarin-prover	combined-impact	install_event_has_single_source	verified	committed-git	run1	run1	logs/tamarin-m4-hmac-dedup/source-run1/proofs/combined-impact/install_event_has_single_source.out	7d118f6fab7915a5da0fea46536b62960210e922	5e0910ec8105555dc10ab3050f6b31246f7635b8c8c6d53e4f6970de77e7baec	logs/tamarin-m4-hmac-dedup/composite-summary.txt	740666a3abd6937b52818d0f4acaf8ea0d023c58	85d681ed0837898e96fc92d3bfabcd9b362398d48209803a0a14733e7f2b3c73
tam-combined-impact-install_handle_unique	tamarin-prover	combined-impact	install_handle_unique	verified	committed-git	run1	run1	logs/tamarin-m4-hmac-dedup/source-run1/proofs/combined-impact/install_handle_unique.out	9739bc2d22e8c79375443802674ba65d7a465850	15d12014400572018709f647a935431366ed16e6c35e90d00701216e85886f73	logs/tamarin-m4-hmac-dedup/composite-summary.txt	740666a3abd6937b52818d0f4acaf8ea0d023c58	85d681ed0837898e96fc92d3bfabcd9b362398d48209803a0a14733e7f2b3c73
tam-combined-impact-accept_output_installed_at_most_once	tamarin-prover	combined-impact	accept_output_installed_at_most_once	verified	committed-git	run1	run1	logs/tamarin-m4-hmac-dedup/source-run1/proofs/combined-impact/accept_output_installed_at_most_once.out	609a5c78a8979c9ad1d9347299398da94221fd3b	e153104f1573422e732f04ff6740a709fcda6839b1763ec3044e1239cc7ea208	logs/tamarin-m4-hmac-dedup/composite-summary.txt	740666a3abd6937b52818d0f4acaf8ea0d023c58	85d681ed0837898e96fc92d3bfabcd9b362398d48209803a0a14733e7f2b3c73
tam-combined-impact-distinct_accept_sources_have_distinct_handles	tamarin-prover	combined-impact	distinct_accept_sources_have_distinct_handles	verified	committed-git	run1	run1	logs/tamarin-m4-hmac-dedup/source-run1/proofs/combined-impact/distinct_accept_sources_have_distinct_handles.out	1acd07671cecedc750cd26731d84e969829ecafa	01126057ff547397b3a6912c31e4824795941e17d01a3959deadafd23625c0b7	logs/tamarin-m4-hmac-dedup/composite-summary.txt	740666a3abd6937b52818d0f4acaf8ea0d023c58	85d681ed0837898e96fc92d3bfabcd9b362398d48209803a0a14733e7f2b3c73
tam-combined-impact-install_requires_batch_complete	tamarin-prover	combined-impact	install_requires_batch_complete	verified	committed-git	run1	run1	logs/tamarin-m4-hmac-dedup/source-run1/proofs/combined-impact/install_requires_batch_complete.out	97b480b4c4eb64435d7909acd1017383f9ca6260	c923ffd0553d8a1a67cd60c1af47fb0cb2f6ac64728e2b56e4abf43ba801e01c	logs/tamarin-m4-hmac-dedup/composite-summary.txt	740666a3abd6937b52818d0f4acaf8ea0d023c58	85d681ed0837898e96fc92d3bfabcd9b362398d48209803a0a14733e7f2b3c73
tam-combined-impact-consumer_complete_requires_all_outputs_installed	tamarin-prover	combined-impact	consumer_complete_requires_all_outputs_installed	verified	committed-git	run1	run1	logs/tamarin-m4-hmac-dedup/source-run1/proofs/combined-impact/consumer_complete_requires_all_outputs_installed.out	603aa4d3d25105b4fd3ba39a38839fe1e2bd7ea8	96b430acf8a5e285e1791ec3b9d16b68819d6839929585418fdcc9592112a077	logs/tamarin-m4-hmac-dedup/composite-summary.txt	740666a3abd6937b52818d0f4acaf8ea0d023c58	85d681ed0837898e96fc92d3bfabcd9b362398d48209803a0a14733e7f2b3c73
tam-combined-impact-consumer_complete_single_use	tamarin-prover	combined-impact	consumer_complete_single_use	verified	committed-git	run1	run1	logs/tamarin-m4-hmac-dedup/source-run1/proofs/combined-impact/consumer_complete_single_use.out	73b01c18f3c1ea35da7e9712d0e40afd6d5f9fe7	489f289b6ca44c0c255e35cc16bd12216cb8d3e6f86597d882c80cf76a835981	logs/tamarin-m4-hmac-dedup/composite-summary.txt	740666a3abd6937b52818d0f4acaf8ea0d023c58	85d681ed0837898e96fc92d3bfabcd9b362398d48209803a0a14733e7f2b3c73
tam-combined-impact-no_install_after_consumer_close	tamarin-prover	combined-impact	no_install_after_consumer_close	verified	committed-git	run1	run1	logs/tamarin-m4-hmac-dedup/source-run1/proofs/combined-impact/no_install_after_consumer_close.out	2479c3c1200c458c61e446d4e51a70d0525e13e5	048e0d3545b4c4923167b0a7c79263ddc2192f65cce2ae173b5151c5a135ae85	logs/tamarin-m4-hmac-dedup/composite-summary.txt	740666a3abd6937b52818d0f4acaf8ea0d023c58	85d681ed0837898e96fc92d3bfabcd9b362398d48209803a0a14733e7f2b3c73
tam-combined-impact-normal_one_confirmed_accept_one_install	tamarin-prover	combined-impact	normal_one_confirmed_accept_one_install	verified	committed-git	run1	run1	logs/tamarin-m4-hmac-dedup/source-run1/proofs/combined-impact/normal_one_confirmed_accept_one_install.out	ca30c0707ad9ff1d1b2d531e915b94e6515d3957	0303ac8716ada4d0ba0e1111c3afccb2fd0e83a63644c2d4054f2b072747dbcc	logs/tamarin-m4-hmac-dedup/composite-summary.txt	740666a3abd6937b52818d0f4acaf8ea0d023c58	85d681ed0837898e96fc92d3bfabcd9b362398d48209803a0a14733e7f2b3c73
tam-combined-impact-legacy_same_confirmed_message_consumer_complete_exists	tamarin-prover	combined-impact	legacy_same_confirmed_message_consumer_complete_exists	falsified	committed-git	run1	run1	logs/tamarin-m4-hmac-dedup/source-run1/proofs/combined-impact/legacy_same_confirmed_message_consumer_complete_exists.out	fa29785307ac02f2e95d6b88c277f137522fc41d	4906b0d19c21ec3dda19480dec9c3d15491dd8b30317dd132f46a1c1901a3b7e	logs/tamarin-m4-hmac-dedup/composite-summary.txt	740666a3abd6937b52818d0f4acaf8ea0d023c58	85d681ed0837898e96fc92d3bfabcd9b362398d48209803a0a14733e7f2b3c73
tam-combined-impact-one_confirmed_send_two_accepts_two_installs_exists	tamarin-prover	combined-impact	one_confirmed_send_two_accepts_two_installs_exists	falsified	committed-git	run1	run1	logs/tamarin-m4-hmac-dedup/source-run1/proofs/combined-impact/one_confirmed_send_two_accepts_two_installs_exists.out	29a8eedd3be870dc595dc9c55107fd2333c71ac4	74a5741047a6fdba5d87882380b9f899003478c44293f8b33cc5f4d12ef2a673	logs/tamarin-m4-hmac-dedup/composite-summary.txt	740666a3abd6937b52818d0f4acaf8ea0d023c58	85d681ed0837898e96fc92d3bfabcd9b362398d48209803a0a14733e7f2b3c73
tam-combined-impact-unique_install_within_completed_consumer	tamarin-prover	combined-impact	unique_install_within_completed_consumer	verified	committed-git	run1	run1	logs/tamarin-m4-hmac-dedup/source-run1/proofs/combined-impact/unique_install_within_completed_consumer.out	b4ec9f77fa4ce21045c85d0b1d923a3cdcecc21f	90df2e103d12b6eb75325e7f803903fc18805724c88d84d3284487436df8b1c7	logs/tamarin-m4-hmac-dedup/composite-summary.txt	740666a3abd6937b52818d0f4acaf8ea0d023c58	85d681ed0837898e96fc92d3bfabcd9b362398d48209803a0a14733e7f2b3c73
tam-combined-impact-duplicate_batch_has_no_accept_output	tamarin-prover	combined-impact	duplicate_batch_has_no_accept_output	verified	committed-git	run2	run2	logs/tamarin-m4-hmac-dedup/source-run2/proofs/combined-impact/duplicate_batch_has_no_accept_output.out	9a873a8131a937fd560e0216f115a5586fa9f99e	bb5c5a7f17dab9a0f6fe5123f456b922da869419d25db837d4a79c2623f3d4f3	logs/tamarin-m4-hmac-dedup/composite-summary.txt	740666a3abd6937b52818d0f4acaf8ea0d023c58	85d681ed0837898e96fc92d3bfabcd9b362398d48209803a0a14733e7f2b3c73
tam-combined-impact-duplicate_batch_has_no_install	tamarin-prover	combined-impact	duplicate_batch_has_no_install	verified	committed-git	run1	run1	logs/tamarin-m4-hmac-dedup/source-run1/proofs/combined-impact/duplicate_batch_has_no_install.out	f647614744493b467dc177c09636463ac399eb80	8118502b33c11b57c77b9a09d2b1fc1c35651148ef91a8d1006058c4a9e4d1ef	logs/tamarin-m4-hmac-dedup/composite-summary.txt	740666a3abd6937b52818d0f4acaf8ea0d023c58	85d681ed0837898e96fc92d3bfabcd9b362398d48209803a0a14733e7f2b3c73
tam-combined-impact-normal_two_distinct_valid_confirmed_outputs_consumer_complete	tamarin-prover	combined-impact	normal_two_distinct_valid_confirmed_outputs_consumer_complete	verified	committed-git	run1	run1	logs/tamarin-m4-hmac-dedup/source-run1/proofs/combined-impact/normal_two_distinct_valid_confirmed_outputs_consumer_complete.out	99d58533aa5488049c04430d18c2139d95740ed8	1f52cf9830e52063e685c6d9d3a1c5bbadadf8ef75b075b76123825bf9c704a0	logs/tamarin-m4-hmac-dedup/composite-summary.txt	740666a3abd6937b52818d0f4acaf8ea0d023c58	85d681ed0837898e96fc92d3bfabcd9b362398d48209803a0a14733e7f2b3c73
tam-combined-impact-no_consumer_after_failed_batch	tamarin-prover	combined-impact	no_consumer_after_failed_batch	verified	committed-git	run1	run1	logs/tamarin-m4-hmac-dedup/source-run1/proofs/combined-impact/no_consumer_after_failed_batch.out	9f6e80169b038e9274b563a0c6c1bd5eec8139d3	8967d327b01babf732fd69991f52c8d2b3b3677396e4a7353f23cd204766b18d	logs/tamarin-m4-hmac-dedup/composite-summary.txt	740666a3abd6937b52818d0f4acaf8ea0d023c58	85d681ed0837898e96fc92d3bfabcd9b362398d48209803a0a14733e7f2b3c73
tam-combined-impact-hmac_failure_slot2_after_prior_accept_exists	tamarin-prover	combined-impact	hmac_failure_slot2_after_prior_accept_exists	verified	committed-git	run1	run1	logs/tamarin-m4-hmac-dedup/source-run1/proofs/combined-impact/hmac_failure_slot2_after_prior_accept_exists.out	dd187ead4329e5c74b346868f03145652550e305	87798be15a47d444371bb9aeebd7e4c5cc082bb09b5f1340ca28a88552428e6d	logs/tamarin-m4-hmac-dedup/composite-summary.txt	740666a3abd6937b52818d0f4acaf8ea0d023c58	85d681ed0837898e96fc92d3bfabcd9b362398d48209803a0a14733e7f2b3c73
tam-original-replay-normal_single_accept	tamarin-prover	original-replay	normal_single_accept	verified	committed-git	run1	run1	logs/tamarin-m4-hmac-dedup/source-run1/proofs/original-replay/normal_single_accept.out	6c6ab4c042da7661518f1d57573933e0e8b69f1e	2529bad04e55844ce2bda142f6f7f08ea6d3eed539fde588eb4eaa52edde9f25	logs/tamarin-m4-hmac-dedup/composite-summary.txt	740666a3abd6937b52818d0f4acaf8ea0d023c58	85d681ed0837898e96fc92d3bfabcd9b362398d48209803a0a14733e7f2b3c73
tam-original-replay-normal_batch_complete	tamarin-prover	original-replay	normal_batch_complete	verified	committed-git	run1	run1	logs/tamarin-m4-hmac-dedup/source-run1/proofs/original-replay/normal_batch_complete.out	6682287fc512fb4df99eaeb40bde2117601b1975	6ce6be595d5254f1607b3b62cafb873036b71d77f4ca7b1de292c22b3ab833f6	logs/tamarin-m4-hmac-dedup/composite-summary.txt	740666a3abd6937b52818d0f4acaf8ea0d023c58	85d681ed0837898e96fc92d3bfabcd9b362398d48209803a0a14733e7f2b3c73
tam-original-replay-one_send_two_accepts_exists	tamarin-prover	original-replay	one_send_two_accepts_exists	verified	committed-git	run1	run1	logs/tamarin-m4-hmac-dedup/source-run1/proofs/original-replay/one_send_two_accepts_exists.out	4bdef7c0ce020532425f948cefc287f6e9b2b4a9	abdf581450c3cced6a5771da5bcf0dc5db111eccb3e4ba0ad29a3c922770d5d8	logs/tamarin-m4-hmac-dedup/composite-summary.txt	740666a3abd6937b52818d0f4acaf8ea0d023c58	85d681ed0837898e96fc92d3bfabcd9b362398d48209803a0a14733e7f2b3c73
tam-original-replay-same_message_accepted_at_most_once	tamarin-prover	original-replay	same_message_accepted_at_most_once	falsified	committed-git	run1	run1	logs/tamarin-m4-hmac-dedup/source-run1/proofs/original-replay/same_message_accepted_at_most_once.out	8aa88d7763dce1eb06f78af00b4a638cead25579	a13bac89d8826e8d483a97fd2eb1c971b2ce28687e07ccce3bc9950d88ed3195	logs/tamarin-m4-hmac-dedup/composite-summary.txt	740666a3abd6937b52818d0f4acaf8ea0d023c58	85d681ed0837898e96fc92d3bfabcd9b362398d48209803a0a14733e7f2b3c73
tam-original-replay-full_message_unique_send	tamarin-prover	original-replay	full_message_unique_send	verified	committed-git	run1	run1	logs/tamarin-m4-hmac-dedup/source-run1/proofs/original-replay/full_message_unique_send.out	101130c6302a9b736be019ac5f50c7f10fac451e	1f2117cc4f36987e17ac869f1dea48841da2a5956d83d5b05e5a0ffec9d2d9cb	logs/tamarin-m4-hmac-dedup/composite-summary.txt	740666a3abd6937b52818d0f4acaf8ea0d023c58	85d681ed0837898e96fc92d3bfabcd9b362398d48209803a0a14733e7f2b3c73
tam-original-replay-receiver_accept_has_sender	tamarin-prover	original-replay	receiver_accept_has_sender	verified	committed-git	run1	run1	logs/tamarin-m4-hmac-dedup/source-run1/proofs/original-replay/receiver_accept_has_sender.out	96976fae7ad6401a768c5e4d5f3d880da2f11275	310a94eca14ce8abce1393e79e95b9c52ebceab3b4c07eb62aca2fb0360b3758	logs/tamarin-m4-hmac-dedup/composite-summary.txt	740666a3abd6937b52818d0f4acaf8ea0d023c58	85d681ed0837898e96fc92d3bfabcd9b362398d48209803a0a14733e7f2b3c73
tam-original-replay-injective_receiver_accept	tamarin-prover	original-replay	injective_receiver_accept	falsified	committed-git	run1	run1	logs/tamarin-m4-hmac-dedup/source-run1/proofs/original-replay/injective_receiver_accept.out	ac036111452c5ce5b179a676c7f34f463dd6c273	e760bf57603e86e196e5681dd43766b4ee1c4b3f6486633e94fc91637dd04217	logs/tamarin-m4-hmac-dedup/composite-summary.txt	740666a3abd6937b52818d0f4acaf8ea0d023c58	85d681ed0837898e96fc92d3bfabcd9b362398d48209803a0a14733e7f2b3c73
tam-original-replay-slot_indices_distinct	tamarin-prover	original-replay	slot_indices_distinct	verified	committed-git	run1	run1	logs/tamarin-m4-hmac-dedup/source-run1/proofs/original-replay/slot_indices_distinct.out	84bf00a4374ddd56630fcdd61760b786dd635ef3	842b3a6ae6e5bfb42d31e0c43a1c6da697f00d9ee84cec548cae14dfcdfa7d13	logs/tamarin-m4-hmac-dedup/composite-summary.txt	740666a3abd6937b52818d0f4acaf8ea0d023c58	85d681ed0837898e96fc92d3bfabcd9b362398d48209803a0a14733e7f2b3c73
tam-original-replay-process_requires_slot_added	tamarin-prover	original-replay	process_requires_slot_added	verified	committed-git	run1	run1	logs/tamarin-m4-hmac-dedup/source-run1/proofs/original-replay/process_requires_slot_added.out	3eb4671baa0bb7d28620e16f7226b82a8812f82f	2846b67d6c4406f256cabc8a5d2039fa6d9dd0ef8eb9519eaa8e04df38da02cd	logs/tamarin-m4-hmac-dedup/composite-summary.txt	740666a3abd6937b52818d0f4acaf8ea0d023c58	85d681ed0837898e96fc92d3bfabcd9b362398d48209803a0a14733e7f2b3c73
tam-original-replay-process_requires_seal	tamarin-prover	original-replay	process_requires_seal	verified	committed-git	run1	run1	logs/tamarin-m4-hmac-dedup/source-run1/proofs/original-replay/process_requires_seal.out	9449555ec0e83816d244fcbc5fac8d0c13c89237	82234fe82ff44371aa726fbaae84e6c26216cde486f6ec951ae06e4cddad8227	logs/tamarin-m4-hmac-dedup/composite-summary.txt	740666a3abd6937b52818d0f4acaf8ea0d023c58	85d681ed0837898e96fc92d3bfabcd9b362398d48209803a0a14733e7f2b3c73
tam-original-replay-complete_requires_all_slots_processed	tamarin-prover	original-replay	complete_requires_all_slots_processed	verified	committed-git	run1	run1	logs/tamarin-m4-hmac-dedup/source-run1/proofs/original-replay/complete_requires_all_slots_processed.out	152072732e37bd58929f18df0b773672204195da	6206531bd9f201c5ae138f157fa1c0c1ee5441d40170b297c74395a58fec0e57	logs/tamarin-m4-hmac-dedup/composite-summary.txt	740666a3abd6937b52818d0f4acaf8ea0d023c58	85d681ed0837898e96fc92d3bfabcd9b362398d48209803a0a14733e7f2b3c73
tam-original-replay-no_add_after_seal	tamarin-prover	original-replay	no_add_after_seal	verified	committed-git	run1	run1	logs/tamarin-m4-hmac-dedup/source-run1/proofs/original-replay/no_add_after_seal.out	b8f996641f779aba41e8dc34fc9f0a23ac3a858d	8dc3f6596b01e57d7a33e8f4dcc02fab5cf2923cf0eec454a52169fd1061c7f5	logs/tamarin-m4-hmac-dedup/composite-summary.txt	740666a3abd6937b52818d0f4acaf8ea0d023c58	85d681ed0837898e96fc92d3bfabcd9b362398d48209803a0a14733e7f2b3c73
tam-original-replay-no_accept_after_close	tamarin-prover	original-replay	no_accept_after_close	verified	committed-git	run1	run1	logs/tamarin-m4-hmac-dedup/source-run1/proofs/original-replay/no_accept_after_close.out	e317d01ba35b1379a85612ecbb3b4441f5a1ad23	0293ab03866557d6cdf2147836d8ed7f83129863321e2dd2bd641fd43f175efa	logs/tamarin-m4-hmac-dedup/composite-summary.txt	740666a3abd6937b52818d0f4acaf8ea0d023c58	85d681ed0837898e96fc92d3bfabcd9b362398d48209803a0a14733e7f2b3c73
tam-original-replay-batch_complete_consumes_state	tamarin-prover	original-replay	batch_complete_consumes_state	verified	committed-git	run1	run1	logs/tamarin-m4-hmac-dedup/source-run1/proofs/original-replay/batch_complete_consumes_state.out	0561473fab7a7fc64f9db4366b0738d8ac0653c0	f2b4576e4ea9499d605cde14c9f1d068d626d11b51900cd672784f9a9678c784	logs/tamarin-m4-hmac-dedup/composite-summary.txt	740666a3abd6937b52818d0f4acaf8ea0d023c58	85d681ed0837898e96fc92d3bfabcd9b362398d48209803a0a14733e7f2b3c73
tam-original-replay-batch_fail_consumes_state	tamarin-prover	original-replay	batch_fail_consumes_state	verified	committed-git	run1	run1	logs/tamarin-m4-hmac-dedup/source-run1/proofs/original-replay/batch_fail_consumes_state.out	a434745e5ca3fe4fb37b46f7fabd2593e48ff0c6	443118790b298f28085777a7384b471c303fb21d44b34e1cf99d3d15c963f516	logs/tamarin-m4-hmac-dedup/composite-summary.txt	740666a3abd6937b52818d0f4acaf8ea0d023c58	85d681ed0837898e96fc92d3bfabcd9b362398d48209803a0a14733e7f2b3c73
tam-original-replay-batch_end_token_single_use	tamarin-prover	original-replay	batch_end_token_single_use	verified	committed-git	run1	run1	logs/tamarin-m4-hmac-dedup/source-run1/proofs/original-replay/batch_end_token_single_use.out	1204ab2e54e0c218b8377a462ba56bac7af8fd1a	92b0347e5365657e0107cf6cc46624f1ad3dc99f3e1b3a76a2c03dcb6556d32b	logs/tamarin-m4-hmac-dedup/composite-summary.txt	740666a3abd6937b52818d0f4acaf8ea0d023c58	85d681ed0837898e96fc92d3bfabcd9b362398d48209803a0a14733e7f2b3c73
tam-original-replay-receiver_state_single_batch	tamarin-prover	original-replay	receiver_state_single_batch	verified	committed-git	run1	run1	logs/tamarin-m4-hmac-dedup/source-run1/proofs/original-replay/receiver_state_single_batch.out	3a25de1f9525ded85680e79f5e87fe870fc7f10e	45eb7f052d64edea6e426759b5060adeb69dab87f12c26c8394d2571156dead2	logs/tamarin-m4-hmac-dedup/composite-summary.txt	740666a3abd6937b52818d0f4acaf8ea0d023c58	85d681ed0837898e96fc92d3bfabcd9b362398d48209803a0a14733e7f2b3c73
tam-original-replay-receiver_state_single_batch_end	tamarin-prover	original-replay	receiver_state_single_batch_end	verified	committed-git	run1	run1	logs/tamarin-m4-hmac-dedup/source-run1/proofs/original-replay/receiver_state_single_batch_end.out	7dc56f12b0ae75424a749990b78d1faac5fce086	70b26d6e234b8dc177248a07d94c3cb6879d1aa9a94b9898c05a93c5a0a635e6	logs/tamarin-m4-hmac-dedup/composite-summary.txt	740666a3abd6937b52818d0f4acaf8ea0d023c58	85d681ed0837898e96fc92d3bfabcd9b362398d48209803a0a14733e7f2b3c73
tam-hmac-replay-normal_confirmed_single_accept	tamarin-prover	hmac-replay	normal_confirmed_single_accept	verified	committed-git	run1	run1	logs/tamarin-m4-hmac-dedup/source-run1/proofs/hmac-replay/normal_confirmed_single_accept.out	f37555a1fb59519779c55329bde50046b4158c4b	d21c59b01033cf833d78444d9f2836793987aab6ea1b7f02acd1c83c18d9c466	logs/tamarin-m4-hmac-dedup/composite-summary.txt	740666a3abd6937b52818d0f4acaf8ea0d023c58	85d681ed0837898e96fc92d3bfabcd9b362398d48209803a0a14733e7f2b3c73
tam-hmac-replay-normal_confirmed_batch_complete	tamarin-prover	hmac-replay	normal_confirmed_batch_complete	verified	committed-git	run1	run1	logs/tamarin-m4-hmac-dedup/source-run1/proofs/hmac-replay/normal_confirmed_batch_complete.out	5e10e0eed261baf7e641515b179b88dfc7876008	347461985174a201f7185ea3dbc189d03ae88b818fc1ab3df1f4b90419b6ba8f	logs/tamarin-m4-hmac-dedup/composite-summary.txt	740666a3abd6937b52818d0f4acaf8ea0d023c58	85d681ed0837898e96fc92d3bfabcd9b362398d48209803a0a14733e7f2b3c73
tam-hmac-replay-confirmed_receiver_accept_has_sender	tamarin-prover	hmac-replay	confirmed_receiver_accept_has_sender	verified	committed-git	run1	run1	logs/tamarin-m4-hmac-dedup/source-run1/proofs/hmac-replay/confirmed_receiver_accept_has_sender.out	0571b85afcfc79608c435b1c9853972e6fdc8153	c8f72cf610e11ad7dda006957239c916e5b2cd68a7d3b59e6da520e92b003809	logs/tamarin-m4-hmac-dedup/composite-summary.txt	740666a3abd6937b52818d0f4acaf8ea0d023c58	85d681ed0837898e96fc92d3bfabcd9b362398d48209803a0a14733e7f2b3c73
tam-hmac-replay-confirmed_message_unique_send	tamarin-prover	hmac-replay	confirmed_message_unique_send	verified	committed-git	run1	run1	logs/tamarin-m4-hmac-dedup/source-run1/proofs/hmac-replay/confirmed_message_unique_send.out	0988eff22dffedde443e1dfcea04c9fbaec3c76c	4001c3d638d26698f06882ebed48cb44d4544bc4a53da1b156f99a5032c387a8	logs/tamarin-m4-hmac-dedup/composite-summary.txt	740666a3abd6937b52818d0f4acaf8ea0d023c58	85d681ed0837898e96fc92d3bfabcd9b362398d48209803a0a14733e7f2b3c73
tam-hmac-replay-one_confirmed_send_two_accepts_exists	tamarin-prover	hmac-replay	one_confirmed_send_two_accepts_exists	verified	committed-git	run1	run1	logs/tamarin-m4-hmac-dedup/source-run1/proofs/hmac-replay/one_confirmed_send_two_accepts_exists.out	368ac83b4a6d190ad1202869b3b6666e72dcbe51	116dff9299e8ae9cfd8ffbebfa0514fa8a3f3e77d538ff4ea27aa37793d05fe7	logs/tamarin-m4-hmac-dedup/composite-summary.txt	740666a3abd6937b52818d0f4acaf8ea0d023c58	85d681ed0837898e96fc92d3bfabcd9b362398d48209803a0a14733e7f2b3c73
tam-hmac-replay-confirmed_message_accepted_at_most_once	tamarin-prover	hmac-replay	confirmed_message_accepted_at_most_once	falsified	committed-git	run1	run1	logs/tamarin-m4-hmac-dedup/source-run1/proofs/hmac-replay/confirmed_message_accepted_at_most_once.out	193086a0a9134580231090797388761308f6bf41	db43aabf3fdd6376af4ad698a429939911b63144189917613532efe668df3635	logs/tamarin-m4-hmac-dedup/composite-summary.txt	740666a3abd6937b52818d0f4acaf8ea0d023c58	85d681ed0837898e96fc92d3bfabcd9b362398d48209803a0a14733e7f2b3c73
tam-hmac-replay-injective_confirmed_receiver_accept	tamarin-prover	hmac-replay	injective_confirmed_receiver_accept	falsified	committed-git	run1	run1	logs/tamarin-m4-hmac-dedup/source-run1/proofs/hmac-replay/injective_confirmed_receiver_accept.out	30910ac3b9568da226fffaf566aff7041f248218	a57f560e596ce5f06ee59d93c52741d6c117aab5e5004b45e66f6d1896e76aef	logs/tamarin-m4-hmac-dedup/composite-summary.txt	740666a3abd6937b52818d0f4acaf8ea0d023c58	85d681ed0837898e96fc92d3bfabcd9b362398d48209803a0a14733e7f2b3c73
tam-hmac-replay-slot_indices_distinct	tamarin-prover	hmac-replay	slot_indices_distinct	verified	committed-git	run1	run1	logs/tamarin-m4-hmac-dedup/source-run1/proofs/hmac-replay/slot_indices_distinct.out	0575dde8d75e2a108bacb54ef5ba85ede20f1b62	b4dc143f998043076c4b5bf7c1f558ba85078209bd9b50e048ab8c6058ae67cb	logs/tamarin-m4-hmac-dedup/composite-summary.txt	740666a3abd6937b52818d0f4acaf8ea0d023c58	85d681ed0837898e96fc92d3bfabcd9b362398d48209803a0a14733e7f2b3c73
tam-hmac-replay-process_requires_slot_added	tamarin-prover	hmac-replay	process_requires_slot_added	verified	committed-git	run1	run1	logs/tamarin-m4-hmac-dedup/source-run1/proofs/hmac-replay/process_requires_slot_added.out	a23506506dced53a8437ac8d59801675fc20fa34	9ba301e062736aea52ab85e9528e41aa5e6f61a83ad3042417033edf6a57d2de	logs/tamarin-m4-hmac-dedup/composite-summary.txt	740666a3abd6937b52818d0f4acaf8ea0d023c58	85d681ed0837898e96fc92d3bfabcd9b362398d48209803a0a14733e7f2b3c73
tam-hmac-replay-process_requires_seal	tamarin-prover	hmac-replay	process_requires_seal	verified	committed-git	run1	run1	logs/tamarin-m4-hmac-dedup/source-run1/proofs/hmac-replay/process_requires_seal.out	b0d582575ddf12cdf6ef4906baa780060800889b	91807cc3f711b6cb28dfc25df9c230653ee2b73864ee0c228e98b23773e85efe	logs/tamarin-m4-hmac-dedup/composite-summary.txt	740666a3abd6937b52818d0f4acaf8ea0d023c58	85d681ed0837898e96fc92d3bfabcd9b362398d48209803a0a14733e7f2b3c73
tam-hmac-replay-complete_requires_all_slots_processed	tamarin-prover	hmac-replay	complete_requires_all_slots_processed	verified	committed-git	run1	run1	logs/tamarin-m4-hmac-dedup/source-run1/proofs/hmac-replay/complete_requires_all_slots_processed.out	a6ee1dab3e7e716175c116f7db302e5636c2b86c	edf9caccc18ffe9a4269c9d73fa78322b150dfab14b06b7a8327334d14ebae8c	logs/tamarin-m4-hmac-dedup/composite-summary.txt	740666a3abd6937b52818d0f4acaf8ea0d023c58	85d681ed0837898e96fc92d3bfabcd9b362398d48209803a0a14733e7f2b3c73
tam-hmac-replay-no_add_after_seal	tamarin-prover	hmac-replay	no_add_after_seal	verified	committed-git	run1	run1	logs/tamarin-m4-hmac-dedup/source-run1/proofs/hmac-replay/no_add_after_seal.out	2c95ab9fc3ccdba08e8f5dfe4e16130fed291dd2	9822b87ce3b3925b686dfcdc91e746b7a307c6acfd4d470dc1fa1baee16e6f93	logs/tamarin-m4-hmac-dedup/composite-summary.txt	740666a3abd6937b52818d0f4acaf8ea0d023c58	85d681ed0837898e96fc92d3bfabcd9b362398d48209803a0a14733e7f2b3c73
tam-hmac-replay-no_accept_after_close	tamarin-prover	hmac-replay	no_accept_after_close	verified	committed-git	run1	run1	logs/tamarin-m4-hmac-dedup/source-run1/proofs/hmac-replay/no_accept_after_close.out	efd357eb039d2a8d4a284bd8949b9efb969ab0b2	804ed1725e2493d3057b0ca81286a4704994f11fb9e7ca9337c6b7f2a6536602	logs/tamarin-m4-hmac-dedup/composite-summary.txt	740666a3abd6937b52818d0f4acaf8ea0d023c58	85d681ed0837898e96fc92d3bfabcd9b362398d48209803a0a14733e7f2b3c73
tam-hmac-replay-batch_complete_consumes_state	tamarin-prover	hmac-replay	batch_complete_consumes_state	verified	committed-git	run1	run1	logs/tamarin-m4-hmac-dedup/source-run1/proofs/hmac-replay/batch_complete_consumes_state.out	baa586bf438a8aed796588906bc091a4fdb58fa7	5c6b8378b6e7ed6a677b1e946e237343d70b36202445f003131cf00cdb1a0802	logs/tamarin-m4-hmac-dedup/composite-summary.txt	740666a3abd6937b52818d0f4acaf8ea0d023c58	85d681ed0837898e96fc92d3bfabcd9b362398d48209803a0a14733e7f2b3c73
tam-hmac-replay-batch_fail_consumes_state	tamarin-prover	hmac-replay	batch_fail_consumes_state	verified	committed-git	run1	run1	logs/tamarin-m4-hmac-dedup/source-run1/proofs/hmac-replay/batch_fail_consumes_state.out	b1293d3b8abffc434468cb3f328e317a96d472e9	79b5bd428b868eb7e3bddd349b36820474d0b56fca3984874d45094a54f88062	logs/tamarin-m4-hmac-dedup/composite-summary.txt	740666a3abd6937b52818d0f4acaf8ea0d023c58	85d681ed0837898e96fc92d3bfabcd9b362398d48209803a0a14733e7f2b3c73
tam-hmac-replay-batch_end_token_single_use	tamarin-prover	hmac-replay	batch_end_token_single_use	verified	committed-git	run1	run1	logs/tamarin-m4-hmac-dedup/source-run1/proofs/hmac-replay/batch_end_token_single_use.out	3d7ae5818990c0d994900d510d28130384d32e90	d38b67cfea6ec3cfc7b31f2dd2f63f4d0cb13cf80a726115a661ec4b45db7f53	logs/tamarin-m4-hmac-dedup/composite-summary.txt	740666a3abd6937b52818d0f4acaf8ea0d023c58	85d681ed0837898e96fc92d3bfabcd9b362398d48209803a0a14733e7f2b3c73
tam-hmac-replay-receiver_state_single_batch	tamarin-prover	hmac-replay	receiver_state_single_batch	verified	committed-git	run1	run1	logs/tamarin-m4-hmac-dedup/source-run1/proofs/hmac-replay/receiver_state_single_batch.out	80e49ad934247563eeb16a886e41d1f83a50196d	6e487166127afd28582da0fae3e9e9c1dce013c66efdb8b7c22fa8a829ee8799	logs/tamarin-m4-hmac-dedup/composite-summary.txt	740666a3abd6937b52818d0f4acaf8ea0d023c58	85d681ed0837898e96fc92d3bfabcd9b362398d48209803a0a14733e7f2b3c73
tam-hmac-replay-receiver_state_single_batch_end	tamarin-prover	hmac-replay	receiver_state_single_batch_end	verified	committed-git	run1	run1	logs/tamarin-m4-hmac-dedup/source-run1/proofs/hmac-replay/receiver_state_single_batch_end.out	0c058f43f8ec0cbdfd9ccf33ece5bacb5dd3ff2a	1d0979afc444927beb8195c7bb5fd20c2b8b0789ec11508072b0f31c2e44fa2f	logs/tamarin-m4-hmac-dedup/composite-summary.txt	740666a3abd6937b52818d0f4acaf8ea0d023c58	85d681ed0837898e96fc92d3bfabcd9b362398d48209803a0a14733e7f2b3c73
tam-original-impact-accept_output_has_same_time_accept	tamarin-prover	original-impact	accept_output_has_same_time_accept	verified	committed-git	run1	run1	logs/tamarin-m4-hmac-dedup/source-run1/proofs/original-impact/accept_output_has_same_time_accept.out	fe4e47dcd1d1e82845e47b6d3188715d76e9e030	362003664391f87a298a389684adf763ce7fddf790f7e83235a52cdb14de8506	logs/tamarin-m4-hmac-dedup/composite-summary.txt	740666a3abd6937b52818d0f4acaf8ea0d023c58	85d681ed0837898e96fc92d3bfabcd9b362398d48209803a0a14733e7f2b3c73
tam-original-impact-receiver_accept_has_output	tamarin-prover	original-impact	receiver_accept_has_output	verified	committed-git	run1	run1	logs/tamarin-m4-hmac-dedup/source-run1/proofs/original-impact/receiver_accept_has_output.out	bce7816908c10b5c79258ce9b11fc346bf4bf43e	5b2d0f572db2be6f75e16adc05cd40fa89675c86b1593a84b60e06c37abdfa2d	logs/tamarin-m4-hmac-dedup/composite-summary.txt	740666a3abd6937b52818d0f4acaf8ea0d023c58	85d681ed0837898e96fc92d3bfabcd9b362398d48209803a0a14733e7f2b3c73
tam-original-impact-receiver_accept_has_unique_output	tamarin-prover	original-impact	receiver_accept_has_unique_output	verified	committed-git	run1	run1	logs/tamarin-m4-hmac-dedup/source-run1/proofs/original-impact/receiver_accept_has_unique_output.out	2de9389555904ad137d92318c3e66122a7af037b	30aa643bb0dc7aafb34bd1d0adeea62b922db292c47c8e7a0605ddfe3115af48	logs/tamarin-m4-hmac-dedup/composite-summary.txt	740666a3abd6937b52818d0f4acaf8ea0d023c58	85d681ed0837898e96fc92d3bfabcd9b362398d48209803a0a14733e7f2b3c73
tam-original-impact-accept_id_unique	tamarin-prover	original-impact	accept_id_unique	verified	committed-git	run1	run1	logs/tamarin-m4-hmac-dedup/source-run1/proofs/original-impact/accept_id_unique.out	a7c3e02aa40a19f2387435ae755ea024b0e491f5	419b4de22d4a29dc17a9d4435c03d8b12aec59011f8f8541fc34023dc6c71c51	logs/tamarin-m4-hmac-dedup/composite-summary.txt	740666a3abd6937b52818d0f4acaf8ea0d023c58	85d681ed0837898e96fc92d3bfabcd9b362398d48209803a0a14733e7f2b3c73
tam-original-impact-install_has_prior_accept	tamarin-prover	original-impact	install_has_prior_accept	verified	committed-git	run1	run1	logs/tamarin-m4-hmac-dedup/source-run1/proofs/original-impact/install_has_prior_accept.out	80ce01a73b9a020d585f9e553afa3936515c2019	dbec63d6b49d915c17fb087e506d329ace13ca15babe2d1ba73d786d88dc22ba	logs/tamarin-m4-hmac-dedup/composite-summary.txt	740666a3abd6937b52818d0f4acaf8ea0d023c58	85d681ed0837898e96fc92d3bfabcd9b362398d48209803a0a14733e7f2b3c73
tam-original-impact-install_session_has_interface_origin	tamarin-prover	original-impact	install_session_has_interface_origin	verified	committed-git	run1	run1	logs/tamarin-m4-hmac-dedup/source-run1/proofs/original-impact/install_session_has_interface_origin.out	9d1f893a1d8c19d73637a4890e0eee7a02d5a926	29ace60f4f5dbeb8fb8147627553a4121e389d2bca258cda27c258b329fc35fa	logs/tamarin-m4-hmac-dedup/composite-summary.txt	740666a3abd6937b52818d0f4acaf8ea0d023c58	85d681ed0837898e96fc92d3bfabcd9b362398d48209803a0a14733e7f2b3c73
tam-original-impact-install_from_accept_has_session	tamarin-prover	original-impact	install_from_accept_has_session	verified	committed-git	run1	run1	logs/tamarin-m4-hmac-dedup/source-run1/proofs/original-impact/install_from_accept_has_session.out	9ae4765d4dc3b3984ef2d98b9dcaad7b91756a96	b9680afab400c97b96c3409afbc3b75eb61cd29f01a673ca71d56841dd9bfb47	logs/tamarin-m4-hmac-dedup/composite-summary.txt	740666a3abd6937b52818d0f4acaf8ea0d023c58	85d681ed0837898e96fc92d3bfabcd9b362398d48209803a0a14733e7f2b3c73
tam-original-impact-install_event_has_single_source	tamarin-prover	original-impact	install_event_has_single_source	verified	committed-git	run1	run1	logs/tamarin-m4-hmac-dedup/source-run1/proofs/original-impact/install_event_has_single_source.out	3425e359cc825c3a8778325e1f513221d75d72c2	d0f2aec478706401e33d2f955363a26047d3552981a3f20b70ae3fa7f9dc5a46	logs/tamarin-m4-hmac-dedup/composite-summary.txt	740666a3abd6937b52818d0f4acaf8ea0d023c58	85d681ed0837898e96fc92d3bfabcd9b362398d48209803a0a14733e7f2b3c73
tam-original-impact-install_handle_unique	tamarin-prover	original-impact	install_handle_unique	verified	committed-git	run1	run1	logs/tamarin-m4-hmac-dedup/source-run1/proofs/original-impact/install_handle_unique.out	bf322a1682b59af37a35812bee1c613c2b64a197	333f59b806cefa4631c4a350b11b006b6400c372759b6eae68d30e0ef1e0a0af	logs/tamarin-m4-hmac-dedup/composite-summary.txt	740666a3abd6937b52818d0f4acaf8ea0d023c58	85d681ed0837898e96fc92d3bfabcd9b362398d48209803a0a14733e7f2b3c73
tam-original-impact-accept_output_installed_at_most_once	tamarin-prover	original-impact	accept_output_installed_at_most_once	verified	committed-git	run1	run1	logs/tamarin-m4-hmac-dedup/source-run1/proofs/original-impact/accept_output_installed_at_most_once.out	4b50ae07781b97c00d0b16930a5e6d9771c3fc05	039dc08e15ea463e16126c7a535c5197463660d84de576f8e98684777c72d5cb	logs/tamarin-m4-hmac-dedup/composite-summary.txt	740666a3abd6937b52818d0f4acaf8ea0d023c58	85d681ed0837898e96fc92d3bfabcd9b362398d48209803a0a14733e7f2b3c73
tam-original-impact-distinct_accept_sources_have_distinct_handles	tamarin-prover	original-impact	distinct_accept_sources_have_distinct_handles	verified	committed-git	run1	run1	logs/tamarin-m4-hmac-dedup/source-run1/proofs/original-impact/distinct_accept_sources_have_distinct_handles.out	b740bd5d4224c720b3aae69e75660d95b70ef7a4	ed31187ebe90120e3996681d97edf1bed0e242872057468e8354e7f1681156f5	logs/tamarin-m4-hmac-dedup/composite-summary.txt	740666a3abd6937b52818d0f4acaf8ea0d023c58	85d681ed0837898e96fc92d3bfabcd9b362398d48209803a0a14733e7f2b3c73
tam-original-impact-install_requires_batch_complete	tamarin-prover	original-impact	install_requires_batch_complete	verified	committed-git	run1	run1	logs/tamarin-m4-hmac-dedup/source-run1/proofs/original-impact/install_requires_batch_complete.out	bb4f12806c5e2d2bc607de2bbb32f26655554be0	272993bf0b607170735ec25a358aed7c0e0e11f4b7f0d73fc7807190d7f2e962	logs/tamarin-m4-hmac-dedup/composite-summary.txt	740666a3abd6937b52818d0f4acaf8ea0d023c58	85d681ed0837898e96fc92d3bfabcd9b362398d48209803a0a14733e7f2b3c73
tam-original-impact-consumer_complete_requires_all_outputs_installed	tamarin-prover	original-impact	consumer_complete_requires_all_outputs_installed	verified	committed-git	run1	run1	logs/tamarin-m4-hmac-dedup/source-run1/proofs/original-impact/consumer_complete_requires_all_outputs_installed.out	100738d53d0645fd1ec85d76ab711e4f2ca07214	de0703b1ae384c61c7c27a1ec01a1342de55c62083162f89d2a038c1f3832d34	logs/tamarin-m4-hmac-dedup/composite-summary.txt	740666a3abd6937b52818d0f4acaf8ea0d023c58	85d681ed0837898e96fc92d3bfabcd9b362398d48209803a0a14733e7f2b3c73
tam-original-impact-consumer_complete_single_use	tamarin-prover	original-impact	consumer_complete_single_use	verified	committed-git	run1	run1	logs/tamarin-m4-hmac-dedup/source-run1/proofs/original-impact/consumer_complete_single_use.out	41948ab35cd22b303028fe25cd983102d66cc0b6	3c42ca1cc695390c7e0cc8f5ec81a63132ddc0d06c7ded180b563db93eb3388e	logs/tamarin-m4-hmac-dedup/composite-summary.txt	740666a3abd6937b52818d0f4acaf8ea0d023c58	85d681ed0837898e96fc92d3bfabcd9b362398d48209803a0a14733e7f2b3c73
tam-original-impact-no_install_after_consumer_close	tamarin-prover	original-impact	no_install_after_consumer_close	verified	committed-git	run1	run1	logs/tamarin-m4-hmac-dedup/source-run1/proofs/original-impact/no_install_after_consumer_close.out	da24ce132f88530fd3625d62eaac1294ff9f74d1	d3450dbbccd601dc0cf41bd0ca40ece541c8aae678329da53ebbcfce96586a2b	logs/tamarin-m4-hmac-dedup/composite-summary.txt	740666a3abd6937b52818d0f4acaf8ea0d023c58	85d681ed0837898e96fc92d3bfabcd9b362398d48209803a0a14733e7f2b3c73
tam-original-impact-normal_one_accept_one_install	tamarin-prover	original-impact	normal_one_accept_one_install	verified	committed-git	run1	run1	logs/tamarin-m4-hmac-dedup/source-run1/proofs/original-impact/normal_one_accept_one_install.out	8d1c154ba9ab0ce5420a185d76417f581aacdb31	38e2bd6eaa6c56cdbfef435a45e272d9ce3b2fb73c401daad690788df8dad4d0	logs/tamarin-m4-hmac-dedup/composite-summary.txt	740666a3abd6937b52818d0f4acaf8ea0d023c58	85d681ed0837898e96fc92d3bfabcd9b362398d48209803a0a14733e7f2b3c73
tam-original-impact-normal_consumer_complete	tamarin-prover	original-impact	normal_consumer_complete	verified	committed-git	run1	run1	logs/tamarin-m4-hmac-dedup/source-run1/proofs/original-impact/normal_consumer_complete.out	a695f33d6676094e10cec69a44532591299f2d0a	966230414b6545e4d9e460664e92c6f68ef564d2557170eeee90d336055776a0	logs/tamarin-m4-hmac-dedup/composite-summary.txt	740666a3abd6937b52818d0f4acaf8ea0d023c58	85d681ed0837898e96fc92d3bfabcd9b362398d48209803a0a14733e7f2b3c73
tam-original-impact-one_send_two_accepts_two_installs_exists	tamarin-prover	original-impact	one_send_two_accepts_two_installs_exists	verified	committed-git	run1	run1	logs/tamarin-m4-hmac-dedup/source-run1/proofs/original-impact/one_send_two_accepts_two_installs_exists.out	03f1171f8954ca2b1af109db243720c1245d9a47	e73883e3b3074469b547ad68ea81ef6a5cd3e8e83842ed646a583b440c9b007f	logs/tamarin-m4-hmac-dedup/composite-summary.txt	740666a3abd6937b52818d0f4acaf8ea0d023c58	85d681ed0837898e96fc92d3bfabcd9b362398d48209803a0a14733e7f2b3c73
tam-original-impact-unique_install_within_completed_consumer	tamarin-prover	original-impact	unique_install_within_completed_consumer	falsified	committed-git	run1	run1	logs/tamarin-m4-hmac-dedup/source-run1/proofs/original-impact/unique_install_within_completed_consumer.out	1707a4853cf185f58720b11e399153f7f75de268	c53bf51d647576f40cfd5dda80853f9d530ac1e653c2cf9ad6dfedeaaa42a244	logs/tamarin-m4-hmac-dedup/composite-summary.txt	740666a3abd6937b52818d0f4acaf8ea0d023c58	85d681ed0837898e96fc92d3bfabcd9b362398d48209803a0a14733e7f2b3c73
tam-original-impact-normal_single_accept	tamarin-prover	original-impact	normal_single_accept	verified	committed-git	run1	run1	logs/tamarin-m4-hmac-dedup/source-run1/proofs/original-impact/normal_single_accept.out	89097d02f25fd635e26a1bb7ebfea5c4ffdc52d1	62ca55cf3b756971b7dc7ba362f2a5b912ff86f2b3a780899f646e7d9ddc437b	logs/tamarin-m4-hmac-dedup/composite-summary.txt	740666a3abd6937b52818d0f4acaf8ea0d023c58	85d681ed0837898e96fc92d3bfabcd9b362398d48209803a0a14733e7f2b3c73
tam-original-impact-normal_batch_complete	tamarin-prover	original-impact	normal_batch_complete	verified	committed-git	run1	run1	logs/tamarin-m4-hmac-dedup/source-run1/proofs/original-impact/normal_batch_complete.out	e5d694fe98ff5486f2416de90ba9c0016fe9464a	49ce06cda98b41998f8c9ca32064d6f8cd6662c7c787d8b14eea799404aa0c87	logs/tamarin-m4-hmac-dedup/composite-summary.txt	740666a3abd6937b52818d0f4acaf8ea0d023c58	85d681ed0837898e96fc92d3bfabcd9b362398d48209803a0a14733e7f2b3c73
tam-original-impact-one_send_two_accepts_exists	tamarin-prover	original-impact	one_send_two_accepts_exists	verified	committed-git	run1	run1	logs/tamarin-m4-hmac-dedup/source-run1/proofs/original-impact/one_send_two_accepts_exists.out	8eaed9378f9e0618f6335177627e0304f3fe5584	9590c5023afba26917ca19fcf07948cdafcb3a98eb2100fcfd6039100a8947dc	logs/tamarin-m4-hmac-dedup/composite-summary.txt	740666a3abd6937b52818d0f4acaf8ea0d023c58	85d681ed0837898e96fc92d3bfabcd9b362398d48209803a0a14733e7f2b3c73
tam-original-impact-same_message_accepted_at_most_once	tamarin-prover	original-impact	same_message_accepted_at_most_once	falsified	committed-git	run1	run1	logs/tamarin-m4-hmac-dedup/source-run1/proofs/original-impact/same_message_accepted_at_most_once.out	54226efa8505770b5f22c6a1b4c2dc2571b6e849	d71972f13a618113a872eef552ccc091d96ddd5a517f31208e4d752edbf9f29b	logs/tamarin-m4-hmac-dedup/composite-summary.txt	740666a3abd6937b52818d0f4acaf8ea0d023c58	85d681ed0837898e96fc92d3bfabcd9b362398d48209803a0a14733e7f2b3c73
tam-original-impact-full_message_unique_send	tamarin-prover	original-impact	full_message_unique_send	verified	committed-git	run1	run1	logs/tamarin-m4-hmac-dedup/source-run1/proofs/original-impact/full_message_unique_send.out	13a80c678cec0e669274c84d63ee8b54368d8607	de54213f772d435af30596e4f87aefc8f339ff83100ebe610ef901dda62e06d7	logs/tamarin-m4-hmac-dedup/composite-summary.txt	740666a3abd6937b52818d0f4acaf8ea0d023c58	85d681ed0837898e96fc92d3bfabcd9b362398d48209803a0a14733e7f2b3c73
tam-original-impact-receiver_accept_has_sender	tamarin-prover	original-impact	receiver_accept_has_sender	verified	committed-git	run1	run1	logs/tamarin-m4-hmac-dedup/source-run1/proofs/original-impact/receiver_accept_has_sender.out	a95922e5fb29fd797821f4dd65649105d24285ac	ea3622c896b873a5215be57e7862c2c76413ba3a0ba8b23740c855cd920df742	logs/tamarin-m4-hmac-dedup/composite-summary.txt	740666a3abd6937b52818d0f4acaf8ea0d023c58	85d681ed0837898e96fc92d3bfabcd9b362398d48209803a0a14733e7f2b3c73
tam-original-impact-injective_receiver_accept	tamarin-prover	original-impact	injective_receiver_accept	falsified	committed-git	run1	run1	logs/tamarin-m4-hmac-dedup/source-run1/proofs/original-impact/injective_receiver_accept.out	fabaf252d709b7a1c375ce82e0a681da25a9d5f5	488abaab723be226c51b42e173ead42c8e8c5dda61faaa0359e7ec4ada28cbd9	logs/tamarin-m4-hmac-dedup/composite-summary.txt	740666a3abd6937b52818d0f4acaf8ea0d023c58	85d681ed0837898e96fc92d3bfabcd9b362398d48209803a0a14733e7f2b3c73
tam-original-impact-slot_indices_distinct	tamarin-prover	original-impact	slot_indices_distinct	verified	committed-git	run1	run1	logs/tamarin-m4-hmac-dedup/source-run1/proofs/original-impact/slot_indices_distinct.out	505b2519ec4ffb137ea35de3118d9f871be4a60f	97b877c61782440556136ffeb94892c749bc5722ccefd468650b64e747956ecf	logs/tamarin-m4-hmac-dedup/composite-summary.txt	740666a3abd6937b52818d0f4acaf8ea0d023c58	85d681ed0837898e96fc92d3bfabcd9b362398d48209803a0a14733e7f2b3c73
tam-original-impact-process_requires_slot_added	tamarin-prover	original-impact	process_requires_slot_added	verified	committed-git	run1	run1	logs/tamarin-m4-hmac-dedup/source-run1/proofs/original-impact/process_requires_slot_added.out	bbc8ba1789e49b921c3fabc5d7291bc8db77a6e8	1e4ac71101835970bc7260a575b96424c7b8631a47fb672db5e33fedfe2e6578	logs/tamarin-m4-hmac-dedup/composite-summary.txt	740666a3abd6937b52818d0f4acaf8ea0d023c58	85d681ed0837898e96fc92d3bfabcd9b362398d48209803a0a14733e7f2b3c73
tam-original-impact-process_requires_seal	tamarin-prover	original-impact	process_requires_seal	verified	committed-git	run1	run1	logs/tamarin-m4-hmac-dedup/source-run1/proofs/original-impact/process_requires_seal.out	faef4a2040a8badb1663a5a5f45079ad93616df3	76965cb8e0c15ccc06522d01755fea76af2a694495801aa590f40df5b2a2b2b8	logs/tamarin-m4-hmac-dedup/composite-summary.txt	740666a3abd6937b52818d0f4acaf8ea0d023c58	85d681ed0837898e96fc92d3bfabcd9b362398d48209803a0a14733e7f2b3c73
tam-original-impact-complete_requires_all_slots_processed	tamarin-prover	original-impact	complete_requires_all_slots_processed	verified	committed-git	run1	run1	logs/tamarin-m4-hmac-dedup/source-run1/proofs/original-impact/complete_requires_all_slots_processed.out	8eb32298fdc3e5f457962302dc72ee6e8e188e7a	752453b80d9e527038535d7003371b90f84635eb9a5d89ed82d8af52b7260532	logs/tamarin-m4-hmac-dedup/composite-summary.txt	740666a3abd6937b52818d0f4acaf8ea0d023c58	85d681ed0837898e96fc92d3bfabcd9b362398d48209803a0a14733e7f2b3c73
tam-original-impact-no_add_after_seal	tamarin-prover	original-impact	no_add_after_seal	verified	committed-git	run1	run1	logs/tamarin-m4-hmac-dedup/source-run1/proofs/original-impact/no_add_after_seal.out	8c39f52ee24f7278dbe9a9f88b941085779467ff	7d6c190d5b7d9f8ce22f6d21040dcccf2bb60de1ff8e535456fc8285b51f014b	logs/tamarin-m4-hmac-dedup/composite-summary.txt	740666a3abd6937b52818d0f4acaf8ea0d023c58	85d681ed0837898e96fc92d3bfabcd9b362398d48209803a0a14733e7f2b3c73
tam-original-impact-no_accept_after_close	tamarin-prover	original-impact	no_accept_after_close	verified	committed-git	run1	run1	logs/tamarin-m4-hmac-dedup/source-run1/proofs/original-impact/no_accept_after_close.out	5f4dce82c2a5ce10926ddc08b186d450b58838fc	0624f444153895300de6f6319d915b63cc716a85dce2fcd182f7b084bc8d4235	logs/tamarin-m4-hmac-dedup/composite-summary.txt	740666a3abd6937b52818d0f4acaf8ea0d023c58	85d681ed0837898e96fc92d3bfabcd9b362398d48209803a0a14733e7f2b3c73
tam-original-impact-batch_complete_consumes_state	tamarin-prover	original-impact	batch_complete_consumes_state	verified	committed-git	run1	run1	logs/tamarin-m4-hmac-dedup/source-run1/proofs/original-impact/batch_complete_consumes_state.out	664d6fc63b9c473d57a32d5af491f4999c88b483	a786a9254d86ab91a1c0c36ef20bf8c18202d2626200ed0f479a87033c2e44a7	logs/tamarin-m4-hmac-dedup/composite-summary.txt	740666a3abd6937b52818d0f4acaf8ea0d023c58	85d681ed0837898e96fc92d3bfabcd9b362398d48209803a0a14733e7f2b3c73
tam-original-impact-batch_fail_consumes_state	tamarin-prover	original-impact	batch_fail_consumes_state	verified	committed-git	run1	run1	logs/tamarin-m4-hmac-dedup/source-run1/proofs/original-impact/batch_fail_consumes_state.out	3d005255bb57d633118c82f76c5fe7d4532e994f	914471a393571b9e6e37c0146da7f8f10e19abd809ebbc1edb24ed1fb31c622f	logs/tamarin-m4-hmac-dedup/composite-summary.txt	740666a3abd6937b52818d0f4acaf8ea0d023c58	85d681ed0837898e96fc92d3bfabcd9b362398d48209803a0a14733e7f2b3c73
tam-original-impact-batch_end_token_single_use	tamarin-prover	original-impact	batch_end_token_single_use	verified	committed-git	run1	run1	logs/tamarin-m4-hmac-dedup/source-run1/proofs/original-impact/batch_end_token_single_use.out	bb7541d8fd05bc1fb66fe731dcf95c026e21f497	886b4a803fb09396a7de6ccf2b6a6ec6dd590c20962d6d086e26016ef503fc85	logs/tamarin-m4-hmac-dedup/composite-summary.txt	740666a3abd6937b52818d0f4acaf8ea0d023c58	85d681ed0837898e96fc92d3bfabcd9b362398d48209803a0a14733e7f2b3c73
tam-original-impact-receiver_state_single_batch	tamarin-prover	original-impact	receiver_state_single_batch	verified	committed-git	run1	run1	logs/tamarin-m4-hmac-dedup/source-run1/proofs/original-impact/receiver_state_single_batch.out	a3bc36a0dfce986d62a494b179ba237bbfb7df6b	a9b7710155b1024ded9d47bb18e0900023bfa0a51b839d777f31e2de54b710ec	logs/tamarin-m4-hmac-dedup/composite-summary.txt	740666a3abd6937b52818d0f4acaf8ea0d023c58	85d681ed0837898e96fc92d3bfabcd9b362398d48209803a0a14733e7f2b3c73
tam-original-impact-receiver_state_single_batch_end	tamarin-prover	original-impact	receiver_state_single_batch_end	verified	committed-git	run1	run1	logs/tamarin-m4-hmac-dedup/source-run1/proofs/original-impact/receiver_state_single_batch_end.out	c0f9d325e9c85bba95b3643c9f059912d087e68a	5dd2a44e45436c5c99d81891ec406e61118bc74b9df951f7d93c9ef400c7320c	logs/tamarin-m4-hmac-dedup/composite-summary.txt	740666a3abd6937b52818d0f4acaf8ea0d023c58	85d681ed0837898e96fc92d3bfabcd9b362398d48209803a0a14733e7f2b3c73
tam-fixed-replay-normal_single_accept	tamarin-prover	fixed-replay	normal_single_accept	verified	committed-git	run1	run1	logs/tamarin-m4-hmac-dedup/source-run1/proofs/fixed-replay/normal_single_accept.out	624d8ac2542bc4c6a4ca14b5fd14132a073f1698	44a68502dbc9043f60a6db95cc3ace283d32c4adbce7fade2873bfeed4be2419	logs/tamarin-m4-hmac-dedup/composite-summary.txt	740666a3abd6937b52818d0f4acaf8ea0d023c58	85d681ed0837898e96fc92d3bfabcd9b362398d48209803a0a14733e7f2b3c73
tam-fixed-replay-normal_batch_complete	tamarin-prover	fixed-replay	normal_batch_complete	verified	committed-git	run1	run1	logs/tamarin-m4-hmac-dedup/source-run1/proofs/fixed-replay/normal_batch_complete.out	724c7f5ccfef2724c3e0973bebe02da64bb2df7f	dccb10208b127f042157bc43bc5a9a0c3298479adf8862bc64e809b70eb167c9	logs/tamarin-m4-hmac-dedup/composite-summary.txt	740666a3abd6937b52818d0f4acaf8ea0d023c58	85d681ed0837898e96fc92d3bfabcd9b362398d48209803a0a14733e7f2b3c73
tam-fixed-replay-one_send_two_accepts_exists	tamarin-prover	fixed-replay	one_send_two_accepts_exists	falsified	committed-git	run1	run1	logs/tamarin-m4-hmac-dedup/source-run1/proofs/fixed-replay/one_send_two_accepts_exists.out	9a0bb963169c48006e8eb6e171576859b38e5b08	f1b7a8d4713515abdaea5ac89648c59b0b7fd61c51385747f1d2e09733eda051	logs/tamarin-m4-hmac-dedup/composite-summary.txt	740666a3abd6937b52818d0f4acaf8ea0d023c58	85d681ed0837898e96fc92d3bfabcd9b362398d48209803a0a14733e7f2b3c73
tam-fixed-replay-same_message_accepted_at_most_once	tamarin-prover	fixed-replay	same_message_accepted_at_most_once	verified	committed-git	run1	run1	logs/tamarin-m4-hmac-dedup/source-run1/proofs/fixed-replay/same_message_accepted_at_most_once.out	809f694581ed8c09fdc9c707177abfc229b899ae	60f3eb2f879bda9bb5e6ecf224ade68d84a7d5a8af266af942e69946237e0bd8	logs/tamarin-m4-hmac-dedup/composite-summary.txt	740666a3abd6937b52818d0f4acaf8ea0d023c58	85d681ed0837898e96fc92d3bfabcd9b362398d48209803a0a14733e7f2b3c73
tam-fixed-replay-full_message_unique_send	tamarin-prover	fixed-replay	full_message_unique_send	verified	committed-git	run1	run1	logs/tamarin-m4-hmac-dedup/source-run1/proofs/fixed-replay/full_message_unique_send.out	38fc8f2985585d8ae8f64165cde8afad3ad602d7	7a1f651b9b3f22d17deb048a8672bd185f60ef68ba5b8fb99a5998375d5eee0b	logs/tamarin-m4-hmac-dedup/composite-summary.txt	740666a3abd6937b52818d0f4acaf8ea0d023c58	85d681ed0837898e96fc92d3bfabcd9b362398d48209803a0a14733e7f2b3c73
tam-fixed-replay-receiver_accept_has_sender	tamarin-prover	fixed-replay	receiver_accept_has_sender	verified	committed-git	run1	run1	logs/tamarin-m4-hmac-dedup/source-run1/proofs/fixed-replay/receiver_accept_has_sender.out	1966cd8d494ac61aee35d475c4aaedd7d6fd6fed	8a674b0e9ae282fc856246c943e64f64e7ea62e19d1aad3f8f1dc7f96ee6bb6e	logs/tamarin-m4-hmac-dedup/composite-summary.txt	740666a3abd6937b52818d0f4acaf8ea0d023c58	85d681ed0837898e96fc92d3bfabcd9b362398d48209803a0a14733e7f2b3c73
tam-fixed-replay-injective_receiver_accept	tamarin-prover	fixed-replay	injective_receiver_accept	verified	committed-git	run1	run1	logs/tamarin-m4-hmac-dedup/source-run1/proofs/fixed-replay/injective_receiver_accept.out	719732fada24316afb28d614e56dab36f671aef7	a22b07ce37c80d8ac8f6a4abf04a92d23975bc9c35c420f6dec2af93cbcbe50c	logs/tamarin-m4-hmac-dedup/composite-summary.txt	740666a3abd6937b52818d0f4acaf8ea0d023c58	85d681ed0837898e96fc92d3bfabcd9b362398d48209803a0a14733e7f2b3c73
tam-fixed-replay-slot_indices_distinct	tamarin-prover	fixed-replay	slot_indices_distinct	verified	committed-git	run1	run1	logs/tamarin-m4-hmac-dedup/source-run1/proofs/fixed-replay/slot_indices_distinct.out	891f49666917770924d777a45216000ae38b859a	cea62689a3fe0504296fcdad29c00b74ab478fd85b8ae3c9e9d129adb52cf085	logs/tamarin-m4-hmac-dedup/composite-summary.txt	740666a3abd6937b52818d0f4acaf8ea0d023c58	85d681ed0837898e96fc92d3bfabcd9b362398d48209803a0a14733e7f2b3c73
tam-fixed-replay-process_requires_slot_added	tamarin-prover	fixed-replay	process_requires_slot_added	verified	committed-git	run1	run1	logs/tamarin-m4-hmac-dedup/source-run1/proofs/fixed-replay/process_requires_slot_added.out	628e7d141be594c0786bd15200f7fba806eaff37	2a437c445b3fd9761659849f9ed56dd964b00c8218d57617381a549e4f28c6d0	logs/tamarin-m4-hmac-dedup/composite-summary.txt	740666a3abd6937b52818d0f4acaf8ea0d023c58	85d681ed0837898e96fc92d3bfabcd9b362398d48209803a0a14733e7f2b3c73
tam-fixed-replay-process_requires_seal	tamarin-prover	fixed-replay	process_requires_seal	verified	committed-git	run1	run1	logs/tamarin-m4-hmac-dedup/source-run1/proofs/fixed-replay/process_requires_seal.out	7d15c17976375e6167828e57000f8ff674123d22	7a04b5d352f658dade09fa96a6c0f198218db17004e193a9df0f4ef3267e93ea	logs/tamarin-m4-hmac-dedup/composite-summary.txt	740666a3abd6937b52818d0f4acaf8ea0d023c58	85d681ed0837898e96fc92d3bfabcd9b362398d48209803a0a14733e7f2b3c73
tam-fixed-replay-complete_requires_all_slots_processed	tamarin-prover	fixed-replay	complete_requires_all_slots_processed	verified	committed-git	run1	run1	logs/tamarin-m4-hmac-dedup/source-run1/proofs/fixed-replay/complete_requires_all_slots_processed.out	1aca9ac332f4e6c0729885e08df51bb520ad14d5	344ad94ca8830c7a6b2c19fb2651115a2dd68685b1cbeada3d9b461fa9dae9d3	logs/tamarin-m4-hmac-dedup/composite-summary.txt	740666a3abd6937b52818d0f4acaf8ea0d023c58	85d681ed0837898e96fc92d3bfabcd9b362398d48209803a0a14733e7f2b3c73
tam-fixed-replay-no_add_after_seal	tamarin-prover	fixed-replay	no_add_after_seal	verified	committed-git	run1	run1	logs/tamarin-m4-hmac-dedup/source-run1/proofs/fixed-replay/no_add_after_seal.out	46e28c300db6720036e84a433bd9c1353748d2fd	3cb4c261382b8e4b05f456bed9ea991a3019c67067a402895a2d49620bc891a3	logs/tamarin-m4-hmac-dedup/composite-summary.txt	740666a3abd6937b52818d0f4acaf8ea0d023c58	85d681ed0837898e96fc92d3bfabcd9b362398d48209803a0a14733e7f2b3c73
tam-fixed-replay-no_accept_after_close	tamarin-prover	fixed-replay	no_accept_after_close	verified	committed-git	run1	run1	logs/tamarin-m4-hmac-dedup/source-run1/proofs/fixed-replay/no_accept_after_close.out	436d255e03a3d9db3282f2edce10bc9af929c1b9	bac3d23223521ef4718dafa6d419b84f8e5b9836d4480c25f421670cf2f1e4a2	logs/tamarin-m4-hmac-dedup/composite-summary.txt	740666a3abd6937b52818d0f4acaf8ea0d023c58	85d681ed0837898e96fc92d3bfabcd9b362398d48209803a0a14733e7f2b3c73
tam-fixed-replay-batch_complete_consumes_state	tamarin-prover	fixed-replay	batch_complete_consumes_state	verified	committed-git	run1	run1	logs/tamarin-m4-hmac-dedup/source-run1/proofs/fixed-replay/batch_complete_consumes_state.out	da76f4b90b0f1d1254994aa4e2fd95cdf0ff39c4	ca5ecd49470428948398e3eff4ee1b00753d2f80b5e1fc4d78fc2c4513e8d2d4	logs/tamarin-m4-hmac-dedup/composite-summary.txt	740666a3abd6937b52818d0f4acaf8ea0d023c58	85d681ed0837898e96fc92d3bfabcd9b362398d48209803a0a14733e7f2b3c73
tam-fixed-replay-batch_fail_consumes_state	tamarin-prover	fixed-replay	batch_fail_consumes_state	verified	committed-git	run1	run1	logs/tamarin-m4-hmac-dedup/source-run1/proofs/fixed-replay/batch_fail_consumes_state.out	2f3e37304497bfcdd060dfddd2df01d2816d96f3	fe0bc4633b68f1a8f8c3ec98652092ebe4b3d9c4e03c00168ea881cf603e5df6	logs/tamarin-m4-hmac-dedup/composite-summary.txt	740666a3abd6937b52818d0f4acaf8ea0d023c58	85d681ed0837898e96fc92d3bfabcd9b362398d48209803a0a14733e7f2b3c73
tam-fixed-replay-batch_end_token_single_use	tamarin-prover	fixed-replay	batch_end_token_single_use	verified	committed-git	run1	run1	logs/tamarin-m4-hmac-dedup/source-run1/proofs/fixed-replay/batch_end_token_single_use.out	3481da6ae3e33d08f76047656fad23677728134a	3ccb84e190d25dba8d24b7f0c149184197133e01e6bdbd19e88a4e5c6ccdf5e4	logs/tamarin-m4-hmac-dedup/composite-summary.txt	740666a3abd6937b52818d0f4acaf8ea0d023c58	85d681ed0837898e96fc92d3bfabcd9b362398d48209803a0a14733e7f2b3c73
tam-fixed-replay-receiver_state_single_batch	tamarin-prover	fixed-replay	receiver_state_single_batch	verified	committed-git	run1	run1	logs/tamarin-m4-hmac-dedup/source-run1/proofs/fixed-replay/receiver_state_single_batch.out	a20a98c01afa7c391e44c54946067dfce8e1be30	62b42960b74559544f653e68cf761d89fef9bc64e47694315232a51b883bd9b5	logs/tamarin-m4-hmac-dedup/composite-summary.txt	740666a3abd6937b52818d0f4acaf8ea0d023c58	85d681ed0837898e96fc92d3bfabcd9b362398d48209803a0a14733e7f2b3c73
tam-fixed-replay-receiver_state_single_batch_end	tamarin-prover	fixed-replay	receiver_state_single_batch_end	verified	committed-git	run1	run1	logs/tamarin-m4-hmac-dedup/source-run1/proofs/fixed-replay/receiver_state_single_batch_end.out	5e2e7c7b15f0c17d47a35df5984dde9d78caf455	3c9cdc72fde76fca0999a23f0bc288fea9da49284e42ca28012223d55e5d3f87	logs/tamarin-m4-hmac-dedup/composite-summary.txt	740666a3abd6937b52818d0f4acaf8ea0d023c58	85d681ed0837898e96fc92d3bfabcd9b362398d48209803a0a14733e7f2b3c73
tam-fixed-replay-duplicate_batch_fail_exists	tamarin-prover	fixed-replay	duplicate_batch_fail_exists	verified	committed-git	run1	run1	logs/tamarin-m4-hmac-dedup/source-run1/proofs/fixed-replay/duplicate_batch_fail_exists.out	834a109dd5dc83c69f36954322b2dc9a2a5b2c51	2ceff81d56bdf3bdb21c661088d1e76db6f5627faf272aae658bb9b3bb75fdc5	logs/tamarin-m4-hmac-dedup/composite-summary.txt	740666a3abd6937b52818d0f4acaf8ea0d023c58	85d681ed0837898e96fc92d3bfabcd9b362398d48209803a0a14733e7f2b3c73
tam-fixed-replay-duplicate_detected_before_any_accept	tamarin-prover	fixed-replay	duplicate_detected_before_any_accept	verified	committed-git	run1	run1	logs/tamarin-m4-hmac-dedup/source-run1/proofs/fixed-replay/duplicate_detected_before_any_accept.out	5e468ff396de483ec4e39a7947afa27255e527d7	108b6ce635504add4ba7712c5be29d5be4604f785d5727fa3f4a7a37f847e17a	logs/tamarin-m4-hmac-dedup/composite-summary.txt	740666a3abd6937b52818d0f4acaf8ea0d023c58	85d681ed0837898e96fc92d3bfabcd9b362398d48209803a0a14733e7f2b3c73
tam-fixed-replay-duplicate_batch_has_no_accept	tamarin-prover	fixed-replay	duplicate_batch_has_no_accept	verified	committed-git	run1	run1	logs/tamarin-m4-hmac-dedup/source-run1/proofs/fixed-replay/duplicate_batch_has_no_accept.out	0c7a459d12b6a9f5332578d31593224f569b979e	d30304b01135925b60b8942c9a2b31112f213c85bb54cd1d939959b7262fcb67	logs/tamarin-m4-hmac-dedup/composite-summary.txt	740666a3abd6937b52818d0f4acaf8ea0d023c58	85d681ed0837898e96fc92d3bfabcd9b362398d48209803a0a14733e7f2b3c73
tam-fixed-replay-process_requires_dedup_pass	tamarin-prover	fixed-replay	process_requires_dedup_pass	verified	committed-git	run1	run1	logs/tamarin-m4-hmac-dedup/source-run1/proofs/fixed-replay/process_requires_dedup_pass.out	3693bfd4f83524f2fdb9c549c8afdadc3c44d578	44cef8d9be62f2f571ba89e4538dded268872b4ea3073aa183ff41a9a93fb0a3	logs/tamarin-m4-hmac-dedup/composite-summary.txt	740666a3abd6937b52818d0f4acaf8ea0d023c58	85d681ed0837898e96fc92d3bfabcd9b362398d48209803a0a14733e7f2b3c73
tam-fixed-replay-dedup_pass_messages_distinct	tamarin-prover	fixed-replay	dedup_pass_messages_distinct	verified	committed-git	run1	run1	logs/tamarin-m4-hmac-dedup/source-run1/proofs/fixed-replay/dedup_pass_messages_distinct.out	3c4fcd2be6b84a63eabd42ea618eabf6cfba0030	183c0d54f3b98dbe7eb5720f9cd06771c6ce37d897740d7551ef1a828ad3f259	logs/tamarin-m4-hmac-dedup/composite-summary.txt	740666a3abd6937b52818d0f4acaf8ea0d023c58	85d681ed0837898e96fc92d3bfabcd9b362398d48209803a0a14733e7f2b3c73
tam-fixed-replay-dedup_decision_single_use	tamarin-prover	fixed-replay	dedup_decision_single_use	verified	committed-git	run1	run1	logs/tamarin-m4-hmac-dedup/source-run1/proofs/fixed-replay/dedup_decision_single_use.out	39739a0fbe1ead573a4520103e084c9c2f7ec4ee	75f2ce2f25b1d623ec1ae268325cda23123c03eca88e269c2c93e858e059b16a	logs/tamarin-m4-hmac-dedup/composite-summary.txt	740666a3abd6937b52818d0f4acaf8ea0d023c58	85d681ed0837898e96fc92d3bfabcd9b362398d48209803a0a14733e7f2b3c73
tam-fixed-replay-dedup_outcomes_exclusive	tamarin-prover	fixed-replay	dedup_outcomes_exclusive	verified	committed-git	run1	run1	logs/tamarin-m4-hmac-dedup/source-run1/proofs/fixed-replay/dedup_outcomes_exclusive.out	c62e3a532d8c0bec89b71f09cdba5304e08b5ec5	c969593f144a91502df55fcb7b6af82a7738d66f6cdb00d8198577489207daf3	logs/tamarin-m4-hmac-dedup/composite-summary.txt	740666a3abd6937b52818d0f4acaf8ea0d023c58	85d681ed0837898e96fc92d3bfabcd9b362398d48209803a0a14733e7f2b3c73
tam-fixed-replay-normal_distinct_batch_complete	tamarin-prover	fixed-replay	normal_distinct_batch_complete	verified	committed-git	run1	run1	logs/tamarin-m4-hmac-dedup/source-run1/proofs/fixed-replay/normal_distinct_batch_complete.out	32b6072a6024810483c2a582eb307dbe4a34c563	57a31605005b9c6cdca106b159d20f7ca3e917587cc8015e1a36009caca68173	logs/tamarin-m4-hmac-dedup/composite-summary.txt	740666a3abd6937b52818d0f4acaf8ea0d023c58	85d681ed0837898e96fc92d3bfabcd9b362398d48209803a0a14733e7f2b3c73
tam-fixed-replay-normal_distinct_fail_slot1_exists	tamarin-prover	fixed-replay	normal_distinct_fail_slot1_exists	verified	committed-git	run1	run1	logs/tamarin-m4-hmac-dedup/source-run1/proofs/fixed-replay/normal_distinct_fail_slot1_exists.out	dc99f48f93500ad4986b8c6c7e57daeadfc9e8ff	e7f478a6f6304321a07b4374b38485a9bccdcfc7213e41e42dc2aea81d8fd8ca	logs/tamarin-m4-hmac-dedup/composite-summary.txt	740666a3abd6937b52818d0f4acaf8ea0d023c58	85d681ed0837898e96fc92d3bfabcd9b362398d48209803a0a14733e7f2b3c73
tam-fixed-replay-normal_distinct_fail_slot2_exists	tamarin-prover	fixed-replay	normal_distinct_fail_slot2_exists	verified	committed-git	run1	run1	logs/tamarin-m4-hmac-dedup/source-run1/proofs/fixed-replay/normal_distinct_fail_slot2_exists.out	08089a7c268f02fe916aa886698667be58aeecad	348627c679994d942695ee0a66384ab3ef31901ba1bafb59d52933d1bf49e3a9	logs/tamarin-m4-hmac-dedup/composite-summary.txt	740666a3abd6937b52818d0f4acaf8ea0d023c58	85d681ed0837898e96fc92d3bfabcd9b362398d48209803a0a14733e7f2b3c73
tam-fixed-replay-batch_fail_complete_exclusive	tamarin-prover	fixed-replay	batch_fail_complete_exclusive	verified	committed-git	run1	run1	logs/tamarin-m4-hmac-dedup/source-run1/proofs/fixed-replay/batch_fail_complete_exclusive.out	e99b82d7bad5bccee4f45b7519871a65a3896d7a	f55ed35659c6c9638e3e7a1b572306c7d9f8d0a07c67e776ddd59d402df85653	logs/tamarin-m4-hmac-dedup/composite-summary.txt	740666a3abd6937b52818d0f4acaf8ea0d023c58	85d681ed0837898e96fc92d3bfabcd9b362398d48209803a0a14733e7f2b3c73
tam-fixed-replay-state_consumed_on_duplicate_fail	tamarin-prover	fixed-replay	state_consumed_on_duplicate_fail	verified	committed-git	run1	run1	logs/tamarin-m4-hmac-dedup/source-run1/proofs/fixed-replay/state_consumed_on_duplicate_fail.out	3cf4d03f4bbd13b5cc2a5cf71b26a5ac7a0f80a7	aff65f9b25d2212351c6c0a47862102075b9a602136f6bb62dcc9010588634ac	logs/tamarin-m4-hmac-dedup/composite-summary.txt	740666a3abd6937b52818d0f4acaf8ea0d023c58	85d681ed0837898e96fc92d3bfabcd9b362398d48209803a0a14733e7f2b3c73
tam-fixed-impact-accept_output_has_same_time_accept	tamarin-prover	fixed-impact	accept_output_has_same_time_accept	verified	committed-git	run1	run1	logs/tamarin-m4-hmac-dedup/source-run1/proofs/fixed-impact/accept_output_has_same_time_accept.out	270eda776cfdcaa4d524b60fb6f6226c99bdbadc	ac288097ada748110451a85c06f81ca6b20e6695ddcba58ba5f735b9bce4fad6	logs/tamarin-m4-hmac-dedup/composite-summary.txt	740666a3abd6937b52818d0f4acaf8ea0d023c58	85d681ed0837898e96fc92d3bfabcd9b362398d48209803a0a14733e7f2b3c73
tam-fixed-impact-receiver_accept_has_output	tamarin-prover	fixed-impact	receiver_accept_has_output	verified	committed-git	run1	run1	logs/tamarin-m4-hmac-dedup/source-run1/proofs/fixed-impact/receiver_accept_has_output.out	99e612867dd4b072c32890e1bb1581b541901e77	44d629226ef89157176f1e99ecde18c5fab1e89f0d3d7377b56531f2ef371ab2	logs/tamarin-m4-hmac-dedup/composite-summary.txt	740666a3abd6937b52818d0f4acaf8ea0d023c58	85d681ed0837898e96fc92d3bfabcd9b362398d48209803a0a14733e7f2b3c73
tam-fixed-impact-receiver_accept_has_unique_output	tamarin-prover	fixed-impact	receiver_accept_has_unique_output	verified	committed-git	run1	run1	logs/tamarin-m4-hmac-dedup/source-run1/proofs/fixed-impact/receiver_accept_has_unique_output.out	4b63c74f3fe0bb6a6fb843cbe310255fda36d31f	4b0eb7963efe50286a99b37b870690327770c045ac71fcdf0d350d462b14ce36	logs/tamarin-m4-hmac-dedup/composite-summary.txt	740666a3abd6937b52818d0f4acaf8ea0d023c58	85d681ed0837898e96fc92d3bfabcd9b362398d48209803a0a14733e7f2b3c73
tam-fixed-impact-accept_id_unique	tamarin-prover	fixed-impact	accept_id_unique	verified	committed-git	run1	run1	logs/tamarin-m4-hmac-dedup/source-run1/proofs/fixed-impact/accept_id_unique.out	557a048d1904a9181f7fccd62957991338da9df9	a0ecc36561a5fd7f0cf8f1162f2a2d9a2616cf5bd197e3d57271a51ca64dc945	logs/tamarin-m4-hmac-dedup/composite-summary.txt	740666a3abd6937b52818d0f4acaf8ea0d023c58	85d681ed0837898e96fc92d3bfabcd9b362398d48209803a0a14733e7f2b3c73
tam-fixed-impact-install_has_prior_accept	tamarin-prover	fixed-impact	install_has_prior_accept	verified	committed-git	run1	run1	logs/tamarin-m4-hmac-dedup/source-run1/proofs/fixed-impact/install_has_prior_accept.out	45c361215b282837cf1680d53ac5a95e14f7c171	8e675f87ae9aec91c92d646ec9f265288035f4be117e98a9b581a8c7b231144e	logs/tamarin-m4-hmac-dedup/composite-summary.txt	740666a3abd6937b52818d0f4acaf8ea0d023c58	85d681ed0837898e96fc92d3bfabcd9b362398d48209803a0a14733e7f2b3c73
tam-fixed-impact-install_session_has_interface_origin	tamarin-prover	fixed-impact	install_session_has_interface_origin	verified	committed-git	run1	run1	logs/tamarin-m4-hmac-dedup/source-run1/proofs/fixed-impact/install_session_has_interface_origin.out	4fdf0675e2011a55ac3a87259d6e492f38d3b3e1	88a3f75582a3ddadce0cb3e2f16eeccd5fb0390285843f0960c765d53f908bf1	logs/tamarin-m4-hmac-dedup/composite-summary.txt	740666a3abd6937b52818d0f4acaf8ea0d023c58	85d681ed0837898e96fc92d3bfabcd9b362398d48209803a0a14733e7f2b3c73
tam-fixed-impact-install_from_accept_has_session	tamarin-prover	fixed-impact	install_from_accept_has_session	verified	committed-git	run1	run1	logs/tamarin-m4-hmac-dedup/source-run1/proofs/fixed-impact/install_from_accept_has_session.out	97788a6c0dff120576e9ce75d5f352757e62575c	ab95f6ff6f35a96c64527988e3e2a43358d6c805d3003bf475ae07eb7ff108fa	logs/tamarin-m4-hmac-dedup/composite-summary.txt	740666a3abd6937b52818d0f4acaf8ea0d023c58	85d681ed0837898e96fc92d3bfabcd9b362398d48209803a0a14733e7f2b3c73
tam-fixed-impact-install_event_has_single_source	tamarin-prover	fixed-impact	install_event_has_single_source	verified	committed-git	run1	run1	logs/tamarin-m4-hmac-dedup/source-run1/proofs/fixed-impact/install_event_has_single_source.out	ac529f48715b364084f41d625259065242c5bba3	fb94fd4f2df4664a1ab3d4857e2de3617610837cf8ce02ca9e70c9d63f5a7db5	logs/tamarin-m4-hmac-dedup/composite-summary.txt	740666a3abd6937b52818d0f4acaf8ea0d023c58	85d681ed0837898e96fc92d3bfabcd9b362398d48209803a0a14733e7f2b3c73
tam-fixed-impact-install_handle_unique	tamarin-prover	fixed-impact	install_handle_unique	verified	committed-git	run1	run1	logs/tamarin-m4-hmac-dedup/source-run1/proofs/fixed-impact/install_handle_unique.out	55aa757742edf3f8d5b82c7bd888f24f65300ce0	783b26da32ab3145c4604981393b7f1373ff567ee358ae4464e2289bd2f2f985	logs/tamarin-m4-hmac-dedup/composite-summary.txt	740666a3abd6937b52818d0f4acaf8ea0d023c58	85d681ed0837898e96fc92d3bfabcd9b362398d48209803a0a14733e7f2b3c73
tam-fixed-impact-accept_output_installed_at_most_once	tamarin-prover	fixed-impact	accept_output_installed_at_most_once	verified	committed-git	run1	run1	logs/tamarin-m4-hmac-dedup/source-run1/proofs/fixed-impact/accept_output_installed_at_most_once.out	71b809c5764f143182f18e4a28a1dc3cc6ab7fa1	799bc05959e185f23a8cf37964a68eb5c559a533f8d60740442d26433091b0d3	logs/tamarin-m4-hmac-dedup/composite-summary.txt	740666a3abd6937b52818d0f4acaf8ea0d023c58	85d681ed0837898e96fc92d3bfabcd9b362398d48209803a0a14733e7f2b3c73
tam-fixed-impact-distinct_accept_sources_have_distinct_handles	tamarin-prover	fixed-impact	distinct_accept_sources_have_distinct_handles	verified	committed-git	run1	run1	logs/tamarin-m4-hmac-dedup/source-run1/proofs/fixed-impact/distinct_accept_sources_have_distinct_handles.out	52a622870bd72981431aa40a2029b7429c44ba63	300b052c53170642f899497ed59979bab0da1b620605d8702d0dd2d96c51580c	logs/tamarin-m4-hmac-dedup/composite-summary.txt	740666a3abd6937b52818d0f4acaf8ea0d023c58	85d681ed0837898e96fc92d3bfabcd9b362398d48209803a0a14733e7f2b3c73
tam-fixed-impact-install_requires_batch_complete	tamarin-prover	fixed-impact	install_requires_batch_complete	verified	committed-git	run1	run1	logs/tamarin-m4-hmac-dedup/source-run1/proofs/fixed-impact/install_requires_batch_complete.out	9ae1ab9a9335fb3408827d49645435e31fc577e5	c157062600ab6b6574c92539051d2a0443f7147c032dae7fafd55106652f41e9	logs/tamarin-m4-hmac-dedup/composite-summary.txt	740666a3abd6937b52818d0f4acaf8ea0d023c58	85d681ed0837898e96fc92d3bfabcd9b362398d48209803a0a14733e7f2b3c73
tam-fixed-impact-consumer_complete_requires_all_outputs_installed	tamarin-prover	fixed-impact	consumer_complete_requires_all_outputs_installed	verified	committed-git	run1	run1	logs/tamarin-m4-hmac-dedup/source-run1/proofs/fixed-impact/consumer_complete_requires_all_outputs_installed.out	68e8d5ec50f2b378b66ab30f9e63f8e836af8b69	bcc894a14d8744ff359c8318e16d573da2026eeaf3b7a2ebbc5035cd72e4aec9	logs/tamarin-m4-hmac-dedup/composite-summary.txt	740666a3abd6937b52818d0f4acaf8ea0d023c58	85d681ed0837898e96fc92d3bfabcd9b362398d48209803a0a14733e7f2b3c73
tam-fixed-impact-consumer_complete_single_use	tamarin-prover	fixed-impact	consumer_complete_single_use	verified	committed-git	run1	run1	logs/tamarin-m4-hmac-dedup/source-run1/proofs/fixed-impact/consumer_complete_single_use.out	a8d8eab7326b1d18014074bb6bdfdbc20a7c96ad	3a30be57aeb58e8603a3600c6a1726b0916d4103bd32da3f153fc26a09aecb69	logs/tamarin-m4-hmac-dedup/composite-summary.txt	740666a3abd6937b52818d0f4acaf8ea0d023c58	85d681ed0837898e96fc92d3bfabcd9b362398d48209803a0a14733e7f2b3c73
tam-fixed-impact-no_install_after_consumer_close	tamarin-prover	fixed-impact	no_install_after_consumer_close	verified	committed-git	run1	run1	logs/tamarin-m4-hmac-dedup/source-run1/proofs/fixed-impact/no_install_after_consumer_close.out	6f33732399e80cd42e370adb87cf2ffe13364dd6	231bb5f6affdd7edc1486fd0cda70a612f900014dfa9b0f240fba5fe750f1191	logs/tamarin-m4-hmac-dedup/composite-summary.txt	740666a3abd6937b52818d0f4acaf8ea0d023c58	85d681ed0837898e96fc92d3bfabcd9b362398d48209803a0a14733e7f2b3c73
tam-fixed-impact-normal_one_accept_one_install	tamarin-prover	fixed-impact	normal_one_accept_one_install	verified	committed-git	run1	run1	logs/tamarin-m4-hmac-dedup/source-run1/proofs/fixed-impact/normal_one_accept_one_install.out	f2ee7fe8465a528fc2b482d2fa63083e1d6fbddc	71cdc293a0d3008940c9f5fd0a132a1941be4a76aa2805f47b799984d49ad338	logs/tamarin-m4-hmac-dedup/composite-summary.txt	740666a3abd6937b52818d0f4acaf8ea0d023c58	85d681ed0837898e96fc92d3bfabcd9b362398d48209803a0a14733e7f2b3c73
tam-fixed-impact-normal_consumer_complete	tamarin-prover	fixed-impact	normal_consumer_complete	falsified	committed-git	run1	run1	logs/tamarin-m4-hmac-dedup/source-run1/proofs/fixed-impact/normal_consumer_complete.out	0fd121cb12aab8d7bc265d01b24db59b694fa09c	e2286585de3b988fc71f48d2ee28f69f1824df8ed9517440e240b90ba9f9d6c2	logs/tamarin-m4-hmac-dedup/composite-summary.txt	740666a3abd6937b52818d0f4acaf8ea0d023c58	85d681ed0837898e96fc92d3bfabcd9b362398d48209803a0a14733e7f2b3c73
tam-fixed-impact-one_send_two_accepts_two_installs_exists	tamarin-prover	fixed-impact	one_send_two_accepts_two_installs_exists	falsified	committed-git	run1	run1	logs/tamarin-m4-hmac-dedup/source-run1/proofs/fixed-impact/one_send_two_accepts_two_installs_exists.out	03f5df4ae7d52e72d004d042b1e44e48fe888de4	779234368d33fe13cf38cc5bc6d43c09918944b32b611bb7b0d974411f13147c	logs/tamarin-m4-hmac-dedup/composite-summary.txt	740666a3abd6937b52818d0f4acaf8ea0d023c58	85d681ed0837898e96fc92d3bfabcd9b362398d48209803a0a14733e7f2b3c73
tam-fixed-impact-unique_install_within_completed_consumer	tamarin-prover	fixed-impact	unique_install_within_completed_consumer	verified	committed-git	run1	run1	logs/tamarin-m4-hmac-dedup/source-run1/proofs/fixed-impact/unique_install_within_completed_consumer.out	2c5fecee6a5c32d927547c294ddbf9ab8f80f6d5	2aec93d3d96f345c9f1b49bda435fffd923880a8c32423209d383340df1847a5	logs/tamarin-m4-hmac-dedup/composite-summary.txt	740666a3abd6937b52818d0f4acaf8ea0d023c58	85d681ed0837898e96fc92d3bfabcd9b362398d48209803a0a14733e7f2b3c73
tam-fixed-impact-normal_single_accept	tamarin-prover	fixed-impact	normal_single_accept	verified	committed-git	run1	run1	logs/tamarin-m4-hmac-dedup/source-run1/proofs/fixed-impact/normal_single_accept.out	d304d87b774beea0fdc976b9085e2b716974859d	81fb2bf8509fca94168d1434f9c4d8b45061df6611829b4cf2f5710adc1bd9db	logs/tamarin-m4-hmac-dedup/composite-summary.txt	740666a3abd6937b52818d0f4acaf8ea0d023c58	85d681ed0837898e96fc92d3bfabcd9b362398d48209803a0a14733e7f2b3c73
tam-fixed-impact-normal_batch_complete	tamarin-prover	fixed-impact	normal_batch_complete	verified	committed-git	run1	run1	logs/tamarin-m4-hmac-dedup/source-run1/proofs/fixed-impact/normal_batch_complete.out	394c34cd6e60cd4c1ae33d5dfd82355acaff7f7b	93e02aa991744960703f877d6d856a4a65f331fdc30d11ae99b1abb1bbeb472d	logs/tamarin-m4-hmac-dedup/composite-summary.txt	740666a3abd6937b52818d0f4acaf8ea0d023c58	85d681ed0837898e96fc92d3bfabcd9b362398d48209803a0a14733e7f2b3c73
tam-fixed-impact-one_send_two_accepts_exists	tamarin-prover	fixed-impact	one_send_two_accepts_exists	falsified	committed-git	run1	run1	logs/tamarin-m4-hmac-dedup/source-run1/proofs/fixed-impact/one_send_two_accepts_exists.out	e043a4c994ba0c57a5ca8a4fc6be96e2ee9ba71b	2b199520fa3cc116e267fcd4e751150f48f3c236b044b4062b552c718d64bfde	logs/tamarin-m4-hmac-dedup/composite-summary.txt	740666a3abd6937b52818d0f4acaf8ea0d023c58	85d681ed0837898e96fc92d3bfabcd9b362398d48209803a0a14733e7f2b3c73
tam-fixed-impact-same_message_accepted_at_most_once	tamarin-prover	fixed-impact	same_message_accepted_at_most_once	verified	committed-git	run1	run1	logs/tamarin-m4-hmac-dedup/source-run1/proofs/fixed-impact/same_message_accepted_at_most_once.out	e9c2ada5a578d64d95bec81f2880cc2c7cc6fefc	c9711bb24c9e975772b0e4f2a682e752b304a3f84bc74c76aa9c89e6dce11415	logs/tamarin-m4-hmac-dedup/composite-summary.txt	740666a3abd6937b52818d0f4acaf8ea0d023c58	85d681ed0837898e96fc92d3bfabcd9b362398d48209803a0a14733e7f2b3c73
tam-fixed-impact-full_message_unique_send	tamarin-prover	fixed-impact	full_message_unique_send	verified	committed-git	run1	run1	logs/tamarin-m4-hmac-dedup/source-run1/proofs/fixed-impact/full_message_unique_send.out	b5366609a156bf642ac680d06f525f4f970ea979	b622087be7a07765229ee2e4fc2c3d9ebcfc125738d9c7b94674cb3ff7675b67	logs/tamarin-m4-hmac-dedup/composite-summary.txt	740666a3abd6937b52818d0f4acaf8ea0d023c58	85d681ed0837898e96fc92d3bfabcd9b362398d48209803a0a14733e7f2b3c73
tam-fixed-impact-receiver_accept_has_sender	tamarin-prover	fixed-impact	receiver_accept_has_sender	verified	committed-git	run1	run1	logs/tamarin-m4-hmac-dedup/source-run1/proofs/fixed-impact/receiver_accept_has_sender.out	dbb24ffbeee0117969481d1c9632f70c969e5f24	d4a9d9de64c1d86163117aca02b0cb255f85442eef3bca3b90478bf88214131f	logs/tamarin-m4-hmac-dedup/composite-summary.txt	740666a3abd6937b52818d0f4acaf8ea0d023c58	85d681ed0837898e96fc92d3bfabcd9b362398d48209803a0a14733e7f2b3c73
tam-fixed-impact-injective_receiver_accept	tamarin-prover	fixed-impact	injective_receiver_accept	verified	committed-git	run1	run1	logs/tamarin-m4-hmac-dedup/source-run1/proofs/fixed-impact/injective_receiver_accept.out	832fa352feedb8c832d4cc9aae42d67d3dc8ddbe	e71b6f1d0342a50e07d578d25b27e6543740398511e3df4c747332b58d7a96ec	logs/tamarin-m4-hmac-dedup/composite-summary.txt	740666a3abd6937b52818d0f4acaf8ea0d023c58	85d681ed0837898e96fc92d3bfabcd9b362398d48209803a0a14733e7f2b3c73
tam-fixed-impact-slot_indices_distinct	tamarin-prover	fixed-impact	slot_indices_distinct	verified	committed-git	run1	run1	logs/tamarin-m4-hmac-dedup/source-run1/proofs/fixed-impact/slot_indices_distinct.out	2a18ea9fd519ff4848bba76434a07c39f86e7cf8	f6b371eb28b277aebbff17518530612076ad30d53add320d318690ab217df3c2	logs/tamarin-m4-hmac-dedup/composite-summary.txt	740666a3abd6937b52818d0f4acaf8ea0d023c58	85d681ed0837898e96fc92d3bfabcd9b362398d48209803a0a14733e7f2b3c73
tam-fixed-impact-process_requires_slot_added	tamarin-prover	fixed-impact	process_requires_slot_added	verified	committed-git	run1	run1	logs/tamarin-m4-hmac-dedup/source-run1/proofs/fixed-impact/process_requires_slot_added.out	ad4c0ee8027dda9854323a3899979be3d53c09fb	fc8eab6dace4e493492b631c5ab762367d31c432e370a2eb2c797280940995a7	logs/tamarin-m4-hmac-dedup/composite-summary.txt	740666a3abd6937b52818d0f4acaf8ea0d023c58	85d681ed0837898e96fc92d3bfabcd9b362398d48209803a0a14733e7f2b3c73
tam-fixed-impact-process_requires_seal	tamarin-prover	fixed-impact	process_requires_seal	verified	committed-git	run1	run1	logs/tamarin-m4-hmac-dedup/source-run1/proofs/fixed-impact/process_requires_seal.out	ee8d2abbde6a7808b6033e7db92165f08ae26c72	572139da8f0ee8feb22ee68bc695c0d2880b038a78e3785751ff932cb2e78ee3	logs/tamarin-m4-hmac-dedup/composite-summary.txt	740666a3abd6937b52818d0f4acaf8ea0d023c58	85d681ed0837898e96fc92d3bfabcd9b362398d48209803a0a14733e7f2b3c73
tam-fixed-impact-complete_requires_all_slots_processed	tamarin-prover	fixed-impact	complete_requires_all_slots_processed	verified	committed-git	run1	run1	logs/tamarin-m4-hmac-dedup/source-run1/proofs/fixed-impact/complete_requires_all_slots_processed.out	d75d29a23b0fc73c7cd82a33cc647a929b0ccdd4	dae15139945454713364b9ffb6c911bf7fb23d4560ccf8baac3d70fa8d0f9711	logs/tamarin-m4-hmac-dedup/composite-summary.txt	740666a3abd6937b52818d0f4acaf8ea0d023c58	85d681ed0837898e96fc92d3bfabcd9b362398d48209803a0a14733e7f2b3c73
tam-fixed-impact-no_add_after_seal	tamarin-prover	fixed-impact	no_add_after_seal	verified	committed-git	run1	run1	logs/tamarin-m4-hmac-dedup/source-run1/proofs/fixed-impact/no_add_after_seal.out	2b05b45880ca7c6c511fe33f38c6f0a0890b057a	2af84a6102afe41239823471b863dcd66392e7ea033d7eec489b26d669a66a03	logs/tamarin-m4-hmac-dedup/composite-summary.txt	740666a3abd6937b52818d0f4acaf8ea0d023c58	85d681ed0837898e96fc92d3bfabcd9b362398d48209803a0a14733e7f2b3c73
tam-fixed-impact-no_accept_after_close	tamarin-prover	fixed-impact	no_accept_after_close	verified	committed-git	run1	run1	logs/tamarin-m4-hmac-dedup/source-run1/proofs/fixed-impact/no_accept_after_close.out	fe405d98cd7b732bf4e7ae81079f64d8e39d9e06	5632f505d68069919962228588b5aef7a77dc897f055253c71930f9262c8edc6	logs/tamarin-m4-hmac-dedup/composite-summary.txt	740666a3abd6937b52818d0f4acaf8ea0d023c58	85d681ed0837898e96fc92d3bfabcd9b362398d48209803a0a14733e7f2b3c73
tam-fixed-impact-batch_complete_consumes_state	tamarin-prover	fixed-impact	batch_complete_consumes_state	verified	committed-git	run1	run1	logs/tamarin-m4-hmac-dedup/source-run1/proofs/fixed-impact/batch_complete_consumes_state.out	9788873b1bb5cf42ef17631ae7d0aa31aa3ddf8d	3aeeba67f9cf02264190c4d5ac0b05357b240e540255fb765b7ac61038c9b9fe	logs/tamarin-m4-hmac-dedup/composite-summary.txt	740666a3abd6937b52818d0f4acaf8ea0d023c58	85d681ed0837898e96fc92d3bfabcd9b362398d48209803a0a14733e7f2b3c73
tam-fixed-impact-batch_fail_consumes_state	tamarin-prover	fixed-impact	batch_fail_consumes_state	verified	committed-git	run1	run1	logs/tamarin-m4-hmac-dedup/source-run1/proofs/fixed-impact/batch_fail_consumes_state.out	aae8cff45578ecc7d558c9476dd2b970de8a3967	32b6870278275f305476127110e7d484789f1a02a28b9a04739e94ef24e1f05e	logs/tamarin-m4-hmac-dedup/composite-summary.txt	740666a3abd6937b52818d0f4acaf8ea0d023c58	85d681ed0837898e96fc92d3bfabcd9b362398d48209803a0a14733e7f2b3c73
tam-fixed-impact-batch_end_token_single_use	tamarin-prover	fixed-impact	batch_end_token_single_use	verified	committed-git	run1	run1	logs/tamarin-m4-hmac-dedup/source-run1/proofs/fixed-impact/batch_end_token_single_use.out	50147fa069810e6ac214cfc380c6ad6906bf7084	91527269f3ffc309c8bfef0ad264b00d80a134845ac089794353daa832030497	logs/tamarin-m4-hmac-dedup/composite-summary.txt	740666a3abd6937b52818d0f4acaf8ea0d023c58	85d681ed0837898e96fc92d3bfabcd9b362398d48209803a0a14733e7f2b3c73
tam-fixed-impact-receiver_state_single_batch	tamarin-prover	fixed-impact	receiver_state_single_batch	verified	committed-git	run1	run1	logs/tamarin-m4-hmac-dedup/source-run1/proofs/fixed-impact/receiver_state_single_batch.out	1a58c0f935596e99ff6894ba231c61d529cb411c	6cf8cb4d256edc9e464972021532f1efc59bf78b2bd3eee4abf9810fb60c3a57	logs/tamarin-m4-hmac-dedup/composite-summary.txt	740666a3abd6937b52818d0f4acaf8ea0d023c58	85d681ed0837898e96fc92d3bfabcd9b362398d48209803a0a14733e7f2b3c73
tam-fixed-impact-receiver_state_single_batch_end	tamarin-prover	fixed-impact	receiver_state_single_batch_end	verified	committed-git	run1	run1	logs/tamarin-m4-hmac-dedup/source-run1/proofs/fixed-impact/receiver_state_single_batch_end.out	6a4e716cf7f23eb126f95ff942f414ff09450628	882ab67fbe1e617e329b5905e1b0c841d708818c3969db95565db5a12ca49fcd	logs/tamarin-m4-hmac-dedup/composite-summary.txt	740666a3abd6937b52818d0f4acaf8ea0d023c58	85d681ed0837898e96fc92d3bfabcd9b362398d48209803a0a14733e7f2b3c73
tam-fixed-impact-duplicate_batch_fail_exists	tamarin-prover	fixed-impact	duplicate_batch_fail_exists	verified	committed-git	run1	run1	logs/tamarin-m4-hmac-dedup/source-run1/proofs/fixed-impact/duplicate_batch_fail_exists.out	188ae1a1628372b0ef467424815acac45a012def	4fa78b00513bbeadf4c8db9d991e4584abf18c570f6b7012fe489919241b914a	logs/tamarin-m4-hmac-dedup/composite-summary.txt	740666a3abd6937b52818d0f4acaf8ea0d023c58	85d681ed0837898e96fc92d3bfabcd9b362398d48209803a0a14733e7f2b3c73
tam-fixed-impact-duplicate_detected_before_any_accept	tamarin-prover	fixed-impact	duplicate_detected_before_any_accept	verified	committed-git	run1	run1	logs/tamarin-m4-hmac-dedup/source-run1/proofs/fixed-impact/duplicate_detected_before_any_accept.out	e480523736404de1a40dd8b96bec3ebc72cce270	08c24884581beefb0e01958875b19abff1a18806b12d35a7fd3f0297728f2911	logs/tamarin-m4-hmac-dedup/composite-summary.txt	740666a3abd6937b52818d0f4acaf8ea0d023c58	85d681ed0837898e96fc92d3bfabcd9b362398d48209803a0a14733e7f2b3c73
tam-fixed-impact-duplicate_batch_has_no_accept	tamarin-prover	fixed-impact	duplicate_batch_has_no_accept	verified	committed-git	run1	run1	logs/tamarin-m4-hmac-dedup/source-run1/proofs/fixed-impact/duplicate_batch_has_no_accept.out	852cddc1dadcd6c2e23f52dbf1da5b86376af126	0ce9e49ba1ef81b1a5153526e316336f19a728e7c25c5574b54036184fd5af9a	logs/tamarin-m4-hmac-dedup/composite-summary.txt	740666a3abd6937b52818d0f4acaf8ea0d023c58	85d681ed0837898e96fc92d3bfabcd9b362398d48209803a0a14733e7f2b3c73
tam-fixed-impact-duplicate_batch_has_no_accept_output	tamarin-prover	fixed-impact	duplicate_batch_has_no_accept_output	verified	committed-git	run1	run1	logs/tamarin-m4-hmac-dedup/source-run1/proofs/fixed-impact/duplicate_batch_has_no_accept_output.out	662934fd1ec8634721881077fa94c96a9002f1d4	16e90d4ebab161bc3e928ad653ca4fbc1127439be67325f79a73438e35be064b	logs/tamarin-m4-hmac-dedup/composite-summary.txt	740666a3abd6937b52818d0f4acaf8ea0d023c58	85d681ed0837898e96fc92d3bfabcd9b362398d48209803a0a14733e7f2b3c73
tam-fixed-impact-duplicate_batch_has_no_install	tamarin-prover	fixed-impact	duplicate_batch_has_no_install	verified	committed-git	run1	run1	logs/tamarin-m4-hmac-dedup/source-run1/proofs/fixed-impact/duplicate_batch_has_no_install.out	2ff902529b81dfada3678724ee0bf55a485d016e	e7dd4cab820d46234b2163da1083a8991bd4605f10fb1bb7fc6ec3a82f40d510	logs/tamarin-m4-hmac-dedup/composite-summary.txt	740666a3abd6937b52818d0f4acaf8ea0d023c58	85d681ed0837898e96fc92d3bfabcd9b362398d48209803a0a14733e7f2b3c73
tam-fixed-impact-process_requires_dedup_pass	tamarin-prover	fixed-impact	process_requires_dedup_pass	verified	committed-git	run1	run1	logs/tamarin-m4-hmac-dedup/source-run1/proofs/fixed-impact/process_requires_dedup_pass.out	4571a72fb8e985a3332a36df7a5d199fc40ab1a4	6055ff07e6c9010be967b5cd4e2c168ad320cbac005de85269327d7230acf608	logs/tamarin-m4-hmac-dedup/composite-summary.txt	740666a3abd6937b52818d0f4acaf8ea0d023c58	85d681ed0837898e96fc92d3bfabcd9b362398d48209803a0a14733e7f2b3c73
tam-fixed-impact-dedup_pass_messages_distinct	tamarin-prover	fixed-impact	dedup_pass_messages_distinct	verified	committed-git	run1	run1	logs/tamarin-m4-hmac-dedup/source-run1/proofs/fixed-impact/dedup_pass_messages_distinct.out	81ea378139b66159bf761b1a81791474a0825d50	34a5e0f75534ce86c896668276f8e7a6c7d8d7af88c54b1a6c73ce0fd6d09e8c	logs/tamarin-m4-hmac-dedup/composite-summary.txt	740666a3abd6937b52818d0f4acaf8ea0d023c58	85d681ed0837898e96fc92d3bfabcd9b362398d48209803a0a14733e7f2b3c73
tam-fixed-impact-dedup_decision_single_use	tamarin-prover	fixed-impact	dedup_decision_single_use	verified	committed-git	run1	run1	logs/tamarin-m4-hmac-dedup/source-run1/proofs/fixed-impact/dedup_decision_single_use.out	0db4c8174e81519ca25ec400fe1ebe6c8992bc6f	389cdb193d903110e8c3d6a2224cfa04474cc14c84b2e7b00c74bf09e26311f1	logs/tamarin-m4-hmac-dedup/composite-summary.txt	740666a3abd6937b52818d0f4acaf8ea0d023c58	85d681ed0837898e96fc92d3bfabcd9b362398d48209803a0a14733e7f2b3c73
tam-fixed-impact-dedup_outcomes_exclusive	tamarin-prover	fixed-impact	dedup_outcomes_exclusive	verified	committed-git	run1	run1	logs/tamarin-m4-hmac-dedup/source-run1/proofs/fixed-impact/dedup_outcomes_exclusive.out	302001484909a6f2d0e664ccb21204993818482a	d28be9268e9191e366445d9a002f456ca61ad8269a56a0b1e91e4b37ab01ddac	logs/tamarin-m4-hmac-dedup/composite-summary.txt	740666a3abd6937b52818d0f4acaf8ea0d023c58	85d681ed0837898e96fc92d3bfabcd9b362398d48209803a0a14733e7f2b3c73
tam-fixed-impact-normal_distinct_batch_complete	tamarin-prover	fixed-impact	normal_distinct_batch_complete	verified	committed-git	run1	run1	logs/tamarin-m4-hmac-dedup/source-run1/proofs/fixed-impact/normal_distinct_batch_complete.out	a487280f51c74e6ecf1dcb99fda8a350d720a325	101c4a2280daaa35173a90a389d62ea363af56418a69a3db68c90ca77b9da2ab	logs/tamarin-m4-hmac-dedup/composite-summary.txt	740666a3abd6937b52818d0f4acaf8ea0d023c58	85d681ed0837898e96fc92d3bfabcd9b362398d48209803a0a14733e7f2b3c73
tam-fixed-impact-normal_distinct_consumer_complete	tamarin-prover	fixed-impact	normal_distinct_consumer_complete	verified	committed-git	run1	run1	logs/tamarin-m4-hmac-dedup/source-run1/proofs/fixed-impact/normal_distinct_consumer_complete.out	17fc1cf9f6633b10e8875713976eb098bd569d70	7def63ef566e31bd63b1b20f8a6240793a56098d999c128c5e2a31f17ef76b93	logs/tamarin-m4-hmac-dedup/composite-summary.txt	740666a3abd6937b52818d0f4acaf8ea0d023c58	85d681ed0837898e96fc92d3bfabcd9b362398d48209803a0a14733e7f2b3c73
tam-fixed-impact-normal_distinct_fail_slot1_exists	tamarin-prover	fixed-impact	normal_distinct_fail_slot1_exists	verified	committed-git	run1	run1	logs/tamarin-m4-hmac-dedup/source-run1/proofs/fixed-impact/normal_distinct_fail_slot1_exists.out	87d280b9a1bc317573465f88bd42e6366a6c0379	1b83f69b67ec72c63a21de165e81b31743301633a74d965e5e89f6d041455110	logs/tamarin-m4-hmac-dedup/composite-summary.txt	740666a3abd6937b52818d0f4acaf8ea0d023c58	85d681ed0837898e96fc92d3bfabcd9b362398d48209803a0a14733e7f2b3c73
tam-fixed-impact-normal_distinct_fail_slot2_exists	tamarin-prover	fixed-impact	normal_distinct_fail_slot2_exists	verified	committed-git	run1	run1	logs/tamarin-m4-hmac-dedup/source-run1/proofs/fixed-impact/normal_distinct_fail_slot2_exists.out	73daf2547f38e5cfe97ea3c8733a6c5e5e18ba07	52f610a695e26f03c70d8c71d9b010023d05d1266ded7b489e762807bccaab8b	logs/tamarin-m4-hmac-dedup/composite-summary.txt	740666a3abd6937b52818d0f4acaf8ea0d023c58	85d681ed0837898e96fc92d3bfabcd9b362398d48209803a0a14733e7f2b3c73
tam-fixed-impact-batch_fail_complete_exclusive	tamarin-prover	fixed-impact	batch_fail_complete_exclusive	verified	committed-git	run1	run1	logs/tamarin-m4-hmac-dedup/source-run1/proofs/fixed-impact/batch_fail_complete_exclusive.out	6ab83aa2b75823d8bb63c92cc10d810b9f263756	be3a7a4ce7667f0158338998fe3077ebdcb194bf814e1fcf497f971ec609e983	logs/tamarin-m4-hmac-dedup/composite-summary.txt	740666a3abd6937b52818d0f4acaf8ea0d023c58	85d681ed0837898e96fc92d3bfabcd9b362398d48209803a0a14733e7f2b3c73
tam-fixed-impact-state_consumed_on_duplicate_fail	tamarin-prover	fixed-impact	state_consumed_on_duplicate_fail	verified	committed-git	run1	run1	logs/tamarin-m4-hmac-dedup/source-run1/proofs/fixed-impact/state_consumed_on_duplicate_fail.out	a12706c60bb961540834f2cfaa750461ee7b64d1	b2efabfb374b02e16c1db76312a160f536489148b84afcbf3c0858d82813f2a1	logs/tamarin-m4-hmac-dedup/composite-summary.txt	740666a3abd6937b52818d0f4acaf8ea0d023c58	85d681ed0837898e96fc92d3bfabcd9b362398d48209803a0a14733e7f2b3c73
tam-fixed-impact-no_consumer_after_failed_batch	tamarin-prover	fixed-impact	no_consumer_after_failed_batch	verified	committed-git	run1	run1	logs/tamarin-m4-hmac-dedup/source-run1/proofs/fixed-impact/no_consumer_after_failed_batch.out	fdc27d59d3c4156d7efa459dfa9791430cffbb2f	e99bd327665ac8b6797a29a1dda6af32864acd5d43c001139204380066f36788	logs/tamarin-m4-hmac-dedup/composite-summary.txt	740666a3abd6937b52818d0f4acaf8ea0d023c58	85d681ed0837898e96fc92d3bfabcd9b362398d48209803a0a14733e7f2b3c73
tam-v6-executable_add_slot	tamarin-prover	v6	executable_add_slot	verified	committed-git	run1	run1	logs/tamarin-m4-hmac-dedup/source-run1/proofs/v6/executable_add_slot.out	4af053e5bc315e06841924628bb9552a084d10d1	6e7ddf8194be4aa8974bf6d6c016a6e9c4188c6720915799bf9f701b0d644175	logs/tamarin-m4-hmac-dedup/composite-summary.txt	740666a3abd6937b52818d0f4acaf8ea0d023c58	85d681ed0837898e96fc92d3bfabcd9b362398d48209803a0a14733e7f2b3c73
tam-v6-executable_seal_batch	tamarin-prover	v6	executable_seal_batch	verified	committed-git	run1	run1	logs/tamarin-m4-hmac-dedup/source-run1/proofs/v6/executable_seal_batch.out	bc43e601596b43af66748559cffa3e7c593739ac	91113e68096d347693a3df5d5c083d38d07e2c1c142b18222e6d151ca8228765	logs/tamarin-m4-hmac-dedup/composite-summary.txt	740666a3abd6937b52818d0f4acaf8ea0d023c58	85d681ed0837898e96fc92d3bfabcd9b362398d48209803a0a14733e7f2b3c73
tam-v6-executable_process_slot	tamarin-prover	v6	executable_process_slot	verified	committed-git	run1	run1	logs/tamarin-m4-hmac-dedup/source-run1/proofs/v6/executable_process_slot.out	41b76e6e53367f4ad904ca7d302cf7cb14afcdee	a3411a61da6aa6e4f8aa5a4ad448002f2aa4f4adfd0bc4baeada397cf5d5ac96	logs/tamarin-m4-hmac-dedup/composite-summary.txt	740666a3abd6937b52818d0f4acaf8ea0d023c58	85d681ed0837898e96fc92d3bfabcd9b362398d48209803a0a14733e7f2b3c73
tam-v6-executable_batch_complete	tamarin-prover	v6	executable_batch_complete	verified	committed-git	run1	run1	logs/tamarin-m4-hmac-dedup/source-run1/proofs/v6/executable_batch_complete.out	6db385e1ed9412816315037e6fabbff307b7f95f	9e3b752434b248028b8ac197bc89d7a8b58c3a500ce40378a4c8b5f93b312aa0	logs/tamarin-m4-hmac-dedup/composite-summary.txt	740666a3abd6937b52818d0f4acaf8ea0d023c58	85d681ed0837898e96fc92d3bfabcd9b362398d48209803a0a14733e7f2b3c73
tam-v6-executable_batch_fail	tamarin-prover	v6	executable_batch_fail	verified	committed-git	run1	run1	logs/tamarin-m4-hmac-dedup/source-run1/proofs/v6/executable_batch_fail.out	c852f525a32c4673bd8f08d58b31e4e75ff154db	fdccaec91b74803377bf9be94f9600b3f982f15ca9f0ed7a711218f5ca051a44	logs/tamarin-m4-hmac-dedup/composite-summary.txt	740666a3abd6937b52818d0f4acaf8ea0d023c58	85d681ed0837898e96fc92d3bfabcd9b362398d48209803a0a14733e7f2b3c73
tam-v6-process_requires_slot_added	tamarin-prover	v6	process_requires_slot_added	verified	committed-git	run1	run1	logs/tamarin-m4-hmac-dedup/source-run1/proofs/v6/process_requires_slot_added.out	42dd3aab48cb5c306f52fa7da8251d2cfb1740d6	3201ad5ec68bf11666a6bc2e3e2f62c800c24a4daad2c88fc61a874e70d33b4f	logs/tamarin-m4-hmac-dedup/composite-summary.txt	740666a3abd6937b52818d0f4acaf8ea0d023c58	85d681ed0837898e96fc92d3bfabcd9b362398d48209803a0a14733e7f2b3c73
tam-v6-process_requires_seal	tamarin-prover	v6	process_requires_seal	verified	committed-git	run1	run1	logs/tamarin-m4-hmac-dedup/source-run1/proofs/v6/process_requires_seal.out	5c5f803984bbf14cefaa799a7ea6cc8fd41a570a	f8921b6086daaf549565197506cd390dac2ad7971e67c27bebf47bbeadd61776	logs/tamarin-m4-hmac-dedup/composite-summary.txt	740666a3abd6937b52818d0f4acaf8ea0d023c58	85d681ed0837898e96fc92d3bfabcd9b362398d48209803a0a14733e7f2b3c73
tam-v6-complete_requires_seal	tamarin-prover	v6	complete_requires_seal	verified	committed-git	run1	run1	logs/tamarin-m4-hmac-dedup/source-run1/proofs/v6/complete_requires_seal.out	c631b901c9fa7362f35a191d0018bc93124c4f85	a3c35809ca6334b6542702b990df9d2b2e666786c065d5fbc7dda1243373272b	logs/tamarin-m4-hmac-dedup/composite-summary.txt	740666a3abd6937b52818d0f4acaf8ea0d023c58	85d681ed0837898e96fc92d3bfabcd9b362398d48209803a0a14733e7f2b3c73
tam-v6-fail_requires_seal	tamarin-prover	v6	fail_requires_seal	verified	committed-git	run1	run1	logs/tamarin-m4-hmac-dedup/source-run1/proofs/v6/fail_requires_seal.out	e50394d6f29c21973ecaaf10eedbb34fedbe305b	276523503add3f48bea3217363e31c1142494607cb58eb363a11d63ea98a5e2f	logs/tamarin-m4-hmac-dedup/composite-summary.txt	740666a3abd6937b52818d0f4acaf8ea0d023c58	85d681ed0837898e96fc92d3bfabcd9b362398d48209803a0a14733e7f2b3c73
tam-v6-batch_complete_consumes_state	tamarin-prover	v6	batch_complete_consumes_state	verified	committed-git	run1	run1	logs/tamarin-m4-hmac-dedup/source-run1/proofs/v6/batch_complete_consumes_state.out	5d6476b0e5900bf49abbe23fcdb8eb91616e6db1	19efa4981677b2b54825d7ff3f29f018abad2e922c336a3e73c700ced2c8b554	logs/tamarin-m4-hmac-dedup/composite-summary.txt	740666a3abd6937b52818d0f4acaf8ea0d023c58	85d681ed0837898e96fc92d3bfabcd9b362398d48209803a0a14733e7f2b3c73
tam-v6-batch_fail_consumes_state	tamarin-prover	v6	batch_fail_consumes_state	verified	committed-git	run1	run1	logs/tamarin-m4-hmac-dedup/source-run1/proofs/v6/batch_fail_consumes_state.out	f50c1b13b0c80ea89dc78d0f217c6be06e5c8f2d	9691bf537c124c14738f1e8ed24ed835e6f3fc305234c5fa31fedcd91b5aad52	logs/tamarin-m4-hmac-dedup/composite-summary.txt	740666a3abd6937b52818d0f4acaf8ea0d023c58	85d681ed0837898e96fc92d3bfabcd9b362398d48209803a0a14733e7f2b3c73
tam-v6-batch_end_token_single_use	tamarin-prover	v6	batch_end_token_single_use	verified	committed-git	run1	run1	logs/tamarin-m4-hmac-dedup/source-run1/proofs/v6/batch_end_token_single_use.out	766195e844367e915722269de41e429cbd7afa28	dd38979a96f6db57b9ebaaa2d4554778a8b02f021565946fe2ce87a224b45fbf	logs/tamarin-m4-hmac-dedup/composite-summary.txt	740666a3abd6937b52818d0f4acaf8ea0d023c58	85d681ed0837898e96fc92d3bfabcd9b362398d48209803a0a14733e7f2b3c73
tam-v6-batch_fail_complete_exclusive	tamarin-prover	v6	batch_fail_complete_exclusive	verified	committed-git	run1	run1	logs/tamarin-m4-hmac-dedup/source-run1/proofs/v6/batch_fail_complete_exclusive.out	e4f2e1c734c56d5378c404abf48335b3b78fbd0a	44799fa1fdc7efcbca8519101a891f816402e0f3f3714af8d31c8f1cd471c978	logs/tamarin-m4-hmac-dedup/composite-summary.txt	740666a3abd6937b52818d0f4acaf8ea0d023c58	85d681ed0837898e96fc92d3bfabcd9b362398d48209803a0a14733e7f2b3c73
tam-v6-slot_origin_without_early_compromise	tamarin-prover	v6	slot_origin_without_early_compromise	verified	committed-git	run1	run1	logs/tamarin-m4-hmac-dedup/source-run1/proofs/v6/slot_origin_without_early_compromise.out	d55e0debd5ae8cee09bb9ec913648284023020a2	28520698966dfa97c1f5bf1973896eedf0b52c2204dde60da614a2196f54c689	logs/tamarin-m4-hmac-dedup/composite-summary.txt	740666a3abd6937b52818d0f4acaf8ea0d023c58	85d681ed0837898e96fc92d3bfabcd9b362398d48209803a0a14733e7f2b3c73
tam-v6-slot_key_known_requires_exception	tamarin-prover	v6	slot_key_known_requires_exception	verified	committed-git	run1	run1	logs/tamarin-m4-hmac-dedup/source-run1/proofs/v6/slot_key_known_requires_exception.out	062b6d95d5d807e43c0b3918015d9cefbdc56d00	d13698253e810e730e00e2db740cb63f5b131273ce348e7179d0ce2f3ced482f	logs/tamarin-m4-hmac-dedup/composite-summary.txt	740666a3abd6937b52818d0f4acaf8ea0d023c58	85d681ed0837898e96fc92d3bfabcd9b362398d48209803a0a14733e7f2b3c73
tam-v6-partnered_slot_key_not_attacker_known_without_early_compromise	tamarin-prover	v6	partnered_slot_key_not_attacker_known_without_early_compromise	verified	committed-git	run1	run1	logs/tamarin-m4-hmac-dedup/source-run1/proofs/v6/partnered_slot_key_not_attacker_known_without_early_compromise.out	9d5158167953b942388986e0c958ab2ccdfc8acf	ba3d00fb39488561180ea028ffee2feade5680c184c49a7c06d98eefe5e204d2	logs/tamarin-m4-hmac-dedup/composite-summary.txt	740666a3abd6937b52818d0f4acaf8ea0d023c58	85d681ed0837898e96fc92d3bfabcd9b362398d48209803a0a14733e7f2b3c73
tam-v7-executable_four_slots_added	tamarin-prover	v7	executable_four_slots_added	verified	committed-git	run1	run1	logs/tamarin-m4-hmac-dedup/source-run1/proofs/v7/executable_four_slots_added.out	fe0486bcbedf5452d98c0645f0133911d945bb22	cb274a64783f626b0ffc9aef98ab8b613bc0c385a1ec041466c833ee90414cea	logs/tamarin-m4-hmac-dedup/composite-summary.txt	740666a3abd6937b52818d0f4acaf8ea0d023c58	85d681ed0837898e96fc92d3bfabcd9b362398d48209803a0a14733e7f2b3c73
tam-v7-executable_seal_batch	tamarin-prover	v7	executable_seal_batch	verified	committed-git	run1	run1	logs/tamarin-m4-hmac-dedup/source-run1/proofs/v7/executable_seal_batch.out	e00d631a315c6008e538891a9263271077044fee	1322a70a5f8411b88f3bdac7c105dc33fea015b8bb6e751ed2860492830f8e28	logs/tamarin-m4-hmac-dedup/composite-summary.txt	740666a3abd6937b52818d0f4acaf8ea0d023c58	85d681ed0837898e96fc92d3bfabcd9b362398d48209803a0a14733e7f2b3c73
tam-v7-executable_four_slots_processed	tamarin-prover	v7	executable_four_slots_processed	verified	committed-git	run1	run1	logs/tamarin-m4-hmac-dedup/source-run1/proofs/v7/executable_four_slots_processed.out	5b3f6ddb05cfb1b8942a2003dc50103af3fdf3cc	ac7a4b7da6b4db778a329e993e7e4055552d390f504eecbb3c15e4e2539a5000	logs/tamarin-m4-hmac-dedup/composite-summary.txt	740666a3abd6937b52818d0f4acaf8ea0d023c58	85d681ed0837898e96fc92d3bfabcd9b362398d48209803a0a14733e7f2b3c73
tam-v7-executable_batch_complete	tamarin-prover	v7	executable_batch_complete	verified	committed-git	run1	run1	logs/tamarin-m4-hmac-dedup/source-run1/proofs/v7/executable_batch_complete.out	5516e3096ad2dcbb767879b292b00d15fd9e1208	764a56762b0346079b56ca55e7f62b78594d852ef15db0524b3bf90b913bf649	logs/tamarin-m4-hmac-dedup/composite-summary.txt	740666a3abd6937b52818d0f4acaf8ea0d023c58	85d681ed0837898e96fc92d3bfabcd9b362398d48209803a0a14733e7f2b3c73
tam-v7-executable_batch_fail	tamarin-prover	v7	executable_batch_fail	verified	committed-git	run1	run1	logs/tamarin-m4-hmac-dedup/source-run1/proofs/v7/executable_batch_fail.out	faed8f32b8bdfac90f94d8696456014d785a9961	9e42905dd1a86cc49a330d6a8a013c369d6f79788922033c8e9f319934ed840b	logs/tamarin-m4-hmac-dedup/composite-summary.txt	740666a3abd6937b52818d0f4acaf8ea0d023c58	85d681ed0837898e96fc92d3bfabcd9b362398d48209803a0a14733e7f2b3c73
tam-v7-seal_requires_all_slots_added	tamarin-prover	v7	seal_requires_all_slots_added	verified	committed-git	run1	run1	logs/tamarin-m4-hmac-dedup/source-run1/proofs/v7/seal_requires_all_slots_added.out	f23c9538a70bb58e4dc9837a2cf32413ed053819	fbd807e8827adcc5b6b5ae7972a12c9417f48ae965ccc7fc9c7b0934e11d6b1d	logs/tamarin-m4-hmac-dedup/composite-summary.txt	740666a3abd6937b52818d0f4acaf8ea0d023c58	85d681ed0837898e96fc92d3bfabcd9b362398d48209803a0a14733e7f2b3c73
tam-v7-process_requires_slot_added	tamarin-prover	v7	process_requires_slot_added	verified	committed-git	run1	run1	logs/tamarin-m4-hmac-dedup/source-run1/proofs/v7/process_requires_slot_added.out	75a6fdb77b3982c2471f9d428323715bfc894a79	1d7569fd721778897587c2a31c0068672cff90c2a278b673e3896389580ca443	logs/tamarin-m4-hmac-dedup/composite-summary.txt	740666a3abd6937b52818d0f4acaf8ea0d023c58	85d681ed0837898e96fc92d3bfabcd9b362398d48209803a0a14733e7f2b3c73
tam-v7-process_requires_seal	tamarin-prover	v7	process_requires_seal	verified	committed-git	run1	run1	logs/tamarin-m4-hmac-dedup/source-run1/proofs/v7/process_requires_seal.out	eb90df5aede7b59672604b829f647aff628f223e	bc21912092212edfc17dcdf786cd6034e00edc571bdf81ce834a45efb828fc92	logs/tamarin-m4-hmac-dedup/composite-summary.txt	740666a3abd6937b52818d0f4acaf8ea0d023c58	85d681ed0837898e96fc92d3bfabcd9b362398d48209803a0a14733e7f2b3c73
tam-v7-complete_requires_seal	tamarin-prover	v7	complete_requires_seal	verified	committed-git	run1	run1	logs/tamarin-m4-hmac-dedup/source-run1/proofs/v7/complete_requires_seal.out	77e41209ba3358a54461baaf422622288969eea1	6b67cbb1b1674e5c4546e9872ffc32a6e323d741c5a527f6ba73b5eb88c5dc19	logs/tamarin-m4-hmac-dedup/composite-summary.txt	740666a3abd6937b52818d0f4acaf8ea0d023c58	85d681ed0837898e96fc92d3bfabcd9b362398d48209803a0a14733e7f2b3c73
tam-v7-fail_requires_seal	tamarin-prover	v7	fail_requires_seal	verified	committed-git	run1	run1	logs/tamarin-m4-hmac-dedup/source-run1/proofs/v7/fail_requires_seal.out	10db114d50475c06695cbb622691dd94ac673496	4f3b1326d2ce6c6dea8f0a875676860c0ce46c0a80d390e0b2142f7ae77d4d26	logs/tamarin-m4-hmac-dedup/composite-summary.txt	740666a3abd6937b52818d0f4acaf8ea0d023c58	85d681ed0837898e96fc92d3bfabcd9b362398d48209803a0a14733e7f2b3c73
tam-v7-complete_requires_all_slots_done	tamarin-prover	v7	complete_requires_all_slots_done	verified	committed-git	run1	run1	logs/tamarin-m4-hmac-dedup/source-run1/proofs/v7/complete_requires_all_slots_done.out	07a5399bdd8f4a7d8f3aebc00066214f72481ba6	314b375d96ce13b4e5abe1b60719c16bb4bae59cfa81eb4804c40cc519a76b37	logs/tamarin-m4-hmac-dedup/composite-summary.txt	740666a3abd6937b52818d0f4acaf8ea0d023c58	85d681ed0837898e96fc92d3bfabcd9b362398d48209803a0a14733e7f2b3c73
tam-v7-complete_requires_all_added_slots_processed	tamarin-prover	v7	complete_requires_all_added_slots_processed	verified	committed-git	run1	run1	logs/tamarin-m4-hmac-dedup/source-run1/proofs/v7/complete_requires_all_added_slots_processed.out	123a6b1bda7fe599c76186a22527b7327ed3f022	7b1db1c314e79f5946c52c81af1fd8ac37119bb05496a10472589ce00446bcb1	logs/tamarin-m4-hmac-dedup/composite-summary.txt	740666a3abd6937b52818d0f4acaf8ea0d023c58	85d681ed0837898e96fc92d3bfabcd9b362398d48209803a0a14733e7f2b3c73
tam-v7-no_add_after_seal	tamarin-prover	v7	no_add_after_seal	verified	committed-git	run1	run1	logs/tamarin-m4-hmac-dedup/source-run1/proofs/v7/no_add_after_seal.out	dd5a415e2f679572da680209989bb904428bcf74	e3b5822d3e1eac803d5e4d5cb67f394310b6e1b1d6517a456290d6901010865d	logs/tamarin-m4-hmac-dedup/composite-summary.txt	740666a3abd6937b52818d0f4acaf8ea0d023c58	85d681ed0837898e96fc92d3bfabcd9b362398d48209803a0a14733e7f2b3c73
tam-v7-no_add_after_complete	tamarin-prover	v7	no_add_after_complete	verified	committed-git	run1	run1	logs/tamarin-m4-hmac-dedup/source-run1/proofs/v7/no_add_after_complete.out	cbc6cba2f769a2163c565c704b1d26c424d0470e	487de5de5011b29b76cd2a867d20b88ba3dfbe4199bd0a2d482c557a042148f1	logs/tamarin-m4-hmac-dedup/composite-summary.txt	740666a3abd6937b52818d0f4acaf8ea0d023c58	85d681ed0837898e96fc92d3bfabcd9b362398d48209803a0a14733e7f2b3c73
tam-v7-no_add_after_fail	tamarin-prover	v7	no_add_after_fail	verified	committed-git	run1	run1	logs/tamarin-m4-hmac-dedup/source-run1/proofs/v7/no_add_after_fail.out	743d86801d750d62499c6970d91cb4f1ae41953e	037bf359346b0b3e3e3659c7dca1292916b45b4201cb7b1b994dce2ddad7372d	logs/tamarin-m4-hmac-dedup/composite-summary.txt	740666a3abd6937b52818d0f4acaf8ea0d023c58	85d681ed0837898e96fc92d3bfabcd9b362398d48209803a0a14733e7f2b3c73
tam-v7-no_slot_accept_after_complete	tamarin-prover	v7	no_slot_accept_after_complete	verified	committed-git	run1	run1	logs/tamarin-m4-hmac-dedup/source-run1/proofs/v7/no_slot_accept_after_complete.out	0ba07636ff2ad1cfeee65b2b05723fafbe939c3c	8c41f7f469082e771347dd4b5dfa60e7518330ad21d18ad190917f095aafe4a8	logs/tamarin-m4-hmac-dedup/composite-summary.txt	740666a3abd6937b52818d0f4acaf8ea0d023c58	85d681ed0837898e96fc92d3bfabcd9b362398d48209803a0a14733e7f2b3c73
tam-v7-no_slot_accept_after_fail	tamarin-prover	v7	no_slot_accept_after_fail	verified	committed-git	run1	run1	logs/tamarin-m4-hmac-dedup/source-run1/proofs/v7/no_slot_accept_after_fail.out	7ebf0cec3042e8e645370f04982982b012d91ba4	e7b2816b621dcc8c71d7c92925d2fc6bf6d70511a8be5c8b322ccb9f05f73c42	logs/tamarin-m4-hmac-dedup/composite-summary.txt	740666a3abd6937b52818d0f4acaf8ea0d023c58	85d681ed0837898e96fc92d3bfabcd9b362398d48209803a0a14733e7f2b3c73
tam-v7-no_slot_accept_after_close	tamarin-prover	v7	no_slot_accept_after_close	verified	committed-git	run1	run1	logs/tamarin-m4-hmac-dedup/source-run1/proofs/v7/no_slot_accept_after_close.out	a019bcf444ea9df77c46b58b1d79888d3a53b281	5b220a8bfd2ef6937b497977d1deea880196d508fb25e5a4bdd3cac17ab8e538	logs/tamarin-m4-hmac-dedup/composite-summary.txt	740666a3abd6937b52818d0f4acaf8ea0d023c58	85d681ed0837898e96fc92d3bfabcd9b362398d48209803a0a14733e7f2b3c73
tam-v7-batch_complete_consumes_state	tamarin-prover	v7	batch_complete_consumes_state	verified	committed-git	run1	run1	logs/tamarin-m4-hmac-dedup/source-run1/proofs/v7/batch_complete_consumes_state.out	58c148ab4722efbf30fa4efe659bd51a95e06e9f	87f6726685608cc0e883da08169cc3202cf5ef30b1d0d5ff08180f68473cf762	logs/tamarin-m4-hmac-dedup/composite-summary.txt	740666a3abd6937b52818d0f4acaf8ea0d023c58	85d681ed0837898e96fc92d3bfabcd9b362398d48209803a0a14733e7f2b3c73
tam-v7-batch_fail_consumes_state	tamarin-prover	v7	batch_fail_consumes_state	verified	committed-git	run1	run1	logs/tamarin-m4-hmac-dedup/source-run1/proofs/v7/batch_fail_consumes_state.out	c947c4698dbd8c4c75a833a988f8cda74505dce6	b897fa4a111e73290419b0ddaf0ac64dcdda2ad882671b39e4d7a645c3f0522e	logs/tamarin-m4-hmac-dedup/composite-summary.txt	740666a3abd6937b52818d0f4acaf8ea0d023c58	85d681ed0837898e96fc92d3bfabcd9b362398d48209803a0a14733e7f2b3c73
tam-v7-batch_end_token_single_use	tamarin-prover	v7	batch_end_token_single_use	verified	committed-git	run1	run1	logs/tamarin-m4-hmac-dedup/source-run1/proofs/v7/batch_end_token_single_use.out	c77699dee482054d3d21f21a83c052774c4288fc	cf069617636bf3c8615b9ce89ee88c008710115151403815e2441f558979cd24	logs/tamarin-m4-hmac-dedup/composite-summary.txt	740666a3abd6937b52818d0f4acaf8ea0d023c58	85d681ed0837898e96fc92d3bfabcd9b362398d48209803a0a14733e7f2b3c73
tam-v7-batch_fail_complete_exclusive	tamarin-prover	v7	batch_fail_complete_exclusive	verified	committed-git	run1	run1	logs/tamarin-m4-hmac-dedup/source-run1/proofs/v7/batch_fail_complete_exclusive.out	acbf05fca062791e7d2612150de5585e01ae84e0	f5a5731410744769e0db4b8571af720fd56da1e17ce9490f5e08c8491e7a4537	logs/tamarin-m4-hmac-dedup/composite-summary.txt	740666a3abd6937b52818d0f4acaf8ea0d023c58	85d681ed0837898e96fc92d3bfabcd9b362398d48209803a0a14733e7f2b3c73
tam-v7-receiver_state_single_batch_end	tamarin-prover	v7	receiver_state_single_batch_end	verified	committed-git	run1	run1	logs/tamarin-m4-hmac-dedup/source-run1/proofs/v7/receiver_state_single_batch_end.out	398e2134db32447d794c6d658944ad2fdc490d41	05a1a129bcf9adae390cb125a9d5789da08e04924e7ab41051f348e40d9e8031	logs/tamarin-m4-hmac-dedup/composite-summary.txt	740666a3abd6937b52818d0f4acaf8ea0d023c58	85d681ed0837898e96fc92d3bfabcd9b362398d48209803a0a14733e7f2b3c73
tam-v7-slot_origin	tamarin-prover	v7	slot_origin	verified	committed-git	run1	run1	logs/tamarin-m4-hmac-dedup/source-run1/proofs/v7/slot_origin.out	e663031eca33653fb74b453296ca33f3615c6b95	b007516757576133fc8f93cbd6c589051825dad6bff610e6d0315568a9036914	logs/tamarin-m4-hmac-dedup/composite-summary.txt	740666a3abd6937b52818d0f4acaf8ea0d023c58	85d681ed0837898e96fc92d3bfabcd9b362398d48209803a0a14733e7f2b3c73
pv-original-baseline-q01	proverif	proverif-original	BASELINE	false	committed-git	prior-committed-proverif	inherited	logs/final/proverif/out/BASELINE.out	684df10a113f9bd1f08f7d49a2ef943316eb851c	c2ebc3bd79b2e1c13e967de01b3440006e8aa4f00fe2496e7f29ab2704255ad8	logs/final/proverif/summary.txt	ff93107cd7911fbd22b66c45391eff2aecf51b9f	""
m4-pv-original-baseline-q01	proverif	proverif-original	BASELINE	not_run_out_of_scope	scope-declaration	not_run_out_of_scope	none				logs/tamarin-m4-hmac-dedup/composite-summary.txt	740666a3abd6937b52818d0f4acaf8ea0d023c58	""
pv-original-baseline-q02	proverif	proverif-original	BASELINE	false	committed-git	prior-committed-proverif	inherited	logs/final/proverif/out/BASELINE.out	684df10a113f9bd1f08f7d49a2ef943316eb851c	c2ebc3bd79b2e1c13e967de01b3440006e8aa4f00fe2496e7f29ab2704255ad8	logs/final/proverif/summary.txt	ff93107cd7911fbd22b66c45391eff2aecf51b9f	""
m4-pv-original-baseline-q02	proverif	proverif-original	BASELINE	not_run_out_of_scope	scope-declaration	not_run_out_of_scope	none				logs/tamarin-m4-hmac-dedup/composite-summary.txt	740666a3abd6937b52818d0f4acaf8ea0d023c58	""
pv-original-baseline-q03	proverif	proverif-original	BASELINE	true	committed-git	prior-committed-proverif	inherited	logs/final/proverif/out/BASELINE.out	684df10a113f9bd1f08f7d49a2ef943316eb851c	c2ebc3bd79b2e1c13e967de01b3440006e8aa4f00fe2496e7f29ab2704255ad8	logs/final/proverif/summary.txt	ff93107cd7911fbd22b66c45391eff2aecf51b9f	""
m4-pv-original-baseline-q03	proverif	proverif-original	BASELINE	not_run_out_of_scope	scope-declaration	not_run_out_of_scope	none				logs/tamarin-m4-hmac-dedup/composite-summary.txt	740666a3abd6937b52818d0f4acaf8ea0d023c58	""
pv-original-baseline-q04	proverif	proverif-original	BASELINE	true	committed-git	prior-committed-proverif	inherited	logs/final/proverif/out/BASELINE.out	684df10a113f9bd1f08f7d49a2ef943316eb851c	c2ebc3bd79b2e1c13e967de01b3440006e8aa4f00fe2496e7f29ab2704255ad8	logs/final/proverif/summary.txt	ff93107cd7911fbd22b66c45391eff2aecf51b9f	""
m4-pv-original-baseline-q04	proverif	proverif-original	BASELINE	not_run_out_of_scope	scope-declaration	not_run_out_of_scope	none				logs/tamarin-m4-hmac-dedup/composite-summary.txt	740666a3abd6937b52818d0f4acaf8ea0d023c58	""
pv-original-baseline-q05	proverif	proverif-original	BASELINE	true	committed-git	prior-committed-proverif	inherited	logs/final/proverif/out/BASELINE.out	684df10a113f9bd1f08f7d49a2ef943316eb851c	c2ebc3bd79b2e1c13e967de01b3440006e8aa4f00fe2496e7f29ab2704255ad8	logs/final/proverif/summary.txt	ff93107cd7911fbd22b66c45391eff2aecf51b9f	""
m4-pv-original-baseline-q05	proverif	proverif-original	BASELINE	not_run_out_of_scope	scope-declaration	not_run_out_of_scope	none				logs/tamarin-m4-hmac-dedup/composite-summary.txt	740666a3abd6937b52818d0f4acaf8ea0d023c58	""
pv-original-baseline-q06	proverif	proverif-original	BASELINE	true	committed-git	prior-committed-proverif	inherited	logs/final/proverif/out/BASELINE.out	684df10a113f9bd1f08f7d49a2ef943316eb851c	c2ebc3bd79b2e1c13e967de01b3440006e8aa4f00fe2496e7f29ab2704255ad8	logs/final/proverif/summary.txt	ff93107cd7911fbd22b66c45391eff2aecf51b9f	""
m4-pv-original-baseline-q06	proverif	proverif-original	BASELINE	not_run_out_of_scope	scope-declaration	not_run_out_of_scope	none				logs/tamarin-m4-hmac-dedup/composite-summary.txt	740666a3abd6937b52818d0f4acaf8ea0d023c58	""
pv-original-component-q01	proverif	proverif-original	COMPONENT	true	committed-git	prior-committed-proverif	inherited	logs/final/proverif/out/COMPONENT.out	2713ce2505891cd1e9ce78e5b5405e1fd2f7e565	f66d83e4faed34237987d68363e23533cd0db2bca4660750ed41238cfe6eccc6	logs/final/proverif/summary.txt	ff93107cd7911fbd22b66c45391eff2aecf51b9f	""
m4-pv-original-component-q01	proverif	proverif-original	COMPONENT	not_run_out_of_scope	scope-declaration	not_run_out_of_scope	none				logs/tamarin-m4-hmac-dedup/composite-summary.txt	740666a3abd6937b52818d0f4acaf8ea0d023c58	""
pv-original-exception_choice-q01	proverif	proverif-original	EXCEPTION_CHOICE	false	committed-git	prior-committed-proverif	inherited	logs/final/proverif/out/EXCEPTION_CHOICE.out	52b85934521187bf88da3fcda9145465f9d18a38	40c5ba1212d60d30928934004bcdfd1acd14b853f7523b393b3e583c2395e695	logs/final/proverif/summary.txt	ff93107cd7911fbd22b66c45391eff2aecf51b9f	""
pv-original-exception_choice-q02	proverif	proverif-original	EXCEPTION_CHOICE	false	committed-git	prior-committed-proverif	inherited	logs/final/proverif/out/EXCEPTION_CHOICE.out	52b85934521187bf88da3fcda9145465f9d18a38	40c5ba1212d60d30928934004bcdfd1acd14b853f7523b393b3e583c2395e695	logs/final/proverif/summary.txt	ff93107cd7911fbd22b66c45391eff2aecf51b9f	""
pv-original-exception_choice-q03	proverif	proverif-original	EXCEPTION_CHOICE	true	committed-git	prior-committed-proverif	inherited	logs/final/proverif/out/EXCEPTION_CHOICE.out	52b85934521187bf88da3fcda9145465f9d18a38	40c5ba1212d60d30928934004bcdfd1acd14b853f7523b393b3e583c2395e695	logs/final/proverif/summary.txt	ff93107cd7911fbd22b66c45391eff2aecf51b9f	""
pv-original-exception_choice-q04	proverif	proverif-original	EXCEPTION_CHOICE	true	committed-git	prior-committed-proverif	inherited	logs/final/proverif/out/EXCEPTION_CHOICE.out	52b85934521187bf88da3fcda9145465f9d18a38	40c5ba1212d60d30928934004bcdfd1acd14b853f7523b393b3e583c2395e695	logs/final/proverif/summary.txt	ff93107cd7911fbd22b66c45391eff2aecf51b9f	""
pv-original-exception_choice-q05	proverif	proverif-original	EXCEPTION_CHOICE	false	committed-git	prior-committed-proverif	inherited	logs/final/proverif/out/EXCEPTION_CHOICE.out	52b85934521187bf88da3fcda9145465f9d18a38	40c5ba1212d60d30928934004bcdfd1acd14b853f7523b393b3e583c2395e695	logs/final/proverif/summary.txt	ff93107cd7911fbd22b66c45391eff2aecf51b9f	""
pv-original-exception_choice-q06	proverif	proverif-original	EXCEPTION_CHOICE	false	committed-git	prior-committed-proverif	inherited	logs/final/proverif/out/EXCEPTION_CHOICE.out	52b85934521187bf88da3fcda9145465f9d18a38	40c5ba1212d60d30928934004bcdfd1acd14b853f7523b393b3e583c2395e695	logs/final/proverif/summary.txt	ff93107cd7911fbd22b66c45391eff2aecf51b9f	""
pv-original-exception_choice-q07	proverif	proverif-original	EXCEPTION_CHOICE	true	committed-git	prior-committed-proverif	inherited	logs/final/proverif/out/EXCEPTION_CHOICE.out	52b85934521187bf88da3fcda9145465f9d18a38	40c5ba1212d60d30928934004bcdfd1acd14b853f7523b393b3e583c2395e695	logs/final/proverif/summary.txt	ff93107cd7911fbd22b66c45391eff2aecf51b9f	""
pv-original-receiver_exception_classification-q01	proverif	proverif-original	RECEIVER_EXCEPTION_CLASSIFICATION	true	committed-git	prior-committed-proverif	inherited	logs/final/proverif/out/RECEIVER_EXCEPTION_CLASSIFICATION.out	06be1bd2d38856bd0a15bcea66ab6a20d77e1f0b	a1363ef586580f607513fe2bcd5eaae69c2b97c124cda7bbb4b9700f6b3de1d4	logs/final/proverif/summary.txt	ff93107cd7911fbd22b66c45391eff2aecf51b9f	""
pv-original-receiver_exception_classification-q02	proverif	proverif-original	RECEIVER_EXCEPTION_CLASSIFICATION	false	committed-git	prior-committed-proverif	inherited	logs/final/proverif/out/RECEIVER_EXCEPTION_CLASSIFICATION.out	06be1bd2d38856bd0a15bcea66ab6a20d77e1f0b	a1363ef586580f607513fe2bcd5eaae69c2b97c124cda7bbb4b9700f6b3de1d4	logs/final/proverif/summary.txt	ff93107cd7911fbd22b66c45391eff2aecf51b9f	""
pv-original-leak_sigsk_a-q01	proverif	proverif-original	LEAK_SIGSK_A	false	committed-git	prior-committed-proverif	inherited	logs/final/proverif/out/LEAK_SIGSK_A.out	ceef57c278891da6df5cf6bca3e855e280c9b5a5	1a2653b8dd25320a8ead0f64b043f13ee6e5722d4b5855324e2467c57f66793c	logs/final/proverif/summary.txt	ff93107cd7911fbd22b66c45391eff2aecf51b9f	""
pv-original-leak_sigsk_a-q02	proverif	proverif-original	LEAK_SIGSK_A	false	committed-git	prior-committed-proverif	inherited	logs/final/proverif/out/LEAK_SIGSK_A.out	ceef57c278891da6df5cf6bca3e855e280c9b5a5	1a2653b8dd25320a8ead0f64b043f13ee6e5722d4b5855324e2467c57f66793c	logs/final/proverif/summary.txt	ff93107cd7911fbd22b66c45391eff2aecf51b9f	""
pv-original-leak_sigsk_a-q03	proverif	proverif-original	LEAK_SIGSK_A	true	committed-git	prior-committed-proverif	inherited	logs/final/proverif/out/LEAK_SIGSK_A.out	ceef57c278891da6df5cf6bca3e855e280c9b5a5	1a2653b8dd25320a8ead0f64b043f13ee6e5722d4b5855324e2467c57f66793c	logs/final/proverif/summary.txt	ff93107cd7911fbd22b66c45391eff2aecf51b9f	""
pv-original-leak_sigsk_a-q04	proverif	proverif-original	LEAK_SIGSK_A	true	committed-git	prior-committed-proverif	inherited	logs/final/proverif/out/LEAK_SIGSK_A.out	ceef57c278891da6df5cf6bca3e855e280c9b5a5	1a2653b8dd25320a8ead0f64b043f13ee6e5722d4b5855324e2467c57f66793c	logs/final/proverif/summary.txt	ff93107cd7911fbd22b66c45391eff2aecf51b9f	""
pv-original-leak_sigsk_a-q05	proverif	proverif-original	LEAK_SIGSK_A	true	committed-git	prior-committed-proverif	inherited	logs/final/proverif/out/LEAK_SIGSK_A.out	ceef57c278891da6df5cf6bca3e855e280c9b5a5	1a2653b8dd25320a8ead0f64b043f13ee6e5722d4b5855324e2467c57f66793c	logs/final/proverif/summary.txt	ff93107cd7911fbd22b66c45391eff2aecf51b9f	""
pv-original-leak_sigsk_a-q06	proverif	proverif-original	LEAK_SIGSK_A	false	committed-git	prior-committed-proverif	inherited	logs/final/proverif/out/LEAK_SIGSK_A.out	ceef57c278891da6df5cf6bca3e855e280c9b5a5	1a2653b8dd25320a8ead0f64b043f13ee6e5722d4b5855324e2467c57f66793c	logs/final/proverif/summary.txt	ff93107cd7911fbd22b66c45391eff2aecf51b9f	""
pv-original-leak_sigsk_b-q01	proverif	proverif-original	LEAK_SIGSK_B	false	committed-git	prior-committed-proverif	inherited	logs/final/proverif/out/LEAK_SIGSK_B.out	556a58ddbece2302501a252569bb4b9da6bb32ba	f6c37328c6766a888bc19b59964252148c7becedae9358fd7038c360ff911c37	logs/final/proverif/summary.txt	ff93107cd7911fbd22b66c45391eff2aecf51b9f	""
pv-original-leak_sigsk_b-q02	proverif	proverif-original	LEAK_SIGSK_B	false	committed-git	prior-committed-proverif	inherited	logs/final/proverif/out/LEAK_SIGSK_B.out	556a58ddbece2302501a252569bb4b9da6bb32ba	f6c37328c6766a888bc19b59964252148c7becedae9358fd7038c360ff911c37	logs/final/proverif/summary.txt	ff93107cd7911fbd22b66c45391eff2aecf51b9f	""
pv-original-leak_sigsk_b-q03	proverif	proverif-original	LEAK_SIGSK_B	true	committed-git	prior-committed-proverif	inherited	logs/final/proverif/out/LEAK_SIGSK_B.out	556a58ddbece2302501a252569bb4b9da6bb32ba	f6c37328c6766a888bc19b59964252148c7becedae9358fd7038c360ff911c37	logs/final/proverif/summary.txt	ff93107cd7911fbd22b66c45391eff2aecf51b9f	""
pv-original-leak_sigsk_b-q04	proverif	proverif-original	LEAK_SIGSK_B	true	committed-git	prior-committed-proverif	inherited	logs/final/proverif/out/LEAK_SIGSK_B.out	556a58ddbece2302501a252569bb4b9da6bb32ba	f6c37328c6766a888bc19b59964252148c7becedae9358fd7038c360ff911c37	logs/final/proverif/summary.txt	ff93107cd7911fbd22b66c45391eff2aecf51b9f	""
pv-original-leak_sigsk_b-q05	proverif	proverif-original	LEAK_SIGSK_B	true	committed-git	prior-committed-proverif	inherited	logs/final/proverif/out/LEAK_SIGSK_B.out	556a58ddbece2302501a252569bb4b9da6bb32ba	f6c37328c6766a888bc19b59964252148c7becedae9358fd7038c360ff911c37	logs/final/proverif/summary.txt	ff93107cd7911fbd22b66c45391eff2aecf51b9f	""
pv-original-leak_sigsk_b-q06	proverif	proverif-original	LEAK_SIGSK_B	true	committed-git	prior-committed-proverif	inherited	logs/final/proverif/out/LEAK_SIGSK_B.out	556a58ddbece2302501a252569bb4b9da6bb32ba	f6c37328c6766a888bc19b59964252148c7becedae9358fd7038c360ff911c37	logs/final/proverif/summary.txt	ff93107cd7911fbd22b66c45391eff2aecf51b9f	""
pv-original-leak_sigsk_ab-q01	proverif	proverif-original	LEAK_SIGSK_AB	false	committed-git	prior-committed-proverif	inherited	logs/final/proverif/out/LEAK_SIGSK_AB.out	cf6a27373f03f1976562bacd641c5edb5aec5bda	388d72dd878200b645aaa0930fe32b350ff455225c19c25c8360425a95a75eea	logs/final/proverif/summary.txt	ff93107cd7911fbd22b66c45391eff2aecf51b9f	""
pv-original-leak_sigsk_ab-q02	proverif	proverif-original	LEAK_SIGSK_AB	false	committed-git	prior-committed-proverif	inherited	logs/final/proverif/out/LEAK_SIGSK_AB.out	cf6a27373f03f1976562bacd641c5edb5aec5bda	388d72dd878200b645aaa0930fe32b350ff455225c19c25c8360425a95a75eea	logs/final/proverif/summary.txt	ff93107cd7911fbd22b66c45391eff2aecf51b9f	""
pv-original-leak_sigsk_ab-q03	proverif	proverif-original	LEAK_SIGSK_AB	true	committed-git	prior-committed-proverif	inherited	logs/final/proverif/out/LEAK_SIGSK_AB.out	cf6a27373f03f1976562bacd641c5edb5aec5bda	388d72dd878200b645aaa0930fe32b350ff455225c19c25c8360425a95a75eea	logs/final/proverif/summary.txt	ff93107cd7911fbd22b66c45391eff2aecf51b9f	""
pv-original-leak_sigsk_ab-q04	proverif	proverif-original	LEAK_SIGSK_AB	true	committed-git	prior-committed-proverif	inherited	logs/final/proverif/out/LEAK_SIGSK_AB.out	cf6a27373f03f1976562bacd641c5edb5aec5bda	388d72dd878200b645aaa0930fe32b350ff455225c19c25c8360425a95a75eea	logs/final/proverif/summary.txt	ff93107cd7911fbd22b66c45391eff2aecf51b9f	""
pv-original-leak_sigsk_ab-q05	proverif	proverif-original	LEAK_SIGSK_AB	true	committed-git	prior-committed-proverif	inherited	logs/final/proverif/out/LEAK_SIGSK_AB.out	cf6a27373f03f1976562bacd641c5edb5aec5bda	388d72dd878200b645aaa0930fe32b350ff455225c19c25c8360425a95a75eea	logs/final/proverif/summary.txt	ff93107cd7911fbd22b66c45391eff2aecf51b9f	""
pv-original-leak_sigsk_ab-q06	proverif	proverif-original	LEAK_SIGSK_AB	false	committed-git	prior-committed-proverif	inherited	logs/final/proverif/out/LEAK_SIGSK_AB.out	cf6a27373f03f1976562bacd641c5edb5aec5bda	388d72dd878200b645aaa0930fe32b350ff455225c19c25c8360425a95a75eea	logs/final/proverif/summary.txt	ff93107cd7911fbd22b66c45391eff2aecf51b9f	""
pv-original-leak_sigsk-q01	proverif	proverif-original	LEAK_SIGSK	false	committed-git	prior-committed-proverif	inherited	logs/final/proverif/out/LEAK_SIGSK.out	bb065aca6355759b594df2a64aa46de63d53c75f	c1eeede59d30a1cb618be58c5719c1d728e330d1f6674e6111d15015f7c979fb	logs/final/proverif/summary.txt	ff93107cd7911fbd22b66c45391eff2aecf51b9f	""
pv-original-leak_sigsk-q02	proverif	proverif-original	LEAK_SIGSK	false	committed-git	prior-committed-proverif	inherited	logs/final/proverif/out/LEAK_SIGSK.out	bb065aca6355759b594df2a64aa46de63d53c75f	c1eeede59d30a1cb618be58c5719c1d728e330d1f6674e6111d15015f7c979fb	logs/final/proverif/summary.txt	ff93107cd7911fbd22b66c45391eff2aecf51b9f	""
pv-original-leak_sigsk-q03	proverif	proverif-original	LEAK_SIGSK	true	committed-git	prior-committed-proverif	inherited	logs/final/proverif/out/LEAK_SIGSK.out	bb065aca6355759b594df2a64aa46de63d53c75f	c1eeede59d30a1cb618be58c5719c1d728e330d1f6674e6111d15015f7c979fb	logs/final/proverif/summary.txt	ff93107cd7911fbd22b66c45391eff2aecf51b9f	""
pv-original-leak_sigsk-q04	proverif	proverif-original	LEAK_SIGSK	true	committed-git	prior-committed-proverif	inherited	logs/final/proverif/out/LEAK_SIGSK.out	bb065aca6355759b594df2a64aa46de63d53c75f	c1eeede59d30a1cb618be58c5719c1d728e330d1f6674e6111d15015f7c979fb	logs/final/proverif/summary.txt	ff93107cd7911fbd22b66c45391eff2aecf51b9f	""
pv-original-leak_sigsk-q05	proverif	proverif-original	LEAK_SIGSK	true	committed-git	prior-committed-proverif	inherited	logs/final/proverif/out/LEAK_SIGSK.out	bb065aca6355759b594df2a64aa46de63d53c75f	c1eeede59d30a1cb618be58c5719c1d728e330d1f6674e6111d15015f7c979fb	logs/final/proverif/summary.txt	ff93107cd7911fbd22b66c45391eff2aecf51b9f	""
pv-original-leak_sigsk-q06	proverif	proverif-original	LEAK_SIGSK	false	committed-git	prior-committed-proverif	inherited	logs/final/proverif/out/LEAK_SIGSK.out	bb065aca6355759b594df2a64aa46de63d53c75f	c1eeede59d30a1cb618be58c5719c1d728e330d1f6674e6111d15015f7c979fb	logs/final/proverif/summary.txt	ff93107cd7911fbd22b66c45391eff2aecf51b9f	""
pv-original-leak_kemsk-q01	proverif	proverif-original	LEAK_KEMSK	false	committed-git	prior-committed-proverif	inherited	logs/final/proverif/out/LEAK_KEMSK.out	62f4031cf6f69171dc2fbebe0c436ad2983b8a68	f9d1522f67c40f7b46d620f779fea6d1fe7865f30e1fac466e6b2117626fed66	logs/final/proverif/summary.txt	ff93107cd7911fbd22b66c45391eff2aecf51b9f	""
pv-original-leak_kemsk-q02	proverif	proverif-original	LEAK_KEMSK	false	committed-git	prior-committed-proverif	inherited	logs/final/proverif/out/LEAK_KEMSK.out	62f4031cf6f69171dc2fbebe0c436ad2983b8a68	f9d1522f67c40f7b46d620f779fea6d1fe7865f30e1fac466e6b2117626fed66	logs/final/proverif/summary.txt	ff93107cd7911fbd22b66c45391eff2aecf51b9f	""
pv-original-leak_kemsk-q03	proverif	proverif-original	LEAK_KEMSK	true	committed-git	prior-committed-proverif	inherited	logs/final/proverif/out/LEAK_KEMSK.out	62f4031cf6f69171dc2fbebe0c436ad2983b8a68	f9d1522f67c40f7b46d620f779fea6d1fe7865f30e1fac466e6b2117626fed66	logs/final/proverif/summary.txt	ff93107cd7911fbd22b66c45391eff2aecf51b9f	""
pv-original-leak_kemsk-q04	proverif	proverif-original	LEAK_KEMSK	true	committed-git	prior-committed-proverif	inherited	logs/final/proverif/out/LEAK_KEMSK.out	62f4031cf6f69171dc2fbebe0c436ad2983b8a68	f9d1522f67c40f7b46d620f779fea6d1fe7865f30e1fac466e6b2117626fed66	logs/final/proverif/summary.txt	ff93107cd7911fbd22b66c45391eff2aecf51b9f	""
pv-original-leak_kemsk-q05	proverif	proverif-original	LEAK_KEMSK	true	committed-git	prior-committed-proverif	inherited	logs/final/proverif/out/LEAK_KEMSK.out	62f4031cf6f69171dc2fbebe0c436ad2983b8a68	f9d1522f67c40f7b46d620f779fea6d1fe7865f30e1fac466e6b2117626fed66	logs/final/proverif/summary.txt	ff93107cd7911fbd22b66c45391eff2aecf51b9f	""
pv-original-leak_kemsk-q06	proverif	proverif-original	LEAK_KEMSK	true	committed-git	prior-committed-proverif	inherited	logs/final/proverif/out/LEAK_KEMSK.out	62f4031cf6f69171dc2fbebe0c436ad2983b8a68	f9d1522f67c40f7b46d620f779fea6d1fe7865f30e1fac466e6b2117626fed66	logs/final/proverif/summary.txt	ff93107cd7911fbd22b66c45391eff2aecf51b9f	""
pv-original-leak_ekemsk-q01	proverif	proverif-original	LEAK_EKEMSK	false	committed-git	prior-committed-proverif	inherited	logs/final/proverif/out/LEAK_EKEMSK.out	6efe0968ad623800152f67212fb35b00770507d5	6ec0b2574051303e25926d41fde993b7baba60b04e3b1d0b0632f033899f226b	logs/final/proverif/summary.txt	ff93107cd7911fbd22b66c45391eff2aecf51b9f	""
pv-original-leak_ekemsk-q02	proverif	proverif-original	LEAK_EKEMSK	false	committed-git	prior-committed-proverif	inherited	logs/final/proverif/out/LEAK_EKEMSK.out	6efe0968ad623800152f67212fb35b00770507d5	6ec0b2574051303e25926d41fde993b7baba60b04e3b1d0b0632f033899f226b	logs/final/proverif/summary.txt	ff93107cd7911fbd22b66c45391eff2aecf51b9f	""
pv-original-leak_ekemsk-q03	proverif	proverif-original	LEAK_EKEMSK	true	committed-git	prior-committed-proverif	inherited	logs/final/proverif/out/LEAK_EKEMSK.out	6efe0968ad623800152f67212fb35b00770507d5	6ec0b2574051303e25926d41fde993b7baba60b04e3b1d0b0632f033899f226b	logs/final/proverif/summary.txt	ff93107cd7911fbd22b66c45391eff2aecf51b9f	""
pv-original-leak_ekemsk-q04	proverif	proverif-original	LEAK_EKEMSK	true	committed-git	prior-committed-proverif	inherited	logs/final/proverif/out/LEAK_EKEMSK.out	6efe0968ad623800152f67212fb35b00770507d5	6ec0b2574051303e25926d41fde993b7baba60b04e3b1d0b0632f033899f226b	logs/final/proverif/summary.txt	ff93107cd7911fbd22b66c45391eff2aecf51b9f	""
pv-original-leak_ekemsk-q05	proverif	proverif-original	LEAK_EKEMSK	true	committed-git	prior-committed-proverif	inherited	logs/final/proverif/out/LEAK_EKEMSK.out	6efe0968ad623800152f67212fb35b00770507d5	6ec0b2574051303e25926d41fde993b7baba60b04e3b1d0b0632f033899f226b	logs/final/proverif/summary.txt	ff93107cd7911fbd22b66c45391eff2aecf51b9f	""
pv-original-leak_ekemsk-q06	proverif	proverif-original	LEAK_EKEMSK	true	committed-git	prior-committed-proverif	inherited	logs/final/proverif/out/LEAK_EKEMSK.out	6efe0968ad623800152f67212fb35b00770507d5	6ec0b2574051303e25926d41fde993b7baba60b04e3b1d0b0632f033899f226b	logs/final/proverif/summary.txt	ff93107cd7911fbd22b66c45391eff2aecf51b9f	""
pv-original-leak_rskemsk-q01	proverif	proverif-original	LEAK_RSKEMSK	false	committed-git	prior-committed-proverif	inherited	logs/final/proverif/out/LEAK_RSKEMSK.out	0418d34aff6737d330f2c6bbb1a3cd263166f1d0	238811e68d2357efa8d98b8637df61f0c08ca519d687fd851ebabec86197e5df	logs/final/proverif/summary.txt	ff93107cd7911fbd22b66c45391eff2aecf51b9f	""
pv-original-leak_rskemsk-q02	proverif	proverif-original	LEAK_RSKEMSK	false	committed-git	prior-committed-proverif	inherited	logs/final/proverif/out/LEAK_RSKEMSK.out	0418d34aff6737d330f2c6bbb1a3cd263166f1d0	238811e68d2357efa8d98b8637df61f0c08ca519d687fd851ebabec86197e5df	logs/final/proverif/summary.txt	ff93107cd7911fbd22b66c45391eff2aecf51b9f	""
pv-original-leak_rskemsk-q03	proverif	proverif-original	LEAK_RSKEMSK	true	committed-git	prior-committed-proverif	inherited	logs/final/proverif/out/LEAK_RSKEMSK.out	0418d34aff6737d330f2c6bbb1a3cd263166f1d0	238811e68d2357efa8d98b8637df61f0c08ca519d687fd851ebabec86197e5df	logs/final/proverif/summary.txt	ff93107cd7911fbd22b66c45391eff2aecf51b9f	""
pv-original-leak_rskemsk-q04	proverif	proverif-original	LEAK_RSKEMSK	true	committed-git	prior-committed-proverif	inherited	logs/final/proverif/out/LEAK_RSKEMSK.out	0418d34aff6737d330f2c6bbb1a3cd263166f1d0	238811e68d2357efa8d98b8637df61f0c08ca519d687fd851ebabec86197e5df	logs/final/proverif/summary.txt	ff93107cd7911fbd22b66c45391eff2aecf51b9f	""
pv-original-leak_rskemsk-q05	proverif	proverif-original	LEAK_RSKEMSK	true	committed-git	prior-committed-proverif	inherited	logs/final/proverif/out/LEAK_RSKEMSK.out	0418d34aff6737d330f2c6bbb1a3cd263166f1d0	238811e68d2357efa8d98b8637df61f0c08ca519d687fd851ebabec86197e5df	logs/final/proverif/summary.txt	ff93107cd7911fbd22b66c45391eff2aecf51b9f	""
pv-original-leak_rskemsk-q06	proverif	proverif-original	LEAK_RSKEMSK	false	committed-git	prior-committed-proverif	inherited	logs/final/proverif/out/LEAK_RSKEMSK.out	0418d34aff6737d330f2c6bbb1a3cd263166f1d0	238811e68d2357efa8d98b8637df61f0c08ca519d687fd851ebabec86197e5df	logs/final/proverif/summary.txt	ff93107cd7911fbd22b66c45391eff2aecf51b9f	""
pv-original-leak_sskemsk-q01	proverif	proverif-original	LEAK_SSKEMSK	false	committed-git	prior-committed-proverif	inherited	logs/final/proverif/out/LEAK_SSKEMSK.out	daafc9e5df9efb0ac35a9f18e6a80848462b35a2	b982dcd3ffc2e7cfdfb2adcc30ef33ea58bbe17ff3904acab8276f68e2ce9015	logs/final/proverif/summary.txt	ff93107cd7911fbd22b66c45391eff2aecf51b9f	""
pv-original-leak_sskemsk-q02	proverif	proverif-original	LEAK_SSKEMSK	false	committed-git	prior-committed-proverif	inherited	logs/final/proverif/out/LEAK_SSKEMSK.out	daafc9e5df9efb0ac35a9f18e6a80848462b35a2	b982dcd3ffc2e7cfdfb2adcc30ef33ea58bbe17ff3904acab8276f68e2ce9015	logs/final/proverif/summary.txt	ff93107cd7911fbd22b66c45391eff2aecf51b9f	""
pv-original-leak_sskemsk-q03	proverif	proverif-original	LEAK_SSKEMSK	true	committed-git	prior-committed-proverif	inherited	logs/final/proverif/out/LEAK_SSKEMSK.out	daafc9e5df9efb0ac35a9f18e6a80848462b35a2	b982dcd3ffc2e7cfdfb2adcc30ef33ea58bbe17ff3904acab8276f68e2ce9015	logs/final/proverif/summary.txt	ff93107cd7911fbd22b66c45391eff2aecf51b9f	""
pv-original-leak_sskemsk-q04	proverif	proverif-original	LEAK_SSKEMSK	true	committed-git	prior-committed-proverif	inherited	logs/final/proverif/out/LEAK_SSKEMSK.out	daafc9e5df9efb0ac35a9f18e6a80848462b35a2	b982dcd3ffc2e7cfdfb2adcc30ef33ea58bbe17ff3904acab8276f68e2ce9015	logs/final/proverif/summary.txt	ff93107cd7911fbd22b66c45391eff2aecf51b9f	""
pv-original-leak_sskemsk-q05	proverif	proverif-original	LEAK_SSKEMSK	true	committed-git	prior-committed-proverif	inherited	logs/final/proverif/out/LEAK_SSKEMSK.out	daafc9e5df9efb0ac35a9f18e6a80848462b35a2	b982dcd3ffc2e7cfdfb2adcc30ef33ea58bbe17ff3904acab8276f68e2ce9015	logs/final/proverif/summary.txt	ff93107cd7911fbd22b66c45391eff2aecf51b9f	""
pv-original-leak_sskemsk-q06	proverif	proverif-original	LEAK_SSKEMSK	false	committed-git	prior-committed-proverif	inherited	logs/final/proverif/out/LEAK_SSKEMSK.out	daafc9e5df9efb0ac35a9f18e6a80848462b35a2	b982dcd3ffc2e7cfdfb2adcc30ef33ea58bbe17ff3904acab8276f68e2ce9015	logs/final/proverif/summary.txt	ff93107cd7911fbd22b66c45391eff2aecf51b9f	""
pv-original-leak_kemsk_ekemsk-q01	proverif	proverif-original	LEAK_KEMSK_EKEMSK	false	committed-git	prior-committed-proverif	inherited	logs/final/proverif/out/LEAK_KEMSK_EKEMSK.out	8290cad44b258ea1a7a7275fea529f77cc3c6bde	66f1745766af9939e051152ec7c960d62c18264879b1573614adb68754863696	logs/final/proverif/summary.txt	ff93107cd7911fbd22b66c45391eff2aecf51b9f	""
pv-original-leak_kemsk_ekemsk-q02	proverif	proverif-original	LEAK_KEMSK_EKEMSK	false	committed-git	prior-committed-proverif	inherited	logs/final/proverif/out/LEAK_KEMSK_EKEMSK.out	8290cad44b258ea1a7a7275fea529f77cc3c6bde	66f1745766af9939e051152ec7c960d62c18264879b1573614adb68754863696	logs/final/proverif/summary.txt	ff93107cd7911fbd22b66c45391eff2aecf51b9f	""
pv-original-leak_kemsk_ekemsk-q03	proverif	proverif-original	LEAK_KEMSK_EKEMSK	true	committed-git	prior-committed-proverif	inherited	logs/final/proverif/out/LEAK_KEMSK_EKEMSK.out	8290cad44b258ea1a7a7275fea529f77cc3c6bde	66f1745766af9939e051152ec7c960d62c18264879b1573614adb68754863696	logs/final/proverif/summary.txt	ff93107cd7911fbd22b66c45391eff2aecf51b9f	""
pv-original-leak_kemsk_ekemsk-q04	proverif	proverif-original	LEAK_KEMSK_EKEMSK	true	committed-git	prior-committed-proverif	inherited	logs/final/proverif/out/LEAK_KEMSK_EKEMSK.out	8290cad44b258ea1a7a7275fea529f77cc3c6bde	66f1745766af9939e051152ec7c960d62c18264879b1573614adb68754863696	logs/final/proverif/summary.txt	ff93107cd7911fbd22b66c45391eff2aecf51b9f	""
pv-original-leak_kemsk_ekemsk-q05	proverif	proverif-original	LEAK_KEMSK_EKEMSK	true	committed-git	prior-committed-proverif	inherited	logs/final/proverif/out/LEAK_KEMSK_EKEMSK.out	8290cad44b258ea1a7a7275fea529f77cc3c6bde	66f1745766af9939e051152ec7c960d62c18264879b1573614adb68754863696	logs/final/proverif/summary.txt	ff93107cd7911fbd22b66c45391eff2aecf51b9f	""
pv-original-leak_kemsk_ekemsk-q06	proverif	proverif-original	LEAK_KEMSK_EKEMSK	true	committed-git	prior-committed-proverif	inherited	logs/final/proverif/out/LEAK_KEMSK_EKEMSK.out	8290cad44b258ea1a7a7275fea529f77cc3c6bde	66f1745766af9939e051152ec7c960d62c18264879b1573614adb68754863696	logs/final/proverif/summary.txt	ff93107cd7911fbd22b66c45391eff2aecf51b9f	""
pv-original-leak_all_receiver_secrets-q01	proverif	proverif-original	LEAK_ALL_RECEIVER_SECRETS	false	committed-git	prior-committed-proverif	inherited	logs/final/proverif/out/LEAK_ALL_RECEIVER_SECRETS.out	f7b30ad4cbf6412289872603d4711aa6c8765784	d6f5268ef715c34f128967c17232c3665c7f8efaee35d3e5e491a7a799807cc7	logs/final/proverif/summary.txt	ff93107cd7911fbd22b66c45391eff2aecf51b9f	""
pv-original-leak_all_receiver_secrets-q02	proverif	proverif-original	LEAK_ALL_RECEIVER_SECRETS	false	committed-git	prior-committed-proverif	inherited	logs/final/proverif/out/LEAK_ALL_RECEIVER_SECRETS.out	f7b30ad4cbf6412289872603d4711aa6c8765784	d6f5268ef715c34f128967c17232c3665c7f8efaee35d3e5e491a7a799807cc7	logs/final/proverif/summary.txt	ff93107cd7911fbd22b66c45391eff2aecf51b9f	""
pv-original-leak_all_receiver_secrets-q03	proverif	proverif-original	LEAK_ALL_RECEIVER_SECRETS	true	committed-git	prior-committed-proverif	inherited	logs/final/proverif/out/LEAK_ALL_RECEIVER_SECRETS.out	f7b30ad4cbf6412289872603d4711aa6c8765784	d6f5268ef715c34f128967c17232c3665c7f8efaee35d3e5e491a7a799807cc7	logs/final/proverif/summary.txt	ff93107cd7911fbd22b66c45391eff2aecf51b9f	""
pv-original-leak_all_receiver_secrets-q04	proverif	proverif-original	LEAK_ALL_RECEIVER_SECRETS	true	committed-git	prior-committed-proverif	inherited	logs/final/proverif/out/LEAK_ALL_RECEIVER_SECRETS.out	f7b30ad4cbf6412289872603d4711aa6c8765784	d6f5268ef715c34f128967c17232c3665c7f8efaee35d3e5e491a7a799807cc7	logs/final/proverif/summary.txt	ff93107cd7911fbd22b66c45391eff2aecf51b9f	""
pv-original-leak_all_receiver_secrets-q05	proverif	proverif-original	LEAK_ALL_RECEIVER_SECRETS	false	committed-git	prior-committed-proverif	inherited	logs/final/proverif/out/LEAK_ALL_RECEIVER_SECRETS.out	f7b30ad4cbf6412289872603d4711aa6c8765784	d6f5268ef715c34f128967c17232c3665c7f8efaee35d3e5e491a7a799807cc7	logs/final/proverif/summary.txt	ff93107cd7911fbd22b66c45391eff2aecf51b9f	""
pv-original-leak_all_receiver_secrets-q06	proverif	proverif-original	LEAK_ALL_RECEIVER_SECRETS	false	committed-git	prior-committed-proverif	inherited	logs/final/proverif/out/LEAK_ALL_RECEIVER_SECRETS.out	f7b30ad4cbf6412289872603d4711aa6c8765784	d6f5268ef715c34f128967c17232c3665c7f8efaee35d3e5e491a7a799807cc7	logs/final/proverif/summary.txt	ff93107cd7911fbd22b66c45391eff2aecf51b9f	""
pv-hmac-hmac_baseline-q01	proverif	proverif-hmac	HMAC_BASELINE	false	committed-git	prior-committed-proverif	inherited	logs/variants/hmac-confirmation/proverif/out/HMAC_BASELINE.out	fda530ef040b30f8f2a2c7c4421bb88d8510dfd9	be444368a27ff189e59a77951481228bab1c9b11e737a50ba7875add32b2454d	logs/variants/hmac-confirmation/proverif/summary.txt	9c18a64aa304639cea2ee7239ce1d3692ae2bd19	""
m4-pv-hmac-hmac_baseline-q01	proverif	proverif-hmac	HMAC_BASELINE	not_run_out_of_scope	scope-declaration	not_run_out_of_scope	none				logs/tamarin-m4-hmac-dedup/composite-summary.txt	740666a3abd6937b52818d0f4acaf8ea0d023c58	""
pv-hmac-hmac_baseline-q02	proverif	proverif-hmac	HMAC_BASELINE	true	committed-git	prior-committed-proverif	inherited	logs/variants/hmac-confirmation/proverif/out/HMAC_BASELINE.out	fda530ef040b30f8f2a2c7c4421bb88d8510dfd9	be444368a27ff189e59a77951481228bab1c9b11e737a50ba7875add32b2454d	logs/variants/hmac-confirmation/proverif/summary.txt	9c18a64aa304639cea2ee7239ce1d3692ae2bd19	""
m4-pv-hmac-hmac_baseline-q02	proverif	proverif-hmac	HMAC_BASELINE	not_run_out_of_scope	scope-declaration	not_run_out_of_scope	none				logs/tamarin-m4-hmac-dedup/composite-summary.txt	740666a3abd6937b52818d0f4acaf8ea0d023c58	""
pv-hmac-hmac_baseline-q03	proverif	proverif-hmac	HMAC_BASELINE	true	committed-git	prior-committed-proverif	inherited	logs/variants/hmac-confirmation/proverif/out/HMAC_BASELINE.out	fda530ef040b30f8f2a2c7c4421bb88d8510dfd9	be444368a27ff189e59a77951481228bab1c9b11e737a50ba7875add32b2454d	logs/variants/hmac-confirmation/proverif/summary.txt	9c18a64aa304639cea2ee7239ce1d3692ae2bd19	""
m4-pv-hmac-hmac_baseline-q03	proverif	proverif-hmac	HMAC_BASELINE	not_run_out_of_scope	scope-declaration	not_run_out_of_scope	none				logs/tamarin-m4-hmac-dedup/composite-summary.txt	740666a3abd6937b52818d0f4acaf8ea0d023c58	""
pv-hmac-hmac_baseline-q04	proverif	proverif-hmac	HMAC_BASELINE	true	committed-git	prior-committed-proverif	inherited	logs/variants/hmac-confirmation/proverif/out/HMAC_BASELINE.out	fda530ef040b30f8f2a2c7c4421bb88d8510dfd9	be444368a27ff189e59a77951481228bab1c9b11e737a50ba7875add32b2454d	logs/variants/hmac-confirmation/proverif/summary.txt	9c18a64aa304639cea2ee7239ce1d3692ae2bd19	""
m4-pv-hmac-hmac_baseline-q04	proverif	proverif-hmac	HMAC_BASELINE	not_run_out_of_scope	scope-declaration	not_run_out_of_scope	none				logs/tamarin-m4-hmac-dedup/composite-summary.txt	740666a3abd6937b52818d0f4acaf8ea0d023c58	""
pv-hmac-hmac_baseline-q05	proverif	proverif-hmac	HMAC_BASELINE	true	committed-git	prior-committed-proverif	inherited	logs/variants/hmac-confirmation/proverif/out/HMAC_BASELINE.out	fda530ef040b30f8f2a2c7c4421bb88d8510dfd9	be444368a27ff189e59a77951481228bab1c9b11e737a50ba7875add32b2454d	logs/variants/hmac-confirmation/proverif/summary.txt	9c18a64aa304639cea2ee7239ce1d3692ae2bd19	""
m4-pv-hmac-hmac_baseline-q05	proverif	proverif-hmac	HMAC_BASELINE	not_run_out_of_scope	scope-declaration	not_run_out_of_scope	none				logs/tamarin-m4-hmac-dedup/composite-summary.txt	740666a3abd6937b52818d0f4acaf8ea0d023c58	""
pv-hmac-hmac_baseline-q06	proverif	proverif-hmac	HMAC_BASELINE	true	committed-git	prior-committed-proverif	inherited	logs/variants/hmac-confirmation/proverif/out/HMAC_BASELINE.out	fda530ef040b30f8f2a2c7c4421bb88d8510dfd9	be444368a27ff189e59a77951481228bab1c9b11e737a50ba7875add32b2454d	logs/variants/hmac-confirmation/proverif/summary.txt	9c18a64aa304639cea2ee7239ce1d3692ae2bd19	""
m4-pv-hmac-hmac_baseline-q06	proverif	proverif-hmac	HMAC_BASELINE	not_run_out_of_scope	scope-declaration	not_run_out_of_scope	none				logs/tamarin-m4-hmac-dedup/composite-summary.txt	740666a3abd6937b52818d0f4acaf8ea0d023c58	""
pv-hmac-hmac_component-q01	proverif	proverif-hmac	HMAC_COMPONENT	true	committed-git	prior-committed-proverif	inherited	logs/variants/hmac-confirmation/proverif/out/HMAC_COMPONENT.out	d186141ac53dadc589060714b048df27fdaf807b	762ca66b2d5adb708e26489c723b0f96df9cf8971ed9e7a963b5eef2d209a0d2	logs/variants/hmac-confirmation/proverif/summary.txt	9c18a64aa304639cea2ee7239ce1d3692ae2bd19	""
m4-pv-hmac-hmac_component-q01	proverif	proverif-hmac	HMAC_COMPONENT	not_run_out_of_scope	scope-declaration	not_run_out_of_scope	none				logs/tamarin-m4-hmac-dedup/composite-summary.txt	740666a3abd6937b52818d0f4acaf8ea0d023c58	""
pv-hmac-hmac_leak_sigsk_a-q01	proverif	proverif-hmac	HMAC_LEAK_SIGSK_A	false	committed-git	prior-committed-proverif	inherited	logs/variants/hmac-confirmation/proverif/out/HMAC_LEAK_SIGSK_A.out	69a7b1afca1ae609dc8f3728ef978d5ed672f3c2	e818dfd61ec603c9ac83d30feeb07bd4e5c46cde21f40233be748d7af0ebc52e	logs/variants/hmac-confirmation/proverif/summary.txt	9c18a64aa304639cea2ee7239ce1d3692ae2bd19	""
m4-pv-hmac-hmac_leak_sigsk_a-q01	proverif	proverif-hmac	HMAC_LEAK_SIGSK_A	not_run_out_of_scope	scope-declaration	not_run_out_of_scope	none				logs/tamarin-m4-hmac-dedup/composite-summary.txt	740666a3abd6937b52818d0f4acaf8ea0d023c58	""
pv-hmac-hmac_leak_sigsk_a-q02	proverif	proverif-hmac	HMAC_LEAK_SIGSK_A	false	committed-git	prior-committed-proverif	inherited	logs/variants/hmac-confirmation/proverif/out/HMAC_LEAK_SIGSK_A.out	69a7b1afca1ae609dc8f3728ef978d5ed672f3c2	e818dfd61ec603c9ac83d30feeb07bd4e5c46cde21f40233be748d7af0ebc52e	logs/variants/hmac-confirmation/proverif/summary.txt	9c18a64aa304639cea2ee7239ce1d3692ae2bd19	""
m4-pv-hmac-hmac_leak_sigsk_a-q02	proverif	proverif-hmac	HMAC_LEAK_SIGSK_A	not_run_out_of_scope	scope-declaration	not_run_out_of_scope	none				logs/tamarin-m4-hmac-dedup/composite-summary.txt	740666a3abd6937b52818d0f4acaf8ea0d023c58	""
pv-hmac-hmac_leak_sigsk_a-q03	proverif	proverif-hmac	HMAC_LEAK_SIGSK_A	true	committed-git	prior-committed-proverif	inherited	logs/variants/hmac-confirmation/proverif/out/HMAC_LEAK_SIGSK_A.out	69a7b1afca1ae609dc8f3728ef978d5ed672f3c2	e818dfd61ec603c9ac83d30feeb07bd4e5c46cde21f40233be748d7af0ebc52e	logs/variants/hmac-confirmation/proverif/summary.txt	9c18a64aa304639cea2ee7239ce1d3692ae2bd19	""
m4-pv-hmac-hmac_leak_sigsk_a-q03	proverif	proverif-hmac	HMAC_LEAK_SIGSK_A	not_run_out_of_scope	scope-declaration	not_run_out_of_scope	none				logs/tamarin-m4-hmac-dedup/composite-summary.txt	740666a3abd6937b52818d0f4acaf8ea0d023c58	""
pv-hmac-hmac_leak_sigsk_a-q04	proverif	proverif-hmac	HMAC_LEAK_SIGSK_A	true	committed-git	prior-committed-proverif	inherited	logs/variants/hmac-confirmation/proverif/out/HMAC_LEAK_SIGSK_A.out	69a7b1afca1ae609dc8f3728ef978d5ed672f3c2	e818dfd61ec603c9ac83d30feeb07bd4e5c46cde21f40233be748d7af0ebc52e	logs/variants/hmac-confirmation/proverif/summary.txt	9c18a64aa304639cea2ee7239ce1d3692ae2bd19	""
m4-pv-hmac-hmac_leak_sigsk_a-q04	proverif	proverif-hmac	HMAC_LEAK_SIGSK_A	not_run_out_of_scope	scope-declaration	not_run_out_of_scope	none				logs/tamarin-m4-hmac-dedup/composite-summary.txt	740666a3abd6937b52818d0f4acaf8ea0d023c58	""
pv-hmac-hmac_leak_sigsk_a-q05	proverif	proverif-hmac	HMAC_LEAK_SIGSK_A	true	committed-git	prior-committed-proverif	inherited	logs/variants/hmac-confirmation/proverif/out/HMAC_LEAK_SIGSK_A.out	69a7b1afca1ae609dc8f3728ef978d5ed672f3c2	e818dfd61ec603c9ac83d30feeb07bd4e5c46cde21f40233be748d7af0ebc52e	logs/variants/hmac-confirmation/proverif/summary.txt	9c18a64aa304639cea2ee7239ce1d3692ae2bd19	""
m4-pv-hmac-hmac_leak_sigsk_a-q05	proverif	proverif-hmac	HMAC_LEAK_SIGSK_A	not_run_out_of_scope	scope-declaration	not_run_out_of_scope	none				logs/tamarin-m4-hmac-dedup/composite-summary.txt	740666a3abd6937b52818d0f4acaf8ea0d023c58	""
pv-hmac-hmac_leak_sigsk_a-q06	proverif	proverif-hmac	HMAC_LEAK_SIGSK_A	false	committed-git	prior-committed-proverif	inherited	logs/variants/hmac-confirmation/proverif/out/HMAC_LEAK_SIGSK_A.out	69a7b1afca1ae609dc8f3728ef978d5ed672f3c2	e818dfd61ec603c9ac83d30feeb07bd4e5c46cde21f40233be748d7af0ebc52e	logs/variants/hmac-confirmation/proverif/summary.txt	9c18a64aa304639cea2ee7239ce1d3692ae2bd19	""
m4-pv-hmac-hmac_leak_sigsk_a-q06	proverif	proverif-hmac	HMAC_LEAK_SIGSK_A	not_run_out_of_scope	scope-declaration	not_run_out_of_scope	none				logs/tamarin-m4-hmac-dedup/composite-summary.txt	740666a3abd6937b52818d0f4acaf8ea0d023c58	""
