maude tool: 'maude'
 checking version: 3.5.1. OK.
 checking installation: OK.
[Theory Kwaay_Replay_HMAC_Only] Theory loaded
[Theory Kwaay_Replay_HMAC_Only] Theory translated
[Theory Kwaay_Replay_HMAC_Only] Derivation checks started
[Theory Kwaay_Replay_HMAC_Only] Derivation checks ended
[Theory Kwaay_Replay_HMAC_Only] Theory closed
[Saturating Sources] Step 1 (Max 5)
[Saturating Sources] Done
theory Kwaay_Replay_HMAC_Only

begin

// Function signature and definition of the equational theory E

functions: confirm_key/1, ct_k/4[private,constructor],
           ct_l/4[private,constructor], ct_s/5[private,constructor], fst/1, hmac/2,
           pair/2, receiver_pk/2[private,constructor],
           receiver_prekey/2[private,constructor], secret_k/4[private,constructor],
           secret_l/4[private,constructor], secret_s/5[private,constructor],
           sender_pk/2[private,constructor], sender_prekey/2[private,constructor],
           session_id/7[private,constructor], session_key/4[private,constructor],
           snd/1
equations: fst(<x.1, x.2>) = x.1, snd(<x.1, x.2>) = x.2

rule (modulo E) InitReceiverState:
   [ Fr( ~rst ) ]
  --[ ReceiverStateCreated( $B, ~rst ) ]->
   [
   ReceiverState( $B, ~rst ), !ReceiverPublicState( $B, ~rst ),
   ReceiverCompromiseToken( $B, ~rst )
   ]

  /* has exactly the trivial AC variant */

rule (modulo E) InitSenderState:
   [ Fr( ~sst ) ]
  --[ SenderStateCreated( $A, ~sst ) ]->
   [ !SenderState( $A, ~sst ), SenderCompromiseToken( $A, ~sst ) ]

  /* has exactly the trivial AC variant */

rule (modulo E) SenderCreatesConfirmedMessage:
   [
   !SenderState( $A, sst ), !ReceiverPublicState( $B, rst ), Fr( ~rl ),
   Fr( ~rk ), Fr( ~rs )
   ]
  --[
  ConfirmedSend( $A, $B,
                 <ct_l($A, $B, rst, ~rl), ct_k($A, $B, rst, ~rk), 
                  ct_s($A, $B, sst, rst, ~rs)>,
                 session_id($A, $B, sender_pk($A, sst), receiver_pk($B, rst),
                            sender_prekey($A, sst), receiver_prekey($B, rst),
                            <ct_l($A, $B, rst, ~rl), ct_k($A, $B, rst, ~rk), 
                             ct_s($A, $B, sst, rst, ~rs)>),
                 session_key(secret_l($A, $B, rst, ~rl), secret_k($A, $B, rst, ~rk),
                             secret_s($A, $B, sst, rst, ~rs),
                             session_id($A, $B, sender_pk($A, sst), receiver_pk($B, rst),
                                        sender_prekey($A, sst), receiver_prekey($B, rst),
                                        <ct_l($A, $B, rst, ~rl), ct_k($A, $B, rst, ~rk), 
                                         ct_s($A, $B, sst, rst, ~rs)>)),
                 hmac(confirm_key(session_key(secret_l($A, $B, rst, ~rl),
                                              secret_k($A, $B, rst, ~rk), secret_s($A, $B, sst, rst, ~rs),
                                              session_id($A, $B, sender_pk($A, sst), receiver_pk($B, rst),
                                                         sender_prekey($A, sst), receiver_prekey($B, rst),
                                                         <ct_l($A, $B, rst, ~rl), ct_k($A, $B, rst, ~rk), 
                                                          ct_s($A, $B, sst, rst, ~rs)>))),
                      session_id($A, $B, sender_pk($A, sst), receiver_pk($B, rst),
                                 sender_prekey($A, sst), receiver_prekey($B, rst),
                                 <ct_l($A, $B, rst, ~rl), ct_k($A, $B, rst, ~rk), 
                                  ct_s($A, $B, sst, rst, ~rs)>))
  )
  ]->
   [
   Out( <$A, $B, 
         <ct_l($A, $B, rst, ~rl), ct_k($A, $B, rst, ~rk), 
          ct_s($A, $B, sst, rst, ~rs)>, 
         hmac(confirm_key(session_key(secret_l($A, $B, rst, ~rl),
                                      secret_k($A, $B, rst, ~rk), secret_s($A, $B, sst, rst, ~rs),
                                      session_id($A, $B, sender_pk($A, sst), receiver_pk($B, rst),
                                                 sender_prekey($A, sst), receiver_prekey($B, rst),
                                                 <ct_l($A, $B, rst, ~rl), ct_k($A, $B, rst, ~rk), 
                                                  ct_s($A, $B, sst, rst, ~rs)>))),
              session_id($A, $B, sender_pk($A, sst), receiver_pk($B, rst),
                         sender_prekey($A, sst), receiver_prekey($B, rst),
                         <ct_l($A, $B, rst, ~rl), ct_k($A, $B, rst, ~rk), 
                          ct_s($A, $B, sst, rst, ~rs)>))
        >
   ),
   !HonestSession( $A, $B, rst,
                   <ct_l($A, $B, rst, ~rl), ct_k($A, $B, rst, ~rk), 
                    ct_s($A, $B, sst, rst, ~rs)>,
                   session_id($A, $B, sender_pk($A, sst), receiver_pk($B, rst),
                              sender_prekey($A, sst), receiver_prekey($B, rst),
                              <ct_l($A, $B, rst, ~rl), ct_k($A, $B, rst, ~rk), 
                               ct_s($A, $B, sst, rst, ~rs)>),
                   session_key(secret_l($A, $B, rst, ~rl), secret_k($A, $B, rst, ~rk),
                               secret_s($A, $B, sst, rst, ~rs),
                               session_id($A, $B, sender_pk($A, sst), receiver_pk($B, rst),
                                          sender_prekey($A, sst), receiver_prekey($B, rst),
                                          <ct_l($A, $B, rst, ~rl), ct_k($A, $B, rst, ~rk), 
                                           ct_s($A, $B, sst, rst, ~rs)>))
   )
   ]

  /* has exactly the trivial AC variant */

rule (modulo E) CreateBatch:
   [ ReceiverState( $B, rst ), Fr( ~bid ) ]
  --[ BatchCreated( $B, ~bid, rst ) ]->
   [
   OpenStage0( $B, ~bid, rst ), BatchEndToken( $B, ~bid, rst ),
   BatchCompromiseToken( $B, ~bid, rst )
   ]

  /* has exactly the trivial AC variant */

rule (modulo E) AddSlot1:
   [ OpenStage0( $B, bid, rst ), In( <$A, $B, cm> ), Fr( ~idx ) ]
  --[
  SlotAdded( $B, bid, ~idx, $A, cm ),
  Slot1Added( $B, bid, rst, ~idx, $A, cm )
  ]->
   [ OpenStage1( $B, bid, rst ), AddedSlot1( $B, bid, rst, ~idx, $A, cm ) ]

  /* has exactly the trivial AC variant */

rule (modulo E) AddSlot2:
   [ OpenStage1( $B, bid, rst ), In( <$A, $B, cm> ), Fr( ~idx ) ]
  --[
  SlotAdded( $B, bid, ~idx, $A, cm ),
  Slot2Added( $B, bid, rst, ~idx, $A, cm )
  ]->
   [ OpenStage2( $B, bid, rst ), AddedSlot2( $B, bid, rst, ~idx, $A, cm ) ]

  /* has exactly the trivial AC variant */

rule (modulo E) SealBatch:
   [ OpenStage2( $B, bid, rst ) ]
  --[ SealBatchEvent( $B, bid, rst ) ]->
   [ SealedStage0( $B, bid, rst ) ]

  /* has exactly the trivial AC variant */

rule (modulo E) ProcessSlot1:
   [
   SealedStage0( $B, bid, rst ),
   AddedSlot1( $B, bid, rst, idx, $A, <m, hmac(confirm_key(k), sid)> ),
   !HonestSession( $A, $B, rst, m, sid, k )
   ]
  --[
  BatchSlot( $B, bid, idx, $A, <m, hmac(confirm_key(k), sid)> ),
  ConfirmedReceiverAccept( $B, $A, bid, idx, rst, m, sid, k,
                           hmac(confirm_key(k), sid)
  ),
  SlotProcessed( $B, bid, idx, $A, <m, hmac(confirm_key(k), sid)> ),
  Slot1Done( $B, bid, rst )
  ]->
   [ SealedStage1( $B, bid, rst ), Slot1DoneFact( $B, bid, rst ) ]

  /* has exactly the trivial AC variant */

rule (modulo E) ProcessSlot2:
   [
   SealedStage1( $B, bid, rst ),
   AddedSlot2( $B, bid, rst, idx, $A, <m, hmac(confirm_key(k), sid)> ),
   !HonestSession( $A, $B, rst, m, sid, k )
   ]
  --[
  BatchSlot( $B, bid, idx, $A, <m, hmac(confirm_key(k), sid)> ),
  ConfirmedReceiverAccept( $B, $A, bid, idx, rst, m, sid, k,
                           hmac(confirm_key(k), sid)
  ),
  SlotProcessed( $B, bid, idx, $A, <m, hmac(confirm_key(k), sid)> ),
  Slot2Done( $B, bid, rst )
  ]->
   [ SealedStage2( $B, bid, rst ), Slot2DoneFact( $B, bid, rst ) ]

  /* has exactly the trivial AC variant */

rule (modulo E) CompleteBatch:
   [
   SealedStage2( $B, bid, rst ), BatchEndToken( $B, bid, rst ),
   Slot1DoneFact( $B, bid, rst ), Slot2DoneFact( $B, bid, rst )
   ]
  --[
  UseBatchEndToken( $B, bid, rst ), BatchComplete( $B, bid, rst ),
  BatchClosed( $B, bid, rst ), ConsumeReceiverState( $B, rst )
  ]->
   [ ClosedBatch( $B, bid, rst ), UsedReceiverState( $B, rst ) ]

  /* has exactly the trivial AC variant */

rule (modulo E) FailSlot1:
   [
   SealedStage0( $B, bid, rst ), BatchEndToken( $B, bid, rst ),
   AddedSlot1( $B, bid, rst, idx, $A, cm )
   ]
  --[
  UseBatchEndToken( $B, bid, rst ),
  BatchSlotFail( $B, bid, idx, $A, rst, cm ), BatchFail( $B, bid, rst ),
  BatchClosed( $B, bid, rst ), ConsumeReceiverState( $B, rst )
  ]->
   [ ClosedBatch( $B, bid, rst ), UsedReceiverState( $B, rst ) ]

  /* has exactly the trivial AC variant */

rule (modulo E) FailSlot2:
   [
   SealedStage1( $B, bid, rst ), BatchEndToken( $B, bid, rst ),
   AddedSlot2( $B, bid, rst, idx, $A, cm )
   ]
  --[
  UseBatchEndToken( $B, bid, rst ),
  BatchSlotFail( $B, bid, idx, $A, rst, cm ), BatchFail( $B, bid, rst ),
  BatchClosed( $B, bid, rst ), ConsumeReceiverState( $B, rst )
  ]->
   [ ClosedBatch( $B, bid, rst ), UsedReceiverState( $B, rst ) ]

  /* has exactly the trivial AC variant */

rule (modulo E) CompromiseReceiverState:
   [ ReceiverState( $B, rst ), ReceiverCompromiseToken( $B, rst ) ]
  --[ CompromiseReceiverState( $B, rst ) ]->
   [
   ReceiverState( $B, rst ), !CompromisedReceiverState( $B, rst ),
   Out( rst )
   ]

  // loop breaker: [0]
  /* has exactly the trivial AC variant */

rule (modulo E) CompromiseActiveReceiverState:
   [ BatchCompromiseToken( $B, bid, rst ) ]
  --[ CompromiseReceiverState( $B, rst ) ]->
   [ !CompromisedReceiverState( $B, rst ), Out( rst ) ]

  /* has exactly the trivial AC variant */

rule (modulo E) CompromiseSenderState:
   [ !SenderState( $A, sst ), SenderCompromiseToken( $A, sst ) ]
  --[ CompromiseSenderState( $A, sst ) ]->
   [ !CompromisedSenderState( $A, sst ), Out( sst ) ]

  /* has exactly the trivial AC variant */

lemma normal_confirmed_single_accept:
  exists-trace
  "∃ A B m sid k tag bid idx rst #s #r.
    ((ConfirmedSend( A, B, m, sid, k, tag ) @ #s) ∧
     (ConfirmedReceiverAccept( B, A, bid, idx, rst, m, sid, k, tag ) @ #r)) ∧
    (#s < #r)"
/*
guarded formula characterizing all satisfying traces:
"∃ A B m sid k tag bid idx rst #s #r.
  (ConfirmedSend( A, B, m, sid, k, tag ) @ #s) ∧
  (ConfirmedReceiverAccept( B, A, bid, idx, rst, m, sid, k, tag ) @ #r)
 ∧
  #s < #r"
*/
simplify
solve( !SenderState( $A, sst ) ▶₀ #s )
  case InitSenderState
  solve( !ReceiverPublicState( $B, rst ) ▶₁ #s )
    case InitReceiverState
    solve( ConfirmedReceiverAccept( $B, $A, bid, idx, rst.2,
                                    <ct_l($A, $B, ~rst, ~rl), ct_k($A, $B, ~rst, ~rk), 
                                     ct_s($A, $B, ~sst, ~rst, ~rs)>,
                                    session_id($A, $B, sender_pk($A, ~sst), receiver_pk($B, ~rst),
                                               sender_prekey($A, ~sst), receiver_prekey($B, ~rst),
                                               <ct_l($A, $B, ~rst, ~rl), ct_k($A, $B, ~rst, ~rk), 
                                                ct_s($A, $B, ~sst, ~rst, ~rs)>),
                                    session_key(secret_l($A, $B, ~rst, ~rl), secret_k($A, $B, ~rst, ~rk),
                                                secret_s($A, $B, ~sst, ~rst, ~rs),
                                                session_id($A, $B, sender_pk($A, ~sst), receiver_pk($B, ~rst),
                                                           sender_prekey($A, ~sst), receiver_prekey($B, ~rst),
                                                           <ct_l($A, $B, ~rst, ~rl), ct_k($A, $B, ~rst, ~rk), 
                                                            ct_s($A, $B, ~sst, ~rst, ~rs)>)),
                                    hmac(confirm_key(session_key(secret_l($A, $B, ~rst, ~rl),
                                                                 secret_k($A, $B, ~rst, ~rk),
                                                                 secret_s($A, $B, ~sst, ~rst, ~rs),
                                                                 session_id($A, $B, sender_pk($A, ~sst),
                                                                            receiver_pk($B, ~rst),
                                                                            sender_prekey($A, ~sst),
                                                                            receiver_prekey($B, ~rst),
                                                                            <ct_l($A, $B, ~rst, ~rl), 
                                                                             ct_k($A, $B, ~rst, ~rk), 
                                                                             ct_s($A, $B, ~sst, ~rst, ~rs)
                                                                            >))),
                                         session_id($A, $B, sender_pk($A, ~sst), receiver_pk($B, ~rst),
                                                    sender_prekey($A, ~sst), receiver_prekey($B, ~rst),
                                                    <ct_l($A, $B, ~rst, ~rl), ct_k($A, $B, ~rst, ~rk), 
                                                     ct_s($A, $B, ~sst, ~rst, ~rs)>))
           ) @ #r )
      case ProcessSlot1
      solve( SealedStage0( $B, bid, rst ) ▶₀ #r )
        case SealBatch_case_1
        solve( AddedSlot1( $B, ~bid, ~rst, idx, $A,
                           <
                            <ct_l($A, $B, ~rst.1, ~rl), ct_k($A, $B, ~rst.1, ~rk), 
                             ct_s($A, $B, ~sst, ~rst.1, ~rs)>, 
                            hmac(confirm_key(session_key(secret_l($A, $B, ~rst.1, ~rl),
                                                         secret_k($A, $B, ~rst.1, ~rk),
                                                         secret_s($A, $B, ~sst, ~rst.1, ~rs),
                                                         session_id($A, $B, sender_pk($A, ~sst),
                                                                    receiver_pk($B, ~rst.1),
                                                                    sender_prekey($A, ~sst),
                                                                    receiver_prekey($B, ~rst.1),
                                                                    <ct_l($A, $B, ~rst.1, ~rl), 
                                                                     ct_k($A, $B, ~rst.1, ~rk), 
                                                                     ct_s($A, $B, ~sst, ~rst.1, ~rs)>))),
                                 session_id($A, $B, sender_pk($A, ~sst), receiver_pk($B, ~rst.1),
                                            sender_prekey($A, ~sst), receiver_prekey($B, ~rst.1),
                                            <ct_l($A, $B, ~rst.1, ~rl), ct_k($A, $B, ~rst.1, ~rk), 
                                             ct_s($A, $B, ~sst, ~rst.1, ~rs)>))
                           >
               ) ▶₁ #r )
          case AddSlot1
          solve( !HonestSession( $A, $B, ~rst,
                                 <ct_l($A, $B, ~rst.1, ~rl), ct_k($A, $B, ~rst.1, ~rk), 
                                  ct_s($A, $B, ~sst, ~rst.1, ~rs)>,
                                 session_id($A, $B, sender_pk($A, ~sst), receiver_pk($B, ~rst.1),
                                            sender_prekey($A, ~sst), receiver_prekey($B, ~rst.1),
                                            <ct_l($A, $B, ~rst.1, ~rl), ct_k($A, $B, ~rst.1, ~rk), 
                                             ct_s($A, $B, ~sst, ~rst.1, ~rs)>),
                                 session_key(secret_l($A, $B, ~rst.1, ~rl), secret_k($A, $B, ~rst.1, ~rk),
                                             secret_s($A, $B, ~sst, ~rst.1, ~rs),
                                             session_id($A, $B, sender_pk($A, ~sst), receiver_pk($B, ~rst.1),
                                                        sender_prekey($A, ~sst), receiver_prekey($B, ~rst.1),
                                                        <ct_l($A, $B, ~rst.1, ~rl), 
                                                         ct_k($A, $B, ~rst.1, ~rk), 
                                                         ct_s($A, $B, ~sst, ~rst.1, ~rs)>))
                 ) ▶₂ #r )
            case SenderCreatesConfirmedMessage
            solve( !KU( ct_l($A, $B, ~rst, ~rl) ) @ #vk.10 )
              case SenderCreatesConfirmedMessage
              solve( !KU( ct_k($A, $B, ~rst, ~rk) ) @ #vk.12 )
                case SenderCreatesConfirmedMessage
                solve( !KU( ct_s($A, $B, ~sst, ~rst, ~rs) ) @ #vk.13 )
                  case SenderCreatesConfirmedMessage
                  solve( !KU( hmac(confirm_key(session_key(secret_l($A, $B, ~rst, ~rl),
                                                           secret_k($A, $B, ~rst, ~rk),
                                                           secret_s($A, $B, ~sst, ~rst, ~rs),
                                                           session_id($A, $B, sender_pk($A, ~sst),
                                                                      receiver_pk($B, ~rst),
                                                                      sender_prekey($A, ~sst),
                                                                      receiver_prekey($B, ~rst),
                                                                      <ct_l($A, $B, ~rst, ~rl), 
                                                                       ct_k($A, $B, ~rst, ~rk), 
                                                                       ct_s($A, $B, ~sst, ~rst, ~rs)>))),
                                   session_id($A, $B, sender_pk($A, ~sst), receiver_pk($B, ~rst),
                                              sender_prekey($A, ~sst), receiver_prekey($B, ~rst),
                                              <ct_l($A, $B, ~rst, ~rl), ct_k($A, $B, ~rst, ~rk), 
                                               ct_s($A, $B, ~sst, ~rst, ~rs)>))
                         ) @ #vk.14 )
                    case SenderCreatesConfirmedMessage
                    SOLVED // trace found
                  qed
                qed
              qed
            qed
          qed
        qed
      qed
    qed
  qed
qed

lemma normal_confirmed_batch_complete:
  exists-trace
  "∃ A B m sid k tag bid idx rst #s #r #c.
    ((((ConfirmedSend( A, B, m, sid, k, tag ) @ #s) ∧
       (ConfirmedReceiverAccept( B, A, bid, idx, rst, m, sid, k, tag ) @ #r)) ∧
      (BatchComplete( B, bid, rst ) @ #c)) ∧
     (#s < #r)) ∧
    (#r < #c)"
/*
guarded formula characterizing all satisfying traces:
"∃ A B m sid k tag bid idx rst #s #r #c.
  (ConfirmedSend( A, B, m, sid, k, tag ) @ #s) ∧
  (ConfirmedReceiverAccept( B, A, bid, idx, rst, m, sid, k, tag ) @ #r) ∧
  (BatchComplete( B, bid, rst ) @ #c)
 ∧
  (#s < #r) ∧ (#r < #c)"
*/
simplify
solve( !SenderState( $A, sst ) ▶₀ #s )
  case InitSenderState
  solve( !ReceiverPublicState( $B, rst.1 ) ▶₁ #s )
    case InitReceiverState
    solve( SealedStage2( $B, bid, rst ) ▶₀ #c )
      case ProcessSlot2_case_1
      solve( BatchEndToken( $B, ~bid, ~rst ) ▶₁ #c )
        case CreateBatch
        solve( Slot1DoneFact( $B, ~bid, ~rst ) ▶₂ #c )
          case ProcessSlot1
          solve( Slot2DoneFact( $B, ~bid, ~rst ) ▶₃ #c )
            case ProcessSlot2
            solve( ConfirmedReceiverAccept( $B, $A, ~bid, idx.4, ~rst,
                                            <ct_l($A, $B, ~rst.1, ~rl), ct_k($A, $B, ~rst.1, ~rk), 
                                             ct_s($A, $B, ~sst, ~rst.1, ~rs)>,
                                            session_id($A, $B, sender_pk($A, ~sst), receiver_pk($B, ~rst.1),
                                                       sender_prekey($A, ~sst), receiver_prekey($B, ~rst.1),
                                                       <ct_l($A, $B, ~rst.1, ~rl), ct_k($A, $B, ~rst.1, ~rk), 
                                                        ct_s($A, $B, ~sst, ~rst.1, ~rs)>),
                                            session_key(secret_l($A, $B, ~rst.1, ~rl),
                                                        secret_k($A, $B, ~rst.1, ~rk),
                                                        secret_s($A, $B, ~sst, ~rst.1, ~rs),
                                                        session_id($A, $B, sender_pk($A, ~sst),
                                                                   receiver_pk($B, ~rst.1),
                                                                   sender_prekey($A, ~sst),
                                                                   receiver_prekey($B, ~rst.1),
                                                                   <ct_l($A, $B, ~rst.1, ~rl), 
                                                                    ct_k($A, $B, ~rst.1, ~rk), 
                                                                    ct_s($A, $B, ~sst, ~rst.1, ~rs)>)),
                                            hmac(confirm_key(session_key(secret_l($A, $B, ~rst.1, ~rl),
                                                                         secret_k($A, $B, ~rst.1, ~rk),
                                                                         secret_s($A, $B, ~sst, ~rst.1, ~rs),
                                                                         session_id($A, $B,
                                                                                    sender_pk($A, ~sst),
                                                                                    receiver_pk($B, ~rst.1),
                                                                                    sender_prekey($A, ~sst),
                                                                                    receiver_prekey($B,
                                                                                                    ~rst.1),
                                                                                    <
                                                                                     ct_l($A, $B, ~rst.1,
                                                                                          ~rl), 
                                                                                     ct_k($A, $B, ~rst.1,
                                                                                          ~rk), 
                                                                                     ct_s($A, $B, ~sst,
                                                                                          ~rst.1, ~rs)
                                                                                    >))),
                                                 session_id($A, $B, sender_pk($A, ~sst),
                                                            receiver_pk($B, ~rst.1), sender_prekey($A, ~sst),
                                                            receiver_prekey($B, ~rst.1),
                                                            <ct_l($A, $B, ~rst.1, ~rl), 
                                                             ct_k($A, $B, ~rst.1, ~rk), 
                                                             ct_s($A, $B, ~sst, ~rst.1, ~rs)>))
                   ) @ #r )
              case ProcessSlot1
              solve( SealedStage0( $B, ~bid, ~rst ) ▶₀ #r )
                case SealBatch
                solve( !KU( ct_l($A.1, $B, ~rst, ~rl.1) ) @ #vk.9 )
                  case SenderCreatesConfirmedMessage
                  solve( !KU( ct_k($A.1, $B, ~rst, ~rk.1) ) @ #vk.11 )
                    case SenderCreatesConfirmedMessage
                    solve( !KU( ct_s($A.1, $B, ~sst.1, ~rst, ~rs.1) ) @ #vk.12 )
                      case SenderCreatesConfirmedMessage
                      solve( !KU( ct_l($A, $B, ~rst, ~rl) ) @ #vk.17 )
                        case SenderCreatesConfirmedMessage
                        solve( !KU( ct_k($A, $B, ~rst, ~rk) ) @ #vk.19 )
                          case SenderCreatesConfirmedMessage
                          solve( !KU( ct_s($A, $B, ~sst, ~rst, ~rs) ) @ #vk.20 )
                            case SenderCreatesConfirmedMessage
                            solve( !KU( hmac(confirm_key(session_key(secret_l($A.1, $B, ~rst, ~rl.1),
                                                                     secret_k($A.1, $B, ~rst, ~rk.1),
                                                                     secret_s($A.1, $B, ~sst.1, ~rst, ~rs.1),
                                                                     session_id($A.1, $B,
                                                                                sender_pk($A.1, ~sst.1),
                                                                                receiver_pk($B, ~rst),
                                                                                sender_prekey($A.1, ~sst.1),
                                                                                receiver_prekey($B, ~rst),
                                                                                <ct_l($A.1, $B, ~rst, ~rl.1), 
                                                                                 ct_k($A.1, $B, ~rst, ~rk.1), 
                                                                                 ct_s($A.1, $B, ~sst.1, ~rst,
                                                                                      ~rs.1)
                                                                                >))),
                                             session_id($A.1, $B, sender_pk($A.1, ~sst.1),
                                                        receiver_pk($B, ~rst), sender_prekey($A.1, ~sst.1),
                                                        receiver_prekey($B, ~rst),
                                                        <ct_l($A.1, $B, ~rst, ~rl.1), 
                                                         ct_k($A.1, $B, ~rst, ~rk.1), 
                                                         ct_s($A.1, $B, ~sst.1, ~rst, ~rs.1)>))
                                   ) @ #vk.18 )
                              case SenderCreatesConfirmedMessage
                              solve( !KU( hmac(confirm_key(session_key(secret_l($A, $B, ~rst, ~rl),
                                                                       secret_k($A, $B, ~rst, ~rk),
                                                                       secret_s($A, $B, ~sst, ~rst, ~rs),
                                                                       session_id($A, $B, sender_pk($A, ~sst),
                                                                                  receiver_pk($B, ~rst),
                                                                                  sender_prekey($A, ~sst),
                                                                                  receiver_prekey($B, ~rst),
                                                                                  <ct_l($A, $B, ~rst, ~rl), 
                                                                                   ct_k($A, $B, ~rst, ~rk), 
                                                                                   ct_s($A, $B, ~sst, ~rst,
                                                                                        ~rs)
                                                                                  >))),
                                               session_id($A, $B, sender_pk($A, ~sst), receiver_pk($B, ~rst),
                                                          sender_prekey($A, ~sst), receiver_prekey($B, ~rst),
                                                          <ct_l($A, $B, ~rst, ~rl), ct_k($A, $B, ~rst, ~rk), 
                                                           ct_s($A, $B, ~sst, ~rst, ~rs)>))
                                     ) @ #vk.20 )
                                case SenderCreatesConfirmedMessage
                                SOLVED // trace found
                              qed
                            qed
                          qed
                        qed
                      qed
                    qed
                  qed
                qed
              qed
            qed
          qed
        qed
      qed
    qed
  qed
qed

lemma confirmed_receiver_accept_has_sender:
  all-traces
  "∀ A B m sid k tag bid idx rst #r.
    (ConfirmedReceiverAccept( B, A, bid, idx, rst, m, sid, k, tag ) @ #r) ⇒
    (∃ #s. (ConfirmedSend( A, B, m, sid, k, tag ) @ #s) ∧ (#s < #r))"
/*
guarded formula characterizing all counter-examples:
"∃ A B m sid k tag bid idx rst #r.
  (ConfirmedReceiverAccept( B, A, bid, idx, rst, m, sid, k, tag ) @ #r)
 ∧
  ∀ #s. (ConfirmedSend( A, B, m, sid, k, tag ) @ #s) ⇒ ¬(#s < #r)"
*/
simplify
solve( ConfirmedReceiverAccept( B, A, bid, idx, rst, m, sid, k, tag
       ) @ #r )
  case ProcessSlot1
  solve( SealedStage0( $B, bid, rst ) ▶₀ #r )
    case SealBatch_case_1
    solve( AddedSlot1( $B, ~bid, ~rst, idx, $A,
                       <m, hmac(confirm_key(k), sid)>
           ) ▶₁ #r )
      case AddSlot1
      solve( !HonestSession( $A, $B, ~rst, m, sid, k ) ▶₂ #r )
        case SenderCreatesConfirmedMessage
        by contradiction /* from formulas */
      qed
    qed
  next
    case SealBatch_case_2
    solve( AddedSlot1( $B, ~bid, ~rst, idx, $A,
                       <m, hmac(confirm_key(k), sid)>
           ) ▶₁ #r )
      case AddSlot1
      solve( !HonestSession( $A, $B, ~rst, m, sid, k ) ▶₂ #r )
        case SenderCreatesConfirmedMessage
        by contradiction /* from formulas */
      qed
    qed
  qed
next
  case ProcessSlot2
  solve( SealedStage1( $B, bid, rst ) ▶₀ #r )
    case ProcessSlot1_case_1
    solve( AddedSlot2( $B, ~bid, ~rst, idx, $A,
                       <m, hmac(confirm_key(k), sid)>
           ) ▶₁ #r )
      case AddSlot2
      solve( !HonestSession( $A, $B, ~rst, m, sid, k ) ▶₂ #r )
        case SenderCreatesConfirmedMessage
        by contradiction /* from formulas */
      qed
    qed
  next
    case ProcessSlot1_case_2
    solve( AddedSlot2( $B, ~bid, ~rst, idx, $A,
                       <m, hmac(confirm_key(k), sid)>
           ) ▶₁ #r )
      case AddSlot2
      solve( !HonestSession( $A, $B, ~rst, m, sid, k ) ▶₂ #r )
        case SenderCreatesConfirmedMessage
        by contradiction /* from formulas */
      qed
    qed
  qed
qed

lemma confirmed_message_unique_send:
  all-traces
  "∀ A B m sid k tag #s1 #s2.
    ((ConfirmedSend( A, B, m, sid, k, tag ) @ #s1) ∧
     (ConfirmedSend( A, B, m, sid, k, tag ) @ #s2)) ⇒
    (#s1 = #s2)"
/*
guarded formula characterizing all counter-examples:
"∃ A B m sid k tag #s1 #s2.
  (ConfirmedSend( A, B, m, sid, k, tag ) @ #s1) ∧
  (ConfirmedSend( A, B, m, sid, k, tag ) @ #s2)
 ∧
  ¬(#s1 = #s2)"
*/
simplify
by contradiction /* from formulas */

lemma one_confirmed_send_two_accepts_exists:
  exists-trace
  "∃ A B m sid k tag bid idx1 idx2 rst #s #r1 #r2 #c.
    ((((((((((((ConfirmedSend( A, B, m, sid, k, tag ) @ #s) ∧
               (ConfirmedReceiverAccept( B, A, bid, idx1, rst, m, sid, k, tag
                ) @ #r1)) ∧
              (ConfirmedReceiverAccept( B, A, bid, idx2, rst, m, sid, k, tag
               ) @ #r2)) ∧
             (BatchComplete( B, bid, rst ) @ #c)) ∧
            (¬(idx1 = idx2))) ∧
           (¬(#r1 = #r2))) ∧
          (#s < #r1)) ∧
         (#s < #r2)) ∧
        (#r1 < #c)) ∧
       (#r2 < #c)) ∧
      (∀ #s2. (ConfirmedSend( A, B, m, sid, k, tag ) @ #s2) ⇒ (#s2 = #s))) ∧
     (¬(∃ X st #cr. CompromiseReceiverState( X, st ) @ #cr))) ∧
    (¬(∃ X st #cs. CompromiseSenderState( X, st ) @ #cs))"
/*
guarded formula characterizing all satisfying traces:
"∃ A B m sid k tag bid idx1 idx2 rst #s #r1 #r2 #c.
  (ConfirmedSend( A, B, m, sid, k, tag ) @ #s) ∧
  (ConfirmedReceiverAccept( B, A, bid, idx1, rst, m, sid, k, tag ) @ #r1) ∧
  (ConfirmedReceiverAccept( B, A, bid, idx2, rst, m, sid, k, tag ) @ #r2) ∧
  (BatchComplete( B, bid, rst ) @ #c)
 ∧
  (¬(idx1 = idx2)) ∧
  (¬(#r1 = #r2)) ∧
  (#s < #r1) ∧
  (#s < #r2) ∧
  (#r1 < #c) ∧
  (#r2 < #c) ∧
  (∀ #s2. (ConfirmedSend( A, B, m, sid, k, tag ) @ #s2) ⇒ #s2 = #s) ∧
  (∀ X st #cr. (CompromiseReceiverState( X, st ) @ #cr) ⇒ ⊥) ∧
  (∀ X st #cs. (CompromiseSenderState( X, st ) @ #cs) ⇒ ⊥)"
*/
simplify
solve( (#r1 < #r2)  ∥ (#r2 < #r1) )
  case case_1
  solve( !SenderState( $A, sst ) ▶₀ #s )
    case InitSenderState
    solve( !ReceiverPublicState( $B, rst.1 ) ▶₁ #s )
      case InitReceiverState
      solve( SealedStage2( $B, bid, rst ) ▶₀ #c )
        case ProcessSlot2_case_1
        solve( BatchEndToken( $B, ~bid, ~rst ) ▶₁ #c )
          case CreateBatch
          solve( Slot1DoneFact( $B, ~bid, ~rst ) ▶₂ #c )
            case ProcessSlot1
            solve( Slot2DoneFact( $B, ~bid, ~rst ) ▶₃ #c )
              case ProcessSlot2
              solve( ConfirmedReceiverAccept( $B, $A, ~bid, idx1, ~rst,
                                              <ct_l($A, $B, ~rst.1, ~rl), ct_k($A, $B, ~rst.1, ~rk), 
                                               ct_s($A, $B, ~sst, ~rst.1, ~rs)>,
                                              session_id($A, $B, sender_pk($A, ~sst), receiver_pk($B, ~rst.1),
                                                         sender_prekey($A, ~sst), receiver_prekey($B, ~rst.1),
                                                         <ct_l($A, $B, ~rst.1, ~rl), 
                                                          ct_k($A, $B, ~rst.1, ~rk), 
                                                          ct_s($A, $B, ~sst, ~rst.1, ~rs)>),
                                              session_key(secret_l($A, $B, ~rst.1, ~rl),
                                                          secret_k($A, $B, ~rst.1, ~rk),
                                                          secret_s($A, $B, ~sst, ~rst.1, ~rs),
                                                          session_id($A, $B, sender_pk($A, ~sst),
                                                                     receiver_pk($B, ~rst.1),
                                                                     sender_prekey($A, ~sst),
                                                                     receiver_prekey($B, ~rst.1),
                                                                     <ct_l($A, $B, ~rst.1, ~rl), 
                                                                      ct_k($A, $B, ~rst.1, ~rk), 
                                                                      ct_s($A, $B, ~sst, ~rst.1, ~rs)>)),
                                              hmac(confirm_key(session_key(secret_l($A, $B, ~rst.1, ~rl),
                                                                           secret_k($A, $B, ~rst.1, ~rk),
                                                                           secret_s($A, $B, ~sst, ~rst.1,
                                                                                    ~rs),
                                                                           session_id($A, $B,
                                                                                      sender_pk($A, ~sst),
                                                                                      receiver_pk($B, ~rst.1),
                                                                                      sender_prekey($A, ~sst),
                                                                                      receiver_prekey($B,
                                                                                                      ~rst.1),
                                                                                      <
                                                                                       ct_l($A, $B, ~rst.1,
                                                                                            ~rl), 
                                                                                       ct_k($A, $B, ~rst.1,
                                                                                            ~rk), 
                                                                                       ct_s($A, $B, ~sst,
                                                                                            ~rst.1, ~rs)
                                                                                      >))),
                                                   session_id($A, $B, sender_pk($A, ~sst),
                                                              receiver_pk($B, ~rst.1),
                                                              sender_prekey($A, ~sst),
                                                              receiver_prekey($B, ~rst.1),
                                                              <ct_l($A, $B, ~rst.1, ~rl), 
                                                               ct_k($A, $B, ~rst.1, ~rk), 
                                                               ct_s($A, $B, ~sst, ~rst.1, ~rs)>))
                     ) @ #r1 )
                case ProcessSlot1
                solve( SealedStage0( $B, ~bid, ~rst ) ▶₀ #r1 )
                  case SealBatch
                  solve( ConfirmedReceiverAccept( $B, $A, ~bid, idx2, ~rst,
                                                  <ct_l($A, $B, ~rst, ~rl), ct_k($A, $B, ~rst, ~rk), 
                                                   ct_s($A, $B, ~sst, ~rst, ~rs)>,
                                                  session_id($A, $B, sender_pk($A, ~sst),
                                                             receiver_pk($B, ~rst), sender_prekey($A, ~sst),
                                                             receiver_prekey($B, ~rst),
                                                             <ct_l($A, $B, ~rst, ~rl), 
                                                              ct_k($A, $B, ~rst, ~rk), 
                                                              ct_s($A, $B, ~sst, ~rst, ~rs)>),
                                                  session_key(secret_l($A, $B, ~rst, ~rl),
                                                              secret_k($A, $B, ~rst, ~rk),
                                                              secret_s($A, $B, ~sst, ~rst, ~rs),
                                                              session_id($A, $B, sender_pk($A, ~sst),
                                                                         receiver_pk($B, ~rst),
                                                                         sender_prekey($A, ~sst),
                                                                         receiver_prekey($B, ~rst),
                                                                         <ct_l($A, $B, ~rst, ~rl), 
                                                                          ct_k($A, $B, ~rst, ~rk), 
                                                                          ct_s($A, $B, ~sst, ~rst, ~rs)>)),
                                                  hmac(confirm_key(session_key(secret_l($A, $B, ~rst, ~rl),
                                                                               secret_k($A, $B, ~rst, ~rk),
                                                                               secret_s($A, $B, ~sst, ~rst,
                                                                                        ~rs),
                                                                               session_id($A, $B,
                                                                                          sender_pk($A, ~sst),
                                                                                          receiver_pk($B,
                                                                                                      ~rst),
                                                                                          sender_prekey($A,
                                                                                                        ~sst),
                                                                                          receiver_prekey($B,
                                                                                                          ~rst),
                                                                                          <
                                                                                           ct_l($A, $B, ~rst,
                                                                                                ~rl), 
                                                                                           ct_k($A, $B, ~rst,
                                                                                                ~rk), 
                                                                                           ct_s($A, $B, ~sst,
                                                                                                ~rst, ~rs)
                                                                                          >))),
                                                       session_id($A, $B, sender_pk($A, ~sst),
                                                                  receiver_pk($B, ~rst),
                                                                  sender_prekey($A, ~sst),
                                                                  receiver_prekey($B, ~rst),
                                                                  <ct_l($A, $B, ~rst, ~rl), 
                                                                   ct_k($A, $B, ~rst, ~rk), 
                                                                   ct_s($A, $B, ~sst, ~rst, ~rs)>))
                         ) @ #r2 )
                    case ProcessSlot2
                    solve( SealedStage1( $B, ~bid, ~rst ) ▶₀ #r2 )
                      case ProcessSlot1
                      solve( !KU( ct_l($A, $B, ~rst, ~rl) ) @ #vk.7 )
                        case SenderCreatesConfirmedMessage
                        solve( !KU( ct_k($A, $B, ~rst, ~rk) ) @ #vk.9 )
                          case SenderCreatesConfirmedMessage
                          solve( !KU( ct_s($A, $B, ~sst, ~rst, ~rs) ) @ #vk.10 )
                            case SenderCreatesConfirmedMessage
                            solve( !KU( hmac(confirm_key(session_key(secret_l($A, $B, ~rst, ~rl),
                                                                     secret_k($A, $B, ~rst, ~rk),
                                                                     secret_s($A, $B, ~sst, ~rst, ~rs),
                                                                     session_id($A, $B, sender_pk($A, ~sst),
                                                                                receiver_pk($B, ~rst),
                                                                                sender_prekey($A, ~sst),
                                                                                receiver_prekey($B, ~rst),
                                                                                <ct_l($A, $B, ~rst, ~rl), 
                                                                                 ct_k($A, $B, ~rst, ~rk), 
                                                                                 ct_s($A, $B, ~sst, ~rst, ~rs)
                                                                                >))),
                                             session_id($A, $B, sender_pk($A, ~sst), receiver_pk($B, ~rst),
                                                        sender_prekey($A, ~sst), receiver_prekey($B, ~rst),
                                                        <ct_l($A, $B, ~rst, ~rl), ct_k($A, $B, ~rst, ~rk), 
                                                         ct_s($A, $B, ~sst, ~rst, ~rs)>))
                                   ) @ #vk.10 )
                              case SenderCreatesConfirmedMessage
                              SOLVED // trace found
                            qed
                          qed
                        qed
                      qed
                    qed
                  qed
                qed
              qed
            qed
          qed
        qed
      qed
    qed
  qed
qed

lemma confirmed_message_accepted_at_most_once:
  all-traces
  "∀ A B m sid k tag bid idx1 idx2 rst #r1 #r2.
    ((ConfirmedReceiverAccept( B, A, bid, idx1, rst, m, sid, k, tag
      ) @ #r1) ∧
     (ConfirmedReceiverAccept( B, A, bid, idx2, rst, m, sid, k, tag
      ) @ #r2)) ⇒
    (#r1 = #r2)"
/*
guarded formula characterizing all counter-examples:
"∃ A B m sid k tag bid idx1 idx2 rst #r1 #r2.
  (ConfirmedReceiverAccept( B, A, bid, idx1, rst, m, sid, k, tag ) @ #r1) ∧
  (ConfirmedReceiverAccept( B, A, bid, idx2, rst, m, sid, k, tag ) @ #r2)
 ∧
  ¬(#r1 = #r2)"
*/
simplify
solve( (#r1 < #r2)  ∥ (#r2 < #r1) )
  case case_1
  solve( ConfirmedReceiverAccept( B, A, bid, idx1, rst, m, sid, k, tag
         ) @ #r1 )
    case ProcessSlot1
    solve( SealedStage0( $B, bid, rst ) ▶₀ #r1 )
      case SealBatch_case_1
      solve( AddedSlot1( $B, ~bid, ~rst, idx1, $A,
                         <m, hmac(confirm_key(k), sid)>
             ) ▶₁ #r1 )
        case AddSlot1
        solve( !HonestSession( $A, $B, ~rst, m, sid, k ) ▶₂ #r1 )
          case SenderCreatesConfirmedMessage
          solve( ConfirmedReceiverAccept( $B, $A, ~bid, idx2, ~rst,
                                          <ct_l($A, $B, ~rst, ~rl), ct_k($A, $B, ~rst, ~rk), 
                                           ct_s($A, $B, ~sst, ~rst, ~rs)>,
                                          session_id($A, $B, sender_pk($A, ~sst), receiver_pk($B, ~rst),
                                                     sender_prekey($A, ~sst), receiver_prekey($B, ~rst),
                                                     <ct_l($A, $B, ~rst, ~rl), ct_k($A, $B, ~rst, ~rk), 
                                                      ct_s($A, $B, ~sst, ~rst, ~rs)>),
                                          session_key(secret_l($A, $B, ~rst, ~rl),
                                                      secret_k($A, $B, ~rst, ~rk),
                                                      secret_s($A, $B, ~sst, ~rst, ~rs),
                                                      session_id($A, $B, sender_pk($A, ~sst),
                                                                 receiver_pk($B, ~rst),
                                                                 sender_prekey($A, ~sst),
                                                                 receiver_prekey($B, ~rst),
                                                                 <ct_l($A, $B, ~rst, ~rl), 
                                                                  ct_k($A, $B, ~rst, ~rk), 
                                                                  ct_s($A, $B, ~sst, ~rst, ~rs)>)),
                                          hmac(confirm_key(session_key(secret_l($A, $B, ~rst, ~rl),
                                                                       secret_k($A, $B, ~rst, ~rk),
                                                                       secret_s($A, $B, ~sst, ~rst, ~rs),
                                                                       session_id($A, $B, sender_pk($A, ~sst),
                                                                                  receiver_pk($B, ~rst),
                                                                                  sender_prekey($A, ~sst),
                                                                                  receiver_prekey($B, ~rst),
                                                                                  <ct_l($A, $B, ~rst, ~rl), 
                                                                                   ct_k($A, $B, ~rst, ~rk), 
                                                                                   ct_s($A, $B, ~sst, ~rst,
                                                                                        ~rs)
                                                                                  >))),
                                               session_id($A, $B, sender_pk($A, ~sst), receiver_pk($B, ~rst),
                                                          sender_prekey($A, ~sst), receiver_prekey($B, ~rst),
                                                          <ct_l($A, $B, ~rst, ~rl), ct_k($A, $B, ~rst, ~rk), 
                                                           ct_s($A, $B, ~sst, ~rst, ~rs)>))
                 ) @ #r2 )
            case ProcessSlot2
            solve( SealedStage1( $B, ~bid, ~rst ) ▶₀ #r2 )
              case ProcessSlot1
              solve( AddedSlot2( $B, ~bid, ~rst, idx2, $A,
                                 <
                                  <ct_l($A, $B, ~rst, ~rl), ct_k($A, $B, ~rst, ~rk), 
                                   ct_s($A, $B, ~sst, ~rst, ~rs)>, 
                                  hmac(confirm_key(session_key(secret_l($A, $B, ~rst, ~rl),
                                                               secret_k($A, $B, ~rst, ~rk),
                                                               secret_s($A, $B, ~sst, ~rst, ~rs),
                                                               session_id($A, $B, sender_pk($A, ~sst),
                                                                          receiver_pk($B, ~rst),
                                                                          sender_prekey($A, ~sst),
                                                                          receiver_prekey($B, ~rst),
                                                                          <ct_l($A, $B, ~rst, ~rl), 
                                                                           ct_k($A, $B, ~rst, ~rk), 
                                                                           ct_s($A, $B, ~sst, ~rst, ~rs)>))),
                                       session_id($A, $B, sender_pk($A, ~sst), receiver_pk($B, ~rst),
                                                  sender_prekey($A, ~sst), receiver_prekey($B, ~rst),
                                                  <ct_l($A, $B, ~rst, ~rl), ct_k($A, $B, ~rst, ~rk), 
                                                   ct_s($A, $B, ~sst, ~rst, ~rs)>))
                                 >
                     ) ▶₁ #r2 )
                case AddSlot2
                solve( !HonestSession( $A, $B, ~rst,
                                       <ct_l($A, $B, ~rst, ~rl), ct_k($A, $B, ~rst, ~rk), 
                                        ct_s($A, $B, ~sst, ~rst, ~rs)>,
                                       session_id($A, $B, sender_pk($A, ~sst), receiver_pk($B, ~rst),
                                                  sender_prekey($A, ~sst), receiver_prekey($B, ~rst),
                                                  <ct_l($A, $B, ~rst, ~rl), ct_k($A, $B, ~rst, ~rk), 
                                                   ct_s($A, $B, ~sst, ~rst, ~rs)>),
                                       session_key(secret_l($A, $B, ~rst, ~rl), secret_k($A, $B, ~rst, ~rk),
                                                   secret_s($A, $B, ~sst, ~rst, ~rs),
                                                   session_id($A, $B, sender_pk($A, ~sst),
                                                              receiver_pk($B, ~rst), sender_prekey($A, ~sst),
                                                              receiver_prekey($B, ~rst),
                                                              <ct_l($A, $B, ~rst, ~rl), 
                                                               ct_k($A, $B, ~rst, ~rk), 
                                                               ct_s($A, $B, ~sst, ~rst, ~rs)>))
                       ) ▶₂ #r2 )
                  case SenderCreatesConfirmedMessage
                  solve( !KU( ct_l($A, $B, ~rst, ~rl) ) @ #vk.7 )
                    case SenderCreatesConfirmedMessage
                    solve( !KU( ct_k($A, $B, ~rst, ~rk) ) @ #vk.9 )
                      case SenderCreatesConfirmedMessage
                      solve( !KU( ct_s($A, $B, ~sst, ~rst, ~rs) ) @ #vk.10 )
                        case SenderCreatesConfirmedMessage
                        solve( !KU( hmac(confirm_key(session_key(secret_l($A, $B, ~rst, ~rl),
                                                                 secret_k($A, $B, ~rst, ~rk),
                                                                 secret_s($A, $B, ~sst, ~rst, ~rs),
                                                                 session_id($A, $B, sender_pk($A, ~sst),
                                                                            receiver_pk($B, ~rst),
                                                                            sender_prekey($A, ~sst),
                                                                            receiver_prekey($B, ~rst),
                                                                            <ct_l($A, $B, ~rst, ~rl), 
                                                                             ct_k($A, $B, ~rst, ~rk), 
                                                                             ct_s($A, $B, ~sst, ~rst, ~rs)
                                                                            >))),
                                         session_id($A, $B, sender_pk($A, ~sst), receiver_pk($B, ~rst),
                                                    sender_prekey($A, ~sst), receiver_prekey($B, ~rst),
                                                    <ct_l($A, $B, ~rst, ~rl), ct_k($A, $B, ~rst, ~rk), 
                                                     ct_s($A, $B, ~sst, ~rst, ~rs)>))
                               ) @ #vk.10 )
                          case SenderCreatesConfirmedMessage
                          SOLVED // trace found
                        qed
                      qed
                    qed
                  qed
                qed
              qed
            qed
          qed
        qed
      qed
    qed
  qed
qed

lemma injective_confirmed_receiver_accept:
  all-traces
  "∀ A B m sid k tag bid idx1 idx2 rst #s #r1 #r2.
    (((((ConfirmedSend( A, B, m, sid, k, tag ) @ #s) ∧
        (ConfirmedReceiverAccept( B, A, bid, idx1, rst, m, sid, k, tag
         ) @ #r1)) ∧
       (ConfirmedReceiverAccept( B, A, bid, idx2, rst, m, sid, k, tag
        ) @ #r2)) ∧
      (#s < #r1)) ∧
     (#s < #r2)) ⇒
    (#r1 = #r2)"
/*
guarded formula characterizing all counter-examples:
"∃ A B m sid k tag bid idx1 idx2 rst #s #r1 #r2.
  (ConfirmedSend( A, B, m, sid, k, tag ) @ #s) ∧
  (ConfirmedReceiverAccept( B, A, bid, idx1, rst, m, sid, k, tag ) @ #r1) ∧
  (ConfirmedReceiverAccept( B, A, bid, idx2, rst, m, sid, k, tag ) @ #r2)
 ∧
  (#s < #r1) ∧ (#s < #r2) ∧ (¬(#r1 = #r2))"
*/
simplify
solve( (#r1 < #r2)  ∥ (#r2 < #r1) )
  case case_2
  solve( !SenderState( $A, sst ) ▶₀ #s )
    case InitSenderState
    solve( !ReceiverPublicState( $B, rst ) ▶₁ #s )
      case InitReceiverState
      solve( ConfirmedReceiverAccept( $B, $A, bid, idx1, rst.2,
                                      <ct_l($A, $B, ~rst, ~rl), ct_k($A, $B, ~rst, ~rk), 
                                       ct_s($A, $B, ~sst, ~rst, ~rs)>,
                                      session_id($A, $B, sender_pk($A, ~sst), receiver_pk($B, ~rst),
                                                 sender_prekey($A, ~sst), receiver_prekey($B, ~rst),
                                                 <ct_l($A, $B, ~rst, ~rl), ct_k($A, $B, ~rst, ~rk), 
                                                  ct_s($A, $B, ~sst, ~rst, ~rs)>),
                                      session_key(secret_l($A, $B, ~rst, ~rl), secret_k($A, $B, ~rst, ~rk),
                                                  secret_s($A, $B, ~sst, ~rst, ~rs),
                                                  session_id($A, $B, sender_pk($A, ~sst),
                                                             receiver_pk($B, ~rst), sender_prekey($A, ~sst),
                                                             receiver_prekey($B, ~rst),
                                                             <ct_l($A, $B, ~rst, ~rl), 
                                                              ct_k($A, $B, ~rst, ~rk), 
                                                              ct_s($A, $B, ~sst, ~rst, ~rs)>)),
                                      hmac(confirm_key(session_key(secret_l($A, $B, ~rst, ~rl),
                                                                   secret_k($A, $B, ~rst, ~rk),
                                                                   secret_s($A, $B, ~sst, ~rst, ~rs),
                                                                   session_id($A, $B, sender_pk($A, ~sst),
                                                                              receiver_pk($B, ~rst),
                                                                              sender_prekey($A, ~sst),
                                                                              receiver_prekey($B, ~rst),
                                                                              <ct_l($A, $B, ~rst, ~rl), 
                                                                               ct_k($A, $B, ~rst, ~rk), 
                                                                               ct_s($A, $B, ~sst, ~rst, ~rs)
                                                                              >))),
                                           session_id($A, $B, sender_pk($A, ~sst), receiver_pk($B, ~rst),
                                                      sender_prekey($A, ~sst), receiver_prekey($B, ~rst),
                                                      <ct_l($A, $B, ~rst, ~rl), ct_k($A, $B, ~rst, ~rk), 
                                                       ct_s($A, $B, ~sst, ~rst, ~rs)>))
             ) @ #r1 )
        case ProcessSlot2
        solve( SealedStage1( $B, bid, rst ) ▶₀ #r1 )
          case ProcessSlot1_case_1
          solve( AddedSlot2( $B, ~bid, ~rst, idx1, $A,
                             <
                              <ct_l($A, $B, ~rst.1, ~rl), ct_k($A, $B, ~rst.1, ~rk), 
                               ct_s($A, $B, ~sst, ~rst.1, ~rs)>, 
                              hmac(confirm_key(session_key(secret_l($A, $B, ~rst.1, ~rl),
                                                           secret_k($A, $B, ~rst.1, ~rk),
                                                           secret_s($A, $B, ~sst, ~rst.1, ~rs),
                                                           session_id($A, $B, sender_pk($A, ~sst),
                                                                      receiver_pk($B, ~rst.1),
                                                                      sender_prekey($A, ~sst),
                                                                      receiver_prekey($B, ~rst.1),
                                                                      <ct_l($A, $B, ~rst.1, ~rl), 
                                                                       ct_k($A, $B, ~rst.1, ~rk), 
                                                                       ct_s($A, $B, ~sst, ~rst.1, ~rs)>))),
                                   session_id($A, $B, sender_pk($A, ~sst), receiver_pk($B, ~rst.1),
                                              sender_prekey($A, ~sst), receiver_prekey($B, ~rst.1),
                                              <ct_l($A, $B, ~rst.1, ~rl), ct_k($A, $B, ~rst.1, ~rk), 
                                               ct_s($A, $B, ~sst, ~rst.1, ~rs)>))
                             >
                 ) ▶₁ #r1 )
            case AddSlot2
            solve( !HonestSession( $A, $B, ~rst,
                                   <ct_l($A, $B, ~rst.1, ~rl), ct_k($A, $B, ~rst.1, ~rk), 
                                    ct_s($A, $B, ~sst, ~rst.1, ~rs)>,
                                   session_id($A, $B, sender_pk($A, ~sst), receiver_pk($B, ~rst.1),
                                              sender_prekey($A, ~sst), receiver_prekey($B, ~rst.1),
                                              <ct_l($A, $B, ~rst.1, ~rl), ct_k($A, $B, ~rst.1, ~rk), 
                                               ct_s($A, $B, ~sst, ~rst.1, ~rs)>),
                                   session_key(secret_l($A, $B, ~rst.1, ~rl), secret_k($A, $B, ~rst.1, ~rk),
                                               secret_s($A, $B, ~sst, ~rst.1, ~rs),
                                               session_id($A, $B, sender_pk($A, ~sst),
                                                          receiver_pk($B, ~rst.1), sender_prekey($A, ~sst),
                                                          receiver_prekey($B, ~rst.1),
                                                          <ct_l($A, $B, ~rst.1, ~rl), 
                                                           ct_k($A, $B, ~rst.1, ~rk), 
                                                           ct_s($A, $B, ~sst, ~rst.1, ~rs)>))
                   ) ▶₂ #r1 )
              case SenderCreatesConfirmedMessage
              solve( ConfirmedReceiverAccept( $B, $A, ~bid, idx2, ~rst,
                                              <ct_l($A, $B, ~rst, ~rl), ct_k($A, $B, ~rst, ~rk), 
                                               ct_s($A, $B, ~sst, ~rst, ~rs)>,
                                              session_id($A, $B, sender_pk($A, ~sst), receiver_pk($B, ~rst),
                                                         sender_prekey($A, ~sst), receiver_prekey($B, ~rst),
                                                         <ct_l($A, $B, ~rst, ~rl), ct_k($A, $B, ~rst, ~rk), 
                                                          ct_s($A, $B, ~sst, ~rst, ~rs)>),
                                              session_key(secret_l($A, $B, ~rst, ~rl),
                                                          secret_k($A, $B, ~rst, ~rk),
                                                          secret_s($A, $B, ~sst, ~rst, ~rs),
                                                          session_id($A, $B, sender_pk($A, ~sst),
                                                                     receiver_pk($B, ~rst),
                                                                     sender_prekey($A, ~sst),
                                                                     receiver_prekey($B, ~rst),
                                                                     <ct_l($A, $B, ~rst, ~rl), 
                                                                      ct_k($A, $B, ~rst, ~rk), 
                                                                      ct_s($A, $B, ~sst, ~rst, ~rs)>)),
                                              hmac(confirm_key(session_key(secret_l($A, $B, ~rst, ~rl),
                                                                           secret_k($A, $B, ~rst, ~rk),
                                                                           secret_s($A, $B, ~sst, ~rst, ~rs),
                                                                           session_id($A, $B,
                                                                                      sender_pk($A, ~sst),
                                                                                      receiver_pk($B, ~rst),
                                                                                      sender_prekey($A, ~sst),
                                                                                      receiver_prekey($B,
                                                                                                      ~rst),
                                                                                      <
                                                                                       ct_l($A, $B, ~rst,
                                                                                            ~rl), 
                                                                                       ct_k($A, $B, ~rst,
                                                                                            ~rk), 
                                                                                       ct_s($A, $B, ~sst,
                                                                                            ~rst, ~rs)
                                                                                      >))),
                                                   session_id($A, $B, sender_pk($A, ~sst),
                                                              receiver_pk($B, ~rst), sender_prekey($A, ~sst),
                                                              receiver_prekey($B, ~rst),
                                                              <ct_l($A, $B, ~rst, ~rl), 
                                                               ct_k($A, $B, ~rst, ~rk), 
                                                               ct_s($A, $B, ~sst, ~rst, ~rs)>))
                     ) @ #r2 )
                case ProcessSlot1
                solve( SealedStage0( $B, ~bid, ~rst ) ▶₀ #r2 )
                  case SealBatch
                  solve( !KU( ct_l($A, $B, ~rst, ~rl) ) @ #vk.7 )
                    case SenderCreatesConfirmedMessage
                    solve( !KU( ct_k($A, $B, ~rst, ~rk) ) @ #vk.9 )
                      case SenderCreatesConfirmedMessage
                      solve( !KU( ct_s($A, $B, ~sst, ~rst, ~rs) ) @ #vk.10 )
                        case SenderCreatesConfirmedMessage
                        solve( !KU( hmac(confirm_key(session_key(secret_l($A, $B, ~rst, ~rl),
                                                                 secret_k($A, $B, ~rst, ~rk),
                                                                 secret_s($A, $B, ~sst, ~rst, ~rs),
                                                                 session_id($A, $B, sender_pk($A, ~sst),
                                                                            receiver_pk($B, ~rst),
                                                                            sender_prekey($A, ~sst),
                                                                            receiver_prekey($B, ~rst),
                                                                            <ct_l($A, $B, ~rst, ~rl), 
                                                                             ct_k($A, $B, ~rst, ~rk), 
                                                                             ct_s($A, $B, ~sst, ~rst, ~rs)
                                                                            >))),
                                         session_id($A, $B, sender_pk($A, ~sst), receiver_pk($B, ~rst),
                                                    sender_prekey($A, ~sst), receiver_prekey($B, ~rst),
                                                    <ct_l($A, $B, ~rst, ~rl), ct_k($A, $B, ~rst, ~rk), 
                                                     ct_s($A, $B, ~sst, ~rst, ~rs)>))
                               ) @ #vk.10 )
                          case SenderCreatesConfirmedMessage
                          SOLVED // trace found
                        qed
                      qed
                    qed
                  qed
                qed
              qed
            qed
          qed
        qed
      qed
    qed
  qed
qed

lemma slot_indices_distinct:
  all-traces
  "∀ B bid rst idx1 idx2 A1 A2 cm1 cm2 #i #j.
    ((Slot1Added( B, bid, rst, idx1, A1, cm1 ) @ #i) ∧
     (Slot2Added( B, bid, rst, idx2, A2, cm2 ) @ #j)) ⇒
    (¬(idx1 = idx2))"
/*
guarded formula characterizing all counter-examples:
"∃ B bid rst idx1 idx2 A1 A2 cm1 cm2 #i #j.
  (Slot1Added( B, bid, rst, idx1, A1, cm1 ) @ #i) ∧
  (Slot2Added( B, bid, rst, idx2, A2, cm2 ) @ #j)
 ∧
  idx1 = idx2"
*/
by simplify

lemma process_requires_slot_added:
  all-traces
  "∀ B A bid idx rst m sid k tag #i.
    (ConfirmedReceiverAccept( B, A, bid, idx, rst, m, sid, k, tag ) @ #i) ⇒
    (∃ #j. (SlotAdded( B, bid, idx, A, <m, tag> ) @ #j) ∧ (#j < #i))"
/*
guarded formula characterizing all counter-examples:
"∃ B A bid idx rst m sid k tag #i.
  (ConfirmedReceiverAccept( B, A, bid, idx, rst, m, sid, k, tag ) @ #i)
 ∧
  ∀ #j. (SlotAdded( B, bid, idx, A, <m, tag> ) @ #j) ⇒ ¬(#j < #i)"
*/
simplify
solve( ConfirmedReceiverAccept( B, A, bid, idx, rst, m, sid, k, tag
       ) @ #i )
  case ProcessSlot1
  solve( SealedStage0( $B, bid, rst ) ▶₀ #i )
    case SealBatch_case_1
    solve( AddedSlot1( $B, ~bid, ~rst, idx, $A,
                       <m, hmac(confirm_key(k), sid)>
           ) ▶₁ #i )
      case AddSlot1
      by contradiction /* from formulas */
    qed
  next
    case SealBatch_case_2
    solve( AddedSlot1( $B, ~bid, ~rst, idx, $A,
                       <m, hmac(confirm_key(k), sid)>
           ) ▶₁ #i )
      case AddSlot1
      by contradiction /* from formulas */
    qed
  qed
next
  case ProcessSlot2
  solve( SealedStage1( $B, bid, rst ) ▶₀ #i )
    case ProcessSlot1_case_1
    solve( AddedSlot2( $B, ~bid, ~rst, idx, $A,
                       <m, hmac(confirm_key(k), sid)>
           ) ▶₁ #i )
      case AddSlot2
      by contradiction /* from formulas */
    qed
  next
    case ProcessSlot1_case_2
    solve( AddedSlot2( $B, ~bid, ~rst, idx, $A,
                       <m, hmac(confirm_key(k), sid)>
           ) ▶₁ #i )
      case AddSlot2
      by contradiction /* from formulas */
    qed
  qed
qed

lemma process_requires_seal:
  all-traces
  "∀ B A bid idx rst m sid k tag #i.
    (ConfirmedReceiverAccept( B, A, bid, idx, rst, m, sid, k, tag ) @ #i) ⇒
    (∃ #j. (SealBatchEvent( B, bid, rst ) @ #j) ∧ (#j < #i))"
/*
guarded formula characterizing all counter-examples:
"∃ B A bid idx rst m sid k tag #i.
  (ConfirmedReceiverAccept( B, A, bid, idx, rst, m, sid, k, tag ) @ #i)
 ∧
  ∀ #j. (SealBatchEvent( B, bid, rst ) @ #j) ⇒ ¬(#j < #i)"
*/
simplify
solve( ConfirmedReceiverAccept( B, A, bid, idx, rst, m, sid, k, tag
       ) @ #i )
  case ProcessSlot1
  solve( SealedStage0( $B, bid, rst ) ▶₀ #i )
    case SealBatch_case_1
    by contradiction /* from formulas */
  next
    case SealBatch_case_2
    by contradiction /* from formulas */
  qed
next
  case ProcessSlot2
  solve( SealedStage1( $B, bid, rst ) ▶₀ #i )
    case ProcessSlot1_case_1
    by contradiction /* from formulas */
  next
    case ProcessSlot1_case_2
    by contradiction /* from formulas */
  qed
qed

lemma complete_requires_all_slots_processed:
  all-traces
  "∀ B bid rst idx A cm #i #j.
    ((BatchComplete( B, bid, rst ) @ #i) ∧
     (SlotAdded( B, bid, idx, A, cm ) @ #j)) ⇒
    (∃ #p.
      ((SlotProcessed( B, bid, idx, A, cm ) @ #p) ∧ (#j < #p)) ∧ (#p < #i))"
/*
guarded formula characterizing all counter-examples:
"∃ B bid rst idx A cm #i #j.
  (BatchComplete( B, bid, rst ) @ #i) ∧
  (SlotAdded( B, bid, idx, A, cm ) @ #j)
 ∧
  ∀ #p.
   (SlotProcessed( B, bid, idx, A, cm ) @ #p)
  ⇒
   ((¬(#j < #p)) ∨ (¬(#p < #i)))"
*/
simplify
solve( SealedStage2( $B, bid, rst ) ▶₀ #i )
  case ProcessSlot2_case_1
  solve( BatchEndToken( $B, ~bid, ~rst ) ▶₁ #i )
    case CreateBatch
    solve( Slot1DoneFact( $B, ~bid, ~rst ) ▶₂ #i )
      case ProcessSlot1
      solve( Slot2DoneFact( $B, ~bid, ~rst ) ▶₃ #i )
        case ProcessSlot2
        solve( SlotAdded( $B, ~bid, idx.4, A.4, cm ) @ #j )
          case AddSlot1
          solve( OpenStage0( $B, ~bid, rst.1 ) ▶₀ #j )
            case CreateBatch
            by contradiction /* from formulas */
          qed
        next
          case AddSlot2
          solve( OpenStage1( $B, ~bid, rst.1 ) ▶₀ #j )
            case AddSlot1
            by contradiction /* from formulas */
          qed
        qed
      qed
    qed
  qed
next
  case ProcessSlot2_case_2
  solve( BatchEndToken( $B, ~bid, ~rst ) ▶₁ #i )
    case CreateBatch
    solve( Slot1DoneFact( $B, ~bid, ~rst ) ▶₂ #i )
      case ProcessSlot1
      solve( Slot2DoneFact( $B, ~bid, ~rst ) ▶₃ #i )
        case ProcessSlot2
        solve( SlotAdded( $B, ~bid, idx.4, A.4, cm ) @ #j )
          case AddSlot1
          solve( OpenStage0( $B, ~bid, rst.1 ) ▶₀ #j )
            case CreateBatch
            by contradiction /* from formulas */
          qed
        next
          case AddSlot2
          solve( OpenStage1( $B, ~bid, rst.1 ) ▶₀ #j )
            case AddSlot1
            by contradiction /* from formulas */
          qed
        qed
      qed
    qed
  qed
qed

lemma no_add_after_seal:
  all-traces
  "∀ B bid rst idx A cm #i #j.
    ((SealBatchEvent( B, bid, rst ) @ #i) ∧
     (SlotAdded( B, bid, idx, A, cm ) @ #j)) ⇒
    (#j < #i)"
/*
guarded formula characterizing all counter-examples:
"∃ B bid rst idx A cm #i #j.
  (SealBatchEvent( B, bid, rst ) @ #i) ∧
  (SlotAdded( B, bid, idx, A, cm ) @ #j)
 ∧
  ¬(#j < #i)"
*/
simplify
solve( (#j = #i)  ∥ (#i < #j) )
  case case_1
  solve( OpenStage2( $B, bid, rst ) ▶₀ #i )
    case AddSlot2_case_1
    by solve( SlotAdded( $B, ~bid, idx.2, A.2, cm.2 ) @ #i )
  next
    case AddSlot2_case_2
    by solve( SlotAdded( $B, ~bid, idx.2, A.2, cm.2 ) @ #i )
  qed
next
  case case_2
  solve( OpenStage2( $B, bid, rst ) ▶₀ #i )
    case AddSlot2_case_1
    solve( SlotAdded( $B, ~bid, idx.2, A.2, cm.2 ) @ #j )
      case AddSlot1
      solve( OpenStage0( $B, ~bid, rst.1 ) ▶₀ #j )
        case CreateBatch
        by contradiction /* cyclic */
      qed
    next
      case AddSlot2
      solve( OpenStage1( $B, ~bid, rst.1 ) ▶₀ #j )
        case AddSlot1
        by contradiction /* cyclic */
      qed
    qed
  next
    case AddSlot2_case_2
    solve( SlotAdded( $B, ~bid, idx.2, A.2, cm.2 ) @ #j )
      case AddSlot1
      solve( OpenStage0( $B, ~bid, rst.1 ) ▶₀ #j )
        case CreateBatch
        by contradiction /* cyclic */
      qed
    next
      case AddSlot2
      solve( OpenStage1( $B, ~bid, rst.1 ) ▶₀ #j )
        case AddSlot1
        by contradiction /* cyclic */
      qed
    qed
  qed
qed

lemma no_accept_after_close:
  all-traces
  "∀ B A bid idx rst m sid k tag #i #j.
    ((BatchClosed( B, bid, rst ) @ #i) ∧
     (ConfirmedReceiverAccept( B, A, bid, idx, rst, m, sid, k, tag ) @ #j)) ⇒
    (#j < #i)"
/*
guarded formula characterizing all counter-examples:
"∃ B A bid idx rst m sid k tag #i #j.
  (BatchClosed( B, bid, rst ) @ #i) ∧
  (ConfirmedReceiverAccept( B, A, bid, idx, rst, m, sid, k, tag ) @ #j)
 ∧
  ¬(#j < #i)"
*/
simplify
solve( (#j = #i)  ∥ (#i < #j) )
  case case_1
  solve( BatchClosed( B, bid, rst ) @ #i )
    case CompleteBatch
    solve( SealedStage2( $B, bid, rst ) ▶₀ #i )
      case ProcessSlot2_case_1
      solve( BatchEndToken( $B, ~bid, ~rst ) ▶₁ #i )
        case CreateBatch
        solve( Slot1DoneFact( $B, ~bid, ~rst ) ▶₂ #i )
          case ProcessSlot1
          solve( Slot2DoneFact( $B, ~bid, ~rst ) ▶₃ #i )
            case ProcessSlot2
            by solve( ConfirmedReceiverAccept( $B, A.4, ~bid, idx.4, ~rst, m, sid, k,
                                               tag
                      ) @ #i )
          qed
        qed
      qed
    next
      case ProcessSlot2_case_2
      solve( BatchEndToken( $B, ~bid, ~rst ) ▶₁ #i )
        case CreateBatch
        solve( Slot1DoneFact( $B, ~bid, ~rst ) ▶₂ #i )
          case ProcessSlot1
          solve( Slot2DoneFact( $B, ~bid, ~rst ) ▶₃ #i )
            case ProcessSlot2
            by solve( ConfirmedReceiverAccept( $B, A.4, ~bid, idx.4, ~rst, m, sid, k,
                                               tag
                      ) @ #i )
          qed
        qed
      qed
    qed
  next
    case FailSlot1
    solve( SealedStage0( $B, bid, rst ) ▶₀ #i )
      case SealBatch_case_1
      solve( BatchEndToken( $B, ~bid, ~rst ) ▶₁ #i )
        case CreateBatch
        solve( AddedSlot1( $B, ~bid, ~rst, idx, $A, cm ) ▶₂ #i )
          case AddSlot1
          by solve( ConfirmedReceiverAccept( $B, A.3, ~bid, idx.4, ~rst, m, sid, k,
                                             tag
                    ) @ #i )
        qed
      qed
    next
      case SealBatch_case_2
      solve( BatchEndToken( $B, ~bid, ~rst ) ▶₁ #i )
        case CreateBatch
        solve( AddedSlot1( $B, ~bid, ~rst, idx, $A, cm ) ▶₂ #i )
          case AddSlot1
          by solve( ConfirmedReceiverAccept( $B, A.3, ~bid, idx.4, ~rst, m, sid, k,
                                             tag
                    ) @ #i )
        qed
      qed
    qed
  next
    case FailSlot2
    solve( SealedStage1( $B, bid, rst ) ▶₀ #i )
      case ProcessSlot1_case_1
      solve( BatchEndToken( $B, ~bid, ~rst ) ▶₁ #i )
        case CreateBatch
        solve( AddedSlot2( $B, ~bid, ~rst, idx, $A, cm ) ▶₂ #i )
          case AddSlot2
          by solve( ConfirmedReceiverAccept( $B, A.4, ~bid, idx.5, ~rst, m, sid, k,
                                             tag
                    ) @ #i )
        qed
      qed
    next
      case ProcessSlot1_case_2
      solve( BatchEndToken( $B, ~bid, ~rst ) ▶₁ #i )
        case CreateBatch
        solve( AddedSlot2( $B, ~bid, ~rst, idx, $A, cm ) ▶₂ #i )
          case AddSlot2
          by solve( ConfirmedReceiverAccept( $B, A.4, ~bid, idx.5, ~rst, m, sid, k,
                                             tag
                    ) @ #i )
        qed
      qed
    qed
  qed
next
  case case_2
  solve( BatchClosed( B, bid, rst ) @ #i )
    case CompleteBatch
    solve( SealedStage2( $B, bid, rst ) ▶₀ #i )
      case ProcessSlot2_case_1
      solve( BatchEndToken( $B, ~bid, ~rst ) ▶₁ #i )
        case CreateBatch
        solve( Slot1DoneFact( $B, ~bid, ~rst ) ▶₂ #i )
          case ProcessSlot1
          solve( Slot2DoneFact( $B, ~bid, ~rst ) ▶₃ #i )
            case ProcessSlot2
            solve( ConfirmedReceiverAccept( $B, A.4, ~bid, idx.4, ~rst, m, sid, k,
                                            tag
                   ) @ #j )
              case ProcessSlot1
              solve( SealedStage0( $B, ~bid, ~rst ) ▶₀ #j )
                case SealBatch
                by contradiction /* cyclic */
              qed
            next
              case ProcessSlot2
              solve( SealedStage1( $B, ~bid, ~rst ) ▶₀ #j )
                case ProcessSlot1
                by contradiction /* cyclic */
              qed
            qed
          qed
        qed
      qed
    next
      case ProcessSlot2_case_2
      solve( BatchEndToken( $B, ~bid, ~rst ) ▶₁ #i )
        case CreateBatch
        solve( Slot1DoneFact( $B, ~bid, ~rst ) ▶₂ #i )
          case ProcessSlot1
          solve( Slot2DoneFact( $B, ~bid, ~rst ) ▶₃ #i )
            case ProcessSlot2
            solve( ConfirmedReceiverAccept( $B, A.4, ~bid, idx.4, ~rst, m, sid, k,
                                            tag
                   ) @ #j )
              case ProcessSlot1
              solve( SealedStage0( $B, ~bid, ~rst ) ▶₀ #j )
                case SealBatch
                by contradiction /* cyclic */
              qed
            next
              case ProcessSlot2
              solve( SealedStage1( $B, ~bid, ~rst ) ▶₀ #j )
                case ProcessSlot1
                by contradiction /* cyclic */
              qed
            qed
          qed
        qed
      qed
    qed
  next
    case FailSlot1
    solve( SealedStage0( $B, bid, rst ) ▶₀ #i )
      case SealBatch_case_1
      solve( BatchEndToken( $B, ~bid, ~rst ) ▶₁ #i )
        case CreateBatch
        solve( AddedSlot1( $B, ~bid, ~rst, idx, $A, cm ) ▶₂ #i )
          case AddSlot1
          solve( ConfirmedReceiverAccept( $B, A.3, ~bid, idx.4, ~rst, m, sid, k,
                                          tag
                 ) @ #j )
            case ProcessSlot1
            by solve( SealedStage0( $B, ~bid, ~rst ) ▶₀ #j )
          next
            case ProcessSlot2
            by solve( SealedStage1( $B, ~bid, ~rst ) ▶₀ #j )
          qed
        qed
      qed
    next
      case SealBatch_case_2
      solve( BatchEndToken( $B, ~bid, ~rst ) ▶₁ #i )
        case CreateBatch
        solve( AddedSlot1( $B, ~bid, ~rst, idx, $A, cm ) ▶₂ #i )
          case AddSlot1
          solve( ConfirmedReceiverAccept( $B, A.3, ~bid, idx.4, ~rst, m, sid, k,
                                          tag
                 ) @ #j )
            case ProcessSlot1
            by solve( SealedStage0( $B, ~bid, ~rst ) ▶₀ #j )
          next
            case ProcessSlot2
            by solve( SealedStage1( $B, ~bid, ~rst ) ▶₀ #j )
          qed
        qed
      qed
    qed
  next
    case FailSlot2
    solve( SealedStage1( $B, bid, rst ) ▶₀ #i )
      case ProcessSlot1_case_1
      solve( BatchEndToken( $B, ~bid, ~rst ) ▶₁ #i )
        case CreateBatch
        solve( AddedSlot2( $B, ~bid, ~rst, idx, $A, cm ) ▶₂ #i )
          case AddSlot2
          solve( ConfirmedReceiverAccept( $B, A.4, ~bid, idx.5, ~rst, m, sid, k,
                                          tag
                 ) @ #j )
            case ProcessSlot1
            solve( SealedStage0( $B, ~bid, ~rst ) ▶₀ #j )
              case SealBatch
              by contradiction /* cyclic */
            qed
          next
            case ProcessSlot2
            by solve( SealedStage1( $B, ~bid, ~rst ) ▶₀ #j )
          qed
        qed
      qed
    next
      case ProcessSlot1_case_2
      solve( BatchEndToken( $B, ~bid, ~rst ) ▶₁ #i )
        case CreateBatch
        solve( AddedSlot2( $B, ~bid, ~rst, idx, $A, cm ) ▶₂ #i )
          case AddSlot2
          solve( ConfirmedReceiverAccept( $B, A.4, ~bid, idx.5, ~rst, m, sid, k,
                                          tag
                 ) @ #j )
            case ProcessSlot1
            solve( SealedStage0( $B, ~bid, ~rst ) ▶₀ #j )
              case SealBatch
              by contradiction /* cyclic */
            qed
          next
            case ProcessSlot2
            by solve( SealedStage1( $B, ~bid, ~rst ) ▶₀ #j )
          qed
        qed
      qed
    qed
  qed
qed

lemma batch_complete_consumes_state:
  all-traces
  "∀ B bid rst #i.
    (BatchComplete( B, bid, rst ) @ #i) ⇒
    (ConsumeReceiverState( B, rst ) @ #i)"
/*
guarded formula characterizing all counter-examples:
"∃ B bid rst #i.
  (BatchComplete( B, bid, rst ) @ #i)
 ∧
  ¬(ConsumeReceiverState( B, rst ) @ #i)"
*/
simplify
by contradiction /* from formulas */

lemma batch_fail_consumes_state:
  all-traces
  "∀ B bid rst #i.
    (BatchFail( B, bid, rst ) @ #i) ⇒ (ConsumeReceiverState( B, rst ) @ #i)"
/*
guarded formula characterizing all counter-examples:
"∃ B bid rst #i.
  (BatchFail( B, bid, rst ) @ #i) ∧ ¬(ConsumeReceiverState( B, rst ) @ #i)"
*/
simplify
solve( BatchFail( B, bid, rst ) @ #i )
  case FailSlot1
  by contradiction /* from formulas */
next
  case FailSlot2
  by contradiction /* from formulas */
qed

lemma batch_end_token_single_use:
  all-traces
  "∀ B bid rst #i #j.
    ((UseBatchEndToken( B, bid, rst ) @ #i) ∧
     (UseBatchEndToken( B, bid, rst ) @ #j)) ⇒
    (#i = #j)"
/*
guarded formula characterizing all counter-examples:
"∃ B bid rst #i #j.
  (UseBatchEndToken( B, bid, rst ) @ #i) ∧
  (UseBatchEndToken( B, bid, rst ) @ #j)
 ∧
  ¬(#i = #j)"
*/
simplify
solve( (#i < #j)  ∥ (#j < #i) )
  case case_1
  solve( UseBatchEndToken( B, bid, rst ) @ #i )
    case CompleteBatch
    solve( SealedStage2( $B, bid, rst ) ▶₀ #i )
      case ProcessSlot2_case_1
      solve( BatchEndToken( $B, ~bid, ~rst ) ▶₁ #i )
        case CreateBatch
        solve( Slot1DoneFact( $B, ~bid, ~rst ) ▶₂ #i )
          case ProcessSlot1
          solve( Slot2DoneFact( $B, ~bid, ~rst ) ▶₃ #i )
            case ProcessSlot2
            solve( UseBatchEndToken( $B, ~bid, ~rst ) @ #j )
              case CompleteBatch
              solve( SealedStage2( $B, ~bid, ~rst ) ▶₀ #j )
                case ProcessSlot2
                by contradiction /* cyclic */
              qed
            next
              case FailSlot1
              by solve( SealedStage0( $B, ~bid, ~rst ) ▶₀ #j )
            next
              case FailSlot2
              by solve( SealedStage1( $B, ~bid, ~rst ) ▶₀ #j )
            qed
          qed
        qed
      qed
    next
      case ProcessSlot2_case_2
      solve( BatchEndToken( $B, ~bid, ~rst ) ▶₁ #i )
        case CreateBatch
        solve( Slot1DoneFact( $B, ~bid, ~rst ) ▶₂ #i )
          case ProcessSlot1
          solve( Slot2DoneFact( $B, ~bid, ~rst ) ▶₃ #i )
            case ProcessSlot2
            solve( UseBatchEndToken( $B, ~bid, ~rst ) @ #j )
              case CompleteBatch
              solve( SealedStage2( $B, ~bid, ~rst ) ▶₀ #j )
                case ProcessSlot2
                by contradiction /* cyclic */
              qed
            next
              case FailSlot1
              by solve( SealedStage0( $B, ~bid, ~rst ) ▶₀ #j )
            next
              case FailSlot2
              by solve( SealedStage1( $B, ~bid, ~rst ) ▶₀ #j )
            qed
          qed
        qed
      qed
    qed
  next
    case FailSlot1
    solve( SealedStage0( $B, bid, rst ) ▶₀ #i )
      case SealBatch_case_1
      solve( BatchEndToken( $B, ~bid, ~rst ) ▶₁ #i )
        case CreateBatch
        solve( AddedSlot1( $B, ~bid, ~rst, idx, $A, cm ) ▶₂ #i )
          case AddSlot1
          solve( UseBatchEndToken( $B, ~bid, ~rst ) @ #j )
            case CompleteBatch
            by solve( SealedStage2( $B, ~bid, ~rst ) ▶₀ #j )
          next
            case FailSlot1
            solve( SealedStage0( $B, ~bid, ~rst ) ▶₀ #j )
              case SealBatch
              by contradiction /* cyclic */
            qed
          next
            case FailSlot2
            by solve( SealedStage1( $B, ~bid, ~rst ) ▶₀ #j )
          qed
        qed
      qed
    next
      case SealBatch_case_2
      solve( BatchEndToken( $B, ~bid, ~rst ) ▶₁ #i )
        case CreateBatch
        solve( AddedSlot1( $B, ~bid, ~rst, idx, $A, cm ) ▶₂ #i )
          case AddSlot1
          solve( UseBatchEndToken( $B, ~bid, ~rst ) @ #j )
            case CompleteBatch
            by solve( SealedStage2( $B, ~bid, ~rst ) ▶₀ #j )
          next
            case FailSlot1
            solve( SealedStage0( $B, ~bid, ~rst ) ▶₀ #j )
              case SealBatch
              by contradiction /* cyclic */
            qed
          next
            case FailSlot2
            by solve( SealedStage1( $B, ~bid, ~rst ) ▶₀ #j )
          qed
        qed
      qed
    qed
  next
    case FailSlot2
    solve( SealedStage1( $B, bid, rst ) ▶₀ #i )
      case ProcessSlot1_case_1
      solve( BatchEndToken( $B, ~bid, ~rst ) ▶₁ #i )
        case CreateBatch
        solve( AddedSlot2( $B, ~bid, ~rst, idx, $A, cm ) ▶₂ #i )
          case AddSlot2
          solve( UseBatchEndToken( $B, ~bid, ~rst ) @ #j )
            case CompleteBatch
            by solve( SealedStage2( $B, ~bid, ~rst ) ▶₀ #j )
          next
            case FailSlot1
            by solve( SealedStage0( $B, ~bid, ~rst ) ▶₀ #j )
          next
            case FailSlot2
            solve( SealedStage1( $B, ~bid, ~rst ) ▶₀ #j )
              case ProcessSlot1
              by contradiction /* cyclic */
            qed
          qed
        qed
      qed
    next
      case ProcessSlot1_case_2
      solve( BatchEndToken( $B, ~bid, ~rst ) ▶₁ #i )
        case CreateBatch
        solve( AddedSlot2( $B, ~bid, ~rst, idx, $A, cm ) ▶₂ #i )
          case AddSlot2
          solve( UseBatchEndToken( $B, ~bid, ~rst ) @ #j )
            case CompleteBatch
            by solve( SealedStage2( $B, ~bid, ~rst ) ▶₀ #j )
          next
            case FailSlot1
            by solve( SealedStage0( $B, ~bid, ~rst ) ▶₀ #j )
          next
            case FailSlot2
            solve( SealedStage1( $B, ~bid, ~rst ) ▶₀ #j )
              case ProcessSlot1
              by contradiction /* cyclic */
            qed
          qed
        qed
      qed
    qed
  qed
next
  case case_2
  solve( UseBatchEndToken( B, bid, rst ) @ #i )
    case CompleteBatch
    solve( SealedStage2( $B, bid, rst ) ▶₀ #i )
      case ProcessSlot2_case_1
      solve( BatchEndToken( $B, ~bid, ~rst ) ▶₁ #i )
        case CreateBatch
        solve( Slot1DoneFact( $B, ~bid, ~rst ) ▶₂ #i )
          case ProcessSlot1
          solve( Slot2DoneFact( $B, ~bid, ~rst ) ▶₃ #i )
            case ProcessSlot2
            solve( UseBatchEndToken( $B, ~bid, ~rst ) @ #j )
              case CompleteBatch
              solve( SealedStage2( $B, ~bid, ~rst ) ▶₀ #j )
                case ProcessSlot2
                by contradiction /* cyclic */
              qed
            next
              case FailSlot1
              by solve( SealedStage0( $B, ~bid, ~rst ) ▶₀ #j )
            next
              case FailSlot2
              by solve( SealedStage1( $B, ~bid, ~rst ) ▶₀ #j )
            qed
          qed
        qed
      qed
    next
      case ProcessSlot2_case_2
      solve( BatchEndToken( $B, ~bid, ~rst ) ▶₁ #i )
        case CreateBatch
        solve( Slot1DoneFact( $B, ~bid, ~rst ) ▶₂ #i )
          case ProcessSlot1
          solve( Slot2DoneFact( $B, ~bid, ~rst ) ▶₃ #i )
            case ProcessSlot2
            solve( UseBatchEndToken( $B, ~bid, ~rst ) @ #j )
              case CompleteBatch
              solve( SealedStage2( $B, ~bid, ~rst ) ▶₀ #j )
                case ProcessSlot2
                by contradiction /* cyclic */
              qed
            next
              case FailSlot1
              by solve( SealedStage0( $B, ~bid, ~rst ) ▶₀ #j )
            next
              case FailSlot2
              by solve( SealedStage1( $B, ~bid, ~rst ) ▶₀ #j )
            qed
          qed
        qed
      qed
    qed
  next
    case FailSlot1
    solve( SealedStage0( $B, bid, rst ) ▶₀ #i )
      case SealBatch_case_1
      solve( BatchEndToken( $B, ~bid, ~rst ) ▶₁ #i )
        case CreateBatch
        solve( AddedSlot1( $B, ~bid, ~rst, idx, $A, cm ) ▶₂ #i )
          case AddSlot1
          solve( UseBatchEndToken( $B, ~bid, ~rst ) @ #j )
            case CompleteBatch
            by solve( SealedStage2( $B, ~bid, ~rst ) ▶₀ #j )
          next
            case FailSlot1
            solve( SealedStage0( $B, ~bid, ~rst ) ▶₀ #j )
              case SealBatch
              by contradiction /* cyclic */
            qed
          next
            case FailSlot2
            by solve( SealedStage1( $B, ~bid, ~rst ) ▶₀ #j )
          qed
        qed
      qed
    next
      case SealBatch_case_2
      solve( BatchEndToken( $B, ~bid, ~rst ) ▶₁ #i )
        case CreateBatch
        solve( AddedSlot1( $B, ~bid, ~rst, idx, $A, cm ) ▶₂ #i )
          case AddSlot1
          solve( UseBatchEndToken( $B, ~bid, ~rst ) @ #j )
            case CompleteBatch
            by solve( SealedStage2( $B, ~bid, ~rst ) ▶₀ #j )
          next
            case FailSlot1
            solve( SealedStage0( $B, ~bid, ~rst ) ▶₀ #j )
              case SealBatch
              by contradiction /* cyclic */
            qed
          next
            case FailSlot2
            by solve( SealedStage1( $B, ~bid, ~rst ) ▶₀ #j )
          qed
        qed
      qed
    qed
  next
    case FailSlot2
    solve( SealedStage1( $B, bid, rst ) ▶₀ #i )
      case ProcessSlot1_case_1
      solve( BatchEndToken( $B, ~bid, ~rst ) ▶₁ #i )
        case CreateBatch
        solve( AddedSlot2( $B, ~bid, ~rst, idx, $A, cm ) ▶₂ #i )
          case AddSlot2
          solve( UseBatchEndToken( $B, ~bid, ~rst ) @ #j )
            case CompleteBatch
            by solve( SealedStage2( $B, ~bid, ~rst ) ▶₀ #j )
          next
            case FailSlot1
            by solve( SealedStage0( $B, ~bid, ~rst ) ▶₀ #j )
          next
            case FailSlot2
            solve( SealedStage1( $B, ~bid, ~rst ) ▶₀ #j )
              case ProcessSlot1
              by contradiction /* cyclic */
            qed
          qed
        qed
      qed
    next
      case ProcessSlot1_case_2
      solve( BatchEndToken( $B, ~bid, ~rst ) ▶₁ #i )
        case CreateBatch
        solve( AddedSlot2( $B, ~bid, ~rst, idx, $A, cm ) ▶₂ #i )
          case AddSlot2
          solve( UseBatchEndToken( $B, ~bid, ~rst ) @ #j )
            case CompleteBatch
            by solve( SealedStage2( $B, ~bid, ~rst ) ▶₀ #j )
          next
            case FailSlot1
            by solve( SealedStage0( $B, ~bid, ~rst ) ▶₀ #j )
          next
            case FailSlot2
            solve( SealedStage1( $B, ~bid, ~rst ) ▶₀ #j )
              case ProcessSlot1
              by contradiction /* cyclic */
            qed
          qed
        qed
      qed
    qed
  qed
qed

lemma receiver_state_single_batch:
  all-traces
  "∀ B bid1 bid2 rst #i #j.
    ((BatchCreated( B, bid1, rst ) @ #i) ∧
     (BatchCreated( B, bid2, rst ) @ #j)) ⇒
    ((#i = #j) ∧ (bid1 = bid2))"
/*
guarded formula characterizing all counter-examples:
"∃ B bid1 bid2 rst #i #j.
  (BatchCreated( B, bid1, rst ) @ #i) ∧ (BatchCreated( B, bid2, rst ) @ #j)
 ∧
  ((¬(#i = #j)) ∨ (¬(bid1 = bid2)))"
*/
simplify
solve( (¬(#i = #j))  ∥ (¬(~bid = ~bid.1)) )
  case case_1
  solve( (#i < #j)  ∥ (#j < #i) )
    case case_1
    solve( ReceiverState( $B, rst ) ▶₀ #i )
      case CompromiseReceiverState
      solve( ReceiverState( $B, ~rst ) ▶₀ #j )
        case CompromiseReceiverState
        by contradiction /* cyclic */
      next
        case InitReceiverState
        by solve( ReceiverState( $B, ~rst ) ▶₀ #vr )
      qed
    next
      case InitReceiverState
      solve( ReceiverState( $B, ~rst ) ▶₀ #j )
        case CompromiseReceiverState
        by solve( ReceiverState( $B, ~rst ) ▶₀ #vr.1 )
      next
        case InitReceiverState
        by contradiction /* cyclic */
      qed
    qed
  next
    case case_2
    solve( ReceiverState( $B, rst ) ▶₀ #i )
      case CompromiseReceiverState
      solve( ReceiverState( $B, ~rst ) ▶₀ #j )
        case CompromiseReceiverState
        by contradiction /* cyclic */
      next
        case InitReceiverState
        by solve( ReceiverState( $B, ~rst ) ▶₀ #vr )
      qed
    next
      case InitReceiverState
      solve( ReceiverState( $B, ~rst ) ▶₀ #j )
        case CompromiseReceiverState
        by solve( ReceiverState( $B, ~rst ) ▶₀ #vr.1 )
      next
        case InitReceiverState
        by contradiction /* cyclic */
      qed
    qed
  qed
next
  case case_2
  solve( ReceiverState( $B, rst ) ▶₀ #i )
    case CompromiseReceiverState
    solve( ReceiverState( $B, ~rst ) ▶₀ #j )
      case CompromiseReceiverState
      by contradiction /* from formulas */
    next
      case InitReceiverState
      by solve( ReceiverState( $B, ~rst ) ▶₀ #vr )
    qed
  next
    case InitReceiverState
    solve( ReceiverState( $B, ~rst ) ▶₀ #j )
      case CompromiseReceiverState
      by solve( ReceiverState( $B, ~rst ) ▶₀ #vr.1 )
    next
      case InitReceiverState
      by contradiction /* from formulas */
    qed
  qed
qed

lemma receiver_state_single_batch_end:
  all-traces
  "∀ B rst #i #j.
    ((ConsumeReceiverState( B, rst ) @ #i) ∧
     (ConsumeReceiverState( B, rst ) @ #j)) ⇒
    (#i = #j)"
/*
guarded formula characterizing all counter-examples:
"∃ B rst #i #j.
  (ConsumeReceiverState( B, rst ) @ #i) ∧
  (ConsumeReceiverState( B, rst ) @ #j)
 ∧
  ¬(#i = #j)"
*/
simplify
solve( (#i < #j)  ∥ (#j < #i) )
  case case_1
  solve( ConsumeReceiverState( B, rst ) @ #i )
    case CompleteBatch
    solve( SealedStage2( $B, bid, rst ) ▶₀ #i )
      case ProcessSlot2_case_1
      solve( BatchEndToken( $B, ~bid, ~rst ) ▶₁ #i )
        case CreateBatch
        solve( Slot1DoneFact( $B, ~bid, ~rst ) ▶₂ #i )
          case ProcessSlot1
          solve( Slot2DoneFact( $B, ~bid, ~rst ) ▶₃ #i )
            case ProcessSlot2
            solve( ConsumeReceiverState( $B, ~rst ) @ #j )
              case CompleteBatch
              solve( SealedStage2( $B, bid.1, ~rst ) ▶₀ #j )
                case ProcessSlot2_case_1
                by contradiction /* cyclic */
              next
                case ProcessSlot2_case_2
                solve( BatchEndToken( $B, ~bid.1, ~rst ) ▶₁ #j )
                  case CreateBatch
                  solve( Slot1DoneFact( $B, ~bid.1, ~rst ) ▶₂ #j )
                    case ProcessSlot1
                    solve( Slot2DoneFact( $B, ~bid.1, ~rst ) ▶₃ #j )
                      case ProcessSlot2
                      by solve( ReceiverState( $B, ~rst ) ▶₀ #vr.21 )
                    qed
                  qed
                qed
              qed
            next
              case FailSlot1
              solve( SealedStage0( $B, bid.1, ~rst ) ▶₀ #j )
                case SealBatch
                solve( BatchEndToken( $B, ~bid.1, ~rst ) ▶₁ #j )
                  case CreateBatch
                  solve( AddedSlot1( $B, ~bid.1, ~rst, idx, $A, cm ) ▶₂ #j )
                    case AddSlot1
                    by solve( ReceiverState( $B, ~rst ) ▶₀ #vr.15 )
                  qed
                qed
              qed
            next
              case FailSlot2
              solve( SealedStage1( $B, bid.1, ~rst ) ▶₀ #j )
                case ProcessSlot1
                solve( BatchEndToken( $B, ~bid.1, ~rst ) ▶₁ #j )
                  case CreateBatch
                  solve( AddedSlot2( $B, ~bid.1, ~rst, idx, $A, cm ) ▶₂ #j )
                    case AddSlot2
                    by solve( ReceiverState( $B, ~rst ) ▶₀ #vr.18 )
                  qed
                qed
              qed
            qed
          qed
        qed
      qed
    next
      case ProcessSlot2_case_2
      solve( BatchEndToken( $B, ~bid, ~rst ) ▶₁ #i )
        case CreateBatch
        solve( Slot1DoneFact( $B, ~bid, ~rst ) ▶₂ #i )
          case ProcessSlot1
          solve( Slot2DoneFact( $B, ~bid, ~rst ) ▶₃ #i )
            case ProcessSlot2
            solve( ConsumeReceiverState( $B, ~rst ) @ #j )
              case CompleteBatch
              solve( SealedStage2( $B, bid.1, ~rst ) ▶₀ #j )
                case ProcessSlot2_case_1
                solve( BatchEndToken( $B, ~bid.1, ~rst ) ▶₁ #j )
                  case CreateBatch
                  solve( Slot1DoneFact( $B, ~bid.1, ~rst ) ▶₂ #j )
                    case ProcessSlot1
                    solve( Slot2DoneFact( $B, ~bid.1, ~rst ) ▶₃ #j )
                      case ProcessSlot2
                      by solve( ReceiverState( $B, ~rst ) ▶₀ #vr.11 )
                    qed
                  qed
                qed
              next
                case ProcessSlot2_case_2
                by contradiction /* cyclic */
              qed
            next
              case FailSlot1
              solve( SealedStage0( $B, bid.1, ~rst ) ▶₀ #j )
                case SealBatch
                solve( BatchEndToken( $B, ~bid.1, ~rst ) ▶₁ #j )
                  case CreateBatch
                  solve( AddedSlot1( $B, ~bid.1, ~rst, idx, $A, cm ) ▶₂ #j )
                    case AddSlot1
                    by solve( ReceiverState( $B, ~rst ) ▶₀ #vr.11 )
                  qed
                qed
              qed
            next
              case FailSlot2
              solve( SealedStage1( $B, bid.1, ~rst ) ▶₀ #j )
                case ProcessSlot1
                solve( BatchEndToken( $B, ~bid.1, ~rst ) ▶₁ #j )
                  case CreateBatch
                  solve( AddedSlot2( $B, ~bid.1, ~rst, idx, $A, cm ) ▶₂ #j )
                    case AddSlot2
                    by solve( ReceiverState( $B, ~rst ) ▶₀ #vr.11 )
                  qed
                qed
              qed
            qed
          qed
        qed
      qed
    qed
  next
    case FailSlot1
    solve( SealedStage0( $B, bid, rst ) ▶₀ #i )
      case SealBatch_case_1
      solve( BatchEndToken( $B, ~bid, ~rst ) ▶₁ #i )
        case CreateBatch
        solve( AddedSlot1( $B, ~bid, ~rst, idx, $A, cm ) ▶₂ #i )
          case AddSlot1
          solve( ConsumeReceiverState( $B, ~rst ) @ #j )
            case CompleteBatch
            solve( SealedStage2( $B, bid.1, ~rst ) ▶₀ #j )
              case ProcessSlot2
              solve( BatchEndToken( $B, ~bid.1, ~rst ) ▶₁ #j )
                case CreateBatch
                solve( Slot1DoneFact( $B, ~bid.1, ~rst ) ▶₂ #j )
                  case ProcessSlot1
                  solve( Slot2DoneFact( $B, ~bid.1, ~rst ) ▶₃ #j )
                    case ProcessSlot2
                    by solve( ReceiverState( $B, ~rst ) ▶₀ #vr.15 )
                  qed
                qed
              qed
            qed
          next
            case FailSlot1
            solve( SealedStage0( $B, bid.1, ~rst ) ▶₀ #j )
              case SealBatch_case_1
              by contradiction /* cyclic */
            next
              case SealBatch_case_2
              solve( BatchEndToken( $B, ~bid.1, ~rst ) ▶₁ #j )
                case CreateBatch
                solve( AddedSlot1( $B, ~bid.1, ~rst, idx.1, $A.1, cm.1 ) ▶₂ #j )
                  case AddSlot1
                  by solve( ReceiverState( $B, ~rst ) ▶₀ #vr.9 )
                qed
              qed
            qed
          next
            case FailSlot2
            solve( SealedStage1( $B, bid.1, ~rst ) ▶₀ #j )
              case ProcessSlot1
              solve( BatchEndToken( $B, ~bid.1, ~rst ) ▶₁ #j )
                case CreateBatch
                solve( AddedSlot2( $B, ~bid.1, ~rst, idx.1, $A.1, cm.1 ) ▶₂ #j )
                  case AddSlot2
                  by solve( ReceiverState( $B, ~rst ) ▶₀ #vr.12 )
                qed
              qed
            qed
          qed
        qed
      qed
    next
      case SealBatch_case_2
      solve( BatchEndToken( $B, ~bid, ~rst ) ▶₁ #i )
        case CreateBatch
        solve( AddedSlot1( $B, ~bid, ~rst, idx, $A, cm ) ▶₂ #i )
          case AddSlot1
          solve( ConsumeReceiverState( $B, ~rst ) @ #j )
            case CompleteBatch
            solve( SealedStage2( $B, bid.1, ~rst ) ▶₀ #j )
              case ProcessSlot2
              solve( BatchEndToken( $B, ~bid.1, ~rst ) ▶₁ #j )
                case CreateBatch
                solve( Slot1DoneFact( $B, ~bid.1, ~rst ) ▶₂ #j )
                  case ProcessSlot1
                  solve( Slot2DoneFact( $B, ~bid.1, ~rst ) ▶₃ #j )
                    case ProcessSlot2
                    by solve( ReceiverState( $B, ~rst ) ▶₀ #vr.4 )
                  qed
                qed
              qed
            qed
          next
            case FailSlot1
            solve( SealedStage0( $B, bid.1, ~rst ) ▶₀ #j )
              case SealBatch_case_1
              solve( BatchEndToken( $B, ~bid.1, ~rst ) ▶₁ #j )
                case CreateBatch
                solve( AddedSlot1( $B, ~bid.1, ~rst, idx.1, $A.1, cm.1 ) ▶₂ #j )
                  case AddSlot1
                  by solve( ReceiverState( $B, ~rst ) ▶₀ #vr.4 )
                qed
              qed
            next
              case SealBatch_case_2
              by contradiction /* cyclic */
            qed
          next
            case FailSlot2
            solve( SealedStage1( $B, bid.1, ~rst ) ▶₀ #j )
              case ProcessSlot1
              solve( BatchEndToken( $B, ~bid.1, ~rst ) ▶₁ #j )
                case CreateBatch
                solve( AddedSlot2( $B, ~bid.1, ~rst, idx.1, $A.1, cm.1 ) ▶₂ #j )
                  case AddSlot2
                  by solve( ReceiverState( $B, ~rst ) ▶₀ #vr.4 )
                qed
              qed
            qed
          qed
        qed
      qed
    qed
  next
    case FailSlot2
    solve( SealedStage1( $B, bid, rst ) ▶₀ #i )
      case ProcessSlot1_case_1
      solve( BatchEndToken( $B, ~bid, ~rst ) ▶₁ #i )
        case CreateBatch
        solve( AddedSlot2( $B, ~bid, ~rst, idx, $A, cm ) ▶₂ #i )
          case AddSlot2
          solve( ConsumeReceiverState( $B, ~rst ) @ #j )
            case CompleteBatch
            solve( SealedStage2( $B, bid.1, ~rst ) ▶₀ #j )
              case ProcessSlot2
              solve( BatchEndToken( $B, ~bid.1, ~rst ) ▶₁ #j )
                case CreateBatch
                solve( Slot1DoneFact( $B, ~bid.1, ~rst ) ▶₂ #j )
                  case ProcessSlot1
                  solve( Slot2DoneFact( $B, ~bid.1, ~rst ) ▶₃ #j )
                    case ProcessSlot2
                    by solve( ReceiverState( $B, ~rst ) ▶₀ #vr.18 )
                  qed
                qed
              qed
            qed
          next
            case FailSlot1
            solve( SealedStage0( $B, bid.1, ~rst ) ▶₀ #j )
              case SealBatch
              solve( BatchEndToken( $B, ~bid.1, ~rst ) ▶₁ #j )
                case CreateBatch
                solve( AddedSlot1( $B, ~bid.1, ~rst, idx.1, $A.1, cm.1 ) ▶₂ #j )
                  case AddSlot1
                  by solve( ReceiverState( $B, ~rst ) ▶₀ #vr.12 )
                qed
              qed
            qed
          next
            case FailSlot2
            solve( SealedStage1( $B, bid.1, ~rst ) ▶₀ #j )
              case ProcessSlot1_case_1
              by contradiction /* cyclic */
            next
              case ProcessSlot1_case_2
              solve( BatchEndToken( $B, ~bid.1, ~rst ) ▶₁ #j )
                case CreateBatch
                solve( AddedSlot2( $B, ~bid.1, ~rst, idx.1, $A.1, cm.1 ) ▶₂ #j )
                  case AddSlot2
                  by solve( ReceiverState( $B, ~rst ) ▶₀ #vr.15 )
                qed
              qed
            qed
          qed
        qed
      qed
    next
      case ProcessSlot1_case_2
      solve( BatchEndToken( $B, ~bid, ~rst ) ▶₁ #i )
        case CreateBatch
        solve( AddedSlot2( $B, ~bid, ~rst, idx, $A, cm ) ▶₂ #i )
          case AddSlot2
          solve( ConsumeReceiverState( $B, ~rst ) @ #j )
            case CompleteBatch
            solve( SealedStage2( $B, bid.1, ~rst ) ▶₀ #j )
              case ProcessSlot2
              solve( BatchEndToken( $B, ~bid.1, ~rst ) ▶₁ #j )
                case CreateBatch
                solve( Slot1DoneFact( $B, ~bid.1, ~rst ) ▶₂ #j )
                  case ProcessSlot1
                  solve( Slot2DoneFact( $B, ~bid.1, ~rst ) ▶₃ #j )
                    case ProcessSlot2
                    by solve( ReceiverState( $B, ~rst ) ▶₀ #vr.8 )
                  qed
                qed
              qed
            qed
          next
            case FailSlot1
            solve( SealedStage0( $B, bid.1, ~rst ) ▶₀ #j )
              case SealBatch
              solve( BatchEndToken( $B, ~bid.1, ~rst ) ▶₁ #j )
                case CreateBatch
                solve( AddedSlot1( $B, ~bid.1, ~rst, idx.1, $A.1, cm.1 ) ▶₂ #j )
                  case AddSlot1
                  by solve( ReceiverState( $B, ~rst ) ▶₀ #vr.8 )
                qed
              qed
            qed
          next
            case FailSlot2
            solve( SealedStage1( $B, bid.1, ~rst ) ▶₀ #j )
              case ProcessSlot1_case_1
              solve( BatchEndToken( $B, ~bid.1, ~rst ) ▶₁ #j )
                case CreateBatch
                solve( AddedSlot2( $B, ~bid.1, ~rst, idx.1, $A.1, cm.1 ) ▶₂ #j )
                  case AddSlot2
                  by solve( ReceiverState( $B, ~rst ) ▶₀ #vr.8 )
                qed
              qed
            next
              case ProcessSlot1_case_2
              by contradiction /* cyclic */
            qed
          qed
        qed
      qed
    qed
  qed
next
  case case_2
  solve( ConsumeReceiverState( B, rst ) @ #i )
    case CompleteBatch
    solve( SealedStage2( $B, bid, rst ) ▶₀ #i )
      case ProcessSlot2_case_1
      solve( BatchEndToken( $B, ~bid, ~rst ) ▶₁ #i )
        case CreateBatch
        solve( Slot1DoneFact( $B, ~bid, ~rst ) ▶₂ #i )
          case ProcessSlot1
          solve( Slot2DoneFact( $B, ~bid, ~rst ) ▶₃ #i )
            case ProcessSlot2
            solve( ConsumeReceiverState( $B, ~rst ) @ #j )
              case CompleteBatch
              solve( SealedStage2( $B, bid.1, ~rst ) ▶₀ #j )
                case ProcessSlot2_case_1
                by contradiction /* cyclic */
              next
                case ProcessSlot2_case_2
                solve( BatchEndToken( $B, ~bid.1, ~rst ) ▶₁ #j )
                  case CreateBatch
                  solve( Slot1DoneFact( $B, ~bid.1, ~rst ) ▶₂ #j )
                    case ProcessSlot1
                    solve( Slot2DoneFact( $B, ~bid.1, ~rst ) ▶₃ #j )
                      case ProcessSlot2
                      by solve( ReceiverState( $B, ~rst ) ▶₀ #vr.21 )
                    qed
                  qed
                qed
              qed
            next
              case FailSlot1
              solve( SealedStage0( $B, bid.1, ~rst ) ▶₀ #j )
                case SealBatch
                solve( BatchEndToken( $B, ~bid.1, ~rst ) ▶₁ #j )
                  case CreateBatch
                  solve( AddedSlot1( $B, ~bid.1, ~rst, idx, $A, cm ) ▶₂ #j )
                    case AddSlot1
                    by solve( ReceiverState( $B, ~rst ) ▶₀ #vr.15 )
                  qed
                qed
              qed
            next
              case FailSlot2
              solve( SealedStage1( $B, bid.1, ~rst ) ▶₀ #j )
                case ProcessSlot1
                solve( BatchEndToken( $B, ~bid.1, ~rst ) ▶₁ #j )
                  case CreateBatch
                  solve( AddedSlot2( $B, ~bid.1, ~rst, idx, $A, cm ) ▶₂ #j )
                    case AddSlot2
                    by solve( ReceiverState( $B, ~rst ) ▶₀ #vr.18 )
                  qed
                qed
              qed
            qed
          qed
        qed
      qed
    next
      case ProcessSlot2_case_2
      solve( BatchEndToken( $B, ~bid, ~rst ) ▶₁ #i )
        case CreateBatch
        solve( Slot1DoneFact( $B, ~bid, ~rst ) ▶₂ #i )
          case ProcessSlot1
          solve( Slot2DoneFact( $B, ~bid, ~rst ) ▶₃ #i )
            case ProcessSlot2
            solve( ConsumeReceiverState( $B, ~rst ) @ #j )
              case CompleteBatch
              solve( SealedStage2( $B, bid.1, ~rst ) ▶₀ #j )
                case ProcessSlot2_case_1
                solve( BatchEndToken( $B, ~bid.1, ~rst ) ▶₁ #j )
                  case CreateBatch
                  solve( Slot1DoneFact( $B, ~bid.1, ~rst ) ▶₂ #j )
                    case ProcessSlot1
                    solve( Slot2DoneFact( $B, ~bid.1, ~rst ) ▶₃ #j )
                      case ProcessSlot2
                      by solve( ReceiverState( $B, ~rst ) ▶₀ #vr.11 )
                    qed
                  qed
                qed
              next
                case ProcessSlot2_case_2
                by contradiction /* cyclic */
              qed
            next
              case FailSlot1
              solve( SealedStage0( $B, bid.1, ~rst ) ▶₀ #j )
                case SealBatch
                solve( BatchEndToken( $B, ~bid.1, ~rst ) ▶₁ #j )
                  case CreateBatch
                  solve( AddedSlot1( $B, ~bid.1, ~rst, idx, $A, cm ) ▶₂ #j )
                    case AddSlot1
                    by solve( ReceiverState( $B, ~rst ) ▶₀ #vr.11 )
                  qed
                qed
              qed
            next
              case FailSlot2
              solve( SealedStage1( $B, bid.1, ~rst ) ▶₀ #j )
                case ProcessSlot1
                solve( BatchEndToken( $B, ~bid.1, ~rst ) ▶₁ #j )
                  case CreateBatch
                  solve( AddedSlot2( $B, ~bid.1, ~rst, idx, $A, cm ) ▶₂ #j )
                    case AddSlot2
                    by solve( ReceiverState( $B, ~rst ) ▶₀ #vr.11 )
                  qed
                qed
              qed
            qed
          qed
        qed
      qed
    qed
  next
    case FailSlot1
    solve( SealedStage0( $B, bid, rst ) ▶₀ #i )
      case SealBatch_case_1
      solve( BatchEndToken( $B, ~bid, ~rst ) ▶₁ #i )
        case CreateBatch
        solve( AddedSlot1( $B, ~bid, ~rst, idx, $A, cm ) ▶₂ #i )
          case AddSlot1
          solve( ConsumeReceiverState( $B, ~rst ) @ #j )
            case CompleteBatch
            solve( SealedStage2( $B, bid.1, ~rst ) ▶₀ #j )
              case ProcessSlot2
              solve( BatchEndToken( $B, ~bid.1, ~rst ) ▶₁ #j )
                case CreateBatch
                solve( Slot1DoneFact( $B, ~bid.1, ~rst ) ▶₂ #j )
                  case ProcessSlot1
                  solve( Slot2DoneFact( $B, ~bid.1, ~rst ) ▶₃ #j )
                    case ProcessSlot2
                    by solve( ReceiverState( $B, ~rst ) ▶₀ #vr.15 )
                  qed
                qed
              qed
            qed
          next
            case FailSlot1
            solve( SealedStage0( $B, bid.1, ~rst ) ▶₀ #j )
              case SealBatch_case_1
              by contradiction /* cyclic */
            next
              case SealBatch_case_2
              solve( BatchEndToken( $B, ~bid.1, ~rst ) ▶₁ #j )
                case CreateBatch
                solve( AddedSlot1( $B, ~bid.1, ~rst, idx.1, $A.1, cm.1 ) ▶₂ #j )
                  case AddSlot1
                  by solve( ReceiverState( $B, ~rst ) ▶₀ #vr.9 )
                qed
              qed
            qed
          next
            case FailSlot2
            solve( SealedStage1( $B, bid.1, ~rst ) ▶₀ #j )
              case ProcessSlot1
              solve( BatchEndToken( $B, ~bid.1, ~rst ) ▶₁ #j )
                case CreateBatch
                solve( AddedSlot2( $B, ~bid.1, ~rst, idx.1, $A.1, cm.1 ) ▶₂ #j )
                  case AddSlot2
                  by solve( ReceiverState( $B, ~rst ) ▶₀ #vr.12 )
                qed
              qed
            qed
          qed
        qed
      qed
    next
      case SealBatch_case_2
      solve( BatchEndToken( $B, ~bid, ~rst ) ▶₁ #i )
        case CreateBatch
        solve( AddedSlot1( $B, ~bid, ~rst, idx, $A, cm ) ▶₂ #i )
          case AddSlot1
          solve( ConsumeReceiverState( $B, ~rst ) @ #j )
            case CompleteBatch
            solve( SealedStage2( $B, bid.1, ~rst ) ▶₀ #j )
              case ProcessSlot2
              solve( BatchEndToken( $B, ~bid.1, ~rst ) ▶₁ #j )
                case CreateBatch
                solve( Slot1DoneFact( $B, ~bid.1, ~rst ) ▶₂ #j )
                  case ProcessSlot1
                  solve( Slot2DoneFact( $B, ~bid.1, ~rst ) ▶₃ #j )
                    case ProcessSlot2
                    by solve( ReceiverState( $B, ~rst ) ▶₀ #vr.4 )
                  qed
                qed
              qed
            qed
          next
            case FailSlot1
            solve( SealedStage0( $B, bid.1, ~rst ) ▶₀ #j )
              case SealBatch_case_1
              solve( BatchEndToken( $B, ~bid.1, ~rst ) ▶₁ #j )
                case CreateBatch
                solve( AddedSlot1( $B, ~bid.1, ~rst, idx.1, $A.1, cm.1 ) ▶₂ #j )
                  case AddSlot1
                  by solve( ReceiverState( $B, ~rst ) ▶₀ #vr.4 )
                qed
              qed
            next
              case SealBatch_case_2
              by contradiction /* cyclic */
            qed
          next
            case FailSlot2
            solve( SealedStage1( $B, bid.1, ~rst ) ▶₀ #j )
              case ProcessSlot1
              solve( BatchEndToken( $B, ~bid.1, ~rst ) ▶₁ #j )
                case CreateBatch
                solve( AddedSlot2( $B, ~bid.1, ~rst, idx.1, $A.1, cm.1 ) ▶₂ #j )
                  case AddSlot2
                  by solve( ReceiverState( $B, ~rst ) ▶₀ #vr.4 )
                qed
              qed
            qed
          qed
        qed
      qed
    qed
  next
    case FailSlot2
    solve( SealedStage1( $B, bid, rst ) ▶₀ #i )
      case ProcessSlot1_case_1
      solve( BatchEndToken( $B, ~bid, ~rst ) ▶₁ #i )
        case CreateBatch
        solve( AddedSlot2( $B, ~bid, ~rst, idx, $A, cm ) ▶₂ #i )
          case AddSlot2
          solve( ConsumeReceiverState( $B, ~rst ) @ #j )
            case CompleteBatch
            solve( SealedStage2( $B, bid.1, ~rst ) ▶₀ #j )
              case ProcessSlot2
              solve( BatchEndToken( $B, ~bid.1, ~rst ) ▶₁ #j )
                case CreateBatch
                solve( Slot1DoneFact( $B, ~bid.1, ~rst ) ▶₂ #j )
                  case ProcessSlot1
                  solve( Slot2DoneFact( $B, ~bid.1, ~rst ) ▶₃ #j )
                    case ProcessSlot2
                    by solve( ReceiverState( $B, ~rst ) ▶₀ #vr.18 )
                  qed
                qed
              qed
            qed
          next
            case FailSlot1
            solve( SealedStage0( $B, bid.1, ~rst ) ▶₀ #j )
              case SealBatch
              solve( BatchEndToken( $B, ~bid.1, ~rst ) ▶₁ #j )
                case CreateBatch
                solve( AddedSlot1( $B, ~bid.1, ~rst, idx.1, $A.1, cm.1 ) ▶₂ #j )
                  case AddSlot1
                  by solve( ReceiverState( $B, ~rst ) ▶₀ #vr.12 )
                qed
              qed
            qed
          next
            case FailSlot2
            solve( SealedStage1( $B, bid.1, ~rst ) ▶₀ #j )
              case ProcessSlot1_case_1
              by contradiction /* cyclic */
            next
              case ProcessSlot1_case_2
              solve( BatchEndToken( $B, ~bid.1, ~rst ) ▶₁ #j )
                case CreateBatch
                solve( AddedSlot2( $B, ~bid.1, ~rst, idx.1, $A.1, cm.1 ) ▶₂ #j )
                  case AddSlot2
                  by solve( ReceiverState( $B, ~rst ) ▶₀ #vr.15 )
                qed
              qed
            qed
          qed
        qed
      qed
    next
      case ProcessSlot1_case_2
      solve( BatchEndToken( $B, ~bid, ~rst ) ▶₁ #i )
        case CreateBatch
        solve( AddedSlot2( $B, ~bid, ~rst, idx, $A, cm ) ▶₂ #i )
          case AddSlot2
          solve( ConsumeReceiverState( $B, ~rst ) @ #j )
            case CompleteBatch
            solve( SealedStage2( $B, bid.1, ~rst ) ▶₀ #j )
              case ProcessSlot2
              solve( BatchEndToken( $B, ~bid.1, ~rst ) ▶₁ #j )
                case CreateBatch
                solve( Slot1DoneFact( $B, ~bid.1, ~rst ) ▶₂ #j )
                  case ProcessSlot1
                  solve( Slot2DoneFact( $B, ~bid.1, ~rst ) ▶₃ #j )
                    case ProcessSlot2
                    by solve( ReceiverState( $B, ~rst ) ▶₀ #vr.8 )
                  qed
                qed
              qed
            qed
          next
            case FailSlot1
            solve( SealedStage0( $B, bid.1, ~rst ) ▶₀ #j )
              case SealBatch
              solve( BatchEndToken( $B, ~bid.1, ~rst ) ▶₁ #j )
                case CreateBatch
                solve( AddedSlot1( $B, ~bid.1, ~rst, idx.1, $A.1, cm.1 ) ▶₂ #j )
                  case AddSlot1
                  by solve( ReceiverState( $B, ~rst ) ▶₀ #vr.8 )
                qed
              qed
            qed
          next
            case FailSlot2
            solve( SealedStage1( $B, bid.1, ~rst ) ▶₀ #j )
              case ProcessSlot1_case_1
              solve( BatchEndToken( $B, ~bid.1, ~rst ) ▶₁ #j )
                case CreateBatch
                solve( AddedSlot2( $B, ~bid.1, ~rst, idx.1, $A.1, cm.1 ) ▶₂ #j )
                  case AddSlot2
                  by solve( ReceiverState( $B, ~rst ) ▶₀ #vr.8 )
                qed
              qed
            next
              case ProcessSlot1_case_2
              by contradiction /* cyclic */
            qed
          qed
        qed
      qed
    qed
  qed
qed

/* All wellformedness checks were successful. */

/*
Generated from:
Tamarin version 1.12.0
Maude version 3.5.1
Git revision: UNKNOWN, branch: UNKNOWN
Compiled at: 2026-03-08 10:05:47.616272992 UTC
*/

end

==============================================================================
summary of summaries:

analyzed: tamarin/replay/kwaay_replay_hmac_only.spthy

  processing time: 52.75s
  
  normal_confirmed_single_accept (exists-trace): verified (12 steps)
  normal_confirmed_batch_complete (exists-trace): verified (18 steps)
  confirmed_receiver_accept_has_sender (all-traces): verified (16 steps)
  confirmed_message_unique_send (all-traces): verified (2 steps)
  one_confirmed_send_two_accepts_exists (exists-trace): verified (17 steps)
  confirmed_message_accepted_at_most_once (all-traces): falsified - found trace (15 steps)
  injective_confirmed_receiver_accept (all-traces): falsified - found trace (15 steps)
  slot_indices_distinct (all-traces): verified (1 steps)
  process_requires_slot_added (all-traces): verified (12 steps)
  process_requires_seal (all-traces): verified (8 steps)
  complete_requires_all_slots_processed (all-traces): verified (18 steps)
  no_add_after_seal (all-traces): verified (16 steps)
  no_accept_after_close (all-traces): verified (68 steps)
  batch_complete_consumes_state (all-traces): verified (2 steps)
  batch_fail_consumes_state (all-traces): verified (4 steps)
  batch_end_token_single_use (all-traces): verified (98 steps)
  receiver_state_single_batch (all-traces): verified (24 steps)
  receiver_state_single_batch_end (all-traces): verified (218 steps)

==============================================================================
